phase_num,drug_success_rate,drug_n_uses,disease_success_rate,disease_n_uses,is_rare,success
4.0,1.0,1,1.0,2,1,1
4.0,0.1111111111111111,45,1.0,1,1,1
4.0,0.1111111111111111,45,1.0,1,1,1
4.0,0.1111111111111111,45,1.0,1,1,1
4.0,0.1111111111111111,45,1.0,1,1,1
4.0,0.1111111111111111,45,0.057971014492753624,69,0,1
4.0,1.0,1,0.2222222222222222,9,0,1
4.0,0.16666666666666666,6,0.967741935483871,31,0,1
4.0,1.0,5,0.84375,64,0,1
4.0,1.0,5,1.0,3,1,1
4.0,1.0,5,1.0,17,0,1
4.0,1.0,5,1.0,18,0,1
4.0,1.0,5,1.0,34,0,1
4.0,0.4,5,1.0,3,1,1
4.0,0.4,5,0.9,10,0,1
4.0,0.5,4,0.8333333333333334,18,0,1
4.0,0.5,4,1.0,6,0,1
4.0,1.0,3,1.0,1,1,1
4.0,1.0,3,1.0,3,1,1
4.0,1.0,3,0.8,5,0,1
4.0,1.0,1,1.0,2,1,1
4.0,1.0,1,0.8,5,0,1
4.0,0.3333333333333333,6,1.0,8,0,1
4.0,0.3333333333333333,6,0.9,10,0,1
4.0,1.0,1,1.0,3,1,1
4.0,0.2222222222222222,9,1.0,5,0,1
4.0,0.2222222222222222,9,1.0,1,1,1
4.0,0.5,4,1.0,12,0,1
4.0,0.5,4,1.0,7,0,1
4.0,0.058823529411764705,17,1.0,4,0,1
4.0,1.0,1,1.0,4,0,1
4.0,0.2,5,0.8333333333333334,18,0,1
4.0,0.2,5,1.0,19,0,1
4.0,1.0,3,0.84375,64,0,1
4.0,1.0,3,1.0,3,1,1
4.0,1.0,3,1.0,1,1,1
4.0,1.0,4,1.0,18,0,1
4.0,1.0,4,1.0,12,0,1
4.0,1.0,4,1.0,13,0,1
4.0,1.0,4,1.0,12,0,1
4.0,1.0,3,0.75,4,0,1
4.0,1.0,3,0.918918918918919,37,0,1
4.0,1.0,3,0.45454545454545453,11,0,1
4.0,0.5,2,1.0,3,1,1
4.0,1.0,3,1.0,4,0,1
4.0,1.0,3,1.0,2,1,1
4.0,1.0,3,1.0,3,1,1
4.0,1.0,4,1.0,4,0,1
4.0,1.0,4,1.0,3,1,1
4.0,1.0,4,1.0,1,1,1
4.0,1.0,4,1.0,1,1,1
4.0,0.09090909090909091,11,1.0,1,1,1
4.0,1.0,2,1.0,1,1,1
4.0,1.0,2,1.0,1,1,1
4.0,0.5,2,1.0,1,1,1
4.0,0.0625,48,0.375,24,0,1
4.0,0.0625,48,1.0,3,1,1
4.0,0.0625,48,1.0,8,0,1
4.0,1.0,2,1.0,33,0,1
4.0,1.0,2,1.0,7,0,1
4.0,1.0,2,0.75,4,0,1
4.0,1.0,2,0.918918918918919,37,0,1
4.0,1.0,2,0.75,4,0,1
4.0,1.0,2,0.918918918918919,37,0,1
4.0,1.0,2,1.0,1,1,1
4.0,1.0,2,1.0,2,1,1
4.0,0.05555555555555555,18,1.0,6,0,1
4.0,0.7272727272727273,11,0.84375,64,0,1
4.0,0.7272727272727273,11,1.0,3,1,1
4.0,0.7272727272727273,11,1.0,17,0,1
4.0,0.7272727272727273,11,1.0,18,0,1
4.0,0.7272727272727273,11,0.75,20,0,1
4.0,0.7272727272727273,11,0.6111111111111112,18,0,1
4.0,0.7272727272727273,11,1.0,34,0,1
4.0,0.7272727272727273,11,1.0,1,1,1
4.0,1.0,4,1.0,1,1,1
4.0,1.0,4,1.0,2,1,1
4.0,1.0,4,1.0,2,1,1
4.0,1.0,4,1.0,1,1,1
4.0,1.0,1,1.0,5,0,1
4.0,1.0,1,0.375,24,0,1
4.0,0.16666666666666666,6,1.0,19,0,1
4.0,1.0,1,1.0,8,0,1
4.0,0.5,2,0.5,12,0,1
4.0,0.5454545454545454,11,0.75,20,0,1
4.0,0.5454545454545454,11,0.6111111111111112,18,0,1
4.0,0.5454545454545454,11,0.84375,64,0,1
4.0,0.5454545454545454,11,1.0,18,0,1
4.0,0.5454545454545454,11,1.0,17,0,1
4.0,0.5454545454545454,11,1.0,34,0,1
4.0,1.0,3,1.0,3,1,1
4.0,1.0,3,1.0,2,1,1
4.0,1.0,3,1.0,4,0,1
4.0,1.0,1,1.0,8,0,1
4.0,0.2,15,1.0,3,1,1
4.0,0.2,15,1.0,2,1,1
4.0,0.2,15,1.0,1,1,1
4.0,0.031914893617021274,94,0.5142857142857142,35,0,1
4.0,0.031914893617021274,94,1.0,11,0,1
4.0,0.031914893617021274,94,0.84375,64,0,1
4.0,1.0,1,1.0,4,0,1
4.0,1.0,1,1.0,14,0,1
4.0,0.5,4,1.0,1,1,1
4.0,0.5,4,1.0,10,0,1
4.0,1.0,1,0.7142857142857143,7,0,1
4.0,1.0,1,1.0,1,1,1
4.0,0.045454545454545456,22,1.0,8,0,1
4.0,1.0,1,1.0,2,1,1
4.0,1.0,1,1.0,1,1,1
4.0,0.10714285714285714,28,0.84375,64,0,1
4.0,0.10714285714285714,28,1.0,4,0,1
4.0,0.10714285714285714,28,1.0,1,1,1
4.0,0.3333333333333333,3,1.0,34,0,1
4.0,1.0,1,1.0,34,0,1
4.0,1.0,4,1.0,4,0,1
4.0,1.0,4,1.0,2,1,1
4.0,1.0,4,1.0,2,1,1
4.0,1.0,4,1.0,2,1,1
4.0,1.0,1,1.0,3,1,1
4.0,1.0,1,1.0,1,1,1
4.0,1.0,1,1.0,1,1,1
4.0,0.4,5,0.7142857142857143,7,0,1
4.0,0.4,5,0.3333333333333333,3,1,1
4.0,1.0,1,1.0,1,1,1
4.0,0.5,6,1.0,5,0,1
4.0,0.5,6,1.0,5,0,1
4.0,0.5,6,1.0,3,1,1
4.0,1.0,2,0.3870967741935484,31,0,1
4.0,1.0,2,0.75,20,0,1
4.0,1.0,1,0.8787878787878788,33,0,1
4.0,1.0,1,1.0,2,1,1
4.0,0.5,4,1.0,4,0,1
4.0,0.5,4,1.0,8,0,1
4.0,0.08333333333333333,96,1.0,2,1,1
4.0,0.08333333333333333,96,1.0,1,1,1
4.0,0.08333333333333333,96,1.0,1,1,1
4.0,0.08333333333333333,96,1.0,3,1,1
4.0,0.08333333333333333,96,1.0,1,1,1
4.0,0.08333333333333333,96,1.0,2,1,1
4.0,0.08333333333333333,96,1.0,1,1,1
4.0,0.08333333333333333,96,1.0,1,1,1
4.0,1.0,5,1.0,3,1,1
4.0,1.0,5,1.0,3,1,1
4.0,1.0,5,1.0,6,0,1
4.0,1.0,5,1.0,10,0,1
4.0,1.0,5,1.0,3,1,1
4.0,1.0,1,1.0,1,1,1
4.0,0.5,2,0.9629629629629629,27,0,1
4.0,0.18181818181818182,11,1.0,4,0,1
4.0,0.18181818181818182,11,1.0,10,0,1
4.0,1.0,1,1.0,4,0,1
4.0,1.0,1,0.6666666666666666,3,1,1
4.0,1.0,1,1.0,6,0,1
4.0,1.0,5,1.0,27,0,1
4.0,1.0,5,1.0,19,0,1
4.0,1.0,5,1.0,13,0,1
4.0,1.0,5,1.0,10,0,1
4.0,1.0,5,1.0,37,0,1
4.0,0.8333333333333334,6,1.0,34,0,1
4.0,0.8333333333333334,6,0.9166666666666666,12,0,1
4.0,0.8333333333333334,6,1.0,4,0,1
4.0,0.8333333333333334,6,1.0,3,1,1
4.0,0.8333333333333334,6,1.0,6,0,1
4.0,1.0,3,1.0,1,1,1
4.0,1.0,3,1.0,4,0,1
4.0,1.0,3,1.0,1,1,1
4.0,1.0,1,1.0,6,0,1
4.0,0.4,5,1.0,4,0,1
4.0,0.4,5,1.0,10,0,1
4.0,0.75,8,1.0,48,0,1
4.0,0.75,8,1.0,23,0,1
4.0,0.75,8,1.0,43,0,1
4.0,0.75,8,1.0,72,0,1
4.0,0.75,8,1.0,14,0,1
4.0,0.75,8,1.0,37,0,1
4.0,1.0,4,0.9166666666666666,12,0,1
4.0,1.0,4,1.0,3,1,1
4.0,1.0,4,0.8,5,0,1
4.0,1.0,4,1.0,4,0,1
4.0,1.0,5,1.0,26,0,1
4.0,1.0,5,1.0,3,1,1
4.0,1.0,5,1.0,3,1,1
4.0,1.0,5,1.0,6,0,1
4.0,1.0,5,1.0,6,0,1
4.0,0.8571428571428571,7,1.0,3,1,1
4.0,0.8571428571428571,7,1.0,1,1,1
4.0,0.8571428571428571,7,1.0,10,0,1
4.0,0.8571428571428571,7,1.0,3,1,1
4.0,0.8571428571428571,7,1.0,1,1,1
4.0,0.8571428571428571,7,1.0,4,0,1
4.0,1.0,10,1.0,1,1,1
4.0,1.0,10,1.0,2,1,1
4.0,1.0,10,0.8,5,0,1
4.0,1.0,10,1.0,2,1,1
4.0,1.0,10,1.0,10,0,1
4.0,1.0,10,0.6666666666666666,12,0,1
4.0,1.0,10,0.9166666666666666,12,0,1
4.0,1.0,10,1.0,12,0,1
4.0,1.0,10,1.0,1,1,1
4.0,1.0,10,1.0,6,0,1
4.0,0.375,16,1.0,3,1,1
4.0,0.375,16,1.0,4,0,1
4.0,0.375,16,1.0,4,0,1
4.0,0.375,16,1.0,6,0,1
4.0,0.375,16,1.0,3,1,1
4.0,0.375,16,1.0,10,0,1
4.0,1.0,2,1.0,4,0,1
4.0,1.0,2,0.9166666666666666,12,0,1
4.0,1.0,3,1.0,4,0,1
4.0,1.0,3,1.0,10,0,1
4.0,1.0,3,1.0,1,1,1
4.0,0.125,8,1.0,1,1,1
4.0,1.0,3,1.0,4,0,1
4.0,1.0,3,1.0,1,1,1
4.0,1.0,3,1.0,1,1,1
4.0,0.5,2,1.0,3,1,1
4.0,0.3076923076923077,26,1.0,12,0,1
4.0,0.3076923076923077,26,1.0,6,0,1
4.0,0.3076923076923077,26,0.8,5,0,1
4.0,0.3076923076923077,26,0.9166666666666666,12,0,1
4.0,0.3076923076923077,26,1.0,10,0,1
4.0,0.3076923076923077,26,1.0,2,1,1
4.0,0.3076923076923077,26,1.0,2,1,1
4.0,0.3076923076923077,26,0.6666666666666666,12,0,1
4.0,0.3181818181818182,22,1.0,8,0,1
4.0,0.3181818181818182,22,1.0,4,0,1
4.0,0.3181818181818182,22,1.0,11,0,1
4.0,0.3181818181818182,22,1.0,17,0,1
4.0,0.3181818181818182,22,0.9166666666666666,12,0,1
4.0,0.3181818181818182,22,1.0,10,0,1
4.0,0.3181818181818182,22,1.0,6,0,1
4.0,0.6666666666666666,3,1.0,5,0,1
4.0,0.6666666666666666,3,1.0,4,0,1
4.0,0.4,5,0.95,20,0,1
4.0,0.4,5,0.8627450980392157,102,0,1
4.0,0.375,8,1.0,8,0,1
4.0,0.375,8,0.95,20,0,1
4.0,0.375,8,0.8627450980392157,102,0,1
4.0,1.0,1,1.0,6,0,1
4.0,1.0,2,1.0,72,0,1
4.0,1.0,2,1.0,33,0,1
4.0,1.0,1,1.0,3,1,1
4.0,0.5,6,0.7619047619047619,21,0,1
4.0,0.5,6,1.0,9,0,1
4.0,0.5,6,1.0,7,0,1
4.0,0.4,5,1.0,2,1,1
4.0,0.4,5,0.5,4,0,1
4.0,0.7,10,1.0,11,0,1
4.0,0.7,10,1.0,9,0,1
4.0,0.7,10,1.0,4,0,1
4.0,0.7,10,1.0,2,1,1
4.0,0.7,10,0.85,20,0,1
4.0,0.7,10,1.0,7,0,1
4.0,0.7,10,1.0,7,0,1
4.0,0.75,4,1.0,6,0,1
4.0,0.75,4,1.0,2,1,1
4.0,0.75,4,1.0,2,1,1
4.0,0.02631578947368421,76,0.22388059701492538,67,0,1
4.0,0.02631578947368421,76,0.45454545454545453,11,0,1
4.0,1.0,1,0.9629629629629629,27,0,1
4.0,1.0,3,1.0,20,0,1
4.0,1.0,3,1.0,11,0,1
4.0,1.0,3,1.0,9,0,1
4.0,1.0,2,1.0,6,0,1
4.0,1.0,2,0.7619047619047619,21,0,1
4.0,0.6,5,0.5833333333333334,12,0,1
4.0,0.6,5,0.90625,32,0,1
4.0,0.6,5,0.6290322580645161,62,0,1
4.0,0.03333333333333333,60,1.0,2,1,1
4.0,0.03333333333333333,60,1.0,3,1,1
4.0,1.0,3,0.8627450980392157,102,0,1
4.0,1.0,3,1.0,17,0,1
4.0,1.0,3,1.0,27,0,1
4.0,0.8181818181818182,11,1.0,4,0,1
4.0,0.8181818181818182,11,1.0,3,1,1
4.0,0.8181818181818182,11,1.0,9,0,1
4.0,0.8181818181818182,11,1.0,5,0,1
4.0,0.8181818181818182,11,1.0,2,1,1
4.0,0.8181818181818182,11,1.0,7,0,1
4.0,0.8181818181818182,11,0.3333333333333333,3,1,1
4.0,0.8181818181818182,11,1.0,7,0,1
4.0,0.8181818181818182,11,1.0,6,0,1
4.0,1.0,1,1.0,4,0,1
4.0,0.925,40,1.0,1,1,1
4.0,0.925,40,1.0,4,0,1
4.0,0.925,40,1.0,31,0,1
4.0,0.925,40,1.0,11,0,1
4.0,0.925,40,1.0,19,0,1
4.0,0.925,40,1.0,7,0,1
4.0,0.925,40,0.9459459459459459,37,0,1
4.0,0.925,40,1.0,5,0,1
4.0,0.925,40,1.0,20,0,1
4.0,0.925,40,1.0,2,1,1
4.0,0.925,40,1.0,25,0,1
4.0,0.925,40,1.0,48,0,1
4.0,0.925,40,1.0,1,1,1
4.0,0.925,40,1.0,5,0,1
4.0,0.925,40,1.0,34,0,1
4.0,0.925,40,1.0,4,0,1
4.0,0.925,40,1.0,4,0,1
4.0,0.925,40,1.0,6,0,1
4.0,0.925,40,1.0,1,1,1
4.0,0.925,40,1.0,1,1,1
4.0,0.925,40,1.0,63,0,1
4.0,0.925,40,1.0,23,0,1
4.0,0.925,40,1.0,10,0,1
4.0,0.925,40,1.0,12,0,1
4.0,0.925,40,1.0,26,0,1
4.0,0.925,40,1.0,25,0,1
4.0,0.925,40,1.0,18,0,1
4.0,0.925,40,1.0,15,0,1
4.0,0.925,40,1.0,22,0,1
4.0,0.925,40,1.0,36,0,1
4.0,0.925,40,0.75,4,0,1
4.0,0.925,40,1.0,8,0,1
4.0,0.925,40,1.0,31,0,1
4.0,0.925,40,1.0,3,1,1
4.0,0.925,40,1.0,31,0,1
4.0,0.925,40,1.0,44,0,1
4.0,0.925,40,1.0,27,0,1
4.0,0.6,5,1.0,3,1,1
4.0,0.6,5,1.0,4,0,1
4.0,0.6,5,1.0,3,1,1
4.0,0.9444444444444444,18,1.0,17,0,1
4.0,0.9444444444444444,18,1.0,72,0,1
4.0,0.9444444444444444,18,0.6290322580645161,62,0,1
4.0,0.9444444444444444,18,1.0,4,0,1
4.0,0.9444444444444444,18,0.9166666666666666,12,0,1
4.0,0.9444444444444444,18,1.0,5,0,1
4.0,0.9444444444444444,18,1.0,7,0,1
4.0,0.9444444444444444,18,1.0,18,0,1
4.0,0.9444444444444444,18,1.0,37,0,1
4.0,0.9444444444444444,18,1.0,12,0,1
4.0,0.9444444444444444,18,1.0,48,0,1
4.0,0.9444444444444444,18,1.0,43,0,1
4.0,0.9444444444444444,18,1.0,13,0,1
4.0,0.9444444444444444,18,1.0,12,0,1
4.0,0.9444444444444444,18,1.0,4,0,1
4.0,0.9444444444444444,18,1.0,16,0,1
4.0,0.9444444444444444,18,1.0,1,1,1
4.0,0.2222222222222222,9,1.0,10,0,1
4.0,0.2222222222222222,9,1.0,7,0,1
4.0,0.75,4,0.16666666666666666,6,0,1
4.0,0.75,4,1.0,2,1,1
4.0,0.75,4,1.0,3,1,1
4.0,1.0,2,1.0,8,0,1
4.0,1.0,2,0.8627450980392157,102,0,1
4.0,1.0,24,1.0,3,1,1
4.0,1.0,24,1.0,19,0,1
4.0,1.0,24,1.0,5,0,1
4.0,1.0,24,1.0,4,0,1
4.0,1.0,24,1.0,31,0,1
4.0,1.0,24,1.0,12,0,1
4.0,1.0,24,1.0,5,0,1
4.0,1.0,24,1.0,34,0,1
4.0,1.0,24,1.0,26,0,1
4.0,1.0,24,1.0,8,0,1
4.0,1.0,24,1.0,25,0,1
4.0,1.0,24,1.0,11,0,1
4.0,1.0,24,1.0,18,0,1
4.0,1.0,24,0.9459459459459459,37,0,1
4.0,1.0,24,1.0,4,0,1
4.0,1.0,24,1.0,6,0,1
4.0,1.0,24,1.0,23,0,1
4.0,1.0,24,1.0,15,0,1
4.0,1.0,24,1.0,48,0,1
4.0,1.0,24,1.0,16,0,1
4.0,1.0,24,1.0,11,0,1
4.0,1.0,24,1.0,1,1,1
4.0,1.0,24,1.0,45,0,1
4.0,1.0,24,1.0,20,0,1
4.0,0.3333333333333333,3,1.0,2,1,1
4.0,1.0,4,1.0,6,0,1
4.0,1.0,4,1.0,8,0,1
4.0,1.0,4,1.0,7,0,1
4.0,1.0,4,1.0,7,0,1
4.0,1.0,1,1.0,25,0,1
4.0,1.0,1,1.0,1,1,1
4.0,1.0,5,1.0,7,0,1
4.0,1.0,5,1.0,9,0,1
4.0,1.0,5,1.0,18,0,1
4.0,1.0,5,0.6,5,0,1
4.0,1.0,5,1.0,27,0,1
4.0,0.8,5,0.8627450980392157,102,0,1
4.0,0.8,5,1.0,15,0,1
4.0,0.8,5,1.0,8,0,1
4.0,0.8,5,1.0,4,0,1
4.0,0.3333333333333333,9,0.8888888888888888,9,0,1
4.0,0.3333333333333333,9,0.92,25,0,1
4.0,0.3333333333333333,9,0.6176470588235294,34,0,1
4.0,1.0,1,1.0,16,0,1
4.0,0.9565217391304348,23,1.0,12,0,1
4.0,0.9565217391304348,23,1.0,11,0,1
4.0,0.9565217391304348,23,1.0,20,0,1
4.0,0.9565217391304348,23,1.0,16,0,1
4.0,0.9565217391304348,23,1.0,32,0,1
4.0,0.9565217391304348,23,1.0,15,0,1
4.0,0.9565217391304348,23,1.0,45,0,1
4.0,0.9565217391304348,23,1.0,18,0,1
4.0,0.9565217391304348,23,1.0,14,0,1
4.0,0.9565217391304348,23,1.0,48,0,1
4.0,0.9565217391304348,23,1.0,34,0,1
4.0,0.9565217391304348,23,1.0,63,0,1
4.0,0.9565217391304348,23,1.0,32,0,1
4.0,0.9565217391304348,23,1.0,15,0,1
4.0,0.9565217391304348,23,1.0,5,0,1
4.0,0.9565217391304348,23,0.9459459459459459,37,0,1
4.0,0.9565217391304348,23,1.0,23,0,1
4.0,0.9565217391304348,23,1.0,36,0,1
4.0,0.9565217391304348,23,1.0,18,0,1
4.0,0.9565217391304348,23,1.0,22,0,1
4.0,0.9565217391304348,23,1.0,1,1,1
4.0,0.9565217391304348,23,1.0,1,1,1
4.0,0.5,2,0.8787878787878788,33,0,1
4.0,1.0,1,0.918918918918919,37,0,1
4.0,1.0,12,1.0,28,0,1
4.0,1.0,12,1.0,24,0,1
4.0,1.0,12,1.0,34,0,1
4.0,1.0,12,1.0,27,0,1
4.0,1.0,12,1.0,24,0,1
4.0,1.0,12,0.967741935483871,31,0,1
4.0,1.0,12,1.0,24,0,1
4.0,1.0,12,1.0,23,0,1
4.0,1.0,12,1.0,27,0,1
4.0,1.0,12,1.0,25,0,1
4.0,1.0,12,1.0,34,0,1
4.0,1.0,12,1.0,18,0,1
4.0,1.0,1,0.8787878787878788,33,0,1
4.0,1.0,1,0.8627450980392157,102,0,1
4.0,0.6363636363636364,11,1.0,11,0,1
4.0,0.6363636363636364,11,0.6470588235294118,17,0,1
4.0,0.6363636363636364,11,1.0,17,0,1
4.0,0.6363636363636364,11,1.0,3,1,1
4.0,0.6363636363636364,11,1.0,10,0,1
4.0,0.6363636363636364,11,0.9166666666666666,12,0,1
4.0,0.6363636363636364,11,1.0,6,0,1
4.0,0.3076923076923077,13,1.0,3,1,1
4.0,0.3076923076923077,13,0.75,4,0,1
4.0,0.3076923076923077,13,1.0,5,0,1
4.0,0.3076923076923077,13,0.8888888888888888,9,0,1
4.0,1.0,1,0.9629629629629629,27,0,1
4.0,1.0,3,0.8627450980392157,102,0,1
4.0,1.0,3,1.0,4,0,1
4.0,1.0,3,1.0,15,0,1
4.0,0.5,4,1.0,10,0,1
4.0,0.5,4,1.0,13,0,1
4.0,0.3333333333333333,3,0.92,25,0,1
4.0,0.3333333333333333,3,1.0,8,0,1
4.0,1.0,3,1.0,7,0,1
4.0,1.0,3,1.0,4,0,1
4.0,1.0,3,0.9629629629629629,27,0,1
4.0,1.0,1,0.8787878787878788,33,0,1
4.0,1.0,4,1.0,21,0,1
4.0,1.0,4,1.0,14,0,1
4.0,1.0,4,1.0,19,0,1
4.0,1.0,4,1.0,22,0,1
4.0,1.0,12,1.0,27,0,1
4.0,1.0,12,1.0,27,0,1
4.0,1.0,12,0.967741935483871,31,0,1
4.0,1.0,12,1.0,34,0,1
4.0,1.0,12,1.0,28,0,1
4.0,1.0,12,1.0,23,0,1
4.0,1.0,12,1.0,18,0,1
4.0,1.0,12,1.0,24,0,1
4.0,1.0,12,1.0,34,0,1
4.0,1.0,12,1.0,25,0,1
4.0,1.0,12,1.0,24,0,1
4.0,1.0,12,1.0,24,0,1
4.0,1.0,1,1.0,4,0,1
4.0,1.0,1,1.0,2,1,1
4.0,0.25,4,1.0,13,0,1
4.0,0.5714285714285714,7,1.0,3,1,1
4.0,0.5714285714285714,7,0.6111111111111112,18,0,1
4.0,0.5714285714285714,7,1.0,2,1,1
4.0,0.5714285714285714,7,1.0,1,1,1
4.0,1.0,4,1.0,5,0,1
4.0,1.0,4,1.0,9,0,1
4.0,1.0,4,1.0,20,0,1
4.0,1.0,4,1.0,11,0,1
4.0,0.6666666666666666,6,1.0,11,0,1
4.0,0.6666666666666666,6,0.75,40,0,1
4.0,0.6666666666666666,6,1.0,7,0,1
4.0,0.6666666666666666,6,1.0,12,0,1
4.0,1.0,1,1.0,2,1,1
4.0,1.0,1,1.0,3,1,1
4.0,0.75,4,1.0,25,0,1
4.0,0.75,4,1.0,2,1,1
4.0,0.75,4,1.0,10,0,1
4.0,1.0,1,1.0,9,0,1
4.0,1.0,10,1.0,7,0,1
4.0,1.0,10,1.0,14,0,1
4.0,1.0,10,0.6206896551724138,29,0,1
4.0,1.0,10,1.0,1,1,1
4.0,1.0,10,1.0,4,0,1
4.0,1.0,10,1.0,5,0,1
4.0,1.0,10,1.0,11,0,1
4.0,1.0,10,1.0,7,0,1
4.0,1.0,10,1.0,11,0,1
4.0,1.0,10,1.0,10,0,1
4.0,1.0,10,1.0,10,0,1
4.0,1.0,10,1.0,8,0,1
4.0,1.0,10,1.0,7,0,1
4.0,1.0,10,1.0,10,0,1
4.0,1.0,10,1.0,13,0,1
4.0,1.0,10,1.0,12,0,1
4.0,1.0,10,1.0,10,0,1
4.0,1.0,10,1.0,7,0,1
4.0,1.0,10,1.0,7,0,1
4.0,1.0,10,1.0,56,0,1
4.0,0.9591836734693877,49,1.0,25,0,1
4.0,0.9591836734693877,49,1.0,63,0,1
4.0,0.9591836734693877,49,1.0,8,0,1
4.0,0.9591836734693877,49,1.0,2,1,1
4.0,0.9591836734693877,49,1.0,7,0,1
4.0,0.9591836734693877,49,1.0,7,0,1
4.0,0.9591836734693877,49,1.0,26,0,1
4.0,0.9591836734693877,49,1.0,6,0,1
4.0,0.9591836734693877,49,1.0,3,1,1
4.0,0.9591836734693877,49,1.0,7,0,1
4.0,0.9591836734693877,49,1.0,25,0,1
4.0,0.9591836734693877,49,1.0,8,0,1
4.0,0.9591836734693877,49,1.0,2,1,1
4.0,0.9591836734693877,49,1.0,7,0,1
4.0,0.9591836734693877,49,1.0,8,0,1
4.0,0.9591836734693877,49,1.0,3,1,1
4.0,0.9591836734693877,49,1.0,4,0,1
4.0,0.9591836734693877,49,1.0,11,0,1
4.0,0.9591836734693877,49,1.0,6,0,1
4.0,0.9591836734693877,49,1.0,5,0,1
4.0,0.9591836734693877,49,1.0,21,0,1
4.0,0.9591836734693877,49,0.631578947368421,19,0,1
4.0,0.9591836734693877,49,1.0,10,0,1
4.0,0.9591836734693877,49,1.0,3,1,1
4.0,0.9591836734693877,49,1.0,20,0,1
4.0,0.9591836734693877,49,1.0,9,0,1
4.0,0.9591836734693877,49,1.0,2,1,1
4.0,0.9591836734693877,49,1.0,22,0,1
4.0,0.9591836734693877,49,1.0,2,1,1
4.0,0.9591836734693877,49,1.0,4,0,1
4.0,0.9591836734693877,49,1.0,3,1,1
4.0,0.9591836734693877,49,1.0,10,0,1
4.0,0.9591836734693877,49,1.0,2,1,1
4.0,0.9591836734693877,49,1.0,7,0,1
4.0,0.9591836734693877,49,1.0,19,0,1
4.0,0.9591836734693877,49,1.0,4,0,1
4.0,0.9591836734693877,49,1.0,5,0,1
4.0,0.9591836734693877,49,1.0,3,1,1
4.0,0.9591836734693877,49,1.0,10,0,1
4.0,0.9591836734693877,49,1.0,8,0,1
4.0,0.9591836734693877,49,1.0,15,0,1
4.0,0.9591836734693877,49,1.0,26,0,1
4.0,0.9591836734693877,49,1.0,3,1,1
4.0,0.9591836734693877,49,1.0,7,0,1
4.0,0.9591836734693877,49,1.0,7,0,1
4.0,0.9591836734693877,49,0.9459459459459459,37,0,1
4.0,0.9591836734693877,49,1.0,2,1,1
4.0,1.0,9,1.0,9,0,1
4.0,1.0,9,1.0,7,0,1
4.0,1.0,9,1.0,4,0,1
4.0,1.0,9,1.0,21,0,1
4.0,1.0,9,1.0,9,0,1
4.0,1.0,9,1.0,5,0,1
4.0,1.0,9,1.0,19,0,1
4.0,1.0,9,1.0,22,0,1
4.0,1.0,9,1.0,14,0,1
4.0,1.0,6,1.0,3,1,1
4.0,1.0,6,1.0,3,1,1
4.0,1.0,6,0.8,5,0,1
4.0,1.0,6,0.9166666666666666,12,0,1
4.0,1.0,6,1.0,5,0,1
4.0,1.0,6,1.0,3,1,1
4.0,1.0,2,1.0,3,1,1
4.0,1.0,2,1.0,9,0,1
4.0,0.6666666666666666,6,1.0,37,0,1
4.0,0.6666666666666666,6,1.0,13,0,1
4.0,0.6666666666666666,6,1.0,10,0,1
4.0,0.6666666666666666,6,1.0,19,0,1
4.0,1.0,1,1.0,1,1,1
4.0,1.0,7,1.0,1,1,1
4.0,1.0,7,0.22388059701492538,67,0,1
4.0,1.0,7,0.6896551724137931,29,0,1
4.0,1.0,7,1.0,6,0,1
4.0,1.0,7,0.5142857142857142,35,0,1
4.0,1.0,7,0.14285714285714285,7,0,1
4.0,1.0,7,1.0,2,1,1
4.0,1.0,11,1.0,6,0,1
4.0,1.0,11,1.0,31,0,1
4.0,1.0,11,1.0,11,0,1
4.0,1.0,11,1.0,8,0,1
4.0,1.0,11,1.0,18,0,1
4.0,1.0,11,1.0,2,1,1
4.0,1.0,11,1.0,9,0,1
4.0,1.0,11,1.0,10,0,1
4.0,1.0,11,1.0,4,0,1
4.0,1.0,11,1.0,5,0,1
4.0,1.0,11,1.0,44,0,1
4.0,0.5555555555555556,9,0.8627450980392157,102,0,1
4.0,0.5555555555555556,9,0.7,10,0,1
4.0,0.5555555555555556,9,0.5,12,0,1
4.0,0.5555555555555556,9,1.0,13,0,1
4.0,0.5555555555555556,9,0.95,20,0,1
4.0,1.0,2,1.0,4,0,1
4.0,1.0,2,1.0,37,0,1
4.0,1.0,4,0.7,10,0,1
4.0,1.0,4,1.0,3,1,1
4.0,1.0,4,1.0,3,1,1
4.0,1.0,4,1.0,3,1,1
4.0,1.0,2,1.0,20,0,1
4.0,1.0,2,1.0,5,0,1
4.0,1.0,1,0.8627450980392157,102,0,1
4.0,0.3333333333333333,12,1.0,7,0,1
4.0,0.3333333333333333,12,1.0,14,0,1
4.0,0.3333333333333333,12,1.0,11,0,1
4.0,0.3333333333333333,12,1.0,10,0,1
4.0,1.0,8,0.8181818181818182,22,0,1
4.0,1.0,8,1.0,32,0,1
4.0,1.0,8,1.0,63,0,1
4.0,1.0,8,1.0,26,0,1
4.0,1.0,8,1.0,44,0,1
4.0,1.0,8,1.0,36,0,1
4.0,1.0,8,1.0,45,0,1
4.0,1.0,8,1.0,26,0,1
4.0,1.0,1,0.8627450980392157,102,0,1
4.0,0.8181818181818182,11,1.0,3,1,1
4.0,0.8181818181818182,11,0.8888888888888888,9,0,1
4.0,0.8181818181818182,11,1.0,3,1,1
4.0,0.8181818181818182,11,1.0,33,0,1
4.0,0.8181818181818182,11,1.0,26,0,1
4.0,0.8181818181818182,11,1.0,15,0,1
4.0,0.8181818181818182,11,1.0,3,1,1
4.0,0.8181818181818182,11,1.0,6,0,1
4.0,0.8181818181818182,11,1.0,8,0,1
4.0,1.0,1,1.0,2,1,1
4.0,1.0,7,1.0,3,1,1
4.0,1.0,7,1.0,1,1,1
4.0,1.0,7,1.0,2,1,1
4.0,1.0,7,1.0,2,1,1
4.0,1.0,7,1.0,2,1,1
4.0,1.0,7,1.0,2,1,1
4.0,1.0,7,1.0,1,1,1
4.0,1.0,1,1.0,8,0,1
4.0,0.5909090909090909,22,1.0,8,0,1
4.0,0.5909090909090909,22,1.0,4,0,1
4.0,0.5909090909090909,22,1.0,4,0,1
4.0,0.5909090909090909,22,1.0,28,0,1
4.0,0.5909090909090909,22,1.0,37,0,1
4.0,0.5909090909090909,22,1.0,5,0,1
4.0,0.5909090909090909,22,1.0,12,0,1
4.0,0.5909090909090909,22,1.0,6,0,1
4.0,0.5909090909090909,22,1.0,1,1,1
4.0,0.5909090909090909,22,1.0,6,0,1
4.0,0.5909090909090909,22,0.6666666666666666,3,1,1
4.0,0.5909090909090909,22,1.0,6,0,1
4.0,0.5909090909090909,22,0.5,4,0,1
4.0,1.0,3,1.0,11,0,1
4.0,1.0,3,1.0,2,1,1
4.0,1.0,3,1.0,7,0,1
4.0,1.0,9,1.0,43,0,1
4.0,1.0,9,1.0,20,0,1
4.0,1.0,9,1.0,27,0,1
4.0,1.0,9,0.9583333333333334,24,0,1
4.0,1.0,9,1.0,72,0,1
4.0,1.0,9,1.0,37,0,1
4.0,1.0,9,1.0,56,0,1
4.0,1.0,9,1.0,48,0,1
4.0,1.0,9,1.0,33,0,1
4.0,1.0,1,0.918918918918919,37,0,1
4.0,0.6666666666666666,6,1.0,4,0,1
4.0,0.6666666666666666,6,0.92,25,0,1
4.0,0.6666666666666666,6,0.8888888888888888,9,0,1
4.0,0.6666666666666666,6,1.0,7,0,1
4.0,1.0,2,1.0,15,0,1
4.0,1.0,2,1.0,3,1,1
4.0,1.0,2,1.0,17,0,1
4.0,1.0,2,1.0,27,0,1
4.0,1.0,12,1.0,24,0,1
4.0,1.0,12,1.0,27,0,1
4.0,1.0,12,1.0,28,0,1
4.0,1.0,12,0.967741935483871,31,0,1
4.0,1.0,12,1.0,25,0,1
4.0,1.0,12,1.0,23,0,1
4.0,1.0,12,1.0,34,0,1
4.0,1.0,12,1.0,24,0,1
4.0,1.0,12,1.0,18,0,1
4.0,1.0,12,1.0,27,0,1
4.0,1.0,12,1.0,24,0,1
4.0,1.0,12,1.0,34,0,1
4.0,0.14285714285714285,7,1.0,9,0,1
4.0,1.0,11,0.08333333333333333,12,0,1
4.0,1.0,11,0.5142857142857142,35,0,1
4.0,1.0,11,1.0,2,1,1
4.0,1.0,11,1.0,6,0,1
4.0,1.0,11,1.0,14,0,1
4.0,1.0,11,1.0,3,1,1
4.0,1.0,11,1.0,4,0,1
4.0,1.0,11,0.6666666666666666,6,0,1
4.0,1.0,11,1.0,1,1,1
4.0,1.0,11,1.0,1,1,1
4.0,1.0,11,0.6896551724137931,29,0,1
4.0,1.0,3,1.0,14,0,1
4.0,1.0,3,0.6896551724137931,29,0,1
4.0,1.0,3,1.0,11,0,1
4.0,0.5,10,0.5833333333333334,12,0,1
4.0,0.5,10,1.0,10,0,1
4.0,0.5,10,0.6290322580645161,62,0,1
4.0,0.5,10,1.0,13,0,1
4.0,0.5,10,0.5,10,0,1
4.0,0.18181818181818182,11,1.0,12,0,1
4.0,0.18181818181818182,11,1.0,37,0,1
4.0,0.8,5,0.6666666666666666,6,0,1
4.0,0.8,5,1.0,4,0,1
4.0,0.8,5,1.0,5,0,1
4.0,0.8,5,1.0,4,0,1
4.0,0.4,5,1.0,6,0,1
4.0,0.4,5,0.8787878787878788,33,0,1
4.0,1.0,3,1.0,5,0,1
4.0,1.0,3,1.0,6,0,1
4.0,1.0,3,0.9,10,0,1
4.0,0.9230769230769231,13,1.0,3,1,1
4.0,0.9230769230769231,13,1.0,1,1,1
4.0,0.9230769230769231,13,1.0,5,0,1
4.0,0.9230769230769231,13,1.0,45,0,1
4.0,0.9230769230769231,13,1.0,1,1,1
4.0,0.9230769230769231,13,1.0,14,0,1
4.0,0.9230769230769231,13,1.0,8,0,1
4.0,0.9230769230769231,13,1.0,23,0,1
4.0,0.9230769230769231,13,1.0,36,0,1
4.0,0.9230769230769231,13,1.0,16,0,1
4.0,0.9230769230769231,13,1.0,16,0,1
4.0,0.9230769230769231,13,0.9459459459459459,37,0,1
4.0,0.25,8,1.0,4,0,1
4.0,0.25,8,0.6666666666666666,3,1,1
4.0,1.0,1,0.9629629629629629,27,0,1
4.0,0.2,5,0.967741935483871,31,0,1
4.0,1.0,4,0.04878048780487805,82,0,1
4.0,1.0,4,1.0,6,0,1
4.0,1.0,4,0.2857142857142857,7,0,1
4.0,1.0,4,1.0,19,0,1
4.0,1.0,2,1.0,15,0,1
4.0,1.0,2,0.8627450980392157,102,0,1
4.0,1.0,5,0.6206896551724138,29,0,1
4.0,1.0,5,1.0,7,0,1
4.0,1.0,5,1.0,3,1,1
4.0,1.0,5,0.9629629629629629,27,0,1
4.0,1.0,5,1.0,7,0,1
4.0,0.36363636363636365,11,1.0,12,0,1
4.0,0.36363636363636365,11,1.0,14,0,1
4.0,0.36363636363636365,11,0.6206896551724138,29,0,1
4.0,0.36363636363636365,11,1.0,9,0,1
4.0,1.0,2,1.0,10,0,1
4.0,1.0,2,1.0,13,0,1
4.0,1.0,1,1.0,16,0,1
4.0,0.8666666666666667,15,0.6290322580645161,62,0,1
4.0,0.8666666666666667,15,1.0,4,0,1
4.0,0.8666666666666667,15,0.9166666666666666,12,0,1
4.0,0.8666666666666667,15,1.0,16,0,1
4.0,0.8666666666666667,15,1.0,17,0,1
4.0,0.8666666666666667,15,1.0,7,0,1
4.0,0.8666666666666667,15,1.0,7,0,1
4.0,0.8666666666666667,15,0.6842105263157895,19,0,1
4.0,0.8666666666666667,15,1.0,72,0,1
4.0,0.8666666666666667,15,1.0,13,0,1
4.0,0.8666666666666667,15,1.0,18,0,1
4.0,0.8666666666666667,15,1.0,4,0,1
4.0,0.8666666666666667,15,1.0,37,0,1
4.0,0.08695652173913043,23,0.35,40,0,1
4.0,0.08695652173913043,23,1.0,3,1,1
4.0,1.0,13,1.0,27,0,1
4.0,1.0,13,1.0,23,0,1
4.0,1.0,13,1.0,37,0,1
4.0,1.0,13,0.6842105263157895,19,0,1
4.0,1.0,13,1.0,43,0,1
4.0,1.0,13,1.0,5,0,1
4.0,1.0,13,1.0,14,0,1
4.0,1.0,13,1.0,17,0,1
4.0,1.0,13,1.0,48,0,1
4.0,1.0,13,0.6290322580645161,62,0,1
4.0,1.0,13,1.0,18,0,1
4.0,1.0,13,1.0,4,0,1
4.0,1.0,13,1.0,72,0,1
4.0,1.0,43,1.0,19,0,1
4.0,1.0,43,1.0,6,0,1
4.0,1.0,43,1.0,7,0,1
4.0,1.0,43,1.0,19,0,1
4.0,1.0,43,1.0,48,0,1
4.0,1.0,43,1.0,31,0,1
4.0,1.0,43,1.0,28,0,1
4.0,1.0,43,1.0,26,0,1
4.0,1.0,43,1.0,14,0,1
4.0,1.0,43,1.0,14,0,1
4.0,1.0,43,1.0,21,0,1
4.0,1.0,43,0.8,10,0,1
4.0,1.0,43,1.0,26,0,1
4.0,1.0,43,1.0,26,0,1
4.0,1.0,43,1.0,31,0,1
4.0,1.0,43,1.0,27,0,1
4.0,1.0,43,1.0,23,0,1
4.0,1.0,43,1.0,12,0,1
4.0,1.0,43,1.0,15,0,1
4.0,1.0,43,1.0,3,1,1
4.0,1.0,43,0.6666666666666666,3,1,1
4.0,1.0,43,1.0,63,0,1
4.0,1.0,43,1.0,18,0,1
4.0,1.0,43,1.0,9,0,1
4.0,1.0,43,1.0,5,0,1
4.0,1.0,43,1.0,25,0,1
4.0,1.0,43,1.0,15,0,1
4.0,1.0,43,1.0,36,0,1
4.0,1.0,43,1.0,6,0,1
4.0,1.0,43,1.0,16,0,1
4.0,1.0,43,1.0,22,0,1
4.0,1.0,43,1.0,5,0,1
4.0,1.0,43,1.0,32,0,1
4.0,1.0,43,1.0,22,0,1
4.0,1.0,43,1.0,12,0,1
4.0,1.0,43,1.0,4,0,1
4.0,1.0,43,1.0,8,0,1
4.0,1.0,43,1.0,44,0,1
4.0,1.0,43,1.0,37,0,1
4.0,1.0,43,1.0,45,0,1
4.0,1.0,43,0.9459459459459459,37,0,1
4.0,1.0,43,1.0,33,0,1
4.0,1.0,43,1.0,16,0,1
4.0,1.0,3,1.0,5,0,1
4.0,1.0,3,1.0,4,0,1
4.0,1.0,3,1.0,16,0,1
4.0,0.4,5,1.0,5,0,1
4.0,0.4,5,0.6176470588235294,34,0,1
4.0,0.5,4,1.0,1,1,1
4.0,0.5,4,1.0,1,1,1
4.0,1.0,1,1.0,20,0,1
4.0,1.0,10,1.0,12,0,1
4.0,1.0,10,1.0,10,0,1
4.0,1.0,10,1.0,7,0,1
4.0,1.0,10,1.0,10,0,1
4.0,1.0,10,1.0,7,0,1
4.0,1.0,10,1.0,7,0,1
4.0,1.0,10,1.0,13,0,1
4.0,1.0,10,1.0,10,0,1
4.0,1.0,10,1.0,56,0,1
4.0,1.0,10,1.0,8,0,1
4.0,0.8,5,1.0,6,0,1
4.0,0.8,5,1.0,8,0,1
4.0,0.8,5,0.8627450980392157,102,0,1
4.0,0.8,5,1.0,2,1,1
4.0,1.0,6,1.0,3,1,1
4.0,1.0,6,1.0,5,0,1
4.0,1.0,6,0.9166666666666666,12,0,1
4.0,1.0,6,1.0,3,1,1
4.0,1.0,6,1.0,3,1,1
4.0,1.0,6,0.8,5,0,1
4.0,0.5555555555555556,9,1.0,37,0,1
4.0,0.5555555555555556,9,1.0,23,0,1
4.0,0.5555555555555556,9,1.0,10,0,1
4.0,0.5555555555555556,9,0.6290322580645161,62,0,1
4.0,0.5555555555555556,9,1.0,13,0,1
4.0,0.9230769230769231,13,1.0,8,0,1
4.0,0.9230769230769231,13,0.9166666666666666,12,0,1
4.0,0.9230769230769231,13,1.0,1,1,1
4.0,0.9230769230769231,13,0.84375,64,0,1
4.0,0.9230769230769231,13,1.0,18,0,1
4.0,0.9230769230769231,13,0.5,2,1,1
4.0,0.9230769230769231,13,1.0,2,1,1
4.0,0.9230769230769231,13,1.0,9,0,1
4.0,0.9230769230769231,13,0.90625,32,0,1
4.0,0.9230769230769231,13,0.9,10,0,1
4.0,0.9230769230769231,13,1.0,4,0,1
4.0,0.9230769230769231,13,1.0,1,1,1
4.0,1.0,2,1.0,10,0,1
4.0,1.0,2,1.0,13,0,1
4.0,0.08333333333333333,12,0.918918918918919,37,0,1
4.0,1.0,6,1.0,6,0,1
4.0,1.0,6,1.0,48,0,1
4.0,1.0,6,1.0,72,0,1
4.0,1.0,6,0.6153846153846154,13,0,1
4.0,1.0,6,1.0,15,0,1
4.0,1.0,6,1.0,26,0,1
4.0,0.25,8,1.0,2,1,1
4.0,0.25,8,1.0,13,0,1
4.0,0.8571428571428571,7,1.0,5,0,1
4.0,0.8571428571428571,7,1.0,11,0,1
4.0,0.8571428571428571,7,0.92,25,0,1
4.0,0.8571428571428571,7,1.0,7,0,1
4.0,0.8571428571428571,7,1.0,12,0,1
4.0,0.8571428571428571,7,0.75,40,0,1
4.0,1.0,3,0.7,10,0,1
4.0,1.0,3,1.0,13,0,1
4.0,1.0,3,0.8627450980392157,102,0,1
4.0,1.0,3,1.0,37,0,1
4.0,1.0,3,1.0,33,0,1
4.0,1.0,3,1.0,14,0,1
4.0,0.5,14,1.0,7,0,1
4.0,0.5,14,1.0,9,0,1
4.0,0.5,14,1.0,4,0,1
4.0,0.5,14,1.0,18,0,1
4.0,0.5,14,1.0,27,0,1
4.0,0.5,14,1.0,11,0,1
4.0,0.5,14,1.0,9,0,1
4.0,1.0,3,1.0,10,0,1
4.0,1.0,3,1.0,13,0,1
4.0,1.0,3,1.0,1,1,1
4.0,1.0,1,1.0,11,0,1
4.0,1.0,9,1.0,56,0,1
4.0,1.0,9,1.0,29,0,1
4.0,1.0,9,1.0,48,0,1
4.0,1.0,9,1.0,37,0,1
4.0,1.0,9,1.0,7,0,1
4.0,1.0,9,1.0,72,0,1
4.0,1.0,9,1.0,43,0,1
4.0,1.0,9,1.0,33,0,1
4.0,1.0,9,1.0,27,0,1
4.0,1.0,5,1.0,5,0,1
4.0,1.0,5,0.8627450980392157,102,0,1
4.0,1.0,5,1.0,6,0,1
4.0,1.0,5,1.0,13,0,1
4.0,1.0,5,1.0,6,0,1
4.0,1.0,1,0.6176470588235294,34,0,1
4.0,0.2,5,1.0,8,0,1
4.0,1.0,2,0.6206896551724138,29,0,1
4.0,1.0,2,1.0,9,0,1
4.0,1.0,1,1.0,1,1,1
4.0,1.0,1,1.0,11,0,1
4.0,1.0,2,0.8627450980392157,102,0,1
4.0,1.0,2,0.5,2,1,1
4.0,0.42857142857142855,7,1.0,1,1,1
4.0,0.42857142857142855,7,0.75,4,0,1
4.0,0.42857142857142855,7,1.0,8,0,1
4.0,1.0,1,0.375,24,0,1
4.0,1.0,1,1.0,5,0,1
4.0,1.0,1,1.0,6,0,1
4.0,1.0,30,1.0,36,0,1
4.0,1.0,30,1.0,12,0,1
4.0,1.0,30,1.0,19,0,1
4.0,1.0,30,1.0,7,0,1
4.0,1.0,30,1.0,19,0,1
4.0,1.0,30,1.0,33,0,1
4.0,1.0,30,1.0,9,0,1
4.0,1.0,30,1.0,15,0,1
4.0,1.0,30,1.0,22,0,1
4.0,1.0,30,1.0,6,0,1
4.0,1.0,30,1.0,45,0,1
4.0,1.0,30,1.0,28,0,1
4.0,1.0,30,1.0,18,0,1
4.0,1.0,30,1.0,7,0,1
4.0,1.0,30,1.0,26,0,1
4.0,1.0,30,1.0,23,0,1
4.0,1.0,30,1.0,15,0,1
4.0,1.0,30,0.8888888888888888,9,0,1
4.0,1.0,30,1.0,37,0,1
4.0,1.0,30,1.0,21,0,1
4.0,1.0,30,1.0,16,0,1
4.0,1.0,30,1.0,63,0,1
4.0,1.0,30,1.0,8,0,1
4.0,1.0,30,1.0,16,0,1
4.0,1.0,30,1.0,32,0,1
4.0,1.0,30,1.0,7,0,1
4.0,1.0,30,1.0,26,0,1
4.0,1.0,30,1.0,6,0,1
4.0,1.0,30,1.0,44,0,1
4.0,1.0,30,1.0,14,0,1
4.0,1.0,1,1.0,12,0,1
4.0,1.0,1,1.0,2,1,1
4.0,0.3333333333333333,3,1.0,4,0,1
4.0,1.0,6,1.0,3,1,1
4.0,1.0,6,1.0,1,1,1
4.0,1.0,6,0.6111111111111112,18,0,1
4.0,1.0,6,1.0,2,1,1
4.0,1.0,6,1.0,2,1,1
4.0,1.0,6,1.0,1,1,1
4.0,1.0,1,0.3333333333333333,3,1,1
4.0,0.25,4,0.35,40,0,1
4.0,0.375,8,1.0,7,0,1
4.0,0.375,8,1.0,4,0,1
4.0,0.375,8,1.0,7,0,1
4.0,0.5,2,1.0,2,1,1
4.0,1.0,1,1.0,9,0,1
4.0,1.0,12,1.0,37,0,1
4.0,1.0,12,1.0,18,0,1
4.0,1.0,12,1.0,56,0,1
4.0,1.0,12,1.0,33,0,1
4.0,1.0,12,1.0,37,0,1
4.0,1.0,12,1.0,29,0,1
4.0,1.0,12,1.0,27,0,1
4.0,1.0,12,1.0,43,0,1
4.0,1.0,12,0.9583333333333334,24,0,1
4.0,1.0,12,1.0,72,0,1
4.0,1.0,12,1.0,48,0,1
4.0,1.0,12,1.0,20,0,1
4.0,0.2857142857142857,7,1.0,6,0,1
4.0,0.2857142857142857,7,1.0,15,0,1
4.0,0.3333333333333333,21,1.0,8,0,1
4.0,0.3333333333333333,21,1.0,26,0,1
4.0,0.3333333333333333,21,1.0,33,0,1
4.0,0.3333333333333333,21,1.0,6,0,1
4.0,0.3333333333333333,21,1.0,6,0,1
4.0,0.3333333333333333,21,1.0,15,0,1
4.0,0.3333333333333333,21,1.0,20,0,1
4.0,1.0,1,0.92,25,0,1
4.0,1.0,1,0.85,20,0,1
4.0,0.5,6,1.0,17,0,1
4.0,0.5,6,1.0,27,0,1
4.0,0.5,6,0.8627450980392157,102,0,1
4.0,0.1111111111111111,9,1.0,10,0,1
4.0,1.0,2,1.0,17,0,1
4.0,1.0,2,0.6470588235294118,17,0,1
4.0,1.0,4,1.0,5,0,1
4.0,1.0,4,1.0,11,0,1
4.0,1.0,4,1.0,20,0,1
4.0,1.0,4,1.0,9,0,1
4.0,0.3333333333333333,3,1.0,10,0,1
4.0,1.0,1,1.0,8,0,1
4.0,0.6666666666666666,6,1.0,5,0,1
4.0,0.6666666666666666,6,1.0,8,0,1
4.0,0.6666666666666666,6,0.8627450980392157,102,0,1
4.0,0.6666666666666666,6,1.0,13,0,1
4.0,1.0,1,1.0,27,0,1
4.0,1.0,2,0.8627450980392157,102,0,1
4.0,1.0,2,1.0,15,0,1
4.0,1.0,1,0.6666666666666666,3,1,1
4.0,1.0,4,1.0,20,0,1
4.0,1.0,4,1.0,11,0,1
4.0,1.0,4,1.0,5,0,1
4.0,1.0,4,1.0,9,0,1
4.0,0.9090909090909091,22,1.0,23,0,1
4.0,0.9090909090909091,22,1.0,27,0,1
4.0,0.9090909090909091,22,1.0,48,0,1
4.0,0.9090909090909091,22,0.6842105263157895,19,0,1
4.0,0.9090909090909091,22,1.0,8,0,1
4.0,0.9090909090909091,22,1.0,3,1,1
4.0,0.9090909090909091,22,1.0,56,0,1
4.0,0.9090909090909091,22,1.0,17,0,1
4.0,0.9090909090909091,22,1.0,14,0,1
4.0,0.9090909090909091,22,1.0,13,0,1
4.0,0.9090909090909091,22,0.8333333333333334,6,0,1
4.0,0.9090909090909091,22,1.0,43,0,1
4.0,0.9090909090909091,22,1.0,72,0,1
4.0,0.9090909090909091,22,1.0,6,0,1
4.0,0.9090909090909091,22,1.0,29,0,1
4.0,0.9090909090909091,22,1.0,33,0,1
4.0,0.9090909090909091,22,1.0,18,0,1
4.0,0.9090909090909091,22,1.0,5,0,1
4.0,0.9090909090909091,22,1.0,37,0,1
4.0,0.9090909090909091,22,1.0,28,0,1
4.0,1.0,2,1.0,4,0,1
4.0,1.0,2,1.0,1,1,1
4.0,1.0,3,1.0,6,0,1
4.0,1.0,3,1.0,1,1,1
4.0,1.0,3,0.95,20,0,1
4.0,1.0,1,0.75,40,0,1
4.0,0.5,2,0.5,2,1,1
4.0,1.0,5,1.0,14,0,1
4.0,1.0,5,1.0,1,1,1
4.0,1.0,5,1.0,33,0,1
4.0,1.0,5,1.0,72,0,1
4.0,1.0,5,1.0,33,0,1
4.0,1.0,2,0.9166666666666666,12,0,1
4.0,1.0,2,1.0,12,0,1
4.0,0.875,8,1.0,15,0,1
4.0,0.875,8,0.75,4,0,1
4.0,0.875,8,1.0,2,1,1
4.0,0.875,8,0.9,10,0,1
4.0,0.875,8,1.0,3,1,1
4.0,0.875,8,1.0,11,0,1
4.0,0.875,8,1.0,3,1,1
4.0,1.0,12,1.0,18,0,1
4.0,1.0,12,1.0,72,0,1
4.0,1.0,12,1.0,33,0,1
4.0,1.0,12,1.0,43,0,1
4.0,1.0,12,1.0,23,0,1
4.0,1.0,12,1.0,29,0,1
4.0,1.0,12,1.0,48,0,1
4.0,1.0,12,1.0,37,0,1
4.0,1.0,12,1.0,27,0,1
4.0,1.0,12,1.0,56,0,1
4.0,1.0,12,1.0,13,0,1
4.0,1.0,12,1.0,14,0,1
4.0,0.0967741935483871,31,0.6923076923076923,13,0,1
4.0,0.0967741935483871,31,1.0,1,1,1
4.0,0.0967741935483871,31,1.0,2,1,1
4.0,0.625,8,0.6666666666666666,12,0,1
4.0,0.625,8,1.0,11,0,1
4.0,0.625,8,1.0,7,0,1
4.0,0.625,8,1.0,2,1,1
4.0,0.625,8,1.0,12,0,1
4.0,1.0,6,1.0,21,0,1
4.0,1.0,6,1.0,19,0,1
4.0,1.0,6,1.0,3,1,1
4.0,1.0,6,1.0,5,0,1
4.0,1.0,6,1.0,2,1,1
4.0,1.0,6,1.0,22,0,1
4.0,1.0,1,0.8627450980392157,102,0,1
4.0,1.0,1,0.9629629629629629,27,0,1
4.0,1.0,4,0.85,20,0,1
4.0,1.0,4,1.0,5,0,1
4.0,1.0,4,0.8888888888888888,9,0,1
4.0,1.0,4,1.0,7,0,1
4.0,1.0,8,1.0,20,0,1
4.0,1.0,8,1.0,33,0,1
4.0,1.0,8,1.0,18,0,1
4.0,1.0,8,1.0,29,0,1
4.0,1.0,8,1.0,56,0,1
4.0,1.0,8,1.0,37,0,1
4.0,1.0,8,0.9583333333333334,24,0,1
4.0,1.0,8,1.0,72,0,1
4.0,1.0,1,1.0,9,0,1
4.0,1.0,2,0.75,40,0,1
4.0,1.0,2,0.3333333333333333,9,0,1
4.0,0.5,2,1.0,3,1,1
4.0,1.0,1,1.0,27,0,1
4.0,0.6666666666666666,3,1.0,5,0,1
4.0,0.6666666666666666,3,1.0,20,0,1
4.0,0.9807692307692307,52,1.0,18,0,1
4.0,0.9807692307692307,52,1.0,1,1,1
4.0,0.9807692307692307,52,1.0,21,0,1
4.0,0.9807692307692307,52,1.0,8,0,1
4.0,0.9807692307692307,52,0.9459459459459459,37,0,1
4.0,0.9807692307692307,52,1.0,4,0,1
4.0,0.9807692307692307,52,1.0,20,0,1
4.0,0.9807692307692307,52,1.0,1,1,1
4.0,0.9807692307692307,52,1.0,3,1,1
4.0,0.9807692307692307,52,1.0,3,1,1
4.0,0.9807692307692307,52,1.0,23,0,1
4.0,0.9807692307692307,52,1.0,26,0,1
4.0,0.9807692307692307,52,1.0,20,0,1
4.0,0.9807692307692307,52,1.0,7,0,1
4.0,0.9807692307692307,52,1.0,16,0,1
4.0,0.9807692307692307,52,1.0,3,1,1
4.0,0.9807692307692307,52,1.0,48,0,1
4.0,0.9807692307692307,52,1.0,31,0,1
4.0,0.9807692307692307,52,1.0,10,0,1
4.0,0.9807692307692307,52,1.0,2,1,1
4.0,0.9807692307692307,52,1.0,5,0,1
4.0,0.9807692307692307,52,1.0,5,0,1
4.0,0.9807692307692307,52,1.0,31,0,1
4.0,0.9807692307692307,52,1.0,12,0,1
4.0,0.9807692307692307,52,0.631578947368421,19,0,1
4.0,0.9807692307692307,52,1.0,32,0,1
4.0,0.9807692307692307,52,1.0,63,0,1
4.0,0.9807692307692307,52,1.0,25,0,1
4.0,0.9807692307692307,52,1.0,10,0,1
4.0,0.9807692307692307,52,1.0,1,1,1
4.0,0.9807692307692307,52,1.0,22,0,1
4.0,0.9807692307692307,52,1.0,19,0,1
4.0,0.9807692307692307,52,1.0,4,0,1
4.0,0.9807692307692307,52,1.0,7,0,1
4.0,0.9807692307692307,52,1.0,8,0,1
4.0,0.9807692307692307,52,1.0,11,0,1
4.0,0.9807692307692307,52,1.0,14,0,1
4.0,0.9807692307692307,52,1.0,21,0,1
4.0,0.9807692307692307,52,1.0,44,0,1
4.0,0.9807692307692307,52,1.0,7,0,1
4.0,0.9807692307692307,52,1.0,2,1,1
4.0,0.9807692307692307,52,1.0,23,0,1
4.0,0.9807692307692307,52,1.0,28,0,1
4.0,0.9807692307692307,52,1.0,19,0,1
4.0,0.9807692307692307,52,1.0,6,0,1
4.0,0.9807692307692307,52,1.0,36,0,1
4.0,0.9807692307692307,52,1.0,15,0,1
4.0,0.9807692307692307,52,1.0,18,0,1
4.0,0.9807692307692307,52,1.0,2,1,1
4.0,0.9807692307692307,52,1.0,22,0,1
4.0,0.9807692307692307,52,1.0,45,0,1
4.0,1.0,11,1.0,21,0,1
4.0,1.0,11,1.0,48,0,1
4.0,1.0,11,1.0,4,0,1
4.0,1.0,11,1.0,18,0,1
4.0,1.0,11,1.0,4,0,1
4.0,1.0,11,1.0,31,0,1
4.0,1.0,11,1.0,6,0,1
4.0,1.0,11,1.0,9,0,1
4.0,1.0,11,1.0,19,0,1
4.0,1.0,11,1.0,4,0,1
4.0,1.0,11,1.0,63,0,1
4.0,1.0,4,0.6206896551724138,29,0,1
4.0,1.0,4,1.0,7,0,1
4.0,1.0,4,1.0,7,0,1
4.0,1.0,4,0.9629629629629629,27,0,1
4.0,1.0,2,1.0,5,0,1
4.0,1.0,2,1.0,1,1,1
4.0,1.0,18,1.0,12,0,1
4.0,1.0,18,1.0,11,0,1
4.0,1.0,18,0.23529411764705882,17,0,1
4.0,1.0,18,1.0,20,0,1
4.0,1.0,18,1.0,72,0,1
4.0,1.0,18,1.0,37,0,1
4.0,1.0,18,0.9583333333333334,24,0,1
4.0,1.0,18,0.6923076923076923,13,0,1
4.0,1.0,18,1.0,2,1,1
4.0,1.0,18,1.0,3,1,1
4.0,1.0,18,1.0,27,0,1
4.0,1.0,18,1.0,2,1,1
4.0,1.0,18,1.0,8,0,1
4.0,1.0,18,1.0,48,0,1
4.0,1.0,18,1.0,43,0,1
4.0,1.0,18,1.0,56,0,1
4.0,1.0,18,0.2631578947368421,19,0,1
4.0,1.0,18,0.75,40,0,1
4.0,0.8333333333333334,6,0.8627450980392157,102,0,1
4.0,0.8333333333333334,6,0.5,2,1,1
4.0,0.8333333333333334,6,1.0,15,0,1
4.0,0.8333333333333334,6,0.95,20,0,1
4.0,0.8333333333333334,6,1.0,1,1,1
4.0,0.18181818181818182,11,1.0,9,0,1
4.0,0.18181818181818182,11,1.0,7,0,1
4.0,1.0,1,1.0,12,0,1
4.0,1.0,4,1.0,1,1,1
4.0,1.0,4,1.0,2,1,1
4.0,1.0,4,1.0,4,0,1
4.0,1.0,4,1.0,27,0,1
4.0,1.0,2,0.9629629629629629,27,0,1
4.0,1.0,2,1.0,3,1,1
4.0,0.75,4,0.6666666666666666,6,0,1
4.0,0.75,4,1.0,4,0,1
4.0,0.75,4,1.0,5,0,1
4.0,1.0,9,1.0,29,0,1
4.0,1.0,9,1.0,48,0,1
4.0,1.0,9,1.0,33,0,1
4.0,1.0,9,1.0,37,0,1
4.0,1.0,9,0.9583333333333334,24,0,1
4.0,1.0,9,1.0,37,0,1
4.0,1.0,9,1.0,56,0,1
4.0,1.0,9,1.0,20,0,1
4.0,1.0,9,1.0,72,0,1
4.0,1.0,2,1.0,5,0,1
4.0,1.0,2,1.0,5,0,1
4.0,1.0,3,1.0,4,0,1
4.0,1.0,3,1.0,6,0,1
4.0,1.0,3,1.0,4,0,1
4.0,1.0,3,1.0,1,1,1
4.0,1.0,3,1.0,3,1,1
4.0,1.0,3,0.057971014492753624,69,0,1
4.0,1.0,2,0.75,40,0,1
4.0,1.0,2,0.6923076923076923,13,0,1
4.0,0.6666666666666666,12,1.0,48,0,1
4.0,0.6666666666666666,12,1.0,56,0,1
4.0,0.6666666666666666,12,1.0,43,0,1
4.0,0.6666666666666666,12,0.9583333333333334,24,0,1
4.0,0.6666666666666666,12,1.0,27,0,1
4.0,0.6666666666666666,12,1.0,20,0,1
4.0,0.6666666666666666,12,1.0,72,0,1
4.0,0.6666666666666666,12,1.0,37,0,1
4.0,0.16666666666666666,12,0.5,6,0,1
4.0,0.16666666666666666,12,0.3076923076923077,13,0,1
4.0,1.0,1,0.8627450980392157,102,0,1
4.0,0.22727272727272727,22,1.0,3,1,1
4.0,0.22727272727272727,22,1.0,4,0,1
4.0,0.22727272727272727,22,1.0,12,0,1
4.0,0.22727272727272727,22,1.0,6,0,1
4.0,0.22727272727272727,22,1.0,2,1,1
4.0,1.0,38,1.0,9,0,1
4.0,1.0,38,1.0,31,0,1
4.0,1.0,38,1.0,8,0,1
4.0,1.0,38,1.0,16,0,1
4.0,1.0,38,1.0,28,0,1
4.0,1.0,38,1.0,32,0,1
4.0,1.0,38,1.0,23,0,1
4.0,1.0,38,1.0,21,0,1
4.0,1.0,38,1.0,63,0,1
4.0,1.0,38,1.0,15,0,1
4.0,1.0,38,1.0,27,0,1
4.0,1.0,38,1.0,14,0,1
4.0,1.0,38,1.0,1,1,1
4.0,1.0,38,1.0,48,0,1
4.0,1.0,38,1.0,19,0,1
4.0,1.0,38,1.0,32,0,1
4.0,1.0,38,1.0,19,0,1
4.0,1.0,38,1.0,10,0,1
4.0,1.0,38,1.0,17,0,1
4.0,1.0,38,0.9459459459459459,37,0,1
4.0,1.0,38,1.0,7,0,1
4.0,1.0,38,1.0,10,0,1
4.0,1.0,38,1.0,45,0,1
4.0,1.0,38,1.0,37,0,1
4.0,1.0,38,1.0,31,0,1
4.0,1.0,38,1.0,26,0,1
4.0,1.0,38,0.8888888888888888,9,0,1
4.0,1.0,38,1.0,36,0,1
4.0,1.0,38,1.0,8,0,1
4.0,1.0,38,1.0,22,0,1
4.0,1.0,38,1.0,34,0,1
4.0,1.0,38,1.0,26,0,1
4.0,1.0,38,1.0,18,0,1
4.0,1.0,38,1.0,33,0,1
4.0,1.0,38,1.0,4,0,1
4.0,1.0,38,1.0,2,1,1
4.0,1.0,38,1.0,15,0,1
4.0,1.0,38,1.0,12,0,1
4.0,0.7857142857142857,14,1.0,44,0,1
4.0,0.7857142857142857,14,1.0,18,0,1
4.0,0.7857142857142857,14,1.0,28,0,1
4.0,0.7857142857142857,14,1.0,7,0,1
4.0,0.7857142857142857,14,1.0,13,0,1
4.0,0.7857142857142857,14,1.0,37,0,1
4.0,0.7857142857142857,14,1.0,33,0,1
4.0,0.7857142857142857,14,1.0,19,0,1
4.0,0.7857142857142857,14,1.0,20,0,1
4.0,0.7857142857142857,14,1.0,31,0,1
4.0,0.7857142857142857,14,1.0,18,0,1
4.0,0.039603960396039604,101,0.35,40,0,1
4.0,0.039603960396039604,101,1.0,4,0,1
4.0,0.039603960396039604,101,0.8,15,0,1
4.0,0.039603960396039604,101,1.0,11,0,1
4.0,1.0,1,1.0,6,0,1
4.0,0.9861111111111112,72,1.0,9,0,1
4.0,0.9861111111111112,72,1.0,34,0,1
4.0,0.9861111111111112,72,1.0,7,0,1
4.0,0.9861111111111112,72,1.0,8,0,1
4.0,0.9861111111111112,72,0.55,20,0,1
4.0,0.9861111111111112,72,0.8888888888888888,9,0,1
4.0,0.9861111111111112,72,0.6666666666666666,12,0,1
4.0,0.9861111111111112,72,0.8888888888888888,9,0,1
4.0,0.9861111111111112,72,1.0,8,0,1
4.0,0.9861111111111112,72,1.0,34,0,1
4.0,0.9861111111111112,72,0.6896551724137931,29,0,1
4.0,0.9861111111111112,72,1.0,5,0,1
4.0,0.9861111111111112,72,0.9166666666666666,12,0,1
4.0,0.9861111111111112,72,1.0,33,0,1
4.0,0.9861111111111112,72,1.0,8,0,1
4.0,0.9861111111111112,72,1.0,8,0,1
4.0,0.9861111111111112,72,1.0,11,0,1
4.0,0.9861111111111112,72,0.75,20,0,1
4.0,0.9861111111111112,72,0.84375,64,0,1
4.0,0.9861111111111112,72,0.8888888888888888,9,0,1
4.0,0.9861111111111112,72,1.0,8,0,1
4.0,0.9861111111111112,72,1.0,8,0,1
4.0,0.9861111111111112,72,1.0,14,0,1
4.0,0.9861111111111112,72,1.0,11,0,1
4.0,0.9861111111111112,72,0.9,10,0,1
4.0,0.9861111111111112,72,1.0,8,0,1
4.0,0.9861111111111112,72,1.0,9,0,1
4.0,0.9861111111111112,72,1.0,8,0,1
4.0,0.9861111111111112,72,0.967741935483871,31,0,1
4.0,0.9861111111111112,72,1.0,8,0,1
4.0,0.9861111111111112,72,1.0,25,0,1
4.0,0.9861111111111112,72,1.0,72,0,1
4.0,0.9861111111111112,72,1.0,22,0,1
4.0,0.9861111111111112,72,1.0,23,0,1
4.0,0.9861111111111112,72,0.8181818181818182,11,0,1
4.0,0.9861111111111112,72,1.0,27,0,1
4.0,0.9861111111111112,72,0.9230769230769231,13,0,1
4.0,0.9861111111111112,72,1.0,7,0,1
4.0,0.9861111111111112,72,1.0,18,0,1
4.0,0.9861111111111112,72,0.3870967741935484,31,0,1
4.0,0.9861111111111112,72,1.0,8,0,1
4.0,0.9861111111111112,72,1.0,24,0,1
4.0,0.9861111111111112,72,1.0,7,0,1
4.0,0.9861111111111112,72,1.0,8,0,1
4.0,0.9861111111111112,72,1.0,8,0,1
4.0,0.9861111111111112,72,1.0,19,0,1
4.0,0.9861111111111112,72,1.0,7,0,1
4.0,0.9861111111111112,72,1.0,28,0,1
4.0,0.9861111111111112,72,1.0,6,0,1
4.0,0.9861111111111112,72,1.0,2,1,1
4.0,0.9861111111111112,72,1.0,9,0,1
4.0,0.9861111111111112,72,1.0,17,0,1
4.0,0.9861111111111112,72,1.0,19,0,1
4.0,0.9861111111111112,72,1.0,8,0,1
4.0,0.9861111111111112,72,1.0,10,0,1
4.0,0.9861111111111112,72,1.0,6,0,1
4.0,0.9861111111111112,72,0.5217391304347826,23,0,1
4.0,0.9861111111111112,72,1.0,10,0,1
4.0,0.9861111111111112,72,1.0,6,0,1
4.0,0.9861111111111112,72,1.0,12,0,1
4.0,0.9861111111111112,72,1.0,21,0,1
4.0,0.9861111111111112,72,1.0,24,0,1
4.0,0.9861111111111112,72,0.8888888888888888,9,0,1
4.0,0.9861111111111112,72,1.0,18,0,1
4.0,0.9861111111111112,72,1.0,9,0,1
4.0,0.9861111111111112,72,1.0,8,0,1
4.0,0.9861111111111112,72,1.0,8,0,1
4.0,0.9861111111111112,72,0.5142857142857142,35,0,1
4.0,0.9861111111111112,72,1.0,27,0,1
4.0,0.9861111111111112,72,1.0,8,0,1
4.0,0.9861111111111112,72,1.0,24,0,1
4.0,1.0,1,1.0,19,0,1
4.0,1.0,1,1.0,6,0,1
4.0,1.0,8,1.0,8,0,1
4.0,1.0,8,1.0,7,0,1
4.0,1.0,8,1.0,3,1,1
4.0,1.0,8,1.0,3,1,1
4.0,1.0,8,1.0,4,0,1
4.0,1.0,8,0.9333333333333333,15,0,1
4.0,1.0,8,1.0,2,1,1
4.0,1.0,8,1.0,1,1,1
4.0,0.75,8,1.0,9,0,1
4.0,0.75,8,1.0,11,0,1
4.0,0.75,8,1.0,9,0,1
4.0,0.75,8,1.0,7,0,1
4.0,0.75,8,1.0,18,0,1
4.0,0.75,8,1.0,27,0,1
4.0,1.0,1,1.0,27,0,1
4.0,1.0,7,1.0,2,1,1
4.0,1.0,7,1.0,3,1,1
4.0,1.0,7,0.6470588235294118,17,0,1
4.0,1.0,7,1.0,2,1,1
4.0,1.0,7,1.0,2,1,1
4.0,1.0,7,1.0,1,1,1
4.0,1.0,7,1.0,2,1,1
4.0,1.0,3,1.0,13,0,1
4.0,1.0,3,0.6290322580645161,62,0,1
4.0,1.0,3,0.45454545454545453,11,0,1
4.0,1.0,9,1.0,27,0,1
4.0,1.0,9,1.0,48,0,1
4.0,1.0,9,1.0,33,0,1
4.0,1.0,9,1.0,29,0,1
4.0,1.0,9,1.0,43,0,1
4.0,1.0,9,1.0,37,0,1
4.0,1.0,9,1.0,56,0,1
4.0,1.0,9,1.0,72,0,1
4.0,1.0,9,1.0,7,0,1
4.0,1.0,11,1.0,45,0,1
4.0,1.0,11,1.0,32,0,1
4.0,1.0,11,1.0,31,0,1
4.0,1.0,11,1.0,27,0,1
4.0,1.0,11,1.0,16,0,1
4.0,1.0,11,1.0,63,0,1
4.0,1.0,11,1.0,6,0,1
4.0,1.0,11,0.8181818181818182,22,0,1
4.0,1.0,11,1.0,44,0,1
4.0,1.0,11,1.0,26,0,1
4.0,1.0,11,1.0,31,0,1
4.0,1.0,1,0.8627450980392157,102,0,1
4.0,1.0,2,0.6176470588235294,34,0,1
4.0,1.0,2,1.0,3,1,1
4.0,1.0,1,0.5217391304347826,23,0,1
4.0,0.8,5,0.5,2,1,1
4.0,0.8,5,0.5,2,1,1
4.0,0.8,5,1.0,1,1,1
4.0,0.8,5,1.0,4,0,1
4.0,1.0,2,0.90625,32,0,1
4.0,1.0,2,0.84375,64,0,1
4.0,1.0,8,1.0,23,0,1
4.0,1.0,8,1.0,27,0,1
4.0,1.0,8,1.0,43,0,1
4.0,1.0,8,1.0,37,0,1
4.0,1.0,8,1.0,48,0,1
4.0,1.0,8,0.875,8,0,1
4.0,1.0,8,1.0,72,0,1
4.0,1.0,8,1.0,33,0,1
4.0,1.0,1,1.0,2,1,1
4.0,1.0,3,1.0,10,0,1
4.0,1.0,3,1.0,56,0,1
4.0,1.0,3,1.0,13,0,1
4.0,1.0,6,1.0,26,0,1
4.0,1.0,6,1.0,22,0,1
4.0,1.0,6,1.0,25,0,1
4.0,1.0,6,1.0,20,0,1
4.0,1.0,6,1.0,10,0,1
4.0,1.0,6,1.0,44,0,1
4.0,1.0,1,1.0,9,0,1
4.0,1.0,1,1.0,1,1,1
4.0,1.0,3,1.0,72,0,1
4.0,1.0,3,1.0,6,0,1
4.0,1.0,3,1.0,6,0,1
4.0,0.875,8,0.6176470588235294,34,0,1
4.0,0.875,8,0.5,2,1,1
4.0,0.875,8,1.0,5,0,1
4.0,0.875,8,0.92,25,0,1
4.0,0.875,8,1.0,6,0,1
4.0,0.875,8,1.0,7,0,1
4.0,0.875,8,1.0,5,0,1
4.0,1.0,7,0.85,20,0,1
4.0,1.0,7,1.0,7,0,1
4.0,1.0,7,1.0,3,1,1
4.0,1.0,7,1.0,27,0,1
4.0,1.0,7,0.875,8,0,1
4.0,1.0,7,1.0,5,0,1
4.0,1.0,7,1.0,3,1,1
4.0,0.6666666666666666,9,0.8888888888888888,9,0,1
4.0,0.6666666666666666,9,1.0,3,1,1
4.0,0.6666666666666666,9,1.0,1,1,1
4.0,0.6666666666666666,9,0.75,4,0,1
4.0,0.6666666666666666,9,0.92,25,0,1
4.0,0.6666666666666666,9,1.0,1,1,1
4.0,1.0,7,0.75,40,0,1
4.0,1.0,7,1.0,12,0,1
4.0,1.0,7,0.6923076923076923,13,0,1
4.0,1.0,7,1.0,3,1,1
4.0,1.0,7,1.0,2,1,1
4.0,1.0,7,1.0,8,0,1
4.0,1.0,7,1.0,2,1,1
4.0,1.0,1,1.0,2,1,1
4.0,0.975,40,1.0,18,0,1
4.0,0.975,40,1.0,1,1,1
4.0,0.975,40,1.0,6,0,1
4.0,0.975,40,1.0,7,0,1
4.0,0.975,40,1.0,21,0,1
4.0,0.975,40,1.0,7,0,1
4.0,0.975,40,1.0,3,1,1
4.0,0.975,40,0.8,10,0,1
4.0,0.975,40,1.0,32,0,1
4.0,0.975,40,1.0,10,0,1
4.0,0.975,40,1.0,31,0,1
4.0,0.975,40,1.0,32,0,1
4.0,0.975,40,1.0,3,1,1
4.0,0.975,40,1.0,7,0,1
4.0,0.975,40,1.0,27,0,1
4.0,0.975,40,0.9459459459459459,37,0,1
4.0,0.975,40,1.0,22,0,1
4.0,0.975,40,1.0,8,0,1
4.0,0.975,40,1.0,9,0,1
4.0,0.975,40,1.0,1,1,1
4.0,0.975,40,1.0,16,0,1
4.0,0.975,40,1.0,36,0,1
4.0,0.975,40,1.0,9,0,1
4.0,0.975,40,1.0,3,1,1
4.0,0.975,40,1.0,63,0,1
4.0,0.975,40,1.0,26,0,1
4.0,0.975,40,1.0,6,0,1
4.0,0.975,40,1.0,12,0,1
4.0,0.975,40,1.0,23,0,1
4.0,0.975,40,1.0,6,0,1
4.0,0.975,40,1.0,14,0,1
4.0,0.975,40,1.0,1,1,1
4.0,0.975,40,1.0,4,0,1
4.0,0.975,40,1.0,8,0,1
4.0,0.975,40,1.0,7,0,1
4.0,0.975,40,1.0,1,1,1
4.0,0.975,40,1.0,1,1,1
4.0,0.975,40,1.0,19,0,1
4.0,0.975,40,1.0,31,0,1
4.0,0.04081632653061224,49,0.22388059701492538,67,0,1
4.0,0.04081632653061224,49,0.45454545454545453,11,0,1
4.0,1.0,1,1.0,12,0,1
4.0,0.3333333333333333,15,1.0,10,0,1
4.0,0.3333333333333333,15,1.0,12,0,1
4.0,0.3333333333333333,15,0.84375,64,0,1
4.0,0.3333333333333333,15,1.0,18,0,1
4.0,0.3333333333333333,15,0.90625,32,0,1
4.0,1.0,2,1.0,27,0,1
4.0,1.0,2,1.0,17,0,1
4.0,1.0,3,1.0,32,0,1
4.0,1.0,3,1.0,63,0,1
4.0,1.0,3,1.0,48,0,1
4.0,1.0,1,0.8,15,0,1
4.0,1.0,1,0.8888888888888888,9,0,1
4.0,1.0,1,0.918918918918919,37,0,1
4.0,1.0,2,0.95,20,0,1
4.0,1.0,2,0.8627450980392157,102,0,1
4.0,1.0,38,1.0,10,0,1
4.0,1.0,38,1.0,4,0,1
4.0,1.0,38,1.0,7,0,1
4.0,1.0,38,1.0,7,0,1
4.0,1.0,38,1.0,31,0,1
4.0,1.0,38,1.0,36,0,1
4.0,1.0,38,1.0,2,1,1
4.0,1.0,38,1.0,45,0,1
4.0,1.0,38,1.0,16,0,1
4.0,1.0,38,1.0,28,0,1
4.0,1.0,38,1.0,33,0,1
4.0,1.0,38,1.0,63,0,1
4.0,1.0,38,1.0,8,0,1
4.0,1.0,38,1.0,7,0,1
4.0,1.0,38,1.0,10,0,1
4.0,1.0,38,1.0,12,0,1
4.0,1.0,38,1.0,19,0,1
4.0,1.0,38,1.0,21,0,1
4.0,1.0,38,1.0,13,0,1
4.0,1.0,38,1.0,16,0,1
4.0,1.0,38,1.0,15,0,1
4.0,1.0,38,1.0,32,0,1
4.0,1.0,38,1.0,31,0,1
4.0,1.0,38,1.0,14,0,1
4.0,1.0,38,1.0,3,1,1
4.0,1.0,38,1.0,14,0,1
4.0,1.0,38,1.0,37,0,1
4.0,1.0,38,1.0,19,0,1
4.0,1.0,38,1.0,2,1,1
4.0,1.0,38,1.0,26,0,1
4.0,1.0,38,1.0,32,0,1
4.0,1.0,38,1.0,7,0,1
4.0,1.0,38,1.0,4,0,1
4.0,1.0,38,0.9459459459459459,37,0,1
4.0,1.0,38,1.0,7,0,1
4.0,1.0,38,1.0,12,0,1
4.0,1.0,38,1.0,8,0,1
4.0,1.0,38,1.0,26,0,1
4.0,1.0,1,1.0,20,0,1
4.0,0.3333333333333333,3,0.8787878787878788,33,0,1
4.0,1.0,4,1.0,8,0,1
4.0,1.0,4,1.0,6,0,1
4.0,1.0,4,1.0,7,0,1
4.0,1.0,4,1.0,7,0,1
4.0,0.3333333333333333,6,1.0,10,0,1
4.0,0.3333333333333333,6,1.0,13,0,1
4.0,1.0,1,1.0,2,1,1
4.0,1.0,2,0.90625,32,0,1
4.0,1.0,2,0.84375,64,0,1
4.0,1.0,9,1.0,9,0,1
4.0,1.0,9,1.0,1,1,1
4.0,1.0,9,0.9285714285714286,14,0,1
4.0,1.0,9,1.0,18,0,1
4.0,1.0,9,1.0,9,0,1
4.0,1.0,9,1.0,10,0,1
4.0,1.0,9,1.0,4,0,1
4.0,1.0,9,0.6,5,0,1
4.0,1.0,9,1.0,11,0,1
4.0,0.5714285714285714,7,0.6666666666666666,3,1,1
4.0,0.5714285714285714,7,1.0,2,1,1
4.0,0.5714285714285714,7,0.75,40,0,1
4.0,0.5714285714285714,7,1.0,8,0,1
4.0,0.6666666666666666,3,0.8787878787878788,33,0,1
4.0,0.6666666666666666,3,0.8333333333333334,18,0,1
4.0,0.5,4,1.0,4,0,1
4.0,0.5,4,1.0,1,1,1
4.0,1.0,4,1.0,8,0,1
4.0,1.0,4,0.2631578947368421,19,0,1
4.0,1.0,4,0.23529411764705882,17,0,1
4.0,1.0,4,0.6923076923076923,13,0,1
4.0,1.0,1,0.6470588235294118,17,0,1
4.0,0.6521739130434783,23,1.0,3,1,1
4.0,0.6521739130434783,23,1.0,7,0,1
4.0,0.6521739130434783,23,1.0,31,0,1
4.0,0.6521739130434783,23,1.0,32,0,1
4.0,0.6521739130434783,23,1.0,7,0,1
4.0,0.6521739130434783,23,1.0,48,0,1
4.0,0.6521739130434783,23,1.0,5,0,1
4.0,0.6521739130434783,23,1.0,9,0,1
4.0,0.6521739130434783,23,1.0,3,1,1
4.0,0.6521739130434783,23,1.0,2,1,1
4.0,0.6521739130434783,23,1.0,1,1,1
4.0,0.6521739130434783,23,1.0,31,0,1
4.0,0.6521739130434783,23,1.0,27,0,1
4.0,0.6521739130434783,23,1.0,5,0,1
4.0,0.6521739130434783,23,1.0,17,0,1
4.0,1.0,14,1.0,27,0,1
4.0,1.0,14,1.0,6,0,1
4.0,1.0,14,1.0,17,0,1
4.0,1.0,14,1.0,18,0,1
4.0,1.0,14,1.0,2,1,1
4.0,1.0,14,1.0,72,0,1
4.0,1.0,14,1.0,33,0,1
4.0,1.0,14,1.0,23,0,1
4.0,1.0,14,1.0,37,0,1
4.0,1.0,14,0.6842105263157895,19,0,1
4.0,1.0,14,1.0,5,0,1
4.0,1.0,14,1.0,48,0,1
4.0,1.0,14,1.0,43,0,1
4.0,1.0,14,1.0,14,0,1
4.0,0.013605442176870748,147,0.8,15,0,1
4.0,0.013605442176870748,147,0.6666666666666666,6,0,1
4.0,1.0,2,1.0,11,0,1
4.0,1.0,2,1.0,27,0,1
4.0,1.0,4,1.0,1,1,1
4.0,1.0,4,1.0,1,1,1
4.0,1.0,4,1.0,1,1,1
4.0,1.0,4,1.0,1,1,1
4.0,1.0,2,0.95,20,0,1
4.0,1.0,2,0.8627450980392157,102,0,1
4.0,0.6,5,1.0,4,0,1
4.0,0.6,5,1.0,7,0,1
4.0,0.6,5,1.0,7,0,1
4.0,1.0,3,1.0,27,0,1
4.0,1.0,3,0.8627450980392157,102,0,1
4.0,1.0,3,1.0,17,0,1
4.0,1.0,2,0.8627450980392157,102,0,1
4.0,1.0,2,1.0,4,0,1
4.0,1.0,7,1.0,19,0,1
4.0,1.0,7,1.0,1,1,1
4.0,1.0,7,1.0,14,0,1
4.0,1.0,7,1.0,21,0,1
4.0,1.0,7,1.0,3,1,1
4.0,1.0,7,1.0,22,0,1
4.0,1.0,7,1.0,2,1,1
4.0,0.017543859649122806,57,1.0,6,0,1
4.0,1.0,2,1.0,12,0,1
4.0,1.0,2,1.0,37,0,1
4.0,1.0,1,0.8627450980392157,102,0,1
4.0,0.044444444444444446,45,0.35,40,0,1
4.0,0.044444444444444446,45,1.0,4,0,1
4.0,0.03937007874015748,127,0.5,2,1,1
4.0,0.03937007874015748,127,0.22388059701492538,67,0,1
4.0,0.03937007874015748,127,0.9230769230769231,13,0,1
4.0,0.03937007874015748,127,0.13793103448275862,29,0,1
4.0,0.03937007874015748,127,0.25,4,0,1
4.0,1.0,8,1.0,16,0,1
4.0,1.0,8,1.0,34,0,1
4.0,1.0,8,1.0,45,0,1
4.0,1.0,8,1.0,12,0,1
4.0,1.0,8,1.0,19,0,1
4.0,1.0,8,1.0,48,0,1
4.0,1.0,8,1.0,13,0,1
4.0,1.0,8,1.0,31,0,1
4.0,1.0,1,1.0,1,1,1
4.0,0.9411764705882353,51,1.0,25,0,1
4.0,0.9411764705882353,51,1.0,5,0,1
4.0,0.9411764705882353,51,1.0,18,0,1
4.0,0.9411764705882353,51,1.0,12,0,1
4.0,0.9411764705882353,51,1.0,21,0,1
4.0,0.9411764705882353,51,1.0,4,0,1
4.0,0.9411764705882353,51,1.0,18,0,1
4.0,0.9411764705882353,51,1.0,34,0,1
4.0,0.9411764705882353,51,1.0,16,0,1
4.0,0.9411764705882353,51,1.0,48,0,1
4.0,0.9411764705882353,51,1.0,31,0,1
4.0,0.9411764705882353,51,1.0,8,0,1
4.0,0.9411764705882353,51,0.9459459459459459,37,0,1
4.0,0.9411764705882353,51,1.0,4,0,1
4.0,0.9411764705882353,51,1.0,13,0,1
4.0,0.9411764705882353,51,1.0,6,0,1
4.0,0.9411764705882353,51,1.0,19,0,1
4.0,0.9411764705882353,51,1.0,22,0,1
4.0,0.9411764705882353,51,0.8,10,0,1
4.0,0.9411764705882353,51,1.0,27,0,1
4.0,0.9411764705882353,51,1.0,7,0,1
4.0,0.9411764705882353,51,1.0,26,0,1
4.0,0.9411764705882353,51,1.0,11,0,1
4.0,0.9411764705882353,51,1.0,45,0,1
4.0,0.9411764705882353,51,1.0,37,0,1
4.0,0.9411764705882353,51,1.0,14,0,1
4.0,0.9411764705882353,51,1.0,4,0,1
4.0,0.9411764705882353,51,1.0,4,0,1
4.0,0.9411764705882353,51,1.0,3,1,1
4.0,0.9411764705882353,51,1.0,6,0,1
4.0,0.9411764705882353,51,1.0,28,0,1
4.0,0.9411764705882353,51,1.0,26,0,1
4.0,0.9411764705882353,51,1.0,19,0,1
4.0,0.9411764705882353,51,1.0,4,0,1
4.0,0.9411764705882353,51,1.0,33,0,1
4.0,0.9411764705882353,51,1.0,23,0,1
4.0,0.9411764705882353,51,1.0,36,0,1
4.0,0.9411764705882353,51,1.0,14,0,1
4.0,0.9411764705882353,51,1.0,4,0,1
4.0,0.9411764705882353,51,1.0,7,0,1
4.0,0.9411764705882353,51,1.0,63,0,1
4.0,0.9411764705882353,51,1.0,7,0,1
4.0,0.9411764705882353,51,1.0,26,0,1
4.0,0.9411764705882353,51,0.9333333333333333,15,0,1
4.0,0.9411764705882353,51,1.0,8,0,1
4.0,0.9411764705882353,51,1.0,14,0,1
4.0,0.9411764705882353,51,1.0,32,0,1
4.0,0.9411764705882353,51,1.0,3,1,1
4.0,0.5,2,1.0,11,0,1
4.0,1.0,1,0.6176470588235294,34,0,1
4.0,0.1875,48,1.0,2,1,1
4.0,0.1875,48,1.0,3,1,1
4.0,0.1875,48,1.0,14,0,1
4.0,0.1875,48,1.0,19,0,1
4.0,0.1875,48,1.0,6,0,1
4.0,0.1875,48,1.0,4,0,1
4.0,0.1875,48,0.6896551724137931,29,0,1
4.0,0.1875,48,0.13793103448275862,29,0,1
4.0,0.1875,48,0.5142857142857142,35,0,1
4.0,0.5,2,0.8627450980392157,102,0,1
4.0,1.0,1,0.6176470588235294,34,0,1
4.0,0.0875,80,1.0,4,0,1
4.0,0.0875,80,0.057971014492753624,69,0,1
4.0,0.0875,80,1.0,2,1,1
4.0,0.0875,80,1.0,6,0,1
4.0,0.0875,80,1.0,6,0,1
4.0,0.0875,80,1.0,11,0,1
4.0,0.0875,80,0.25,24,0,1
4.0,1.0,1,1.0,3,1,1
4.0,1.0,12,1.0,34,0,1
4.0,1.0,12,1.0,24,0,1
4.0,1.0,12,1.0,27,0,1
4.0,1.0,12,1.0,24,0,1
4.0,1.0,12,1.0,27,0,1
4.0,1.0,12,0.967741935483871,31,0,1
4.0,1.0,12,1.0,34,0,1
4.0,1.0,12,1.0,28,0,1
4.0,1.0,12,1.0,25,0,1
4.0,1.0,12,1.0,24,0,1
4.0,1.0,12,1.0,18,0,1
4.0,1.0,12,1.0,23,0,1
4.0,1.0,1,1.0,25,0,1
4.0,1.0,1,1.0,33,0,1
4.0,1.0,2,1.0,1,1,1
4.0,1.0,2,1.0,4,0,1
4.0,1.0,1,1.0,44,0,1
4.0,0.3333333333333333,3,1.0,2,1,1
4.0,1.0,2,0.967741935483871,31,0,1
4.0,1.0,2,0.6666666666666666,3,1,1
4.0,1.0,2,0.90625,32,0,1
4.0,1.0,2,0.84375,64,0,1
4.0,0.75,8,0.6206896551724138,29,0,1
4.0,0.75,8,1.0,11,0,1
4.0,0.75,8,1.0,10,0,1
4.0,0.75,8,1.0,14,0,1
4.0,0.75,8,1.0,5,0,1
4.0,0.75,8,1.0,11,0,1
4.0,1.0,7,1.0,56,0,1
4.0,1.0,7,1.0,48,0,1
4.0,1.0,7,0.9583333333333334,24,0,1
4.0,1.0,7,1.0,20,0,1
4.0,1.0,7,1.0,37,0,1
4.0,1.0,7,1.0,18,0,1
4.0,1.0,7,1.0,72,0,1
4.0,1.0,1,1.0,4,0,1
4.0,0.75,4,1.0,10,0,1
4.0,0.75,4,0.3076923076923077,13,0,1
4.0,0.75,4,0.5,4,0,1
4.0,0.8333333333333334,6,1.0,3,1,1
4.0,0.8333333333333334,6,1.0,45,0,1
4.0,0.8333333333333334,6,1.0,14,0,1
4.0,0.8333333333333334,6,1.0,36,0,1
4.0,0.8333333333333334,6,1.0,8,0,1
4.0,1.0,1,1.0,1,1,1
4.0,0.3870967741935484,31,0.5217391304347826,23,0,1
4.0,0.3870967741935484,31,0.7777777777777778,9,0,1
4.0,0.3870967741935484,31,1.0,4,0,1
4.0,0.3870967741935484,31,1.0,3,1,1
4.0,0.3870967741935484,31,0.9230769230769231,13,0,1
4.0,0.3870967741935484,31,0.5142857142857142,35,0,1
4.0,0.3870967741935484,31,1.0,2,1,1
4.0,0.3870967741935484,31,1.0,19,0,1
4.0,0.3870967741935484,31,0.04878048780487805,82,0,1
4.0,0.3870967741935484,31,1.0,4,0,1
4.0,0.3870967741935484,31,0.84375,64,0,1
4.0,0.3870967741935484,31,1.0,2,1,1
4.0,1.0,13,0.6206896551724138,29,0,1
4.0,1.0,13,1.0,5,0,1
4.0,1.0,13,1.0,14,0,1
4.0,1.0,13,1.0,10,0,1
4.0,1.0,13,1.0,11,0,1
4.0,1.0,13,1.0,1,1,1
4.0,1.0,13,1.0,7,0,1
4.0,1.0,13,1.0,7,0,1
4.0,1.0,13,1.0,12,0,1
4.0,1.0,13,1.0,11,0,1
4.0,1.0,13,1.0,4,0,1
4.0,1.0,13,1.0,1,1,1
4.0,1.0,13,1.0,1,1,1
4.0,1.0,1,1.0,3,1,1
4.0,1.0,13,1.0,31,0,1
4.0,1.0,13,1.0,6,0,1
4.0,1.0,13,1.0,33,0,1
4.0,1.0,13,1.0,63,0,1
4.0,1.0,13,1.0,27,0,1
4.0,1.0,13,1.0,18,0,1
4.0,1.0,13,1.0,34,0,1
4.0,1.0,13,1.0,28,0,1
4.0,1.0,13,1.0,17,0,1
4.0,1.0,13,1.0,19,0,1
4.0,1.0,13,1.0,31,0,1
4.0,1.0,13,1.0,37,0,1
4.0,1.0,13,1.0,48,0,1
4.0,1.0,3,1.0,4,0,1
4.0,1.0,3,0.2631578947368421,19,0,1
4.0,1.0,3,1.0,6,0,1
4.0,0.5,4,1.0,1,1,1
4.0,0.5,4,1.0,5,0,1
4.0,0.4090909090909091,22,1.0,3,1,1
4.0,0.4090909090909091,22,0.6896551724137931,29,0,1
4.0,0.4090909090909091,22,1.0,11,0,1
4.0,0.4090909090909091,22,1.0,1,1,1
4.0,0.4090909090909091,22,1.0,1,1,1
4.0,0.4090909090909091,22,0.5142857142857142,35,0,1
4.0,0.4090909090909091,22,0.9230769230769231,13,0,1
4.0,0.4090909090909091,22,1.0,4,0,1
4.0,0.4090909090909091,22,0.7777777777777778,9,0,1
4.0,0.7777777777777778,9,1.0,1,1,1
4.0,0.7777777777777778,9,1.0,6,0,1
4.0,0.7777777777777778,9,1.0,2,1,1
4.0,0.7777777777777778,9,1.0,13,0,1
4.0,0.7777777777777778,9,1.0,1,1,1
4.0,0.7777777777777778,9,0.8627450980392157,102,0,1
4.0,0.7777777777777778,9,1.0,1,1,1
4.0,1.0,3,0.84375,64,0,1
4.0,1.0,3,0.90625,32,0,1
4.0,1.0,3,0.6290322580645161,62,0,1
4.0,0.5714285714285714,7,1.0,27,0,1
4.0,0.5714285714285714,7,1.0,9,0,1
4.0,0.5714285714285714,7,0.8627450980392157,102,0,1
4.0,0.5714285714285714,7,1.0,13,0,1
4.0,1.0,7,1.0,28,0,1
4.0,1.0,7,1.0,33,0,1
4.0,1.0,7,1.0,37,0,1
4.0,1.0,7,1.0,19,0,1
4.0,1.0,7,1.0,31,0,1
4.0,1.0,7,1.0,18,0,1
4.0,1.0,7,1.0,7,0,1
4.0,1.0,5,0.6666666666666666,6,0,1
4.0,1.0,5,1.0,4,0,1
4.0,1.0,5,1.0,4,0,1
4.0,1.0,5,1.0,2,1,1
4.0,1.0,5,1.0,2,1,1
4.0,1.0,6,1.0,6,0,1
4.0,1.0,6,1.0,37,0,1
4.0,1.0,6,1.0,28,0,1
4.0,1.0,6,1.0,44,0,1
4.0,1.0,6,1.0,14,0,1
4.0,1.0,6,1.0,19,0,1
4.0,1.0,1,0.7619047619047619,21,0,1
4.0,1.0,3,0.75,4,0,1
4.0,1.0,3,1.0,3,1,1
4.0,1.0,3,0.8888888888888888,18,0,1
4.0,0.5555555555555556,9,1.0,3,1,1
4.0,0.5555555555555556,9,1.0,6,0,1
4.0,0.5555555555555556,9,1.0,7,0,1
4.0,0.5555555555555556,9,0.75,4,0,1
4.0,0.5555555555555556,9,1.0,7,0,1
4.0,0.25,4,1.0,1,1,1
4.0,1.0,3,1.0,2,1,1
4.0,1.0,3,0.8627450980392157,102,0,1
4.0,1.0,3,1.0,3,1,1
4.0,1.0,8,1.0,7,0,1
4.0,1.0,8,1.0,4,0,1
4.0,1.0,8,0.9285714285714286,14,0,1
4.0,1.0,8,1.0,9,0,1
4.0,1.0,8,1.0,27,0,1
4.0,1.0,8,1.0,10,0,1
4.0,1.0,8,1.0,18,0,1
4.0,1.0,8,1.0,11,0,1
4.0,0.8,10,0.90625,32,0,1
4.0,0.8,10,1.0,6,0,1
4.0,0.8,10,1.0,1,1,1
4.0,0.8,10,0.84375,64,0,1
4.0,0.8,10,1.0,12,0,1
4.0,0.8,10,1.0,5,0,1
4.0,0.8,10,1.0,18,0,1
4.0,0.8,10,0.6290322580645161,62,0,1
4.0,0.8888888888888888,18,1.0,34,0,1
4.0,0.8888888888888888,18,1.0,24,0,1
4.0,0.8888888888888888,18,1.0,27,0,1
4.0,0.8888888888888888,18,1.0,72,0,1
4.0,0.8888888888888888,18,1.0,6,0,1
4.0,0.8888888888888888,18,1.0,24,0,1
4.0,0.8888888888888888,18,1.0,34,0,1
4.0,0.8888888888888888,18,0.967741935483871,31,0,1
4.0,0.8888888888888888,18,1.0,23,0,1
4.0,0.8888888888888888,18,1.0,6,0,1
4.0,0.8888888888888888,18,1.0,25,0,1
4.0,0.8888888888888888,18,1.0,24,0,1
4.0,0.8888888888888888,18,1.0,28,0,1
4.0,0.8888888888888888,18,1.0,27,0,1
4.0,0.8888888888888888,18,1.0,15,0,1
4.0,0.8888888888888888,18,1.0,18,0,1
4.0,1.0,3,1.0,16,0,1
4.0,1.0,3,1.0,2,1,1
4.0,1.0,3,0.7142857142857143,7,0,1
4.0,1.0,2,0.8627450980392157,102,0,1
4.0,1.0,2,1.0,8,0,1
4.0,1.0,15,0.967741935483871,31,0,1
4.0,1.0,15,1.0,27,0,1
4.0,1.0,15,1.0,28,0,1
4.0,1.0,15,1.0,24,0,1
4.0,1.0,15,1.0,27,0,1
4.0,1.0,15,1.0,23,0,1
4.0,1.0,15,1.0,24,0,1
4.0,1.0,15,1.0,4,0,1
4.0,1.0,15,1.0,18,0,1
4.0,1.0,15,1.0,34,0,1
4.0,1.0,15,1.0,25,0,1
4.0,1.0,15,1.0,1,1,1
4.0,1.0,15,1.0,34,0,1
4.0,1.0,15,1.0,24,0,1
4.0,1.0,15,1.0,10,0,1
4.0,1.0,2,1.0,3,1,1
4.0,1.0,2,1.0,3,1,1
4.0,1.0,1,1.0,9,0,1
4.0,1.0,2,1.0,15,0,1
4.0,1.0,2,0.8627450980392157,102,0,1
4.0,1.0,30,1.0,12,0,1
4.0,1.0,30,1.0,7,0,1
4.0,1.0,30,1.0,7,0,1
4.0,1.0,30,1.0,7,0,1
4.0,1.0,30,1.0,25,0,1
4.0,1.0,30,1.0,18,0,1
4.0,1.0,30,1.0,8,0,1
4.0,1.0,30,1.0,7,0,1
4.0,1.0,30,1.0,8,0,1
4.0,1.0,30,1.0,6,0,1
4.0,1.0,30,1.0,10,0,1
4.0,1.0,30,1.0,26,0,1
4.0,1.0,30,1.0,31,0,1
4.0,1.0,30,1.0,21,0,1
4.0,1.0,30,1.0,7,0,1
4.0,1.0,30,1.0,10,0,1
4.0,1.0,30,1.0,9,0,1
4.0,1.0,30,1.0,26,0,1
4.0,1.0,30,1.0,8,0,1
4.0,1.0,30,0.631578947368421,19,0,1
4.0,1.0,30,1.0,4,0,1
4.0,1.0,30,1.0,20,0,1
4.0,1.0,30,1.0,10,0,1
4.0,1.0,30,1.0,19,0,1
4.0,1.0,30,1.0,63,0,1
4.0,1.0,30,1.0,7,0,1
4.0,1.0,30,0.8181818181818182,22,0,1
4.0,1.0,30,1.0,44,0,1
4.0,1.0,30,1.0,7,0,1
4.0,1.0,30,1.0,9,0,1
4.0,1.0,11,1.0,24,0,1
4.0,1.0,11,1.0,34,0,1
4.0,1.0,11,1.0,23,0,1
4.0,1.0,11,1.0,34,0,1
4.0,1.0,11,1.0,25,0,1
4.0,1.0,11,1.0,24,0,1
4.0,1.0,11,0.967741935483871,31,0,1
4.0,1.0,11,1.0,24,0,1
4.0,1.0,11,1.0,27,0,1
4.0,1.0,11,1.0,27,0,1
4.0,1.0,11,1.0,28,0,1
4.0,0.3333333333333333,3,0.8627450980392157,102,0,1
4.0,1.0,2,0.6206896551724138,29,0,1
4.0,1.0,2,1.0,2,1,1
4.0,0.5,6,1.0,34,0,1
4.0,0.5,6,1.0,48,0,1
4.0,0.5,6,1.0,32,0,1
4.0,1.0,2,1.0,2,1,1
4.0,1.0,2,1.0,2,1,1
4.0,1.0,7,1.0,2,1,1
4.0,1.0,7,1.0,3,1,1
4.0,1.0,7,0.9,10,0,1
4.0,1.0,7,0.75,4,0,1
4.0,1.0,7,1.0,15,0,1
4.0,1.0,7,1.0,3,1,1
4.0,1.0,7,1.0,11,0,1
4.0,1.0,1,1.0,18,0,1
4.0,0.6,10,1.0,18,0,1
4.0,0.6,10,0.84375,64,0,1
4.0,0.6,10,0.90625,32,0,1
4.0,0.6,10,1.0,12,0,1
4.0,0.6,10,0.9166666666666666,12,0,1
4.0,0.6,10,0.9,10,0,1
4.0,1.0,9,1.0,63,0,1
4.0,1.0,9,1.0,10,0,1
4.0,1.0,9,1.0,17,0,1
4.0,1.0,9,1.0,6,0,1
4.0,1.0,9,1.0,48,0,1
4.0,1.0,9,1.0,32,0,1
4.0,1.0,9,1.0,3,1,1
4.0,1.0,9,1.0,31,0,1
4.0,1.0,9,1.0,5,0,1
4.0,0.7777777777777778,9,1.0,2,1,1
4.0,0.7777777777777778,9,0.84375,64,0,1
4.0,0.7777777777777778,9,1.0,9,0,1
4.0,0.7777777777777778,9,0.55,20,0,1
4.0,0.7777777777777778,9,1.0,24,0,1
4.0,0.7777777777777778,9,1.0,2,1,1
4.0,0.7777777777777778,9,1.0,4,0,1
4.0,1.0,2,1.0,10,0,1
4.0,1.0,2,1.0,13,0,1
4.0,1.0,2,0.6290322580645161,62,0,1
4.0,1.0,2,0.45454545454545453,11,0,1
4.0,0.5,2,0.8627450980392157,102,0,1
4.0,1.0,1,1.0,3,1,1
4.0,1.0,2,0.6206896551724138,29,0,1
4.0,1.0,2,1.0,9,0,1
4.0,1.0,31,1.0,10,0,1
4.0,1.0,31,1.0,22,0,1
4.0,1.0,31,1.0,63,0,1
4.0,1.0,31,1.0,11,0,1
4.0,1.0,31,1.0,25,0,1
4.0,1.0,31,0.631578947368421,19,0,1
4.0,1.0,31,1.0,44,0,1
4.0,1.0,31,1.0,31,0,1
4.0,1.0,31,1.0,19,0,1
4.0,1.0,31,1.0,8,0,1
4.0,1.0,31,1.0,7,0,1
4.0,1.0,31,1.0,10,0,1
4.0,1.0,31,1.0,9,0,1
4.0,1.0,31,1.0,7,0,1
4.0,1.0,31,1.0,21,0,1
4.0,1.0,31,1.0,7,0,1
4.0,1.0,31,1.0,7,0,1
4.0,1.0,31,1.0,8,0,1
4.0,1.0,31,1.0,7,0,1
4.0,1.0,31,1.0,7,0,1
4.0,1.0,31,1.0,9,0,1
4.0,1.0,31,1.0,20,0,1
4.0,1.0,31,1.0,10,0,1
4.0,1.0,31,1.0,26,0,1
4.0,1.0,31,1.0,33,0,1
4.0,1.0,31,0.8181818181818182,22,0,1
4.0,1.0,31,1.0,48,0,1
4.0,1.0,31,1.0,26,0,1
4.0,1.0,31,1.0,3,1,1
4.0,1.0,31,1.0,7,0,1
4.0,1.0,31,1.0,8,0,1
4.0,0.38461538461538464,26,1.0,4,0,1
4.0,0.38461538461538464,26,1.0,4,0,1
4.0,0.38461538461538464,26,1.0,3,1,1
4.0,0.38461538461538464,26,1.0,3,1,1
4.0,0.38461538461538464,26,1.0,4,0,1
4.0,0.38461538461538464,26,1.0,1,1,1
4.0,0.38461538461538464,26,1.0,3,1,1
4.0,0.38461538461538464,26,1.0,1,1,1
4.0,0.38461538461538464,26,1.0,1,1,1
4.0,0.38461538461538464,26,1.0,3,1,1
4.0,0.9753086419753086,81,1.0,25,0,1
4.0,0.9753086419753086,81,0.9,10,0,1
4.0,0.9753086419753086,81,0.5142857142857142,35,0,1
4.0,0.9753086419753086,81,0.6666666666666666,12,0,1
4.0,0.9753086419753086,81,0.6666666666666666,3,1,1
4.0,0.9753086419753086,81,1.0,24,0,1
4.0,0.9753086419753086,81,1.0,12,0,1
4.0,0.9753086419753086,81,1.0,5,0,1
4.0,0.9753086419753086,81,1.0,3,1,1
4.0,0.9753086419753086,81,1.0,8,0,1
4.0,0.9753086419753086,81,1.0,3,1,1
4.0,0.9753086419753086,81,0.8888888888888888,9,0,1
4.0,0.9753086419753086,81,1.0,8,0,1
4.0,0.9753086419753086,81,1.0,27,0,1
4.0,0.9753086419753086,81,1.0,8,0,1
4.0,0.9753086419753086,81,1.0,27,0,1
4.0,0.9753086419753086,81,1.0,12,0,1
4.0,0.9753086419753086,81,1.0,7,0,1
4.0,0.9753086419753086,81,1.0,6,0,1
4.0,0.9753086419753086,81,1.0,23,0,1
4.0,0.9753086419753086,81,1.0,8,0,1
4.0,0.9753086419753086,81,1.0,8,0,1
4.0,0.9753086419753086,81,0.9166666666666666,12,0,1
4.0,0.9753086419753086,81,1.0,8,0,1
4.0,0.9753086419753086,81,1.0,34,0,1
4.0,0.9753086419753086,81,0.75,20,0,1
4.0,0.9753086419753086,81,1.0,33,0,1
4.0,0.9753086419753086,81,1.0,19,0,1
4.0,0.9753086419753086,81,1.0,9,0,1
4.0,0.9753086419753086,81,1.0,7,0,1
4.0,0.9753086419753086,81,1.0,8,0,1
4.0,0.9753086419753086,81,0.8181818181818182,11,0,1
4.0,0.9753086419753086,81,1.0,6,0,1
4.0,0.9753086419753086,81,0.8888888888888888,9,0,1
4.0,0.9753086419753086,81,1.0,28,0,1
4.0,0.9753086419753086,81,0.3870967741935484,31,0,1
4.0,0.9753086419753086,81,0.5,2,1,1
4.0,0.9753086419753086,81,1.0,17,0,1
4.0,0.9753086419753086,81,1.0,9,0,1
4.0,0.9753086419753086,81,1.0,7,0,1
4.0,0.9753086419753086,81,1.0,8,0,1
4.0,0.9753086419753086,81,1.0,7,0,1
4.0,0.9753086419753086,81,0.8888888888888888,9,0,1
4.0,0.9753086419753086,81,0.5,2,1,1
4.0,0.9753086419753086,81,1.0,2,1,1
4.0,0.9753086419753086,81,1.0,8,0,1
4.0,0.9753086419753086,81,0.9230769230769231,13,0,1
4.0,0.9753086419753086,81,1.0,9,0,1
4.0,0.9753086419753086,81,1.0,8,0,1
4.0,0.9753086419753086,81,1.0,18,0,1
4.0,0.9753086419753086,81,0.55,20,0,1
4.0,0.9753086419753086,81,1.0,72,0,1
4.0,0.9753086419753086,81,1.0,8,0,1
4.0,0.9753086419753086,81,1.0,8,0,1
4.0,0.9753086419753086,81,1.0,24,0,1
4.0,0.9753086419753086,81,1.0,34,0,1
4.0,0.9753086419753086,81,1.0,8,0,1
4.0,0.9753086419753086,81,0.967741935483871,31,0,1
4.0,0.9753086419753086,81,1.0,9,0,1
4.0,0.9753086419753086,81,0.84375,64,0,1
4.0,0.9753086419753086,81,1.0,11,0,1
4.0,0.9753086419753086,81,0.6896551724137931,29,0,1
4.0,0.9753086419753086,81,1.0,10,0,1
4.0,0.9753086419753086,81,0.5217391304347826,23,0,1
4.0,0.9753086419753086,81,1.0,11,0,1
4.0,0.9753086419753086,81,1.0,24,0,1
4.0,0.9753086419753086,81,1.0,8,0,1
4.0,0.9753086419753086,81,1.0,18,0,1
4.0,0.9753086419753086,81,0.8888888888888888,9,0,1
4.0,0.9753086419753086,81,1.0,1,1,1
4.0,0.9753086419753086,81,1.0,29,0,1
4.0,0.9753086419753086,81,1.0,6,0,1
4.0,0.9753086419753086,81,1.0,8,0,1
4.0,0.9753086419753086,81,1.0,10,0,1
4.0,0.9753086419753086,81,1.0,9,0,1
4.0,0.9753086419753086,81,1.0,5,0,1
4.0,0.9753086419753086,81,1.0,8,0,1
4.0,0.9753086419753086,81,1.0,14,0,1
4.0,0.9753086419753086,81,1.0,1,1,1
4.0,0.3333333333333333,3,0.8627450980392157,102,0,1
4.0,1.0,2,0.75,40,0,1
4.0,1.0,2,1.0,8,0,1
4.0,0.7142857142857143,14,1.0,1,1,1
4.0,0.7142857142857143,14,0.2,5,0,1
4.0,0.7142857142857143,14,1.0,3,1,1
4.0,0.7142857142857143,14,1.0,3,1,1
4.0,0.7142857142857143,14,1.0,4,0,1
4.0,0.7142857142857143,14,1.0,4,0,1
4.0,0.7142857142857143,14,1.0,4,0,1
4.0,0.7142857142857143,14,1.0,8,0,1
4.0,0.7142857142857143,14,1.0,15,0,1
4.0,0.7142857142857143,14,1.0,1,1,1
4.0,0.5,2,0.8787878787878788,33,0,1
4.0,1.0,5,1.0,13,0,1
4.0,1.0,5,1.0,12,0,1
4.0,1.0,5,0.875,8,0,1
4.0,1.0,5,1.0,13,0,1
4.0,1.0,5,1.0,12,0,1
4.0,0.5454545454545454,11,1.0,17,0,1
4.0,0.5454545454545454,11,0.9166666666666666,12,0,1
4.0,0.5454545454545454,11,1.0,11,0,1
4.0,0.5454545454545454,11,1.0,10,0,1
4.0,0.5454545454545454,11,1.0,10,0,1
4.0,0.5454545454545454,11,0.6470588235294118,17,0,1
4.0,1.0,2,0.85,20,0,1
4.0,1.0,2,1.0,3,1,1
4.0,1.0,1,0.8627450980392157,102,0,1
4.0,0.2857142857142857,7,1.0,12,0,1
4.0,0.2857142857142857,7,1.0,7,0,1
4.0,0.05555555555555555,18,1.0,19,0,1
4.0,1.0,1,1.0,4,0,1
4.0,1.0,11,1.0,10,0,1
4.0,1.0,11,1.0,13,0,1
4.0,1.0,11,1.0,12,0,1
4.0,1.0,11,1.0,25,0,1
4.0,1.0,11,1.0,4,0,1
4.0,1.0,11,1.0,18,0,1
4.0,1.0,11,1.0,3,1,1
4.0,1.0,11,1.0,10,0,1
4.0,1.0,11,1.0,3,1,1
4.0,1.0,11,1.0,34,0,1
4.0,1.0,11,1.0,10,0,1
4.0,0.75,64,1.0,8,0,1
4.0,0.75,64,1.0,19,0,1
4.0,0.75,64,0.75,20,0,1
4.0,0.75,64,0.5142857142857142,35,0,1
4.0,0.75,64,0.9230769230769231,13,0,1
4.0,0.75,64,1.0,27,0,1
4.0,0.75,64,1.0,8,0,1
4.0,0.75,64,0.8181818181818182,11,0,1
4.0,0.75,64,1.0,8,0,1
4.0,0.75,64,1.0,8,0,1
4.0,0.75,64,1.0,72,0,1
4.0,0.75,64,1.0,8,0,1
4.0,0.75,64,1.0,14,0,1
4.0,0.75,64,1.0,33,0,1
4.0,0.75,64,0.8888888888888888,9,0,1
4.0,0.75,64,1.0,8,0,1
4.0,0.75,64,1.0,11,0,1
4.0,0.75,64,1.0,8,0,1
4.0,0.75,64,0.6896551724137931,29,0,1
4.0,0.75,64,0.55,20,0,1
4.0,0.75,64,1.0,8,0,1
4.0,0.75,64,1.0,9,0,1
4.0,0.75,64,1.0,9,0,1
4.0,0.75,64,1.0,11,0,1
4.0,0.75,64,1.0,8,0,1
4.0,0.75,64,1.0,8,0,1
4.0,0.75,64,1.0,11,0,1
4.0,0.75,64,1.0,8,0,1
4.0,0.75,64,0.967741935483871,31,0,1
4.0,0.75,64,1.0,10,0,1
4.0,0.75,64,1.0,8,0,1
4.0,0.75,64,0.5217391304347826,23,0,1
4.0,0.75,64,0.3870967741935484,31,0,1
4.0,0.75,64,1.0,10,0,1
4.0,0.75,64,1.0,8,0,1
4.0,0.75,64,1.0,9,0,1
4.0,0.75,64,1.0,5,0,1
4.0,0.75,64,1.0,6,0,1
4.0,0.75,64,1.0,17,0,1
4.0,0.75,64,1.0,8,0,1
4.0,0.75,64,1.0,8,0,1
4.0,0.75,64,0.8888888888888888,9,0,1
4.0,0.75,64,0.84375,64,0,1
4.0,0.75,64,1.0,18,0,1
4.0,0.75,64,1.0,12,0,1
4.0,0.75,64,1.0,7,0,1
4.0,0.75,64,1.0,7,0,1
4.0,0.75,64,0.6666666666666666,12,0,1
4.0,1.0,1,0.6470588235294118,17,0,1
4.0,1.0,4,1.0,27,0,1
4.0,1.0,4,1.0,56,0,1
4.0,1.0,4,1.0,7,0,1
4.0,1.0,4,1.0,72,0,1
4.0,1.0,1,1.0,9,0,1
4.0,1.0,2,1.0,6,0,1
4.0,1.0,2,1.0,6,0,1
4.0,0.3333333333333333,27,1.0,3,1,1
4.0,0.3333333333333333,27,1.0,4,0,1
4.0,0.3333333333333333,27,1.0,8,0,1
4.0,0.3333333333333333,27,1.0,6,0,1
4.0,0.3333333333333333,27,1.0,11,0,1
4.0,0.3333333333333333,27,1.0,17,0,1
4.0,0.3333333333333333,27,1.0,7,0,1
4.0,0.3333333333333333,27,0.9166666666666666,12,0,1
4.0,0.3333333333333333,27,1.0,10,0,1
4.0,0.10526315789473684,19,1.0,1,1,1
4.0,0.10526315789473684,19,0.35,40,0,1
4.0,1.0,3,1.0,3,1,1
4.0,1.0,3,1.0,3,1,1
4.0,1.0,3,1.0,2,1,1
4.0,1.0,1,1.0,2,1,1
4.0,1.0,3,1.0,12,0,1
4.0,1.0,3,1.0,37,0,1
4.0,1.0,3,1.0,6,0,1
4.0,1.0,5,1.0,9,0,1
4.0,1.0,5,1.0,2,1,1
4.0,1.0,5,1.0,1,1,1
4.0,1.0,5,1.0,5,0,1
4.0,1.0,5,1.0,9,0,1
4.0,1.0,1,0.6290322580645161,62,0,1
4.0,1.0,1,1.0,1,1,1
4.0,1.0,1,0.8787878787878788,33,0,1
4.0,0.14285714285714285,35,1.0,2,1,1
4.0,0.14285714285714285,35,1.0,2,1,1
4.0,0.14285714285714285,35,1.0,2,1,1
4.0,0.14285714285714285,35,1.0,3,1,1
4.0,0.14285714285714285,35,1.0,2,1,1
4.0,1.0,6,1.0,15,0,1
4.0,1.0,6,1.0,33,0,1
4.0,1.0,6,1.0,6,0,1
4.0,1.0,6,1.0,3,1,1
4.0,1.0,6,1.0,4,0,1
4.0,1.0,6,1.0,3,1,1
4.0,1.0,2,0.45454545454545453,11,0,1
4.0,1.0,2,0.6290322580645161,62,0,1
4.0,0.6,10,1.0,1,1,1
4.0,0.6,10,1.0,4,0,1
4.0,0.6,10,1.0,1,1,1
4.0,0.6,10,1.0,1,1,1
4.0,0.6,10,1.0,10,0,1
4.0,0.6,10,0.8888888888888888,18,0,1
4.0,0.6666666666666666,3,1.0,17,0,1
4.0,0.6666666666666666,3,1.0,27,0,1
4.0,1.0,3,1.0,25,0,1
4.0,1.0,3,1.0,10,0,1
4.0,1.0,3,1.0,11,0,1
4.0,1.0,1,0.92,25,0,1
4.0,1.0,1,0.8627450980392157,102,0,1
4.0,1.0,1,0.42857142857142855,7,0,1
4.0,1.0,1,1.0,12,0,1
4.0,0.7142857142857143,7,1.0,6,0,1
4.0,0.7142857142857143,7,0.8627450980392157,102,0,1
4.0,0.7142857142857143,7,1.0,5,0,1
4.0,0.7142857142857143,7,1.0,6,0,1
4.0,0.7142857142857143,7,1.0,13,0,1
4.0,1.0,3,0.23529411764705882,17,0,1
4.0,1.0,3,0.2631578947368421,19,0,1
4.0,1.0,3,0.6923076923076923,13,0,1
4.0,1.0,12,1.0,34,0,1
4.0,1.0,12,1.0,34,0,1
4.0,1.0,12,1.0,24,0,1
4.0,1.0,12,1.0,24,0,1
4.0,1.0,12,1.0,27,0,1
4.0,1.0,12,0.967741935483871,31,0,1
4.0,1.0,12,1.0,24,0,1
4.0,1.0,12,1.0,25,0,1
4.0,1.0,12,1.0,27,0,1
4.0,1.0,12,1.0,23,0,1
4.0,1.0,12,1.0,28,0,1
4.0,1.0,12,1.0,18,0,1
4.0,1.0,1,1.0,5,0,1
4.0,1.0,2,1.0,3,1,1
4.0,1.0,2,0.9,10,0,1
4.0,1.0,1,0.90625,32,0,1
4.0,0.9166666666666666,12,1.0,1,1,1
4.0,0.9166666666666666,12,1.0,6,0,1
4.0,0.9166666666666666,12,1.0,6,0,1
4.0,0.9166666666666666,12,1.0,8,0,1
4.0,0.9166666666666666,12,1.0,27,0,1
4.0,0.9166666666666666,12,0.5,2,1,1
4.0,0.9166666666666666,12,1.0,26,0,1
4.0,0.9166666666666666,12,1.0,1,1,1
4.0,0.9166666666666666,12,1.0,5,0,1
4.0,0.9166666666666666,12,1.0,33,0,1
4.0,0.9166666666666666,12,1.0,15,0,1
4.0,1.0,2,1.0,16,0,1
4.0,1.0,2,1.0,5,0,1
4.0,1.0,1,1.0,27,0,1
4.0,0.9333333333333333,15,1.0,18,0,1
4.0,0.9333333333333333,15,1.0,20,0,1
4.0,0.9333333333333333,15,1.0,6,0,1
4.0,0.9333333333333333,15,1.0,25,0,1
4.0,0.9333333333333333,15,1.0,19,0,1
4.0,0.9333333333333333,15,1.0,21,0,1
4.0,0.9333333333333333,15,1.0,28,0,1
4.0,0.9333333333333333,15,1.0,26,0,1
4.0,0.9333333333333333,15,1.0,37,0,1
4.0,0.9333333333333333,15,1.0,31,0,1
4.0,0.9333333333333333,15,1.0,26,0,1
4.0,0.9333333333333333,15,1.0,44,0,1
4.0,0.9333333333333333,15,1.0,8,0,1
4.0,0.9333333333333333,15,1.0,22,0,1
4.0,1.0,1,0.918918918918919,37,0,1
4.0,0.3333333333333333,3,1.0,10,0,1
4.0,0.5,2,1.0,3,1,1
4.0,0.2222222222222222,9,0.7777777777777778,9,0,1
4.0,0.2222222222222222,9,1.0,1,1,1
4.0,0.5,6,1.0,3,1,1
4.0,0.5,6,1.0,6,0,1
4.0,0.5,6,0.8627450980392157,102,0,1
4.0,1.0,1,1.0,2,1,1
4.0,1.0,1,1.0,8,0,1
4.0,0.9666666666666667,60,0.5714285714285714,7,0,1
4.0,0.9666666666666667,60,1.0,7,0,1
4.0,0.9666666666666667,60,1.0,9,0,1
4.0,0.9666666666666667,60,1.0,8,0,1
4.0,0.9666666666666667,60,1.0,1,1,1
4.0,0.9666666666666667,60,0.75,4,0,1
4.0,0.9666666666666667,60,1.0,3,1,1
4.0,0.9666666666666667,60,1.0,31,0,1
4.0,0.9666666666666667,60,1.0,1,1,1
4.0,0.9666666666666667,60,1.0,1,1,1
4.0,0.9666666666666667,60,1.0,26,0,1
4.0,0.9666666666666667,60,1.0,20,0,1
4.0,0.9666666666666667,60,1.0,3,1,1
4.0,0.9666666666666667,60,1.0,2,1,1
4.0,0.9666666666666667,60,1.0,7,0,1
4.0,0.9666666666666667,60,1.0,8,0,1
4.0,0.9666666666666667,60,1.0,10,0,1
4.0,0.9666666666666667,60,1.0,26,0,1
4.0,0.9666666666666667,60,1.0,7,0,1
4.0,0.9666666666666667,60,1.0,7,0,1
4.0,0.9666666666666667,60,1.0,1,1,1
4.0,0.9666666666666667,60,1.0,63,0,1
4.0,0.9666666666666667,60,0.631578947368421,19,0,1
4.0,0.9666666666666667,60,1.0,2,1,1
4.0,0.9666666666666667,60,1.0,36,0,1
4.0,0.9666666666666667,60,1.0,7,0,1
4.0,0.9666666666666667,60,1.0,22,0,1
4.0,0.9666666666666667,60,1.0,6,0,1
4.0,0.9666666666666667,60,1.0,10,0,1
4.0,0.9666666666666667,60,1.0,3,1,1
4.0,0.9666666666666667,60,1.0,1,1,1
4.0,0.9666666666666667,60,1.0,9,0,1
4.0,0.9666666666666667,60,1.0,1,1,1
4.0,0.9666666666666667,60,1.0,3,1,1
4.0,0.9666666666666667,60,1.0,7,0,1
4.0,0.9666666666666667,60,1.0,6,0,1
4.0,0.9666666666666667,60,1.0,1,1,1
4.0,0.9666666666666667,60,1.0,1,1,1
4.0,0.9666666666666667,60,0.4,5,0,1
4.0,0.9666666666666667,60,1.0,1,1,1
4.0,0.9666666666666667,60,1.0,25,0,1
4.0,0.9666666666666667,60,1.0,1,1,1
4.0,0.9666666666666667,60,1.0,44,0,1
4.0,0.9666666666666667,60,1.0,21,0,1
4.0,0.9666666666666667,60,1.0,15,0,1
4.0,0.9666666666666667,60,0.8181818181818182,22,0,1
4.0,0.9666666666666667,60,1.0,25,0,1
4.0,0.9666666666666667,60,1.0,7,0,1
4.0,0.9666666666666667,60,1.0,7,0,1
4.0,0.9666666666666667,60,1.0,8,0,1
4.0,0.9666666666666667,60,1.0,2,1,1
4.0,0.9666666666666667,60,1.0,4,0,1
4.0,0.9666666666666667,60,1.0,1,1,1
4.0,0.9666666666666667,60,1.0,7,0,1
4.0,0.9666666666666667,60,1.0,5,0,1
4.0,0.9666666666666667,60,1.0,10,0,1
4.0,0.9666666666666667,60,1.0,9,0,1
4.0,0.9666666666666667,60,1.0,7,0,1
4.0,0.5714285714285714,7,1.0,3,1,1
4.0,0.5714285714285714,7,1.0,3,1,1
4.0,0.5714285714285714,7,1.0,3,1,1
4.0,0.5714285714285714,7,1.0,5,0,1
4.0,0.4,5,1.0,1,1,1
4.0,0.4,5,0.85,20,0,1
4.0,0.9705882352941176,34,1.0,18,0,1
4.0,0.9705882352941176,34,1.0,32,0,1
4.0,0.9705882352941176,34,1.0,16,0,1
4.0,0.9705882352941176,34,1.0,31,0,1
4.0,0.9705882352941176,34,1.0,4,0,1
4.0,0.9705882352941176,34,1.0,12,0,1
4.0,0.9705882352941176,34,1.0,4,0,1
4.0,0.9705882352941176,34,1.0,4,0,1
4.0,0.9705882352941176,34,1.0,18,0,1
4.0,0.9705882352941176,34,1.0,9,0,1
4.0,0.9705882352941176,34,1.0,21,0,1
4.0,0.9705882352941176,34,1.0,7,0,1
4.0,0.9705882352941176,34,1.0,17,0,1
4.0,0.9705882352941176,34,1.0,4,0,1
4.0,0.9705882352941176,34,1.0,7,0,1
4.0,0.9705882352941176,34,1.0,10,0,1
4.0,0.9705882352941176,34,1.0,56,0,1
4.0,0.9705882352941176,34,1.0,22,0,1
4.0,0.9705882352941176,34,1.0,48,0,1
4.0,0.9705882352941176,34,1.0,10,0,1
4.0,0.9705882352941176,34,1.0,13,0,1
4.0,0.9705882352941176,34,1.0,31,0,1
4.0,0.9705882352941176,34,1.0,7,0,1
4.0,0.9705882352941176,34,1.0,10,0,1
4.0,0.9705882352941176,34,1.0,4,0,1
4.0,0.9705882352941176,34,1.0,26,0,1
4.0,0.9705882352941176,34,1.0,19,0,1
4.0,0.9705882352941176,34,1.0,23,0,1
4.0,0.9705882352941176,34,1.0,2,1,1
4.0,0.9705882352941176,34,1.0,13,0,1
4.0,0.9705882352941176,34,1.0,32,0,1
4.0,0.9705882352941176,34,0.8,10,0,1
4.0,0.9705882352941176,34,1.0,12,0,1
4.0,1.0,27,1.0,16,0,1
4.0,1.0,27,1.0,5,0,1
4.0,1.0,27,1.0,44,0,1
4.0,1.0,27,1.0,36,0,1
4.0,1.0,27,1.0,45,0,1
4.0,1.0,27,1.0,16,0,1
4.0,1.0,27,1.0,12,0,1
4.0,1.0,27,1.0,15,0,1
4.0,1.0,27,1.0,26,0,1
4.0,1.0,27,1.0,20,0,1
4.0,1.0,27,1.0,25,0,1
4.0,1.0,27,1.0,4,0,1
4.0,1.0,27,1.0,32,0,1
4.0,1.0,27,1.0,19,0,1
4.0,1.0,27,1.0,32,0,1
4.0,1.0,27,1.0,8,0,1
4.0,1.0,27,1.0,63,0,1
4.0,1.0,27,1.0,16,0,1
4.0,1.0,27,1.0,11,0,1
4.0,1.0,27,1.0,26,0,1
4.0,1.0,27,1.0,12,0,1
4.0,1.0,27,1.0,6,0,1
4.0,1.0,27,1.0,4,0,1
4.0,1.0,27,1.0,2,1,1
4.0,1.0,27,1.0,3,1,1
4.0,1.0,27,1.0,3,1,1
4.0,1.0,27,1.0,2,1,1
4.0,1.0,2,1.0,1,1,1
4.0,1.0,2,0.3333333333333333,6,0,1
4.0,1.0,2,1.0,9,0,1
4.0,1.0,2,1.0,9,0,1
4.0,1.0,1,0.9629629629629629,27,0,1
4.0,1.0,1,0.8627450980392157,102,0,1
4.0,1.0,5,0.6666666666666666,6,0,1
4.0,1.0,5,1.0,3,1,1
4.0,1.0,5,1.0,3,1,1
4.0,1.0,5,1.0,3,1,1
4.0,1.0,5,1.0,1,1,1
4.0,0.8571428571428571,7,1.0,19,0,1
4.0,0.8571428571428571,7,1.0,7,0,1
4.0,0.8571428571428571,7,1.0,1,1,1
4.0,0.8571428571428571,7,0.375,24,0,1
4.0,0.8571428571428571,7,1.0,1,1,1
4.0,0.8571428571428571,7,1.0,4,0,1
4.0,0.8,5,1.0,8,0,1
4.0,0.8,5,1.0,15,0,1
4.0,0.8,5,1.0,1,1,1
4.0,0.8,5,0.8627450980392157,102,0,1
4.0,1.0,3,1.0,16,0,1
4.0,1.0,3,1.0,4,0,1
4.0,1.0,3,1.0,5,0,1
4.0,1.0,2,1.0,3,1,1
4.0,1.0,2,1.0,12,0,1
4.0,1.0,3,1.0,37,0,1
4.0,1.0,3,1.0,33,0,1
4.0,1.0,3,1.0,14,0,1
4.0,0.5,2,0.8627450980392157,102,0,1
4.0,1.0,1,0.8787878787878788,33,0,1
4.0,1.0,3,1.0,3,1,1
4.0,1.0,3,1.0,3,1,1
4.0,1.0,3,1.0,27,0,1
4.0,0.5555555555555556,9,1.0,4,0,1
4.0,0.5555555555555556,9,0.5833333333333334,12,0,1
4.0,0.5555555555555556,9,0.42857142857142855,7,0,1
4.0,0.5555555555555556,9,1.0,13,0,1
4.0,0.5555555555555556,9,0.7619047619047619,21,0,1
4.0,1.0,1,0.8787878787878788,33,0,1
4.0,0.3333333333333333,3,1.0,8,0,1
4.0,1.0,2,0.35,40,0,1
4.0,1.0,2,1.0,1,1,1
4.0,1.0,1,1.0,1,1,1
4.0,0.5,4,0.8787878787878788,33,0,1
4.0,0.5,4,1.0,6,0,1
4.0,1.0,2,1.0,12,0,1
4.0,1.0,2,0.6666666666666666,3,1,1
4.0,1.0,5,1.0,3,1,1
4.0,1.0,5,1.0,1,1,1
4.0,1.0,5,1.0,1,1,1
4.0,1.0,5,1.0,2,1,1
4.0,1.0,5,1.0,1,1,1
4.0,1.0,2,0.90625,32,0,1
4.0,1.0,2,0.84375,64,0,1
4.0,1.0,13,1.0,32,0,1
4.0,1.0,13,1.0,3,1,1
4.0,1.0,13,1.0,31,0,1
4.0,1.0,13,1.0,10,0,1
4.0,1.0,13,1.0,26,0,1
4.0,1.0,13,1.0,17,0,1
4.0,1.0,13,1.0,63,0,1
4.0,1.0,13,1.0,48,0,1
4.0,1.0,13,1.0,5,0,1
4.0,1.0,13,0.631578947368421,19,0,1
4.0,1.0,13,1.0,6,0,1
4.0,1.0,13,1.0,21,0,1
4.0,1.0,13,1.0,9,0,1
4.0,1.0,1,1.0,20,0,1
4.0,0.8181818181818182,11,0.92,25,0,1
4.0,0.8181818181818182,11,1.0,5,0,1
4.0,0.8181818181818182,11,1.0,7,0,1
4.0,0.8181818181818182,11,1.0,4,0,1
4.0,0.8181818181818182,11,1.0,2,1,1
4.0,0.8181818181818182,11,1.0,6,0,1
4.0,0.8181818181818182,11,0.8888888888888888,9,0,1
4.0,0.8181818181818182,11,0.6176470588235294,34,0,1
4.0,0.8181818181818182,11,1.0,15,0,1
4.0,1.0,3,1.0,56,0,1
4.0,1.0,3,1.0,33,0,1
4.0,1.0,3,1.0,5,0,1
4.0,1.0,9,1.0,11,0,1
4.0,1.0,9,1.0,3,1,1
4.0,1.0,9,1.0,6,0,1
4.0,1.0,9,1.0,5,0,1
4.0,1.0,9,1.0,15,0,1
4.0,1.0,9,1.0,6,0,1
4.0,1.0,9,1.0,3,1,1
4.0,1.0,9,1.0,25,0,1
4.0,1.0,9,0.9,10,0,1
4.0,1.0,1,1.0,6,0,1
4.0,1.0,11,1.0,37,0,1
4.0,1.0,11,1.0,43,0,1
4.0,1.0,11,1.0,27,0,1
4.0,1.0,11,1.0,37,0,1
4.0,1.0,11,0.9583333333333334,24,0,1
4.0,1.0,11,1.0,33,0,1
4.0,1.0,11,1.0,72,0,1
4.0,1.0,11,1.0,56,0,1
4.0,1.0,11,1.0,48,0,1
4.0,1.0,11,1.0,29,0,1
4.0,1.0,11,1.0,20,0,1
4.0,0.75,4,0.7,10,0,1
4.0,0.75,4,0.95,20,0,1
4.0,0.75,4,0.8627450980392157,102,0,1
4.0,1.0,1,1.0,6,0,1
4.0,0.6666666666666666,6,1.0,3,1,1
4.0,0.6666666666666666,6,1.0,2,1,1
4.0,0.6666666666666666,6,1.0,6,0,1
4.0,0.6666666666666666,6,1.0,1,1,1
4.0,1.0,3,1.0,23,0,1
4.0,1.0,3,0.875,8,0,1
4.0,1.0,3,1.0,27,0,1
4.0,1.0,1,0.6176470588235294,34,0,1
4.0,1.0,1,1.0,2,1,1
4.0,1.0,8,1.0,1,1,1
4.0,1.0,8,1.0,1,1,1
4.0,1.0,8,1.0,1,1,1
4.0,1.0,8,1.0,3,1,1
4.0,1.0,8,1.0,8,0,1
4.0,1.0,8,1.0,3,1,1
4.0,1.0,8,1.0,2,1,1
4.0,1.0,8,1.0,2,1,1
4.0,1.0,1,0.918918918918919,37,0,1
4.0,1.0,1,1.0,1,1,1
4.0,0.7142857142857143,7,0.75,40,0,1
4.0,0.7142857142857143,7,1.0,11,0,1
4.0,0.7142857142857143,7,1.0,2,1,1
4.0,0.7142857142857143,7,1.0,7,0,1
4.0,0.7142857142857143,7,1.0,12,0,1
4.0,1.0,3,1.0,22,0,1
4.0,1.0,3,1.0,21,0,1
4.0,1.0,3,1.0,19,0,1
4.0,0.625,8,1.0,7,0,1
4.0,0.625,8,1.0,9,0,1
4.0,0.625,8,1.0,4,0,1
4.0,0.625,8,1.0,18,0,1
4.0,0.625,8,1.0,27,0,1
4.0,1.0,2,1.0,4,0,1
4.0,1.0,2,1.0,6,0,1
4.0,0.5,2,1.0,3,1,1
4.0,0.5,2,0.5,2,1,1
4.0,0.968421052631579,95,1.0,13,0,1
4.0,0.968421052631579,95,1.0,12,0,1
4.0,0.968421052631579,95,0.8888888888888888,9,0,1
4.0,0.968421052631579,95,1.0,8,0,1
4.0,0.968421052631579,95,1.0,8,0,1
4.0,0.968421052631579,95,1.0,8,0,1
4.0,0.968421052631579,95,1.0,5,0,1
4.0,0.968421052631579,95,1.0,13,0,1
4.0,0.968421052631579,95,0.75,20,0,1
4.0,0.968421052631579,95,0.8333333333333334,6,0,1
4.0,0.968421052631579,95,1.0,23,0,1
4.0,0.968421052631579,95,0.55,20,0,1
4.0,0.968421052631579,95,0.84375,64,0,1
4.0,0.968421052631579,95,1.0,9,0,1
4.0,0.968421052631579,95,1.0,12,0,1
4.0,0.968421052631579,95,0.6666666666666666,12,0,1
4.0,0.968421052631579,95,0.875,8,0,1
4.0,0.968421052631579,95,1.0,12,0,1
4.0,0.968421052631579,95,1.0,27,0,1
4.0,0.968421052631579,95,1.0,9,0,1
4.0,0.968421052631579,95,1.0,10,0,1
4.0,0.968421052631579,95,1.0,5,0,1
4.0,0.968421052631579,95,1.0,11,0,1
4.0,0.968421052631579,95,1.0,11,0,1
4.0,0.968421052631579,95,1.0,7,0,1
4.0,0.968421052631579,95,1.0,10,0,1
4.0,0.968421052631579,95,1.0,8,0,1
4.0,0.968421052631579,95,0.3870967741935484,31,0,1
4.0,0.968421052631579,95,0.5217391304347826,23,0,1
4.0,0.968421052631579,95,1.0,6,0,1
4.0,0.968421052631579,95,1.0,9,0,1
4.0,0.968421052631579,95,1.0,10,0,1
4.0,0.968421052631579,95,1.0,24,0,1
4.0,0.968421052631579,95,0.8181818181818182,11,0,1
4.0,0.968421052631579,95,1.0,10,0,1
4.0,0.968421052631579,95,1.0,8,0,1
4.0,0.968421052631579,95,1.0,25,0,1
4.0,0.968421052631579,95,1.0,8,0,1
4.0,0.968421052631579,95,1.0,19,0,1
4.0,0.968421052631579,95,1.0,22,0,1
4.0,0.968421052631579,95,1.0,6,0,1
4.0,0.968421052631579,95,1.0,56,0,1
4.0,0.968421052631579,95,1.0,34,0,1
4.0,0.968421052631579,95,1.0,10,0,1
4.0,0.968421052631579,95,1.0,24,0,1
4.0,0.968421052631579,95,1.0,8,0,1
4.0,0.968421052631579,95,0.6896551724137931,29,0,1
4.0,0.968421052631579,95,1.0,5,0,1
4.0,0.968421052631579,95,1.0,8,0,1
4.0,0.968421052631579,95,0.5142857142857142,35,0,1
4.0,0.968421052631579,95,1.0,8,0,1
4.0,0.968421052631579,95,1.0,8,0,1
4.0,0.968421052631579,95,1.0,8,0,1
4.0,0.968421052631579,95,1.0,18,0,1
4.0,0.968421052631579,95,0.9166666666666666,12,0,1
4.0,0.968421052631579,95,1.0,34,0,1
4.0,0.968421052631579,95,1.0,33,0,1
4.0,0.968421052631579,95,1.0,8,0,1
4.0,0.968421052631579,95,1.0,12,0,1
4.0,0.968421052631579,95,1.0,19,0,1
4.0,0.968421052631579,95,1.0,3,1,1
4.0,0.968421052631579,95,1.0,6,0,1
4.0,0.968421052631579,95,1.0,17,0,1
4.0,0.968421052631579,95,1.0,7,0,1
4.0,0.968421052631579,95,1.0,24,0,1
4.0,0.968421052631579,95,1.0,8,0,1
4.0,0.968421052631579,95,0.967741935483871,31,0,1
4.0,0.968421052631579,95,1.0,8,0,1
4.0,0.968421052631579,95,1.0,21,0,1
4.0,0.968421052631579,95,1.0,6,0,1
4.0,0.968421052631579,95,1.0,7,0,1
4.0,0.968421052631579,95,1.0,25,0,1
4.0,0.968421052631579,95,1.0,9,0,1
4.0,0.968421052631579,95,0.9230769230769231,13,0,1
4.0,0.968421052631579,95,1.0,5,0,1
4.0,0.968421052631579,95,0.8888888888888888,9,0,1
4.0,0.968421052631579,95,1.0,72,0,1
4.0,0.968421052631579,95,1.0,7,0,1
4.0,0.968421052631579,95,1.0,3,1,1
4.0,0.968421052631579,95,1.0,27,0,1
4.0,0.968421052631579,95,0.9333333333333333,15,0,1
4.0,0.968421052631579,95,1.0,3,1,1
4.0,0.968421052631579,95,0.6111111111111112,18,0,1
4.0,0.968421052631579,95,0.9,10,0,1
4.0,0.968421052631579,95,1.0,8,0,1
4.0,0.968421052631579,95,1.0,7,0,1
4.0,0.968421052631579,95,0.8888888888888888,9,0,1
4.0,0.968421052631579,95,0.8888888888888888,9,0,1
4.0,0.968421052631579,95,1.0,8,0,1
4.0,0.968421052631579,95,1.0,18,0,1
4.0,0.968421052631579,95,1.0,7,0,1
4.0,0.968421052631579,95,1.0,28,0,1
4.0,0.7142857142857143,7,1.0,17,0,1
4.0,0.7142857142857143,7,1.0,15,0,1
4.0,0.7142857142857143,7,1.0,2,1,1
4.0,0.7142857142857143,7,0.8888888888888888,9,0,1
4.0,0.7142857142857143,7,0.2222222222222222,9,0,1
4.0,1.0,2,1.0,6,0,1
4.0,1.0,2,1.0,6,0,1
4.0,0.14285714285714285,7,1.0,7,0,1
4.0,0.6666666666666666,3,1.0,2,1,1
4.0,0.6666666666666666,3,1.0,1,1,1
4.0,0.9333333333333333,15,1.0,48,0,1
4.0,0.9333333333333333,15,1.0,1,1,1
4.0,0.9333333333333333,15,1.0,33,0,1
4.0,0.9333333333333333,15,1.0,12,0,1
4.0,0.9333333333333333,15,1.0,27,0,1
4.0,0.9333333333333333,15,1.0,5,0,1
4.0,0.9333333333333333,15,0.875,8,0,1
4.0,0.9333333333333333,15,1.0,43,0,1
4.0,0.9333333333333333,15,1.0,3,1,1
4.0,0.9333333333333333,15,1.0,72,0,1
4.0,0.9333333333333333,15,1.0,23,0,1
4.0,0.9333333333333333,15,1.0,10,0,1
4.0,0.9333333333333333,15,1.0,6,0,1
4.0,0.9333333333333333,15,1.0,37,0,1
4.0,1.0,9,1.0,20,0,1
4.0,1.0,9,1.0,29,0,1
4.0,1.0,9,1.0,37,0,1
4.0,1.0,9,0.9583333333333334,24,0,1
4.0,1.0,9,1.0,33,0,1
4.0,1.0,9,1.0,72,0,1
4.0,1.0,9,1.0,37,0,1
4.0,1.0,9,1.0,56,0,1
4.0,1.0,9,1.0,48,0,1
4.0,0.75,4,0.6290322580645161,62,0,1
4.0,0.75,4,0.90625,32,0,1
4.0,0.75,4,0.84375,64,0,1
4.0,1.0,1,0.5,4,0,1
4.0,1.0,2,1.0,5,0,1
4.0,1.0,2,1.0,56,0,1
4.0,1.0,1,0.92,25,0,1
4.0,1.0,2,1.0,7,0,1
4.0,1.0,2,1.0,14,0,1
4.0,0.625,8,1.0,7,0,1
4.0,0.625,8,1.0,25,0,1
4.0,0.625,8,1.0,2,1,1
4.0,0.625,8,1.0,1,1,1
4.0,0.625,8,1.0,4,0,1
4.0,1.0,1,1.0,10,0,1
4.0,0.6666666666666666,6,1.0,1,1,1
4.0,0.6666666666666666,6,0.5,12,0,1
4.0,0.6666666666666666,6,1.0,3,1,1
4.0,0.6666666666666666,6,1.0,3,1,1
4.0,1.0,34,1.0,7,0,1
4.0,1.0,34,1.0,7,0,1
4.0,1.0,34,1.0,25,0,1
4.0,1.0,34,1.0,22,0,1
4.0,1.0,34,0.631578947368421,19,0,1
4.0,1.0,34,1.0,63,0,1
4.0,1.0,34,1.0,7,0,1
4.0,1.0,34,1.0,15,0,1
4.0,1.0,34,1.0,8,0,1
4.0,1.0,34,1.0,10,0,1
4.0,1.0,34,0.8181818181818182,22,0,1
4.0,1.0,34,1.0,7,0,1
4.0,1.0,34,1.0,6,0,1
4.0,1.0,34,1.0,4,0,1
4.0,1.0,34,1.0,12,0,1
4.0,1.0,34,1.0,7,0,1
4.0,1.0,34,1.0,7,0,1
4.0,1.0,34,1.0,4,0,1
4.0,1.0,34,1.0,8,0,1
4.0,1.0,34,1.0,10,0,1
4.0,1.0,34,1.0,18,0,1
4.0,1.0,34,1.0,44,0,1
4.0,1.0,34,1.0,10,0,1
4.0,1.0,34,1.0,31,0,1
4.0,1.0,34,1.0,21,0,1
4.0,1.0,34,1.0,7,0,1
4.0,1.0,34,1.0,19,0,1
4.0,1.0,34,1.0,8,0,1
4.0,1.0,34,1.0,20,0,1
4.0,1.0,34,1.0,26,0,1
4.0,1.0,34,1.0,9,0,1
4.0,1.0,34,1.0,9,0,1
4.0,1.0,34,1.0,25,0,1
4.0,1.0,34,1.0,26,0,1
4.0,0.9,10,1.0,6,0,1
4.0,0.9,10,1.0,3,1,1
4.0,0.9,10,1.0,8,0,1
4.0,0.9,10,1.0,15,0,1
4.0,0.9,10,1.0,10,0,1
4.0,0.9,10,1.0,4,0,1
4.0,0.9,10,1.0,7,0,1
4.0,0.9,10,1.0,36,0,1
4.0,0.9,10,1.0,14,0,1
4.0,1.0,3,0.8888888888888888,18,0,1
4.0,1.0,3,1.0,10,0,1
4.0,1.0,3,1.0,4,0,1
4.0,0.02531645569620253,79,1.0,6,0,1
4.0,0.02531645569620253,79,0.6666666666666666,3,1,1
4.0,1.0,1,1.0,4,0,1
4.0,0.9375,16,1.0,24,0,1
4.0,0.9375,16,0.967741935483871,31,0,1
4.0,0.9375,16,1.0,23,0,1
4.0,0.9375,16,1.0,34,0,1
4.0,0.9375,16,1.0,33,0,1
4.0,0.9375,16,1.0,25,0,1
4.0,0.9375,16,1.0,34,0,1
4.0,0.9375,16,1.0,28,0,1
4.0,0.9375,16,1.0,72,0,1
4.0,0.9375,16,1.0,27,0,1
4.0,0.9375,16,1.0,27,0,1
4.0,0.9375,16,1.0,6,0,1
4.0,0.9375,16,1.0,24,0,1
4.0,0.9375,16,1.0,6,0,1
4.0,0.9375,16,1.0,24,0,1
4.0,1.0,1,1.0,3,1,1
4.0,0.9615384615384616,26,1.0,37,0,1
4.0,0.9615384615384616,26,1.0,5,0,1
4.0,0.9615384615384616,26,1.0,33,0,1
4.0,0.9615384615384616,26,1.0,31,0,1
4.0,0.9615384615384616,26,1.0,32,0,1
4.0,0.9615384615384616,26,1.0,22,0,1
4.0,0.9615384615384616,26,1.0,23,0,1
4.0,0.9615384615384616,26,1.0,10,0,1
4.0,0.9615384615384616,26,1.0,13,0,1
4.0,0.9615384615384616,26,1.0,17,0,1
4.0,0.9615384615384616,26,1.0,19,0,1
4.0,0.9615384615384616,26,1.0,11,0,1
4.0,0.9615384615384616,26,1.0,5,0,1
4.0,0.9615384615384616,26,1.0,63,0,1
4.0,0.9615384615384616,26,1.0,31,0,1
4.0,0.9615384615384616,26,1.0,16,0,1
4.0,0.9615384615384616,26,1.0,9,0,1
4.0,0.9615384615384616,26,1.0,21,0,1
4.0,0.9615384615384616,26,1.0,23,0,1
4.0,0.9615384615384616,26,1.0,45,0,1
4.0,0.9615384615384616,26,1.0,48,0,1
4.0,0.9615384615384616,26,1.0,7,0,1
4.0,0.9615384615384616,26,1.0,44,0,1
4.0,0.9615384615384616,26,0.9459459459459459,37,0,1
4.0,0.9615384615384616,26,1.0,32,0,1
4.0,1.0,3,1.0,72,0,1
4.0,1.0,3,1.0,29,0,1
4.0,1.0,3,1.0,56,0,1
4.0,0.8333333333333334,6,1.0,1,1,1
4.0,0.8333333333333334,6,1.0,1,1,1
4.0,0.8333333333333334,6,1.0,1,1,1
4.0,0.8333333333333334,6,1.0,1,1,1
4.0,0.8333333333333334,6,1.0,7,0,1
4.0,1.0,2,0.875,8,0,1
4.0,1.0,2,1.0,1,1,1
4.0,1.0,1,1.0,6,0,1
4.0,0.017543859649122806,57,0.3,10,0,1
4.0,1.0,2,0.8627450980392157,102,0,1
4.0,1.0,2,1.0,15,0,1
4.0,1.0,2,1.0,3,1,1
4.0,1.0,2,0.5,12,0,1
4.0,1.0,3,1.0,14,0,1
4.0,1.0,3,1.0,4,0,1
4.0,1.0,3,1.0,10,0,1
4.0,1.0,1,0.6176470588235294,34,0,1
4.0,1.0,10,1.0,12,0,1
4.0,1.0,10,1.0,13,0,1
4.0,1.0,10,1.0,12,0,1
4.0,1.0,10,1.0,13,0,1
4.0,1.0,10,1.0,44,0,1
4.0,1.0,10,1.0,18,0,1
4.0,1.0,10,0.9333333333333333,15,0,1
4.0,1.0,10,0.875,8,0,1
4.0,1.0,10,1.0,12,0,1
4.0,1.0,10,1.0,31,0,1
4.0,1.0,1,1.0,27,0,1
4.0,0.6428571428571429,14,1.0,11,0,1
4.0,0.6428571428571429,14,1.0,11,0,1
4.0,0.6428571428571429,14,1.0,1,1,1
4.0,0.6428571428571429,14,1.0,6,0,1
4.0,0.6428571428571429,14,1.0,25,0,1
4.0,0.6428571428571429,14,1.0,6,0,1
4.0,0.6428571428571429,14,1.0,5,0,1
4.0,0.6428571428571429,14,1.0,15,0,1
4.0,0.6428571428571429,14,1.0,5,0,1
4.0,1.0,2,1.0,12,0,1
4.0,1.0,2,0.6290322580645161,62,0,1
4.0,1.0,9,1.0,2,1,1
4.0,1.0,9,1.0,1,1,1
4.0,1.0,9,1.0,4,0,1
4.0,1.0,9,1.0,4,0,1
4.0,1.0,9,0.6666666666666666,6,0,1
4.0,1.0,9,1.0,1,1,1
4.0,1.0,9,1.0,1,1,1
4.0,1.0,9,1.0,2,1,1
4.0,1.0,9,1.0,5,0,1
4.0,0.9411764705882353,17,1.0,7,0,1
4.0,0.9411764705882353,17,0.84375,64,0,1
4.0,0.9411764705882353,17,1.0,13,0,1
4.0,0.9411764705882353,17,1.0,12,0,1
4.0,0.9411764705882353,17,1.0,48,0,1
4.0,0.9411764705882353,17,1.0,17,0,1
4.0,0.9411764705882353,17,1.0,16,0,1
4.0,0.9411764705882353,17,0.90625,32,0,1
4.0,0.9411764705882353,17,0.6842105263157895,19,0,1
4.0,0.9411764705882353,17,0.9166666666666666,12,0,1
4.0,0.9411764705882353,17,1.0,1,1,1
4.0,0.9411764705882353,17,0.6290322580645161,62,0,1
4.0,0.9411764705882353,17,1.0,4,0,1
4.0,0.9411764705882353,17,0.9,10,0,1
4.0,0.9411764705882353,17,1.0,18,0,1
4.0,0.9411764705882353,17,1.0,4,0,1
4.0,1.0,1,0.8627450980392157,102,0,1
4.0,1.0,4,0.5142857142857142,35,0,1
4.0,1.0,4,1.0,1,1,1
4.0,1.0,4,1.0,6,0,1
4.0,1.0,4,1.0,11,0,1
4.0,1.0,9,1.0,37,0,1
4.0,1.0,9,1.0,20,0,1
4.0,1.0,9,1.0,72,0,1
4.0,1.0,9,1.0,48,0,1
4.0,1.0,9,0.9583333333333334,24,0,1
4.0,1.0,9,1.0,33,0,1
4.0,1.0,9,1.0,43,0,1
4.0,1.0,9,1.0,27,0,1
4.0,1.0,9,1.0,56,0,1
4.0,1.0,3,1.0,19,0,1
4.0,1.0,3,1.0,21,0,1
4.0,1.0,3,1.0,22,0,1
4.0,1.0,8,1.0,10,0,1
4.0,1.0,8,1.0,14,0,1
4.0,1.0,8,1.0,11,0,1
4.0,1.0,8,0.6206896551724138,29,0,1
4.0,1.0,8,1.0,5,0,1
4.0,1.0,8,1.0,7,0,1
4.0,1.0,8,1.0,11,0,1
4.0,1.0,8,1.0,4,0,1
4.0,1.0,2,0.84375,64,0,1
4.0,1.0,2,0.6111111111111112,18,0,1
4.0,1.0,2,0.8627450980392157,102,0,1
4.0,1.0,2,0.95,20,0,1
4.0,1.0,3,1.0,2,1,1
4.0,1.0,3,0.5,6,0,1
4.0,1.0,3,1.0,2,1,1
4.0,1.0,39,1.0,26,0,1
4.0,1.0,39,1.0,6,0,1
4.0,1.0,39,1.0,3,1,1
4.0,1.0,39,1.0,10,0,1
4.0,1.0,39,1.0,8,0,1
4.0,1.0,39,1.0,63,0,1
4.0,1.0,39,1.0,12,0,1
4.0,1.0,39,1.0,16,0,1
4.0,1.0,39,1.0,31,0,1
4.0,1.0,39,1.0,19,0,1
4.0,1.0,39,1.0,31,0,1
4.0,1.0,39,1.0,18,0,1
4.0,1.0,39,1.0,8,0,1
4.0,1.0,39,1.0,12,0,1
4.0,1.0,39,1.0,22,0,1
4.0,1.0,39,0.9459459459459459,37,0,1
4.0,1.0,39,1.0,21,0,1
4.0,1.0,39,1.0,4,0,1
4.0,1.0,39,1.0,2,1,1
4.0,1.0,39,1.0,13,0,1
4.0,1.0,39,1.0,4,0,1
4.0,1.0,39,1.0,9,0,1
4.0,1.0,39,1.0,15,0,1
4.0,1.0,39,1.0,7,0,1
4.0,1.0,39,1.0,2,1,1
4.0,1.0,39,1.0,23,0,1
4.0,1.0,39,1.0,18,0,1
4.0,1.0,39,1.0,6,0,1
4.0,1.0,39,1.0,7,0,1
4.0,1.0,39,1.0,27,0,1
4.0,1.0,39,1.0,36,0,1
4.0,1.0,39,1.0,2,1,1
4.0,1.0,39,1.0,7,0,1
4.0,1.0,39,1.0,7,0,1
4.0,1.0,39,1.0,12,0,1
4.0,1.0,39,1.0,32,0,1
4.0,1.0,39,1.0,14,0,1
4.0,1.0,39,1.0,3,1,1
4.0,1.0,39,1.0,2,1,1
4.0,1.0,3,1.0,25,0,1
4.0,1.0,3,0.5217391304347826,23,0,1
4.0,1.0,3,1.0,2,1,1
4.0,1.0,2,1.0,6,0,1
4.0,1.0,2,1.0,2,1,1
4.0,1.0,1,0.85,20,0,1
4.0,1.0,4,1.0,2,1,1
4.0,1.0,4,1.0,2,1,1
4.0,1.0,4,1.0,2,1,1
4.0,1.0,4,0.9333333333333333,15,0,1
4.0,1.0,1,0.875,8,0,1
4.0,0.25,4,0.6666666666666666,6,0,1
4.0,1.0,2,0.8627450980392157,102,0,1
4.0,1.0,2,1.0,15,0,1
4.0,1.0,2,1.0,5,0,1
4.0,1.0,2,1.0,3,1,1
4.0,1.0,4,1.0,5,0,1
4.0,1.0,4,1.0,11,0,1
4.0,1.0,4,1.0,20,0,1
4.0,1.0,4,1.0,9,0,1
4.0,0.6666666666666666,3,0.8333333333333334,18,0,1
4.0,0.6666666666666666,3,1.0,2,1,1
4.0,0.25,8,1.0,10,0,1
4.0,0.25,8,0.6290322580645161,62,0,1
4.0,1.0,2,0.84375,64,0,1
4.0,1.0,2,0.90625,32,0,1
4.0,1.0,4,1.0,26,0,1
4.0,1.0,4,1.0,15,0,1
4.0,1.0,4,1.0,8,0,1
4.0,1.0,4,1.0,33,0,1
4.0,0.8888888888888888,9,1.0,1,1,1
4.0,0.8888888888888888,9,1.0,9,0,1
4.0,0.8888888888888888,9,1.0,27,0,1
4.0,0.8888888888888888,9,1.0,1,1,1
4.0,0.8888888888888888,9,1.0,3,1,1
4.0,0.8888888888888888,9,1.0,15,0,1
4.0,0.8888888888888888,9,1.0,3,1,1
4.0,0.8888888888888888,9,1.0,1,1,1
4.0,0.6,5,0.3076923076923077,13,0,1
4.0,0.6,5,1.0,7,0,1
4.0,0.6,5,1.0,8,0,1
4.0,1.0,1,0.42857142857142855,7,0,1
4.0,1.0,10,1.0,14,0,1
4.0,1.0,10,1.0,12,0,1
4.0,1.0,10,1.0,37,0,1
4.0,1.0,10,1.0,10,0,1
4.0,1.0,10,1.0,5,0,1
4.0,1.0,10,1.0,7,0,1
4.0,1.0,10,1.0,6,0,1
4.0,1.0,10,1.0,7,0,1
4.0,1.0,10,0.9166666666666666,12,0,1
4.0,1.0,10,1.0,34,0,1
4.0,1.0,2,1.0,1,1,1
4.0,1.0,2,1.0,1,1,1
4.0,1.0,1,1.0,44,0,1
4.0,1.0,3,1.0,37,0,1
4.0,1.0,3,1.0,44,0,1
4.0,1.0,3,1.0,14,0,1
4.0,1.0,6,1.0,3,1,1
4.0,1.0,6,1.0,7,0,1
4.0,1.0,6,0.85,20,0,1
4.0,1.0,6,1.0,3,1,1
4.0,1.0,6,1.0,12,0,1
4.0,1.0,6,1.0,2,1,1
4.0,1.0,1,0.7619047619047619,21,0,1
4.0,1.0,2,0.75,40,0,1
4.0,1.0,2,0.85,20,0,1
4.0,1.0,2,0.6206896551724138,29,0,1
4.0,1.0,2,1.0,9,0,1
4.0,1.0,12,1.0,12,0,1
4.0,1.0,12,1.0,8,0,1
4.0,1.0,12,1.0,19,0,1
4.0,1.0,12,1.0,6,0,1
4.0,1.0,12,1.0,45,0,1
4.0,1.0,12,0.8181818181818182,22,0,1
4.0,1.0,12,1.0,26,0,1
4.0,1.0,12,1.0,44,0,1
4.0,1.0,12,1.0,21,0,1
4.0,1.0,12,1.0,63,0,1
4.0,1.0,12,1.0,48,0,1
4.0,1.0,12,1.0,31,0,1
4.0,0.3333333333333333,3,1.0,5,0,1
4.0,1.0,9,1.0,56,0,1
4.0,1.0,9,1.0,18,0,1
4.0,1.0,9,1.0,72,0,1
4.0,1.0,9,1.0,29,0,1
4.0,1.0,9,0.9583333333333334,24,0,1
4.0,1.0,9,1.0,37,0,1
4.0,1.0,9,1.0,20,0,1
4.0,1.0,9,1.0,48,0,1
4.0,1.0,9,1.0,33,0,1
4.0,0.6666666666666666,3,1.0,4,0,1
4.0,0.6666666666666666,3,0.5,10,0,1
4.0,1.0,11,1.0,25,0,1
4.0,1.0,11,1.0,34,0,1
4.0,1.0,11,1.0,28,0,1
4.0,1.0,11,1.0,23,0,1
4.0,1.0,11,1.0,27,0,1
4.0,1.0,11,1.0,34,0,1
4.0,1.0,11,0.967741935483871,31,0,1
4.0,1.0,11,1.0,24,0,1
4.0,1.0,11,1.0,24,0,1
4.0,1.0,11,1.0,27,0,1
4.0,1.0,11,1.0,24,0,1
4.0,1.0,1,0.918918918918919,37,0,1
4.0,1.0,3,1.0,1,1,1
4.0,1.0,3,1.0,8,0,1
4.0,1.0,3,1.0,1,1,1
4.0,1.0,2,0.85,20,0,1
4.0,1.0,2,1.0,3,1,1
4.0,0.3333333333333333,3,1.0,3,1,1
4.0,1.0,2,0.6290322580645161,62,0,1
4.0,1.0,2,0.45454545454545453,11,0,1
4.0,1.0,5,1.0,1,1,1
4.0,1.0,5,0.5,2,1,1
4.0,1.0,5,1.0,2,1,1
4.0,1.0,5,1.0,2,1,1
4.0,1.0,5,1.0,1,1,1
4.0,1.0,12,1.0,24,0,1
4.0,1.0,12,1.0,24,0,1
4.0,1.0,12,1.0,34,0,1
4.0,1.0,12,1.0,25,0,1
4.0,1.0,12,1.0,27,0,1
4.0,1.0,12,1.0,27,0,1
4.0,1.0,12,1.0,24,0,1
4.0,1.0,12,1.0,23,0,1
4.0,1.0,12,1.0,34,0,1
4.0,1.0,12,1.0,28,0,1
4.0,1.0,12,0.967741935483871,31,0,1
4.0,1.0,12,1.0,18,0,1
4.0,1.0,1,1.0,1,1,1
4.0,1.0,5,1.0,1,1,1
4.0,1.0,5,1.0,7,0,1
4.0,1.0,5,1.0,1,1,1
4.0,1.0,5,0.6206896551724138,29,0,1
4.0,1.0,5,0.85,20,0,1
4.0,1.0,3,0.6923076923076923,13,0,1
4.0,1.0,3,0.75,40,0,1
4.0,1.0,3,1.0,5,0,1
4.0,0.14285714285714285,14,0.6896551724137931,29,0,1
4.0,0.14285714285714285,14,1.0,8,0,1
4.0,0.9166666666666666,12,1.0,17,0,1
4.0,0.9166666666666666,12,1.0,43,0,1
4.0,0.9166666666666666,12,1.0,48,0,1
4.0,0.9166666666666666,12,1.0,56,0,1
4.0,0.9166666666666666,12,1.0,29,0,1
4.0,0.9166666666666666,12,1.0,33,0,1
4.0,0.9166666666666666,12,1.0,72,0,1
4.0,0.9166666666666666,12,1.0,18,0,1
4.0,0.9166666666666666,12,1.0,13,0,1
4.0,0.9166666666666666,12,1.0,14,0,1
4.0,0.9166666666666666,12,1.0,37,0,1
4.0,0.06896551724137931,29,0.25,4,0,1
4.0,0.06896551724137931,29,1.0,2,1,1
4.0,1.0,1,0.6290322580645161,62,0,1
4.0,0.058823529411764705,17,1.0,6,0,1
4.0,1.0,1,1.0,12,0,1
4.0,1.0,8,1.0,5,0,1
4.0,1.0,8,1.0,22,0,1
4.0,1.0,8,1.0,14,0,1
4.0,1.0,8,1.0,4,0,1
4.0,1.0,8,1.0,3,1,1
4.0,1.0,8,1.0,19,0,1
4.0,1.0,8,1.0,2,1,1
4.0,1.0,8,1.0,21,0,1
4.0,1.0,13,1.0,7,0,1
4.0,1.0,13,1.0,8,0,1
4.0,1.0,13,1.0,10,0,1
4.0,1.0,13,1.0,10,0,1
4.0,1.0,13,1.0,12,0,1
4.0,1.0,13,0.5,4,0,1
4.0,1.0,13,1.0,7,0,1
4.0,1.0,13,1.0,10,0,1
4.0,1.0,13,1.0,56,0,1
4.0,1.0,13,1.0,10,0,1
4.0,1.0,13,1.0,13,0,1
4.0,1.0,13,1.0,7,0,1
4.0,1.0,13,1.0,2,1,1
4.0,0.75,4,0.84375,64,0,1
4.0,0.75,4,1.0,2,1,1
4.0,0.75,4,1.0,2,1,1
4.0,0.8636363636363636,110,1.0,18,0,1
4.0,0.8636363636363636,110,1.0,13,0,1
4.0,0.8636363636363636,110,1.0,10,0,1
4.0,0.8636363636363636,110,1.0,12,0,1
4.0,0.8636363636363636,110,1.0,18,0,1
4.0,0.8636363636363636,110,1.0,24,0,1
4.0,0.8636363636363636,110,1.0,28,0,1
4.0,0.8636363636363636,110,1.0,24,0,1
4.0,0.8636363636363636,110,1.0,23,0,1
4.0,0.8636363636363636,110,0.967741935483871,31,0,1
4.0,0.8636363636363636,110,1.0,27,0,1
4.0,0.8636363636363636,110,1.0,24,0,1
4.0,0.8636363636363636,110,1.0,27,0,1
4.0,0.8636363636363636,110,1.0,25,0,1
4.0,0.8636363636363636,110,1.0,34,0,1
4.0,0.8636363636363636,110,1.0,34,0,1
4.0,0.8636363636363636,110,1.0,2,1,1
4.0,0.8636363636363636,110,0.9230769230769231,13,0,1
4.0,0.8636363636363636,110,0.6111111111111112,18,0,1
4.0,0.8636363636363636,110,1.0,3,1,1
4.0,0.8636363636363636,110,1.0,9,0,1
4.0,0.8636363636363636,110,1.0,8,0,1
4.0,0.8636363636363636,110,1.0,12,0,1
4.0,0.8636363636363636,110,1.0,7,0,1
4.0,0.8636363636363636,110,1.0,7,0,1
4.0,0.8636363636363636,110,1.0,9,0,1
4.0,0.8636363636363636,110,1.0,12,0,1
4.0,0.8636363636363636,110,1.0,8,0,1
4.0,0.8636363636363636,110,0.3870967741935484,31,0,1
4.0,0.8636363636363636,110,1.0,1,1,1
4.0,0.8636363636363636,110,1.0,8,0,1
4.0,0.8636363636363636,110,1.0,5,0,1
4.0,0.8636363636363636,110,1.0,17,0,1
4.0,0.8636363636363636,110,0.6666666666666666,3,1,1
4.0,0.8636363636363636,110,1.0,8,0,1
4.0,0.8636363636363636,110,1.0,7,0,1
4.0,0.8636363636363636,110,1.0,14,0,1
4.0,0.8636363636363636,110,0.6666666666666666,12,0,1
4.0,0.8636363636363636,110,0.875,8,0,1
4.0,0.8636363636363636,110,1.0,18,0,1
4.0,0.8636363636363636,110,1.0,7,0,1
4.0,0.8636363636363636,110,0.75,20,0,1
4.0,0.8636363636363636,110,1.0,8,0,1
4.0,0.8636363636363636,110,0.5217391304347826,23,0,1
4.0,0.8636363636363636,110,0.8888888888888888,9,0,1
4.0,0.8636363636363636,110,1.0,8,0,1
4.0,0.8636363636363636,110,1.0,13,0,1
4.0,0.8636363636363636,110,1.0,12,0,1
4.0,0.8636363636363636,110,0.5142857142857142,35,0,1
4.0,0.8636363636363636,110,1.0,19,0,1
4.0,0.8636363636363636,110,1.0,8,0,1
4.0,0.8636363636363636,110,0.55,20,0,1
4.0,0.8636363636363636,110,1.0,8,0,1
4.0,0.8636363636363636,110,1.0,9,0,1
4.0,0.8636363636363636,110,1.0,8,0,1
4.0,0.8636363636363636,110,0.8181818181818182,11,0,1
4.0,0.8636363636363636,110,1.0,2,1,1
4.0,0.8636363636363636,110,0.8888888888888888,9,0,1
4.0,0.8636363636363636,110,1.0,10,0,1
4.0,0.8636363636363636,110,0.9166666666666666,12,0,1
4.0,0.8636363636363636,110,1.0,7,0,1
4.0,0.8636363636363636,110,1.0,4,0,1
4.0,0.8636363636363636,110,1.0,8,0,1
4.0,0.8636363636363636,110,0.6666666666666666,3,1,1
4.0,0.8636363636363636,110,1.0,10,0,1
4.0,0.8636363636363636,110,0.8888888888888888,9,0,1
4.0,0.8636363636363636,110,1.0,1,1,1
4.0,0.8636363636363636,110,1.0,6,0,1
4.0,0.8636363636363636,110,1.0,9,0,1
4.0,0.8636363636363636,110,1.0,7,0,1
4.0,0.8636363636363636,110,1.0,33,0,1
4.0,0.8636363636363636,110,1.0,7,0,1
4.0,0.8636363636363636,110,1.0,10,0,1
4.0,0.8636363636363636,110,1.0,1,1,1
4.0,0.8636363636363636,110,1.0,8,0,1
4.0,0.8636363636363636,110,1.0,10,0,1
4.0,0.8636363636363636,110,0.3333333333333333,3,1,1
4.0,0.8636363636363636,110,1.0,4,0,1
4.0,0.8636363636363636,110,0.84375,64,0,1
4.0,0.8636363636363636,110,1.0,11,0,1
4.0,0.8636363636363636,110,1.0,8,0,1
4.0,0.8636363636363636,110,1.0,8,0,1
4.0,0.8636363636363636,110,1.0,5,0,1
4.0,0.8636363636363636,110,1.0,8,0,1
4.0,0.8636363636363636,110,1.0,8,0,1
4.0,0.8636363636363636,110,0.8888888888888888,9,0,1
4.0,0.8636363636363636,110,1.0,72,0,1
4.0,0.8636363636363636,110,1.0,11,0,1
4.0,0.8636363636363636,110,1.0,6,0,1
4.0,0.8636363636363636,110,0.9,10,0,1
4.0,0.8636363636363636,110,0.6896551724137931,29,0,1
4.0,0.8636363636363636,110,0.3333333333333333,3,1,1
4.0,0.8636363636363636,110,1.0,56,0,1
4.0,0.8636363636363636,110,1.0,6,0,1
4.0,0.8636363636363636,110,1.0,8,0,1
4.0,1.0,4,0.90625,32,0,1
4.0,1.0,4,0.84375,64,0,1
4.0,1.0,4,0.6290322580645161,62,0,1
4.0,1.0,4,0.5833333333333334,12,0,1
4.0,0.5,2,1.0,7,0,1
4.0,1.0,7,1.0,7,0,1
4.0,1.0,7,1.0,9,0,1
4.0,1.0,7,1.0,9,0,1
4.0,1.0,7,0.9285714285714286,14,0,1
4.0,1.0,7,1.0,18,0,1
4.0,1.0,7,1.0,10,0,1
4.0,1.0,7,1.0,11,0,1
4.0,0.047619047619047616,63,1.0,9,0,1
4.0,0.047619047619047616,63,1.0,4,0,1
4.0,0.047619047619047616,63,1.0,1,1,1
4.0,1.0,1,0.7619047619047619,21,0,1
4.0,1.0,1,1.0,1,1,1
4.0,1.0,1,1.0,23,0,1
4.0,1.0,2,1.0,27,0,1
4.0,1.0,2,1.0,17,0,1
4.0,1.0,7,1.0,15,0,1
4.0,1.0,7,1.0,37,0,1
4.0,1.0,7,1.0,4,0,1
4.0,1.0,7,1.0,33,0,1
4.0,1.0,7,1.0,12,0,1
4.0,1.0,7,1.0,26,0,1
4.0,1.0,7,1.0,8,0,1
4.0,1.0,1,1.0,2,1,1
4.0,0.9166666666666666,12,1.0,8,0,1
4.0,0.9166666666666666,12,1.0,1,1,1
4.0,0.9166666666666666,12,1.0,13,0,1
4.0,0.9166666666666666,12,1.0,4,0,1
4.0,0.9166666666666666,12,1.0,4,0,1
4.0,0.9166666666666666,12,1.0,10,0,1
4.0,0.9166666666666666,12,1.0,10,0,1
4.0,0.9166666666666666,12,1.0,10,0,1
4.0,0.9166666666666666,12,1.0,4,0,1
4.0,0.9166666666666666,12,1.0,2,1,1
4.0,0.9166666666666666,12,1.0,56,0,1
4.0,1.0,10,1.0,17,0,1
4.0,1.0,10,0.6842105263157895,19,0,1
4.0,1.0,10,1.0,14,0,1
4.0,1.0,10,1.0,37,0,1
4.0,1.0,10,1.0,18,0,1
4.0,1.0,10,1.0,72,0,1
4.0,1.0,10,1.0,43,0,1
4.0,1.0,10,1.0,48,0,1
4.0,1.0,10,1.0,13,0,1
4.0,1.0,10,1.0,23,0,1
4.0,1.0,1,0.75,40,0,1
4.0,1.0,1,0.8627450980392157,102,0,1
4.0,0.05172413793103448,58,0.6923076923076923,13,0,1
4.0,0.05172413793103448,58,0.45454545454545453,11,0,1
4.0,0.05172413793103448,58,1.0,1,1,1
4.0,0.3333333333333333,3,1.0,1,1,1
4.0,0.5,2,0.8787878787878788,33,0,1
4.0,1.0,4,1.0,15,0,1
4.0,1.0,4,1.0,6,0,1
4.0,1.0,4,0.8627450980392157,102,0,1
4.0,1.0,4,0.95,20,0,1
4.0,1.0,2,0.8627450980392157,102,0,1
4.0,1.0,2,0.95,20,0,1
4.0,0.3333333333333333,3,1.0,1,1,1
4.0,1.0,2,0.95,20,0,1
4.0,1.0,2,1.0,13,0,1
4.0,1.0,3,1.0,7,0,1
4.0,1.0,3,1.0,12,0,1
4.0,1.0,3,0.6666666666666666,12,0,1
4.0,1.0,3,1.0,56,0,1
4.0,1.0,3,1.0,33,0,1
4.0,1.0,3,1.0,72,0,1
4.0,1.0,2,1.0,4,0,1
4.0,1.0,2,1.0,15,0,1
4.0,0.7692307692307693,13,0.6896551724137931,29,0,1
4.0,0.7692307692307693,13,0.04878048780487805,82,0,1
4.0,0.7692307692307693,13,0.5142857142857142,35,0,1
4.0,0.7692307692307693,13,1.0,2,1,1
4.0,0.7692307692307693,13,0.967741935483871,31,0,1
4.0,0.7692307692307693,13,1.0,11,0,1
4.0,0.7692307692307693,13,1.0,6,0,1
4.0,0.7692307692307693,13,1.0,3,1,1
4.0,0.7692307692307693,13,1.0,2,1,1
4.0,0.7692307692307693,13,0.9230769230769231,13,0,1
4.0,0.5,2,1.0,10,0,1
4.0,1.0,3,1.0,3,1,1
4.0,1.0,3,1.0,6,0,1
4.0,1.0,3,1.0,11,0,1
4.0,1.0,1,1.0,10,0,1
4.0,1.0,1,0.7777777777777778,9,0,1
4.0,1.0,1,1.0,12,0,1
4.0,1.0,1,0.9629629629629629,27,0,1
4.0,1.0,1,1.0,10,0,1
4.0,1.0,1,0.8787878787878788,33,0,1
4.0,1.0,9,1.0,37,0,1
4.0,1.0,9,1.0,72,0,1
4.0,1.0,9,1.0,43,0,1
4.0,1.0,9,1.0,11,0,1
4.0,1.0,9,1.0,20,0,1
4.0,1.0,9,1.0,48,0,1
4.0,1.0,9,0.9583333333333334,24,0,1
4.0,1.0,9,1.0,56,0,1
4.0,1.0,9,1.0,27,0,1
4.0,1.0,1,1.0,15,0,1
4.0,0.125,8,1.0,10,0,1
4.0,1.0,3,1.0,27,0,1
4.0,1.0,3,1.0,17,0,1
4.0,1.0,3,1.0,1,1,1
4.0,1.0,2,1.0,14,0,1
4.0,1.0,2,1.0,10,0,1
4.0,1.0,1,1.0,2,1,1
4.0,1.0,5,1.0,2,1,1
4.0,1.0,5,1.0,2,1,1
4.0,1.0,5,1.0,3,1,1
4.0,1.0,5,1.0,2,1,1
4.0,1.0,5,1.0,4,0,1
4.0,1.0,1,0.918918918918919,37,0,1
4.0,1.0,5,1.0,5,0,1
4.0,1.0,5,1.0,20,0,1
4.0,1.0,5,1.0,11,0,1
4.0,1.0,5,1.0,2,1,1
4.0,1.0,5,1.0,9,0,1
4.0,0.5789473684210527,38,1.0,2,1,1
4.0,0.5789473684210527,38,1.0,1,1,1
4.0,0.5789473684210527,38,1.0,1,1,1
4.0,0.5789473684210527,38,1.0,31,0,1
4.0,0.5789473684210527,38,1.0,2,1,1
4.0,0.5789473684210527,38,1.0,16,0,1
4.0,0.5789473684210527,38,1.0,27,0,1
4.0,0.5789473684210527,38,1.0,2,1,1
4.0,0.5789473684210527,38,1.0,1,1,1
4.0,0.5789473684210527,38,1.0,26,0,1
4.0,0.5789473684210527,38,1.0,1,1,1
4.0,0.5789473684210527,38,1.0,36,0,1
4.0,0.5789473684210527,38,1.0,15,0,1
4.0,0.5789473684210527,38,1.0,3,1,1
4.0,0.5789473684210527,38,1.0,31,0,1
4.0,0.5789473684210527,38,1.0,63,0,1
4.0,0.5789473684210527,38,1.0,4,0,1
4.0,0.5789473684210527,38,1.0,1,1,1
4.0,0.5789473684210527,38,1.0,1,1,1
4.0,0.5789473684210527,38,1.0,4,0,1
4.0,0.5789473684210527,38,1.0,14,0,1
4.0,0.5789473684210527,38,0.8888888888888888,9,0,1
4.0,1.0,3,1.0,2,1,1
4.0,1.0,3,1.0,5,0,1
4.0,1.0,3,1.0,3,1,1
4.0,1.0,1,1.0,16,0,1
4.0,1.0,5,1.0,6,0,1
4.0,1.0,5,1.0,20,0,1
4.0,1.0,5,1.0,22,0,1
4.0,1.0,5,1.0,26,0,1
4.0,1.0,5,1.0,25,0,1
4.0,1.0,1,1.0,56,0,1
4.0,0.4,10,1.0,4,0,1
4.0,0.4,10,0.5833333333333334,12,0,1
4.0,0.4,10,1.0,10,0,1
4.0,0.4,10,1.0,13,0,1
4.0,1.0,1,1.0,3,1,1
4.0,0.25,4,1.0,12,0,1
4.0,1.0,1,1.0,3,1,1
4.0,1.0,8,1.0,4,0,1
4.0,1.0,8,1.0,9,0,1
4.0,1.0,8,1.0,9,0,1
4.0,1.0,8,0.9285714285714286,14,0,1
4.0,1.0,8,1.0,10,0,1
4.0,1.0,8,1.0,7,0,1
4.0,1.0,8,1.0,11,0,1
4.0,1.0,8,1.0,18,0,1
4.0,0.5,2,1.0,5,0,1
4.0,1.0,1,1.0,17,0,1
4.0,1.0,1,1.0,1,1,1
4.0,1.0,1,0.8787878787878788,33,0,1
4.0,1.0,1,0.75,40,0,1
4.0,1.0,2,1.0,5,0,1
4.0,1.0,2,0.6176470588235294,34,0,1
4.0,0.6,5,1.0,48,0,1
4.0,0.6,5,1.0,43,0,1
4.0,0.6,5,1.0,8,0,1
4.0,0.7878787878787878,33,1.0,72,0,1
4.0,0.7878787878787878,33,0.90625,32,0,1
4.0,0.7878787878787878,33,1.0,2,1,1
4.0,0.7878787878787878,33,0.6842105263157895,19,0,1
4.0,0.7878787878787878,33,1.0,34,0,1
4.0,0.7878787878787878,33,1.0,10,0,1
4.0,0.7878787878787878,33,1.0,37,0,1
4.0,0.7878787878787878,33,1.0,1,1,1
4.0,0.7878787878787878,33,1.0,25,0,1
4.0,0.7878787878787878,33,1.0,22,0,1
4.0,0.7878787878787878,33,0.84375,64,0,1
4.0,0.7878787878787878,33,0.6290322580645161,62,0,1
4.0,0.7878787878787878,33,1.0,21,0,1
4.0,0.7878787878787878,33,1.0,2,1,1
4.0,0.7878787878787878,33,1.0,9,0,1
4.0,0.7878787878787878,33,1.0,1,1,1
4.0,0.7878787878787878,33,1.0,1,1,1
4.0,0.7878787878787878,33,1.0,18,0,1
4.0,0.7878787878787878,33,1.0,16,0,1
4.0,0.7878787878787878,33,0.9166666666666666,12,0,1
4.0,0.7878787878787878,33,1.0,17,0,1
4.0,0.7878787878787878,33,1.0,13,0,1
4.0,0.7878787878787878,33,1.0,4,0,1
4.0,0.7878787878787878,33,0.7,10,0,1
4.0,0.7878787878787878,33,1.0,7,0,1
4.0,0.7878787878787878,33,1.0,7,0,1
4.0,1.0,1,0.7619047619047619,21,0,1
4.0,0.75,4,1.0,6,0,1
4.0,0.75,4,1.0,15,0,1
4.0,0.75,4,1.0,6,0,1
4.0,1.0,5,0.90625,32,0,1
4.0,1.0,5,0.84375,64,0,1
4.0,1.0,5,1.0,6,0,1
4.0,1.0,5,1.0,12,0,1
4.0,1.0,5,0.6290322580645161,62,0,1
4.0,1.0,3,1.0,27,0,1
4.0,1.0,3,1.0,11,0,1
4.0,1.0,3,0.6666666666666666,3,1,1
4.0,1.0,1,1.0,20,0,1
4.0,1.0,1,0.8787878787878788,33,0,1
4.0,0.65,20,0.84375,64,0,1
4.0,0.65,20,1.0,18,0,1
4.0,0.65,20,1.0,16,0,1
4.0,0.65,20,0.9166666666666666,12,0,1
4.0,0.65,20,0.90625,32,0,1
4.0,0.65,20,1.0,17,0,1
4.0,0.65,20,1.0,37,0,1
4.0,0.65,20,0.6290322580645161,62,0,1
4.0,0.65,20,1.0,13,0,1
4.0,0.65,20,1.0,4,0,1
4.0,0.65,20,0.7,10,0,1
4.0,0.65,20,1.0,7,0,1
4.0,0.65,20,1.0,7,0,1
4.0,1.0,3,1.0,3,1,1
4.0,1.0,3,0.7,10,0,1
4.0,1.0,3,1.0,3,1,1
4.0,1.0,16,1.0,31,0,1
4.0,1.0,16,1.0,44,0,1
4.0,1.0,16,1.0,36,0,1
4.0,1.0,16,1.0,16,0,1
4.0,1.0,16,1.0,63,0,1
4.0,1.0,16,1.0,19,0,1
4.0,1.0,16,1.0,6,0,1
4.0,1.0,16,1.0,12,0,1
4.0,1.0,16,1.0,4,0,1
4.0,1.0,16,1.0,45,0,1
4.0,1.0,16,1.0,26,0,1
4.0,1.0,16,1.0,19,0,1
4.0,1.0,16,1.0,22,0,1
4.0,1.0,16,1.0,26,0,1
4.0,1.0,16,1.0,25,0,1
4.0,1.0,16,1.0,32,0,1
4.0,1.0,3,1.0,10,0,1
4.0,1.0,3,1.0,11,0,1
4.0,1.0,3,0.6206896551724138,29,0,1
4.0,1.0,5,1.0,7,0,1
4.0,1.0,5,1.0,29,0,1
4.0,1.0,5,1.0,56,0,1
4.0,1.0,5,1.0,72,0,1
4.0,1.0,5,1.0,27,0,1
4.0,0.3333333333333333,6,1.0,10,0,1
4.0,0.3333333333333333,6,1.0,13,0,1
4.0,0.5,2,1.0,16,0,1
4.0,1.0,1,1.0,16,0,1
4.0,1.0,11,1.0,48,0,1
4.0,1.0,11,1.0,21,0,1
4.0,1.0,11,1.0,12,0,1
4.0,1.0,11,1.0,8,0,1
4.0,1.0,11,1.0,19,0,1
4.0,1.0,11,1.0,26,0,1
4.0,1.0,11,1.0,8,0,1
4.0,1.0,11,1.0,34,0,1
4.0,1.0,11,0.8181818181818182,22,0,1
4.0,1.0,11,1.0,63,0,1
4.0,1.0,11,1.0,15,0,1
4.0,1.0,7,1.0,48,0,1
4.0,1.0,7,1.0,43,0,1
4.0,1.0,7,1.0,23,0,1
4.0,1.0,7,1.0,14,0,1
4.0,1.0,7,0.6290322580645161,62,0,1
4.0,1.0,7,1.0,72,0,1
4.0,1.0,7,1.0,37,0,1
4.0,1.0,4,1.0,25,0,1
4.0,1.0,4,1.0,11,0,1
4.0,1.0,4,1.0,6,0,1
4.0,1.0,4,1.0,15,0,1
4.0,0.015873015873015872,63,0.8,15,0,1
4.0,0.7865168539325843,89,0.9230769230769231,13,0,1
4.0,0.7865168539325843,89,1.0,33,0,1
4.0,0.7865168539325843,89,0.84375,64,0,1
4.0,0.7865168539325843,89,1.0,8,0,1
4.0,0.7865168539325843,89,1.0,28,0,1
4.0,0.7865168539325843,89,1.0,8,0,1
4.0,0.7865168539325843,89,1.0,5,0,1
4.0,0.7865168539325843,89,1.0,8,0,1
4.0,0.7865168539325843,89,1.0,17,0,1
4.0,0.7865168539325843,89,1.0,9,0,1
4.0,0.7865168539325843,89,1.0,5,0,1
4.0,0.7865168539325843,89,1.0,7,0,1
4.0,0.7865168539325843,89,1.0,8,0,1
4.0,0.7865168539325843,89,0.3870967741935484,31,0,1
4.0,0.7865168539325843,89,1.0,23,0,1
4.0,0.7865168539325843,89,1.0,12,0,1
4.0,0.7865168539325843,89,1.0,8,0,1
4.0,0.7865168539325843,89,1.0,8,0,1
4.0,0.7865168539325843,89,1.0,34,0,1
4.0,0.7865168539325843,89,0.967741935483871,31,0,1
4.0,0.7865168539325843,89,0.6896551724137931,29,0,1
4.0,0.7865168539325843,89,1.0,10,0,1
4.0,0.7865168539325843,89,0.8888888888888888,9,0,1
4.0,0.7865168539325843,89,1.0,14,0,1
4.0,0.7865168539325843,89,0.8888888888888888,9,0,1
4.0,0.7865168539325843,89,0.5142857142857142,35,0,1
4.0,0.7865168539325843,89,1.0,8,0,1
4.0,0.7865168539325843,89,1.0,27,0,1
4.0,0.7865168539325843,89,1.0,24,0,1
4.0,0.7865168539325843,89,1.0,24,0,1
4.0,0.7865168539325843,89,1.0,19,0,1
4.0,0.7865168539325843,89,1.0,9,0,1
4.0,0.7865168539325843,89,0.9,10,0,1
4.0,0.7865168539325843,89,1.0,9,0,1
4.0,0.7865168539325843,89,1.0,11,0,1
4.0,0.7865168539325843,89,1.0,8,0,1
4.0,0.7865168539325843,89,1.0,6,0,1
4.0,0.7865168539325843,89,1.0,25,0,1
4.0,0.7865168539325843,89,1.0,11,0,1
4.0,0.7865168539325843,89,1.0,24,0,1
4.0,0.7865168539325843,89,1.0,9,0,1
4.0,0.7865168539325843,89,1.0,72,0,1
4.0,0.7865168539325843,89,1.0,8,0,1
4.0,0.7865168539325843,89,0.55,20,0,1
4.0,0.7865168539325843,89,1.0,8,0,1
4.0,0.7865168539325843,89,1.0,34,0,1
4.0,0.7865168539325843,89,1.0,8,0,1
4.0,0.7865168539325843,89,0.8181818181818182,11,0,1
4.0,0.7865168539325843,89,0.8888888888888888,9,0,1
4.0,0.7865168539325843,89,0.8888888888888888,9,0,1
4.0,0.7865168539325843,89,1.0,8,0,1
4.0,0.7865168539325843,89,1.0,27,0,1
4.0,0.7865168539325843,89,1.0,8,0,1
4.0,0.7865168539325843,89,1.0,10,0,1
4.0,0.7865168539325843,89,1.0,8,0,1
4.0,0.7865168539325843,89,1.0,8,0,1
4.0,0.7865168539325843,89,1.0,18,0,1
4.0,0.7865168539325843,89,0.9166666666666666,12,0,1
4.0,0.7865168539325843,89,0.75,20,0,1
4.0,0.7865168539325843,89,1.0,7,0,1
4.0,0.7865168539325843,89,0.5217391304347826,23,0,1
4.0,0.7865168539325843,89,1.0,6,0,1
4.0,0.7865168539325843,89,1.0,7,0,1
4.0,0.7865168539325843,89,1.0,7,0,1
4.0,0.7865168539325843,89,0.6666666666666666,12,0,1
4.0,0.7865168539325843,89,1.0,8,0,1
4.0,0.7865168539325843,89,1.0,6,0,1
4.0,0.7865168539325843,89,1.0,18,0,1
4.0,0.7865168539325843,89,1.0,29,0,1
4.0,0.7865168539325843,89,1.0,1,1,1
4.0,1.0,1,0.8627450980392157,102,0,1
4.0,1.0,2,1.0,3,1,1
4.0,1.0,2,0.5,4,0,1
4.0,1.0,1,0.6290322580645161,62,0,1
4.0,1.0,2,1.0,2,1,1
4.0,1.0,2,1.0,27,0,1
4.0,1.0,2,0.8627450980392157,102,0,1
4.0,1.0,2,1.0,8,0,1
4.0,1.0,10,1.0,7,0,1
4.0,1.0,10,1.0,33,0,1
4.0,1.0,10,1.0,29,0,1
4.0,1.0,10,1.0,27,0,1
4.0,1.0,10,1.0,56,0,1
4.0,1.0,10,1.0,37,0,1
4.0,1.0,10,1.0,43,0,1
4.0,1.0,10,1.0,48,0,1
4.0,1.0,10,1.0,72,0,1
4.0,1.0,10,1.0,1,1,1
4.0,1.0,1,0.8627450980392157,102,0,1
4.0,1.0,2,0.8,5,0,1
4.0,1.0,2,0.8,5,0,1
4.0,0.2857142857142857,14,1.0,3,1,1
4.0,0.2857142857142857,14,1.0,3,1,1
4.0,0.2857142857142857,14,1.0,2,1,1
4.0,0.2857142857142857,14,0.1,10,0,1
4.0,1.0,3,1.0,34,0,1
4.0,1.0,3,1.0,10,0,1
4.0,1.0,3,1.0,14,0,1
4.0,1.0,4,1.0,72,0,1
4.0,1.0,4,1.0,56,0,1
4.0,1.0,4,1.0,33,0,1
4.0,1.0,4,1.0,29,0,1
4.0,0.5454545454545454,11,1.0,10,0,1
4.0,0.5454545454545454,11,1.0,7,0,1
4.0,0.5454545454545454,11,1.0,17,0,1
4.0,0.5454545454545454,11,1.0,11,0,1
4.0,0.5454545454545454,11,0.6470588235294118,17,0,1
4.0,0.5454545454545454,11,1.0,1,1,1
4.0,0.6666666666666666,3,1.0,3,1,1
4.0,0.6666666666666666,3,0.6666666666666666,3,1,1
4.0,0.75,4,0.95,20,0,1
4.0,0.75,4,1.0,6,0,1
4.0,0.75,4,1.0,1,1,1
4.0,1.0,5,1.0,45,0,1
4.0,1.0,5,1.0,16,0,1
4.0,1.0,5,1.0,15,0,1
4.0,1.0,5,1.0,12,0,1
4.0,1.0,5,1.0,23,0,1
4.0,1.0,5,1.0,6,0,1
4.0,1.0,5,1.0,6,0,1
4.0,1.0,5,1.0,15,0,1
4.0,1.0,5,1.0,25,0,1
4.0,1.0,5,1.0,11,0,1
4.0,1.0,5,1.0,20,0,1
4.0,1.0,5,1.0,4,0,1
4.0,1.0,5,1.0,44,0,1
4.0,1.0,5,1.0,26,0,1
4.0,1.0,5,1.0,26,0,1
4.0,1.0,2,1.0,3,1,1
4.0,1.0,2,1.0,5,0,1
4.0,1.0,1,1.0,3,1,1
4.0,1.0,2,1.0,1,1,1
4.0,1.0,2,1.0,27,0,1
4.0,0.125,8,0.8627450980392157,102,0,1
4.0,0.75,4,1.0,6,0,1
4.0,0.75,4,1.0,15,0,1
4.0,0.75,4,1.0,6,0,1
4.0,1.0,5,0.23529411764705882,17,0,1
4.0,1.0,5,1.0,6,0,1
4.0,1.0,5,0.2631578947368421,19,0,1
4.0,1.0,5,1.0,4,0,1
4.0,1.0,5,0.6923076923076923,13,0,1
4.0,1.0,3,1.0,27,0,1
4.0,1.0,3,1.0,2,1,1
4.0,1.0,3,0.6153846153846154,13,0,1
4.0,0.08620689655172414,58,1.0,2,1,1
4.0,0.08620689655172414,58,1.0,1,1,1
4.0,0.08620689655172414,58,1.0,7,0,1
4.0,0.08620689655172414,58,0.375,24,0,1
4.0,0.08620689655172414,58,1.0,19,0,1
4.0,0.75,8,1.0,2,1,1
4.0,0.75,8,1.0,6,0,1
4.0,0.75,8,1.0,8,0,1
4.0,0.75,8,1.0,9,0,1
4.0,0.75,8,1.0,11,0,1
4.0,0.75,8,1.0,20,0,1
4.0,1.0,2,1.0,3,1,1
4.0,1.0,2,1.0,1,1,1
4.0,1.0,2,0.90625,32,0,1
4.0,1.0,2,0.84375,64,0,1
4.0,0.25,4,0.84375,64,0,1
4.0,1.0,10,1.0,44,0,1
4.0,1.0,10,0.9333333333333333,15,0,1
4.0,1.0,10,1.0,13,0,1
4.0,1.0,10,0.75,4,0,1
4.0,1.0,10,1.0,3,1,1
4.0,1.0,10,0.875,8,0,1
4.0,1.0,10,1.0,12,0,1
4.0,1.0,10,1.0,12,0,1
4.0,1.0,10,1.0,13,0,1
4.0,1.0,10,1.0,12,0,1
4.0,0.3333333333333333,3,0.84375,64,0,1
4.0,0.6666666666666666,3,1.0,5,0,1
4.0,0.6666666666666666,3,1.0,5,0,1
4.0,0.21212121212121213,99,0.6896551724137931,29,0,1
4.0,0.21212121212121213,99,1.0,11,0,1
4.0,0.21212121212121213,99,0.7777777777777778,9,0,1
4.0,0.21212121212121213,99,0.22388059701492538,67,0,1
4.0,0.21212121212121213,99,1.0,2,1,1
4.0,0.21212121212121213,99,1.0,1,1,1
4.0,0.21212121212121213,99,1.0,6,0,1
4.0,0.21212121212121213,99,1.0,14,0,1
4.0,0.21212121212121213,99,0.375,24,0,1
4.0,0.21212121212121213,99,1.0,3,1,1
4.0,0.21212121212121213,99,0.5142857142857142,35,0,1
4.0,0.21212121212121213,99,1.0,6,0,1
4.0,0.21212121212121213,99,0.04878048780487805,82,0,1
4.0,0.21212121212121213,99,0.3,10,0,1
4.0,0.21212121212121213,99,1.0,19,0,1
4.0,0.21212121212121213,99,1.0,4,0,1
4.0,0.21212121212121213,99,0.6666666666666666,3,1,1
4.0,0.21212121212121213,99,1.0,3,1,1
4.0,0.21212121212121213,99,1.0,4,0,1
4.0,0.21212121212121213,99,0.13793103448275862,29,0,1
4.0,0.21212121212121213,99,0.8,15,0,1
4.0,1.0,1,1.0,16,0,1
4.0,0.5714285714285714,7,1.0,6,0,1
4.0,0.5714285714285714,7,0.8627450980392157,102,0,1
4.0,0.5714285714285714,7,1.0,15,0,1
4.0,0.5714285714285714,7,0.95,20,0,1
4.0,1.0,5,1.0,21,0,1
4.0,1.0,5,1.0,44,0,1
4.0,1.0,5,1.0,26,0,1
4.0,1.0,5,1.0,63,0,1
4.0,1.0,5,1.0,31,0,1
4.0,0.5,4,1.0,6,0,1
4.0,0.5,4,1.0,8,0,1
4.0,1.0,8,1.0,33,0,1
4.0,1.0,8,1.0,72,0,1
4.0,1.0,8,1.0,1,1,1
4.0,1.0,8,1.0,56,0,1
4.0,1.0,8,1.0,2,1,1
4.0,1.0,8,1.0,1,1,1
4.0,1.0,8,1.0,2,1,1
4.0,1.0,8,1.0,4,0,1
4.0,0.5,6,1.0,2,1,1
4.0,0.5,6,1.0,6,0,1
4.0,0.5,6,0.3333333333333333,3,1,1
4.0,0.6,10,1.0,4,0,1
4.0,0.6,10,1.0,1,1,1
4.0,0.6,10,1.0,6,0,1
4.0,0.6,10,0.8,15,0,1
4.0,0.6,10,1.0,1,1,1
4.0,0.6,10,0.2857142857142857,7,0,1
4.0,1.0,1,1.0,9,0,1
4.0,0.09090909090909091,11,1.0,4,0,1
4.0,0.6666666666666666,6,0.90625,32,0,1
4.0,0.6666666666666666,6,0.6290322580645161,62,0,1
4.0,0.6666666666666666,6,1.0,12,0,1
4.0,0.6666666666666666,6,0.84375,64,0,1
4.0,1.0,7,1.0,34,0,1
4.0,1.0,7,1.0,27,0,1
4.0,1.0,7,1.0,25,0,1
4.0,1.0,7,1.0,5,0,1
4.0,1.0,7,1.0,2,1,1
4.0,1.0,7,1.0,1,1,1
4.0,1.0,7,1.0,34,0,1
4.0,1.0,1,0.6111111111111112,18,0,1
4.0,0.7857142857142857,14,1.0,7,0,1
4.0,0.7857142857142857,14,1.0,31,0,1
4.0,0.7857142857142857,14,1.0,3,1,1
4.0,0.7857142857142857,14,1.0,33,0,1
4.0,0.7857142857142857,14,1.0,28,0,1
4.0,0.7857142857142857,14,1.0,2,1,1
4.0,0.7857142857142857,14,1.0,19,0,1
4.0,0.7857142857142857,14,1.0,20,0,1
4.0,0.7857142857142857,14,1.0,18,0,1
4.0,0.7857142857142857,14,1.0,4,0,1
4.0,0.7857142857142857,14,1.0,37,0,1
4.0,1.0,1,0.918918918918919,37,0,1
4.0,0.975,40,1.0,26,0,1
4.0,0.975,40,1.0,1,1,1
4.0,0.975,40,1.0,7,0,1
4.0,0.975,40,1.0,4,0,1
4.0,0.975,40,1.0,2,1,1
4.0,0.975,40,1.0,3,1,1
4.0,0.975,40,1.0,63,0,1
4.0,0.975,40,1.0,19,0,1
4.0,0.975,40,1.0,10,0,1
4.0,0.975,40,1.0,7,0,1
4.0,0.975,40,1.0,2,1,1
4.0,0.975,40,1.0,7,0,1
4.0,0.975,40,1.0,25,0,1
4.0,0.975,40,1.0,8,0,1
4.0,0.975,40,1.0,10,0,1
4.0,0.975,40,1.0,31,0,1
4.0,0.975,40,1.0,8,0,1
4.0,0.975,40,1.0,7,0,1
4.0,0.975,40,0.25,4,0,1
4.0,0.975,40,1.0,8,0,1
4.0,0.975,40,0.631578947368421,19,0,1
4.0,0.975,40,1.0,6,0,1
4.0,0.975,40,1.0,20,0,1
4.0,0.975,40,1.0,25,0,1
4.0,0.975,40,1.0,22,0,1
4.0,0.975,40,1.0,4,0,1
4.0,0.975,40,1.0,7,0,1
4.0,0.975,40,1.0,11,0,1
4.0,0.975,40,1.0,10,0,1
4.0,0.975,40,1.0,4,0,1
4.0,0.975,40,1.0,21,0,1
4.0,0.975,40,1.0,9,0,1
4.0,0.975,40,1.0,7,0,1
4.0,0.975,40,1.0,26,0,1
4.0,0.975,40,1.0,44,0,1
4.0,0.975,40,1.0,3,1,1
4.0,0.975,40,1.0,9,0,1
4.0,0.975,40,1.0,7,0,1
4.0,0.975,40,0.8181818181818182,22,0,1
4.0,1.0,2,0.8627450980392157,102,0,1
4.0,1.0,2,1.0,9,0,1
4.0,1.0,1,0.5,4,0,1
4.0,1.0,1,1.0,13,0,1
4.0,1.0,1,0.8627450980392157,102,0,1
4.0,1.0,3,0.9166666666666666,12,0,1
4.0,1.0,3,0.6666666666666666,12,0,1
4.0,1.0,3,1.0,1,1,1
4.0,1.0,1,0.8627450980392157,102,0,1
4.0,1.0,1,1.0,5,0,1
4.0,0.7894736842105263,19,1.0,5,0,1
4.0,0.7894736842105263,19,1.0,10,0,1
4.0,0.7894736842105263,19,1.0,34,0,1
4.0,0.7894736842105263,19,1.0,3,1,1
4.0,0.7894736842105263,19,1.0,2,1,1
4.0,0.7894736842105263,19,1.0,3,1,1
4.0,0.7894736842105263,19,1.0,14,0,1
4.0,0.7894736842105263,19,1.0,1,1,1
4.0,0.7894736842105263,19,1.0,6,0,1
4.0,0.7894736842105263,19,1.0,19,0,1
4.0,0.7894736842105263,19,1.0,9,0,1
4.0,0.7894736842105263,19,1.0,21,0,1
4.0,0.7894736842105263,19,1.0,3,1,1
4.0,0.7894736842105263,19,1.0,22,0,1
4.0,0.7894736842105263,19,1.0,3,1,1
4.0,1.0,2,0.8627450980392157,102,0,1
4.0,1.0,2,1.0,3,1,1
4.0,0.21428571428571427,14,0.8,15,0,1
4.0,0.21428571428571427,14,0.3,10,0,1
4.0,0.21428571428571427,14,1.0,2,1,1
4.0,1.0,1,0.9629629629629629,27,0,1
4.0,1.0,8,1.0,19,0,1
4.0,1.0,8,1.0,12,0,1
4.0,1.0,8,1.0,25,0,1
4.0,1.0,8,1.0,26,0,1
4.0,1.0,8,1.0,22,0,1
4.0,1.0,8,1.0,3,1,1
4.0,1.0,8,1.0,6,0,1
4.0,1.0,8,1.0,20,0,1
4.0,1.0,2,1.0,7,0,1
4.0,1.0,2,1.0,19,0,1
4.0,0.6666666666666666,6,1.0,7,0,1
4.0,0.6666666666666666,6,1.0,6,0,1
4.0,0.6666666666666666,6,1.0,7,0,1
4.0,0.6666666666666666,6,1.0,8,0,1
4.0,1.0,2,0.92,25,0,1
4.0,1.0,2,1.0,20,0,1
4.0,0.75,8,1.0,17,0,1
4.0,0.75,8,0.6470588235294118,17,0,1
4.0,0.75,8,0.9166666666666666,12,0,1
4.0,0.75,8,1.0,10,0,1
4.0,0.75,8,1.0,3,1,1
4.0,0.75,8,1.0,11,0,1
4.0,0.03636363636363636,55,0.22388059701492538,67,0,1
4.0,0.03636363636363636,55,1.0,2,1,1
4.0,0.125,16,0.8,15,0,1
4.0,0.125,16,0.22388059701492538,67,0,1
4.0,1.0,19,1.0,20,0,1
4.0,1.0,19,1.0,16,0,1
4.0,1.0,19,1.0,18,0,1
4.0,1.0,19,1.0,8,0,1
4.0,1.0,19,1.0,37,0,1
4.0,1.0,19,1.0,23,0,1
4.0,1.0,19,1.0,12,0,1
4.0,1.0,19,1.0,25,0,1
4.0,1.0,19,1.0,45,0,1
4.0,1.0,19,1.0,32,0,1
4.0,1.0,19,1.0,20,0,1
4.0,1.0,19,1.0,8,0,1
4.0,1.0,19,1.0,48,0,1
4.0,1.0,19,1.0,26,0,1
4.0,1.0,19,0.9459459459459459,37,0,1
4.0,1.0,19,1.0,15,0,1
4.0,1.0,19,1.0,33,0,1
4.0,1.0,19,1.0,13,0,1
4.0,1.0,19,1.0,28,0,1
4.0,0.75,4,1.0,10,0,1
4.0,0.75,4,1.0,2,1,1
4.0,0.75,4,1.0,13,0,1
4.0,1.0,2,1.0,2,1,1
4.0,1.0,2,1.0,2,1,1
4.0,1.0,12,1.0,23,0,1
4.0,1.0,12,1.0,34,0,1
4.0,1.0,12,1.0,25,0,1
4.0,1.0,12,1.0,27,0,1
4.0,1.0,12,1.0,34,0,1
4.0,1.0,12,1.0,24,0,1
4.0,1.0,12,1.0,5,0,1
4.0,1.0,12,1.0,24,0,1
4.0,1.0,12,1.0,27,0,1
4.0,1.0,12,1.0,28,0,1
4.0,1.0,12,1.0,24,0,1
4.0,1.0,12,0.967741935483871,31,0,1
4.0,1.0,1,0.8787878787878788,33,0,1
4.0,1.0,1,1.0,1,1,1
4.0,0.7142857142857143,14,1.0,18,0,1
4.0,0.7142857142857143,14,1.0,13,0,1
4.0,0.7142857142857143,14,0.84375,64,0,1
4.0,0.7142857142857143,14,1.0,10,0,1
4.0,0.7142857142857143,14,0.6290322580645161,62,0,1
4.0,0.7142857142857143,14,0.6842105263157895,19,0,1
4.0,0.7142857142857143,14,1.0,17,0,1
4.0,0.7142857142857143,14,1.0,12,0,1
4.0,0.7142857142857143,14,0.90625,32,0,1
4.0,0.7142857142857143,14,1.0,13,0,1
4.0,0.9838709677419355,62,1.0,3,1,1
4.0,0.9838709677419355,62,1.0,1,1,1
4.0,0.9838709677419355,62,1.0,1,1,1
4.0,0.9838709677419355,62,1.0,2,1,1
4.0,0.9838709677419355,62,1.0,2,1,1
4.0,0.9838709677419355,62,1.0,2,1,1
4.0,0.9838709677419355,62,1.0,7,0,1
4.0,0.9838709677419355,62,1.0,2,1,1
4.0,0.9838709677419355,62,1.0,1,1,1
4.0,0.9838709677419355,62,1.0,9,0,1
4.0,0.9838709677419355,62,1.0,1,1,1
4.0,0.9838709677419355,62,1.0,9,0,1
4.0,0.9838709677419355,62,1.0,1,1,1
4.0,0.9838709677419355,62,1.0,1,1,1
4.0,0.9838709677419355,62,1.0,2,1,1
4.0,0.9838709677419355,62,1.0,1,1,1
4.0,0.9838709677419355,62,1.0,18,0,1
4.0,0.9838709677419355,62,1.0,3,1,1
4.0,0.9838709677419355,62,1.0,1,1,1
4.0,0.9838709677419355,62,1.0,63,0,1
4.0,0.9838709677419355,62,1.0,8,0,1
4.0,0.9838709677419355,62,1.0,1,1,1
4.0,0.9838709677419355,62,1.0,2,1,1
4.0,0.9838709677419355,62,1.0,7,0,1
4.0,0.9838709677419355,62,1.0,2,1,1
4.0,0.9838709677419355,62,1.0,1,1,1
4.0,0.9838709677419355,62,1.0,6,0,1
4.0,0.9838709677419355,62,1.0,4,0,1
4.0,0.9838709677419355,62,1.0,1,1,1
4.0,0.9838709677419355,62,1.0,2,1,1
4.0,0.9838709677419355,62,1.0,5,0,1
4.0,0.9838709677419355,62,1.0,23,0,1
4.0,0.9838709677419355,62,1.0,2,1,1
4.0,0.9838709677419355,62,1.0,1,1,1
4.0,0.9838709677419355,62,1.0,1,1,1
4.0,0.9838709677419355,62,1.0,3,1,1
4.0,0.9838709677419355,62,1.0,10,0,1
4.0,0.9838709677419355,62,1.0,31,0,1
4.0,0.9838709677419355,62,1.0,2,1,1
4.0,0.9838709677419355,62,1.0,19,0,1
4.0,0.9838709677419355,62,1.0,4,0,1
4.0,0.9838709677419355,62,1.0,34,0,1
4.0,0.9838709677419355,62,1.0,2,1,1
4.0,0.9838709677419355,62,1.0,6,0,1
4.0,0.9838709677419355,62,1.0,8,0,1
4.0,0.9838709677419355,62,1.0,7,0,1
4.0,0.9838709677419355,62,1.0,1,1,1
4.0,0.9838709677419355,62,1.0,4,0,1
4.0,0.9838709677419355,62,1.0,3,1,1
4.0,0.9838709677419355,62,1.0,2,1,1
4.0,0.9838709677419355,62,1.0,4,0,1
4.0,0.9838709677419355,62,1.0,7,0,1
4.0,0.9838709677419355,62,1.0,1,1,1
4.0,0.9838709677419355,62,1.0,3,1,1
4.0,0.9838709677419355,62,1.0,5,0,1
4.0,0.9838709677419355,62,1.0,1,1,1
4.0,0.9838709677419355,62,1.0,5,0,1
4.0,0.9838709677419355,62,1.0,21,0,1
4.0,0.9838709677419355,62,1.0,48,0,1
4.0,0.9838709677419355,62,1.0,8,0,1
4.0,0.9838709677419355,62,1.0,1,1,1
4.0,1.0,1,1.0,8,0,1
4.0,1.0,4,1.0,2,1,1
4.0,1.0,4,1.0,27,0,1
4.0,1.0,4,1.0,1,1,1
4.0,1.0,4,1.0,1,1,1
4.0,1.0,2,1.0,1,1,1
4.0,1.0,2,1.0,2,1,1
4.0,1.0,77,1.0,16,0,1
4.0,1.0,77,1.0,5,0,1
4.0,1.0,77,1.0,19,0,1
4.0,1.0,77,1.0,23,0,1
4.0,1.0,77,1.0,34,0,1
4.0,1.0,77,1.0,12,0,1
4.0,1.0,77,1.0,3,1,1
4.0,1.0,77,1.0,32,0,1
4.0,1.0,77,1.0,3,1,1
4.0,1.0,77,1.0,14,0,1
4.0,1.0,77,1.0,7,0,1
4.0,1.0,77,1.0,6,0,1
4.0,1.0,77,1.0,26,0,1
4.0,1.0,77,1.0,8,0,1
4.0,1.0,77,1.0,4,0,1
4.0,1.0,77,1.0,26,0,1
4.0,1.0,77,1.0,21,0,1
4.0,1.0,77,1.0,45,0,1
4.0,1.0,77,1.0,32,0,1
4.0,1.0,77,1.0,16,0,1
4.0,1.0,77,0.9459459459459459,37,0,1
4.0,1.0,77,1.0,2,1,1
4.0,1.0,77,1.0,14,0,1
4.0,1.0,77,1.0,19,0,1
4.0,1.0,77,1.0,3,1,1
4.0,1.0,77,1.0,6,0,1
4.0,1.0,77,1.0,15,0,1
4.0,1.0,77,1.0,7,0,1
4.0,1.0,77,1.0,28,0,1
4.0,1.0,77,0.9333333333333333,15,0,1
4.0,1.0,77,1.0,44,0,1
4.0,1.0,77,1.0,22,0,1
4.0,1.0,77,1.0,4,0,1
4.0,1.0,77,1.0,8,0,1
4.0,1.0,77,1.0,27,0,1
4.0,1.0,77,1.0,19,0,1
4.0,1.0,77,1.0,4,0,1
4.0,1.0,77,1.0,26,0,1
4.0,1.0,77,1.0,18,0,1
4.0,1.0,77,1.0,16,0,1
4.0,1.0,77,1.0,8,0,1
4.0,1.0,77,1.0,11,0,1
4.0,1.0,77,1.0,6,0,1
4.0,1.0,77,1.0,4,0,1
4.0,1.0,77,1.0,12,0,1
4.0,1.0,77,1.0,20,0,1
4.0,1.0,77,1.0,5,0,1
4.0,1.0,77,1.0,2,1,1
4.0,1.0,77,1.0,4,0,1
4.0,1.0,77,1.0,5,0,1
4.0,1.0,77,1.0,20,0,1
4.0,1.0,77,1.0,13,0,1
4.0,1.0,77,1.0,15,0,1
4.0,1.0,77,1.0,36,0,1
4.0,1.0,77,1.0,4,0,1
4.0,1.0,77,1.0,18,0,1
4.0,1.0,77,1.0,5,0,1
4.0,1.0,77,1.0,26,0,1
4.0,1.0,77,1.0,5,0,1
4.0,1.0,77,0.8181818181818182,22,0,1
4.0,1.0,77,1.0,33,0,1
4.0,1.0,77,1.0,31,0,1
4.0,1.0,77,1.0,7,0,1
4.0,1.0,77,1.0,14,0,1
4.0,1.0,77,1.0,4,0,1
4.0,1.0,77,1.0,5,0,1
4.0,1.0,77,1.0,63,0,1
4.0,1.0,77,1.0,25,0,1
4.0,1.0,77,1.0,48,0,1
4.0,1.0,77,1.0,22,0,1
4.0,1.0,77,1.0,23,0,1
4.0,1.0,77,1.0,3,1,1
4.0,1.0,77,1.0,4,0,1
4.0,1.0,77,1.0,37,0,1
4.0,1.0,77,1.0,11,0,1
4.0,1.0,77,0.8,10,0,1
4.0,1.0,77,1.0,2,1,1
4.0,0.9642857142857143,28,1.0,45,0,1
4.0,0.9642857142857143,28,1.0,18,0,1
4.0,0.9642857142857143,28,1.0,3,1,1
4.0,0.9642857142857143,28,0.9459459459459459,37,0,1
4.0,0.9642857142857143,28,1.0,26,0,1
4.0,0.9642857142857143,28,1.0,6,0,1
4.0,0.9642857142857143,28,1.0,5,0,1
4.0,0.9642857142857143,28,1.0,13,0,1
4.0,0.9642857142857143,28,1.0,20,0,1
4.0,0.9642857142857143,28,1.0,19,0,1
4.0,0.9642857142857143,28,1.0,21,0,1
4.0,0.9642857142857143,28,1.0,22,0,1
4.0,0.9642857142857143,28,1.0,16,0,1
4.0,0.9642857142857143,28,1.0,23,0,1
4.0,0.9642857142857143,28,1.0,37,0,1
4.0,0.9642857142857143,28,1.0,5,0,1
4.0,0.9642857142857143,28,1.0,48,0,1
4.0,0.9642857142857143,28,1.0,1,1,1
4.0,0.9642857142857143,28,1.0,19,0,1
4.0,0.9642857142857143,28,1.0,2,1,1
4.0,0.9642857142857143,28,1.0,1,1,1
4.0,0.9642857142857143,28,1.0,63,0,1
4.0,0.9642857142857143,28,1.0,23,0,1
4.0,0.9642857142857143,28,1.0,33,0,1
4.0,0.9642857142857143,28,1.0,11,0,1
4.0,0.9642857142857143,28,1.0,44,0,1
4.0,0.9642857142857143,28,1.0,31,0,1
4.0,1.0,12,1.0,4,0,1
4.0,1.0,12,1.0,19,0,1
4.0,1.0,12,1.0,12,0,1
4.0,1.0,12,1.0,16,0,1
4.0,1.0,12,1.0,26,0,1
4.0,1.0,12,1.0,44,0,1
4.0,1.0,12,1.0,31,0,1
4.0,1.0,12,1.0,31,0,1
4.0,1.0,12,1.0,63,0,1
4.0,1.0,12,1.0,27,0,1
4.0,1.0,12,1.0,45,0,1
4.0,1.0,12,1.0,32,0,1
4.0,1.0,5,1.0,7,0,1
4.0,1.0,5,1.0,7,0,1
4.0,1.0,5,1.0,6,0,1
4.0,1.0,5,1.0,8,0,1
4.0,1.0,5,1.0,1,1,1
4.0,1.0,1,1.0,8,0,1
4.0,1.0,5,1.0,37,0,1
4.0,1.0,5,1.0,2,1,1
4.0,1.0,5,1.0,1,1,1
4.0,1.0,5,1.0,1,1,1
4.0,1.0,5,0.8,5,0,1
4.0,0.3333333333333333,3,0.5,4,0,1
4.0,1.0,9,1.0,19,0,1
4.0,1.0,9,1.0,34,0,1
4.0,1.0,9,0.9459459459459459,37,0,1
4.0,1.0,9,1.0,20,0,1
4.0,1.0,9,1.0,23,0,1
4.0,1.0,9,1.0,13,0,1
4.0,1.0,9,1.0,48,0,1
4.0,1.0,9,1.0,45,0,1
4.0,1.0,9,1.0,16,0,1
4.0,1.0,1,0.918918918918919,37,0,1
4.0,1.0,5,1.0,2,1,1
4.0,1.0,5,1.0,7,0,1
4.0,1.0,5,1.0,9,0,1
4.0,1.0,5,1.0,11,0,1
4.0,1.0,5,1.0,4,0,1
4.0,0.5555555555555556,9,1.0,29,0,1
4.0,0.5555555555555556,9,0.6923076923076923,13,0,1
4.0,0.5555555555555556,9,1.0,33,0,1
4.0,0.5555555555555556,9,0.9583333333333334,24,0,1
4.0,0.5555555555555556,9,1.0,56,0,1
4.0,1.0,5,0.9166666666666666,12,0,1
4.0,1.0,5,1.0,1,1,1
4.0,1.0,5,1.0,6,0,1
4.0,1.0,5,0.8,5,0,1
4.0,1.0,5,1.0,4,0,1
4.0,1.0,1,0.8787878787878788,33,0,1
4.0,0.5,8,1.0,56,0,1
4.0,0.5,8,1.0,33,0,1
4.0,0.5,8,1.0,29,0,1
4.0,0.5,8,0.9629629629629629,27,0,1
4.0,0.5,22,1.0,13,0,1
4.0,0.5,22,1.0,17,0,1
4.0,0.5,22,0.8627450980392157,102,0,1
4.0,0.5,22,1.0,8,0,1
4.0,0.5,22,1.0,11,0,1
4.0,0.5,22,1.0,10,0,1
4.0,0.5,22,1.0,6,0,1
4.0,0.5,22,1.0,4,0,1
4.0,0.5,22,1.0,7,0,1
4.0,0.5,22,1.0,5,0,1
4.0,0.5,22,0.9166666666666666,12,0,1
4.0,1.0,3,1.0,7,0,1
4.0,1.0,3,1.0,11,0,1
4.0,1.0,3,1.0,1,1,1
4.0,0.4,5,1.0,14,0,1
4.0,0.4,5,1.0,2,1,1
4.0,1.0,1,0.5,10,0,1
4.0,1.0,14,1.0,2,1,1
4.0,1.0,14,1.0,37,0,1
4.0,1.0,14,1.0,45,0,1
4.0,1.0,14,1.0,28,0,1
4.0,1.0,14,1.0,11,0,1
4.0,1.0,14,1.0,1,1,1
4.0,1.0,14,1.0,14,0,1
4.0,1.0,14,1.0,33,0,1
4.0,1.0,14,1.0,8,0,1
4.0,1.0,14,1.0,10,0,1
4.0,1.0,14,1.0,8,0,1
4.0,1.0,14,1.0,19,0,1
4.0,1.0,14,1.0,4,0,1
4.0,1.0,14,1.0,13,0,1
4.0,1.0,1,0.7619047619047619,21,0,1
4.0,1.0,3,1.0,56,0,1
4.0,1.0,3,0.9583333333333334,24,0,1
4.0,1.0,3,1.0,37,0,1
4.0,1.0,3,0.5,2,1,1
4.0,1.0,3,1.0,27,0,1
4.0,1.0,3,1.0,17,0,1
4.0,1.0,8,1.0,12,0,1
4.0,1.0,8,1.0,23,0,1
4.0,1.0,8,1.0,5,0,1
4.0,1.0,8,1.0,37,0,1
4.0,1.0,8,1.0,6,0,1
4.0,1.0,8,1.0,1,1,1
4.0,1.0,8,1.0,21,0,1
4.0,1.0,8,1.0,22,0,1
4.0,1.0,1,1.0,4,0,1
4.0,0.5,2,1.0,10,0,1
4.0,1.0,4,1.0,21,0,1
4.0,1.0,4,1.0,14,0,1
4.0,1.0,4,1.0,22,0,1
4.0,1.0,4,1.0,19,0,1
4.0,1.0,1,0.3333333333333333,6,0,1
4.0,1.0,4,1.0,10,0,1
4.0,1.0,4,1.0,11,0,1
4.0,1.0,4,1.0,17,0,1
4.0,1.0,4,1.0,6,0,1
4.0,1.0,1,1.0,2,1,1
4.0,0.6666666666666666,3,0.84375,64,0,1
4.0,0.6666666666666666,3,1.0,17,0,1
4.0,0.7272727272727273,11,1.0,11,0,1
4.0,0.7272727272727273,11,1.0,8,0,1
4.0,0.7272727272727273,11,1.0,10,0,1
4.0,0.7272727272727273,11,1.0,7,0,1
4.0,0.7272727272727273,11,1.0,6,0,1
4.0,0.7272727272727273,11,1.0,17,0,1
4.0,0.7272727272727273,11,0.9166666666666666,12,0,1
4.0,0.7272727272727273,11,1.0,4,0,1
4.0,1.0,1,1.0,2,1,1
4.0,0.10714285714285714,28,1.0,6,0,1
4.0,0.10714285714285714,28,0.25,24,0,1
4.0,0.10714285714285714,28,1.0,11,0,1
4.0,1.0,1,1.0,4,0,1
4.0,0.75,8,1.0,6,0,1
4.0,0.75,8,0.6176470588235294,34,0,1
4.0,0.75,8,1.0,4,0,1
4.0,0.75,8,1.0,5,0,1
4.0,0.75,8,1.0,7,0,1
4.0,0.75,8,1.0,2,1,1
4.0,1.0,1,0.7619047619047619,21,0,1
4.0,1.0,1,1.0,56,0,1
4.0,1.0,1,0.9629629629629629,27,0,1
4.0,0.5,2,1.0,3,1,1
4.0,0.2857142857142857,14,1.0,5,0,1
4.0,0.2857142857142857,14,1.0,3,1,1
4.0,0.2857142857142857,14,1.0,1,1,1
4.0,0.2857142857142857,14,1.0,1,1,1
4.0,1.0,9,1.0,7,0,1
4.0,1.0,9,1.0,22,0,1
4.0,1.0,9,1.0,9,0,1
4.0,1.0,9,1.0,14,0,1
4.0,1.0,9,1.0,21,0,1
4.0,1.0,9,1.0,19,0,1
4.0,1.0,9,1.0,9,0,1
4.0,1.0,9,1.0,4,0,1
4.0,1.0,9,1.0,5,0,1
4.0,1.0,3,1.0,2,1,1
4.0,1.0,3,1.0,2,1,1
4.0,1.0,3,1.0,2,1,1
4.0,0.975,40,1.0,33,0,1
4.0,0.975,40,1.0,7,0,1
4.0,0.975,40,1.0,45,0,1
4.0,0.975,40,1.0,9,0,1
4.0,0.975,40,1.0,4,0,1
4.0,0.975,40,1.0,6,0,1
4.0,0.975,40,1.0,20,0,1
4.0,0.975,40,1.0,23,0,1
4.0,0.975,40,1.0,48,0,1
4.0,0.975,40,1.0,34,0,1
4.0,0.975,40,1.0,31,0,1
4.0,0.975,40,1.0,18,0,1
4.0,0.975,40,1.0,19,0,1
4.0,0.975,40,1.0,26,0,1
4.0,0.975,40,1.0,3,1,1
4.0,0.975,40,1.0,21,0,1
4.0,0.975,40,1.0,31,0,1
4.0,0.975,40,1.0,17,0,1
4.0,0.975,40,0.9459459459459459,37,0,1
4.0,0.975,40,1.0,31,0,1
4.0,0.975,40,1.0,22,0,1
4.0,0.975,40,1.0,32,0,1
4.0,0.975,40,1.0,1,1,1
4.0,0.975,40,1.0,32,0,1
4.0,0.975,40,1.0,18,0,1
4.0,0.975,40,1.0,37,0,1
4.0,0.975,40,1.0,19,0,1
4.0,0.975,40,1.0,26,0,1
4.0,0.975,40,1.0,10,0,1
4.0,0.975,40,1.0,10,0,1
4.0,0.975,40,1.0,22,0,1
4.0,0.975,40,1.0,26,0,1
4.0,0.975,40,1.0,25,0,1
4.0,0.975,40,1.0,12,0,1
4.0,0.975,40,1.0,27,0,1
4.0,0.975,40,1.0,63,0,1
4.0,0.975,40,1.0,6,0,1
4.0,0.975,40,1.0,7,0,1
4.0,0.975,40,1.0,20,0,1
4.0,0.5,4,0.6666666666666666,6,0,1
4.0,0.5,4,1.0,3,1,1
4.0,1.0,12,0.9583333333333334,24,0,1
4.0,1.0,12,1.0,20,0,1
4.0,1.0,12,1.0,43,0,1
4.0,1.0,12,1.0,33,0,1
4.0,1.0,12,1.0,18,0,1
4.0,1.0,12,1.0,48,0,1
4.0,1.0,12,1.0,56,0,1
4.0,1.0,12,1.0,27,0,1
4.0,1.0,12,1.0,29,0,1
4.0,1.0,12,1.0,72,0,1
4.0,1.0,12,1.0,37,0,1
4.0,1.0,12,1.0,37,0,1
4.0,0.75,4,1.0,5,0,1
4.0,0.75,4,0.8627450980392157,102,0,1
4.0,0.75,4,1.0,13,0,1
4.0,1.0,2,1.0,3,1,1
4.0,1.0,2,1.0,1,1,1
4.0,1.0,1,1.0,9,0,1
4.0,1.0,1,0.6666666666666666,3,1,1
4.0,1.0,5,1.0,1,1,1
4.0,1.0,5,0.5,2,1,1
4.0,1.0,5,1.0,1,1,1
4.0,1.0,5,1.0,6,0,1
4.0,1.0,5,1.0,3,1,1
4.0,1.0,1,0.918918918918919,37,0,1
4.0,1.0,2,0.6206896551724138,29,0,1
4.0,1.0,2,1.0,14,0,1
4.0,1.0,1,1.0,3,1,1
4.0,0.5,2,0.918918918918919,37,0,1
4.0,0.3333333333333333,3,1.0,8,0,1
4.0,1.0,5,1.0,9,0,1
4.0,1.0,5,1.0,22,0,1
4.0,1.0,5,1.0,14,0,1
4.0,1.0,5,1.0,19,0,1
4.0,1.0,5,1.0,21,0,1
4.0,0.5,2,1.0,5,0,1
4.0,1.0,6,0.6,5,0,1
4.0,1.0,6,1.0,9,0,1
4.0,1.0,6,1.0,4,0,1
4.0,1.0,6,1.0,18,0,1
4.0,1.0,6,1.0,9,0,1
4.0,1.0,6,1.0,27,0,1
4.0,1.0,12,1.0,18,0,1
4.0,1.0,12,1.0,24,0,1
4.0,1.0,12,1.0,28,0,1
4.0,1.0,12,1.0,24,0,1
4.0,1.0,12,1.0,23,0,1
4.0,1.0,12,0.967741935483871,31,0,1
4.0,1.0,12,1.0,27,0,1
4.0,1.0,12,1.0,24,0,1
4.0,1.0,12,1.0,27,0,1
4.0,1.0,12,1.0,25,0,1
4.0,1.0,12,1.0,34,0,1
4.0,1.0,12,1.0,34,0,1
4.0,1.0,1,1.0,9,0,1
4.0,0.2,5,0.918918918918919,37,0,1
4.0,1.0,1,1.0,7,0,1
4.0,0.6666666666666666,3,0.95,20,0,1
4.0,0.6666666666666666,3,0.8627450980392157,102,0,1
4.0,0.8928571428571429,28,1.0,12,0,1
4.0,0.8928571428571429,28,1.0,48,0,1
4.0,0.8928571428571429,28,1.0,37,0,1
4.0,0.8928571428571429,28,1.0,32,0,1
4.0,0.8928571428571429,28,1.0,13,0,1
4.0,0.8928571428571429,28,1.0,34,0,1
4.0,0.8928571428571429,28,1.0,7,0,1
4.0,0.8928571428571429,28,1.0,12,0,1
4.0,0.8928571428571429,28,1.0,14,0,1
4.0,0.8928571428571429,28,1.0,23,0,1
4.0,0.8928571428571429,28,1.0,33,0,1
4.0,0.8928571428571429,28,1.0,8,0,1
4.0,0.8928571428571429,28,1.0,8,0,1
4.0,0.8928571428571429,28,1.0,8,0,1
4.0,0.8928571428571429,28,1.0,20,0,1
4.0,0.8928571428571429,28,1.0,5,0,1
4.0,0.8928571428571429,28,0.9459459459459459,37,0,1
4.0,0.8928571428571429,28,1.0,18,0,1
4.0,0.8928571428571429,28,1.0,15,0,1
4.0,0.8928571428571429,28,1.0,63,0,1
4.0,0.8928571428571429,28,1.0,19,0,1
4.0,0.8928571428571429,28,1.0,32,0,1
4.0,0.8928571428571429,28,1.0,28,0,1
4.0,0.8928571428571429,28,1.0,45,0,1
4.0,0.8928571428571429,28,1.0,16,0,1
4.0,1.0,2,1.0,6,0,1
4.0,1.0,2,1.0,3,1,1
4.0,1.0,23,1.0,5,0,1
4.0,1.0,23,1.0,9,0,1
4.0,1.0,23,1.0,34,0,1
4.0,1.0,23,1.0,5,0,1
4.0,1.0,23,0.8181818181818182,22,0,1
4.0,1.0,23,1.0,32,0,1
4.0,1.0,23,1.0,28,0,1
4.0,1.0,23,1.0,44,0,1
4.0,1.0,23,1.0,48,0,1
4.0,1.0,23,1.0,31,0,1
4.0,1.0,23,1.0,23,0,1
4.0,1.0,23,1.0,21,0,1
4.0,1.0,23,1.0,27,0,1
4.0,1.0,23,1.0,63,0,1
4.0,1.0,23,1.0,32,0,1
4.0,1.0,23,1.0,12,0,1
4.0,1.0,23,1.0,33,0,1
4.0,1.0,23,1.0,45,0,1
4.0,1.0,23,1.0,22,0,1
4.0,1.0,23,1.0,31,0,1
4.0,1.0,23,1.0,17,0,1
4.0,1.0,23,1.0,26,0,1
4.0,1.0,23,1.0,37,0,1
4.0,1.0,9,1.0,44,0,1
4.0,1.0,9,1.0,34,0,1
4.0,1.0,9,1.0,28,0,1
4.0,1.0,9,1.0,33,0,1
4.0,1.0,9,1.0,37,0,1
4.0,1.0,9,1.0,63,0,1
4.0,1.0,9,1.0,8,0,1
4.0,1.0,9,1.0,19,0,1
4.0,1.0,9,1.0,48,0,1
4.0,0.625,8,1.0,7,0,1
4.0,0.625,8,1.0,6,0,1
4.0,0.625,8,1.0,3,1,1
4.0,0.625,8,1.0,7,0,1
4.0,0.625,8,1.0,4,0,1
4.0,1.0,7,1.0,5,0,1
4.0,1.0,7,1.0,1,1,1
4.0,1.0,7,0.85,20,0,1
4.0,1.0,7,0.6176470588235294,34,0,1
4.0,1.0,7,0.9629629629629629,27,0,1
4.0,1.0,7,1.0,37,0,1
4.0,1.0,7,1.0,23,0,1
4.0,1.0,3,1.0,27,0,1
4.0,1.0,3,1.0,3,1,1
4.0,1.0,3,1.0,3,1,1
4.0,1.0,9,1.0,43,0,1
4.0,1.0,9,1.0,33,0,1
4.0,1.0,9,1.0,56,0,1
4.0,1.0,9,1.0,72,0,1
4.0,1.0,9,0.9583333333333334,24,0,1
4.0,1.0,9,1.0,37,0,1
4.0,1.0,9,1.0,20,0,1
4.0,1.0,9,1.0,27,0,1
4.0,1.0,9,1.0,48,0,1
4.0,1.0,8,1.0,6,0,1
4.0,1.0,8,1.0,32,0,1
4.0,1.0,8,1.0,21,0,1
4.0,1.0,8,1.0,63,0,1
4.0,1.0,8,1.0,9,0,1
4.0,1.0,8,1.0,26,0,1
4.0,1.0,8,1.0,48,0,1
4.0,1.0,8,0.631578947368421,19,0,1
4.0,1.0,6,1.0,7,0,1
4.0,1.0,6,1.0,1,1,1
4.0,1.0,6,0.6666666666666666,3,1,1
4.0,1.0,6,1.0,1,1,1
4.0,1.0,6,1.0,7,0,1
4.0,1.0,6,1.0,4,0,1
4.0,1.0,1,0.92,25,0,1
4.0,1.0,12,1.0,18,0,1
4.0,1.0,12,1.0,6,0,1
4.0,1.0,12,1.0,11,0,1
4.0,1.0,12,1.0,34,0,1
4.0,1.0,12,1.0,20,0,1
4.0,1.0,12,1.0,19,0,1
4.0,1.0,12,1.0,31,0,1
4.0,1.0,12,1.0,12,0,1
4.0,1.0,12,1.0,63,0,1
4.0,1.0,12,1.0,48,0,1
4.0,1.0,12,1.0,8,0,1
4.0,1.0,12,1.0,26,0,1
4.0,1.0,1,0.6176470588235294,34,0,1
4.0,1.0,1,1.0,22,0,1
4.0,1.0,9,1.0,5,0,1
4.0,1.0,9,1.0,4,0,1
4.0,1.0,9,1.0,15,0,1
4.0,1.0,9,0.9459459459459459,37,0,1
4.0,1.0,9,1.0,16,0,1
4.0,1.0,9,1.0,45,0,1
4.0,1.0,9,1.0,12,0,1
4.0,1.0,9,1.0,20,0,1
4.0,1.0,9,1.0,23,0,1
4.0,0.7142857142857143,7,0.5,4,0,1
4.0,0.7142857142857143,7,0.6176470588235294,34,0,1
4.0,0.7142857142857143,7,0.92,25,0,1
4.0,0.7142857142857143,7,1.0,1,1,1
4.0,0.7142857142857143,7,0.7619047619047619,21,0,1
4.0,1.0,2,0.6666666666666666,3,1,1
4.0,1.0,2,1.0,8,0,1
4.0,1.0,3,1.0,5,0,1
4.0,1.0,3,1.0,2,1,1
4.0,1.0,3,1.0,3,1,1
4.0,1.0,2,1.0,8,0,1
4.0,1.0,2,0.8627450980392157,102,0,1
4.0,1.0,7,1.0,4,0,1
4.0,1.0,7,1.0,3,1,1
4.0,1.0,7,1.0,3,1,1
4.0,1.0,7,0.8,5,0,1
4.0,1.0,7,1.0,3,1,1
4.0,1.0,7,0.9166666666666666,12,0,1
4.0,1.0,7,1.0,5,0,1
4.0,0.958904109589041,73,1.0,5,0,1
4.0,0.958904109589041,73,1.0,7,0,1
4.0,0.958904109589041,73,1.0,8,0,1
4.0,0.958904109589041,73,1.0,4,0,1
4.0,0.958904109589041,73,1.0,14,0,1
4.0,0.958904109589041,73,1.0,37,0,1
4.0,0.958904109589041,73,1.0,5,0,1
4.0,0.958904109589041,73,1.0,21,0,1
4.0,0.958904109589041,73,1.0,7,0,1
4.0,0.958904109589041,73,1.0,2,1,1
4.0,0.958904109589041,73,1.0,22,0,1
4.0,0.958904109589041,73,1.0,4,0,1
4.0,0.958904109589041,73,1.0,34,0,1
4.0,0.958904109589041,73,1.0,14,0,1
4.0,0.958904109589041,73,1.0,45,0,1
4.0,0.958904109589041,73,1.0,28,0,1
4.0,0.958904109589041,73,1.0,32,0,1
4.0,0.958904109589041,73,1.0,16,0,1
4.0,0.958904109589041,73,1.0,19,0,1
4.0,0.958904109589041,73,1.0,5,0,1
4.0,0.958904109589041,73,1.0,23,0,1
4.0,0.958904109589041,73,1.0,27,0,1
4.0,0.958904109589041,73,1.0,12,0,1
4.0,0.958904109589041,73,1.0,33,0,1
4.0,0.958904109589041,73,1.0,11,0,1
4.0,0.958904109589041,73,1.0,19,0,1
4.0,0.958904109589041,73,1.0,31,0,1
4.0,0.958904109589041,73,1.0,6,0,1
4.0,0.958904109589041,73,1.0,7,0,1
4.0,0.958904109589041,73,1.0,26,0,1
4.0,0.958904109589041,73,1.0,20,0,1
4.0,0.958904109589041,73,1.0,16,0,1
4.0,0.958904109589041,73,1.0,25,0,1
4.0,0.958904109589041,73,1.0,3,1,1
4.0,0.958904109589041,73,1.0,48,0,1
4.0,0.958904109589041,73,1.0,26,0,1
4.0,0.958904109589041,73,0.9333333333333333,15,0,1
4.0,0.958904109589041,73,1.0,13,0,1
4.0,0.958904109589041,73,1.0,20,0,1
4.0,0.958904109589041,73,1.0,22,0,1
4.0,0.958904109589041,73,1.0,19,0,1
4.0,0.958904109589041,73,1.0,32,0,1
4.0,0.958904109589041,73,0.9459459459459459,37,0,1
4.0,0.958904109589041,73,1.0,4,0,1
4.0,0.958904109589041,73,1.0,18,0,1
4.0,0.958904109589041,73,1.0,4,0,1
4.0,0.958904109589041,73,1.0,4,0,1
4.0,0.958904109589041,73,1.0,5,0,1
4.0,0.958904109589041,73,1.0,6,0,1
4.0,0.958904109589041,73,1.0,44,0,1
4.0,0.958904109589041,73,0.8181818181818182,22,0,1
4.0,0.958904109589041,73,1.0,6,0,1
4.0,0.958904109589041,73,1.0,12,0,1
4.0,0.958904109589041,73,1.0,23,0,1
4.0,0.958904109589041,73,1.0,36,0,1
4.0,0.958904109589041,73,1.0,26,0,1
4.0,0.958904109589041,73,1.0,26,0,1
4.0,0.958904109589041,73,1.0,4,0,1
4.0,0.958904109589041,73,1.0,15,0,1
4.0,0.958904109589041,73,1.0,8,0,1
4.0,0.958904109589041,73,1.0,11,0,1
4.0,0.958904109589041,73,1.0,16,0,1
4.0,0.958904109589041,73,1.0,5,0,1
4.0,0.958904109589041,73,1.0,3,1,1
4.0,0.958904109589041,73,1.0,8,0,1
4.0,0.958904109589041,73,1.0,63,0,1
4.0,0.958904109589041,73,0.8,10,0,1
4.0,0.958904109589041,73,1.0,4,0,1
4.0,0.958904109589041,73,1.0,18,0,1
4.0,0.958904109589041,73,1.0,14,0,1
4.0,1.0,1,1.0,1,1,1
4.0,1.0,11,1.0,7,0,1
4.0,1.0,11,1.0,2,1,1
4.0,1.0,11,1.0,6,0,1
4.0,1.0,11,1.0,7,0,1
4.0,1.0,11,1.0,4,0,1
4.0,1.0,11,1.0,3,1,1
4.0,1.0,11,0.5714285714285714,7,0,1
4.0,1.0,11,1.0,4,0,1
4.0,1.0,11,0.75,4,0,1
4.0,1.0,11,1.0,3,1,1
4.0,1.0,11,1.0,3,1,1
4.0,1.0,1,0.6896551724137931,29,0,1
4.0,0.25,8,1.0,1,1,1
4.0,0.25,8,1.0,7,0,1
4.0,1.0,1,0.8627450980392157,102,0,1
4.0,1.0,1,0.6176470588235294,34,0,1
4.0,1.0,9,1.0,31,0,1
4.0,1.0,9,1.0,63,0,1
4.0,1.0,9,0.9459459459459459,37,0,1
4.0,1.0,9,0.75,4,0,1
4.0,1.0,9,1.0,44,0,1
4.0,1.0,9,1.0,36,0,1
4.0,1.0,9,1.0,27,0,1
4.0,1.0,9,1.0,31,0,1
4.0,1.0,9,1.0,8,0,1
4.0,1.0,2,1.0,12,0,1
4.0,1.0,2,1.0,11,0,1
4.0,1.0,10,1.0,10,0,1
4.0,1.0,10,1.0,11,0,1
4.0,1.0,10,1.0,4,0,1
4.0,1.0,10,1.0,11,0,1
4.0,1.0,10,0.6206896551724138,29,0,1
4.0,1.0,10,1.0,5,0,1
4.0,1.0,10,1.0,5,0,1
4.0,1.0,10,1.0,16,0,1
4.0,1.0,10,1.0,7,0,1
4.0,1.0,10,1.0,14,0,1
4.0,1.0,2,0.92,25,0,1
4.0,1.0,2,0.8888888888888888,9,0,1
4.0,1.0,10,1.0,23,0,1
4.0,1.0,10,1.0,29,0,1
4.0,1.0,10,1.0,6,0,1
4.0,1.0,10,1.0,48,0,1
4.0,1.0,10,1.0,72,0,1
4.0,1.0,10,1.0,43,0,1
4.0,1.0,10,1.0,33,0,1
4.0,1.0,10,1.0,56,0,1
4.0,1.0,10,1.0,37,0,1
4.0,1.0,10,1.0,27,0,1
4.0,0.08,25,0.375,24,0,1
4.0,0.08,25,1.0,7,0,1
4.0,1.0,1,0.85,20,0,1
4.0,1.0,1,1.0,3,1,1
4.0,0.03333333333333333,30,0.6666666666666666,6,0,1
4.0,1.0,3,1.0,3,1,1
4.0,1.0,3,1.0,2,1,1
4.0,1.0,3,1.0,6,0,1
4.0,0.8,5,1.0,1,1,1
4.0,0.8,5,1.0,4,0,1
4.0,0.8,5,0.6290322580645161,62,0,1
4.0,0.8,5,1.0,4,0,1
4.0,0.5,2,0.6923076923076923,13,0,1
4.0,1.0,8,1.0,1,1,1
4.0,1.0,8,1.0,8,0,1
4.0,1.0,8,1.0,4,0,1
4.0,1.0,8,1.0,3,1,1
4.0,1.0,8,1.0,3,1,1
4.0,1.0,8,1.0,4,0,1
4.0,1.0,8,1.0,4,0,1
4.0,1.0,8,1.0,1,1,1
4.0,1.0,1,1.0,11,0,1
4.0,1.0,8,1.0,10,0,1
4.0,1.0,8,1.0,21,0,1
4.0,1.0,8,1.0,5,0,1
4.0,1.0,8,1.0,19,0,1
4.0,1.0,8,1.0,14,0,1
4.0,1.0,8,1.0,22,0,1
4.0,1.0,8,1.0,34,0,1
4.0,1.0,8,1.0,9,0,1
4.0,0.95,20,1.0,23,0,1
4.0,0.95,20,1.0,12,0,1
4.0,0.95,20,1.0,31,0,1
4.0,0.95,20,1.0,17,0,1
4.0,0.95,20,1.0,63,0,1
4.0,0.95,20,1.0,9,0,1
4.0,0.95,20,1.0,2,1,1
4.0,0.95,20,1.0,27,0,1
4.0,0.95,20,1.0,4,0,1
4.0,0.95,20,1.0,36,0,1
4.0,0.95,20,1.0,32,0,1
4.0,0.95,20,1.0,15,0,1
4.0,0.95,20,1.0,34,0,1
4.0,0.95,20,1.0,48,0,1
4.0,0.95,20,1.0,1,1,1
4.0,0.95,20,1.0,31,0,1
4.0,0.95,20,1.0,2,1,1
4.0,0.95,20,1.0,25,0,1
4.0,0.95,20,1.0,3,1,1
4.0,1.0,1,0.7619047619047619,21,0,1
4.0,1.0,4,0.6290322580645161,62,0,1
4.0,1.0,4,0.5833333333333334,12,0,1
4.0,1.0,4,1.0,13,0,1
4.0,1.0,4,0.45454545454545453,11,0,1
4.0,1.0,2,0.8627450980392157,102,0,1
4.0,1.0,2,1.0,2,1,1
4.0,1.0,2,1.0,17,0,1
4.0,1.0,2,1.0,27,0,1
4.0,1.0,2,1.0,2,1,1
4.0,1.0,2,1.0,3,1,1
4.0,1.0,1,1.0,2,1,1
4.0,1.0,3,0.95,20,0,1
4.0,1.0,3,0.8627450980392157,102,0,1
4.0,1.0,3,1.0,3,1,1
4.0,1.0,1,0.9629629629629629,27,0,1
4.0,1.0,4,1.0,9,0,1
4.0,1.0,4,0.7142857142857143,7,0,1
4.0,1.0,4,1.0,20,0,1
4.0,1.0,4,1.0,2,1,1
4.0,1.0,1,1.0,13,0,1
4.0,1.0,2,1.0,10,0,1
4.0,1.0,2,1.0,14,0,1
4.0,1.0,2,1.0,13,0,1
4.0,1.0,2,0.8627450980392157,102,0,1
4.0,0.09375,32,0.375,24,0,1
4.0,0.09375,32,1.0,5,0,1
4.0,0.09375,32,1.0,8,0,1
4.0,0.5,4,0.6896551724137931,29,0,1
4.0,0.5,4,0.5,2,1,1
4.0,1.0,7,1.0,15,0,1
4.0,1.0,7,1.0,13,0,1
4.0,1.0,7,1.0,16,0,1
4.0,1.0,7,0.8181818181818182,22,0,1
4.0,1.0,7,1.0,45,0,1
4.0,1.0,7,1.0,12,0,1
4.0,1.0,7,1.0,12,0,1
4.0,1.0,1,0.6290322580645161,62,0,1
4.0,1.0,2,1.0,17,0,1
4.0,1.0,2,1.0,27,0,1
4.0,1.0,20,1.0,7,0,1
4.0,1.0,20,1.0,48,0,1
4.0,1.0,20,1.0,11,0,1
4.0,1.0,20,1.0,31,0,1
4.0,1.0,20,1.0,3,1,1
4.0,1.0,20,1.0,2,1,1
4.0,1.0,20,1.0,12,0,1
4.0,1.0,20,1.0,18,0,1
4.0,1.0,20,1.0,15,0,1
4.0,1.0,20,0.9459459459459459,37,0,1
4.0,1.0,20,1.0,20,0,1
4.0,1.0,20,1.0,34,0,1
4.0,1.0,20,1.0,63,0,1
4.0,1.0,20,1.0,16,0,1
4.0,1.0,20,1.0,12,0,1
4.0,1.0,20,1.0,4,0,1
4.0,1.0,20,1.0,23,0,1
4.0,1.0,20,1.0,19,0,1
4.0,1.0,20,1.0,45,0,1
4.0,1.0,20,1.0,13,0,1
4.0,1.0,52,1.0,12,0,1
4.0,1.0,52,1.0,14,0,1
4.0,1.0,52,1.0,26,0,1
4.0,1.0,52,1.0,6,0,1
4.0,1.0,52,1.0,6,0,1
4.0,1.0,52,1.0,11,0,1
4.0,1.0,52,1.0,26,0,1
4.0,1.0,52,1.0,1,1,1
4.0,1.0,52,1.0,63,0,1
4.0,1.0,52,1.0,1,1,1
4.0,1.0,52,1.0,19,0,1
4.0,1.0,52,1.0,27,0,1
4.0,1.0,52,1.0,9,0,1
4.0,1.0,52,1.0,3,1,1
4.0,1.0,52,1.0,2,1,1
4.0,1.0,52,1.0,22,0,1
4.0,1.0,52,1.0,21,0,1
4.0,1.0,52,1.0,33,0,1
4.0,1.0,52,1.0,36,0,1
4.0,1.0,52,1.0,7,0,1
4.0,1.0,52,1.0,8,0,1
4.0,1.0,52,0.8888888888888888,9,0,1
4.0,1.0,52,1.0,2,1,1
4.0,1.0,52,1.0,2,1,1
4.0,1.0,52,1.0,26,0,1
4.0,1.0,52,1.0,37,0,1
4.0,1.0,52,1.0,2,1,1
4.0,1.0,52,1.0,31,0,1
4.0,1.0,52,1.0,4,0,1
4.0,1.0,52,1.0,45,0,1
4.0,1.0,52,1.0,32,0,1
4.0,1.0,52,1.0,15,0,1
4.0,1.0,52,1.0,10,0,1
4.0,1.0,52,1.0,13,0,1
4.0,1.0,52,1.0,22,0,1
4.0,1.0,52,1.0,16,0,1
4.0,1.0,52,1.0,34,0,1
4.0,1.0,52,0.9459459459459459,37,0,1
4.0,1.0,52,1.0,23,0,1
4.0,1.0,52,1.0,25,0,1
4.0,1.0,52,1.0,31,0,1
4.0,1.0,52,1.0,20,0,1
4.0,1.0,52,1.0,12,0,1
4.0,1.0,52,1.0,19,0,1
4.0,1.0,52,1.0,2,1,1
4.0,1.0,52,1.0,4,0,1
4.0,1.0,52,1.0,28,0,1
4.0,1.0,52,1.0,4,0,1
4.0,1.0,52,1.0,10,0,1
4.0,1.0,52,1.0,18,0,1
4.0,1.0,52,1.0,32,0,1
4.0,1.0,52,1.0,31,0,1
4.0,1.0,2,1.0,1,1,1
4.0,1.0,2,1.0,1,1,1
4.0,1.0,2,1.0,27,0,1
4.0,1.0,2,1.0,17,0,1
4.0,0.3333333333333333,6,1.0,8,0,1
4.0,0.3333333333333333,6,1.0,1,1,1
4.0,0.125,8,1.0,8,0,1
4.0,1.0,1,1.0,9,0,1
4.0,1.0,3,1.0,1,1,1
4.0,1.0,3,1.0,12,0,1
4.0,1.0,3,1.0,3,1,1
4.0,1.0,3,0.75,4,0,1
4.0,1.0,3,0.8,5,0,1
4.0,1.0,3,0.8,5,0,1
4.0,0.5714285714285714,7,0.75,20,0,1
4.0,0.5714285714285714,7,1.0,33,0,1
4.0,0.5714285714285714,7,1.0,72,0,1
4.0,0.5714285714285714,7,1.0,2,1,1
4.0,0.8181818181818182,11,1.0,3,1,1
4.0,0.8181818181818182,11,0.8888888888888888,9,0,1
4.0,0.8181818181818182,11,1.0,3,1,1
4.0,0.8181818181818182,11,1.0,33,0,1
4.0,0.8181818181818182,11,1.0,26,0,1
4.0,0.8181818181818182,11,1.0,15,0,1
4.0,0.8181818181818182,11,1.0,3,1,1
4.0,0.8181818181818182,11,1.0,6,0,1
4.0,0.8181818181818182,11,1.0,8,0,1
4.0,0.45454545454545453,11,0.75,40,0,1
4.0,0.45454545454545453,11,1.0,5,0,1
4.0,0.45454545454545453,11,0.3333333333333333,9,0,1
4.0,0.45454545454545453,11,1.0,12,0,1
4.0,0.45454545454545453,11,1.0,11,0,1
4.0,1.0,1,1.0,5,0,1
4.0,1.0,1,1.0,4,0,1
4.0,1.0,1,1.0,2,1,1
4.0,0.1323529411764706,68,1.0,4,0,1
4.0,0.1323529411764706,68,1.0,27,0,1
4.0,0.1323529411764706,68,1.0,11,0,1
4.0,0.1323529411764706,68,0.8,15,0,1
4.0,0.1323529411764706,68,1.0,17,0,1
4.0,0.1323529411764706,68,0.35,40,0,1
4.0,0.1323529411764706,68,0.8627450980392157,102,0,1
4.0,0.1323529411764706,68,1.0,6,0,1
4.0,0.1323529411764706,68,0.6666666666666666,3,1,1
4.0,1.0,1,1.0,4,0,1
4.0,1.0,1,0.8787878787878788,33,0,1
4.0,1.0,3,1.0,18,0,1
4.0,1.0,3,1.0,10,0,1
4.0,1.0,3,1.0,1,1,1
4.0,0.8130841121495327,107,1.0,3,1,1
4.0,0.8130841121495327,107,1.0,56,0,1
4.0,0.8130841121495327,107,1.0,3,1,1
4.0,0.8130841121495327,107,1.0,10,0,1
4.0,0.8130841121495327,107,1.0,13,0,1
4.0,0.8130841121495327,107,1.0,13,0,1
4.0,0.8130841121495327,107,1.0,27,0,1
4.0,0.8130841121495327,107,1.0,5,0,1
4.0,0.8130841121495327,107,1.0,11,0,1
4.0,0.8130841121495327,107,1.0,25,0,1
4.0,0.8130841121495327,107,1.0,33,0,1
4.0,0.8130841121495327,107,1.0,8,0,1
4.0,0.8130841121495327,107,1.0,72,0,1
4.0,0.8130841121495327,107,1.0,9,0,1
4.0,0.8130841121495327,107,1.0,11,0,1
4.0,0.8130841121495327,107,1.0,28,0,1
4.0,0.8130841121495327,107,0.9230769230769231,13,0,1
4.0,0.8130841121495327,107,1.0,7,0,1
4.0,0.8130841121495327,107,1.0,4,0,1
4.0,0.8130841121495327,107,1.0,8,0,1
4.0,0.8130841121495327,107,1.0,8,0,1
4.0,0.8130841121495327,107,1.0,7,0,1
4.0,0.8130841121495327,107,0.6666666666666666,12,0,1
4.0,0.8130841121495327,107,1.0,7,0,1
4.0,0.8130841121495327,107,1.0,10,0,1
4.0,0.8130841121495327,107,1.0,12,0,1
4.0,0.8130841121495327,107,1.0,18,0,1
4.0,0.8130841121495327,107,1.0,24,0,1
4.0,0.8130841121495327,107,1.0,8,0,1
4.0,0.8130841121495327,107,1.0,23,0,1
4.0,0.8130841121495327,107,1.0,10,0,1
4.0,0.8130841121495327,107,0.75,20,0,1
4.0,0.8130841121495327,107,1.0,8,0,1
4.0,0.8130841121495327,107,1.0,7,0,1
4.0,0.8130841121495327,107,1.0,9,0,1
4.0,0.8130841121495327,107,1.0,8,0,1
4.0,0.8130841121495327,107,1.0,9,0,1
4.0,0.8130841121495327,107,1.0,18,0,1
4.0,0.8130841121495327,107,1.0,7,0,1
4.0,0.8130841121495327,107,0.6896551724137931,29,0,1
4.0,0.8130841121495327,107,1.0,6,0,1
4.0,0.8130841121495327,107,1.0,8,0,1
4.0,0.8130841121495327,107,1.0,8,0,1
4.0,0.8130841121495327,107,0.5217391304347826,23,0,1
4.0,0.8130841121495327,107,0.8888888888888888,9,0,1
4.0,0.8130841121495327,107,1.0,24,0,1
4.0,0.8130841121495327,107,1.0,34,0,1
4.0,0.8130841121495327,107,1.0,24,0,1
4.0,0.8130841121495327,107,1.0,34,0,1
4.0,0.8130841121495327,107,0.8888888888888888,9,0,1
4.0,0.8130841121495327,107,0.84375,64,0,1
4.0,0.8130841121495327,107,0.8888888888888888,9,0,1
4.0,0.8130841121495327,107,1.0,8,0,1
4.0,0.8130841121495327,107,0.22388059701492538,67,0,1
4.0,0.8130841121495327,107,1.0,14,0,1
4.0,0.8130841121495327,107,1.0,27,0,1
4.0,0.8130841121495327,107,1.0,12,0,1
4.0,0.8130841121495327,107,1.0,8,0,1
4.0,0.8130841121495327,107,0.5142857142857142,35,0,1
4.0,0.8130841121495327,107,0.8181818181818182,11,0,1
4.0,0.8130841121495327,107,1.0,8,0,1
4.0,0.8130841121495327,107,1.0,8,0,1
4.0,0.8130841121495327,107,1.0,19,0,1
4.0,0.8130841121495327,107,1.0,8,0,1
4.0,0.8130841121495327,107,1.0,2,1,1
4.0,0.8130841121495327,107,0.875,8,0,1
4.0,0.8130841121495327,107,0.967741935483871,31,0,1
4.0,0.8130841121495327,107,0.3870967741935484,31,0,1
4.0,0.8130841121495327,107,0.9166666666666666,12,0,1
4.0,0.8130841121495327,107,0.9333333333333333,15,0,1
4.0,0.8130841121495327,107,1.0,10,0,1
4.0,0.8130841121495327,107,0.55,20,0,1
4.0,0.8130841121495327,107,1.0,10,0,1
4.0,0.8130841121495327,107,1.0,8,0,1
4.0,0.8130841121495327,107,1.0,12,0,1
4.0,0.8130841121495327,107,1.0,8,0,1
4.0,0.8130841121495327,107,1.0,7,0,1
4.0,0.8130841121495327,107,1.0,8,0,1
4.0,0.8130841121495327,107,1.0,17,0,1
4.0,0.8130841121495327,107,1.0,12,0,1
4.0,0.8130841121495327,107,1.0,6,0,1
4.0,0.8130841121495327,107,1.0,4,0,1
4.0,0.8130841121495327,107,1.0,6,0,1
4.0,0.8130841121495327,107,1.0,4,0,1
4.0,0.8130841121495327,107,1.0,8,0,1
4.0,0.8130841121495327,107,1.0,4,0,1
4.0,0.8130841121495327,107,1.0,3,1,1
4.0,1.0,3,1.0,9,0,1
4.0,1.0,3,1.0,11,0,1
4.0,1.0,3,1.0,20,0,1
4.0,1.0,4,1.0,48,0,1
4.0,1.0,4,1.0,23,0,1
4.0,1.0,4,1.0,37,0,1
4.0,1.0,4,1.0,43,0,1
4.0,0.5555555555555556,9,1.0,11,0,1
4.0,0.5555555555555556,9,1.0,2,1,1
4.0,0.5555555555555556,9,1.0,7,0,1
4.0,0.5555555555555556,9,0.75,40,0,1
4.0,0.5555555555555556,9,1.0,12,0,1
4.0,1.0,1,0.75,40,0,1
4.0,1.0,8,1.0,10,0,1
4.0,1.0,8,0.3076923076923077,13,0,1
4.0,1.0,8,1.0,48,0,1
4.0,1.0,8,1.0,23,0,1
4.0,1.0,8,1.0,43,0,1
4.0,1.0,8,1.0,72,0,1
4.0,1.0,8,1.0,14,0,1
4.0,1.0,8,1.0,37,0,1
4.0,1.0,1,0.9166666666666666,12,0,1
4.0,1.0,1,1.0,5,0,1
4.0,1.0,2,1.0,10,0,1
4.0,1.0,2,1.0,34,0,1
4.0,1.0,1,1.0,13,0,1
4.0,1.0,9,1.0,27,0,1
4.0,1.0,9,1.0,48,0,1
4.0,1.0,9,1.0,72,0,1
4.0,1.0,9,1.0,56,0,1
4.0,1.0,9,1.0,11,0,1
4.0,1.0,9,1.0,43,0,1
4.0,1.0,9,1.0,20,0,1
4.0,1.0,9,0.9583333333333334,24,0,1
4.0,1.0,9,1.0,37,0,1
4.0,1.0,1,0.92,25,0,1
4.0,0.1875,32,1.0,4,0,1
4.0,0.1875,32,1.0,6,0,1
4.0,0.1875,32,0.35,40,0,1
4.0,0.1875,32,1.0,11,0,1
4.0,0.1875,32,0.25,24,0,1
4.0,0.1875,32,0.6666666666666666,6,0,1
4.0,1.0,1,1.0,2,1,1
4.0,1.0,1,0.918918918918919,37,0,1
4.0,1.0,1,0.918918918918919,37,0,1
4.0,1.0,1,1.0,5,0,1
4.0,0.38461538461538464,13,1.0,4,0,1
4.0,0.38461538461538464,13,1.0,3,1,1
4.0,0.38461538461538464,13,1.0,3,1,1
4.0,0.38461538461538464,13,1.0,3,1,1
4.0,0.38461538461538464,13,1.0,4,0,1
4.0,1.0,2,1.0,9,0,1
4.0,1.0,2,1.0,1,1,1
4.0,1.0,2,1.0,3,1,1
4.0,1.0,2,1.0,1,1,1
4.0,1.0,2,1.0,1,1,1
4.0,1.0,2,1.0,1,1,1
4.0,1.0,16,1.0,34,0,1
4.0,1.0,16,1.0,34,0,1
4.0,1.0,16,0.75,20,0,1
4.0,1.0,16,0.9333333333333333,15,0,1
4.0,1.0,16,1.0,24,0,1
4.0,1.0,16,0.967741935483871,31,0,1
4.0,1.0,16,1.0,24,0,1
4.0,1.0,16,1.0,72,0,1
4.0,1.0,16,1.0,2,1,1
4.0,1.0,16,1.0,27,0,1
4.0,1.0,16,1.0,28,0,1
4.0,1.0,16,1.0,24,0,1
4.0,1.0,16,1.0,23,0,1
4.0,1.0,16,1.0,25,0,1
4.0,1.0,16,1.0,27,0,1
4.0,1.0,16,1.0,33,0,1
4.0,0.3333333333333333,3,0.918918918918919,37,0,1
4.0,0.03225806451612903,31,0.375,24,0,1
4.0,1.0,6,0.5714285714285714,7,0,1
4.0,1.0,6,1.0,3,1,1
4.0,1.0,6,1.0,2,1,1
4.0,1.0,6,1.0,1,1,1
4.0,1.0,6,1.0,3,1,1
4.0,1.0,6,0.4,5,0,1
4.0,1.0,1,0.8787878787878788,33,0,1
4.0,1.0,1,1.0,6,0,1
4.0,1.0,2,1.0,3,1,1
4.0,1.0,2,1.0,1,1,1
4.0,1.0,3,0.125,8,0,1
4.0,1.0,3,0.75,40,0,1
4.0,1.0,3,1.0,8,0,1
4.0,0.02666666666666667,75,1.0,3,1,1
4.0,0.02666666666666667,75,0.6923076923076923,13,0,1
4.0,1.0,1,1.0,2,1,1
4.0,1.0,5,1.0,4,0,1
4.0,1.0,5,1.0,3,1,1
4.0,1.0,5,1.0,3,1,1
4.0,1.0,5,1.0,2,1,1
4.0,1.0,5,0.5,2,1,1
4.0,1.0,1,1.0,1,1,1
4.0,1.0,1,1.0,1,1,1
4.0,1.0,3,0.6153846153846154,13,0,1
4.0,1.0,3,1.0,4,0,1
4.0,1.0,3,1.0,15,0,1
4.0,0.6666666666666666,3,0.95,20,0,1
4.0,0.6666666666666666,3,0.8627450980392157,102,0,1
4.0,1.0,1,1.0,1,1,1
4.0,1.0,1,1.0,1,1,1
4.0,1.0,2,1.0,1,1,1
4.0,1.0,2,1.0,1,1,1
4.0,0.3333333333333333,6,0.84375,64,0,1
4.0,0.3333333333333333,6,1.0,3,1,1
4.0,1.0,2,1.0,2,1,1
4.0,1.0,2,1.0,1,1,1
4.0,0.5,2,0.90625,32,0,1
4.0,1.0,3,1.0,2,1,1
4.0,1.0,3,1.0,1,1,1
4.0,1.0,3,0.6666666666666666,3,1,1
4.0,1.0,1,0.918918918918919,37,0,1
4.0,1.0,6,1.0,3,1,1
4.0,1.0,6,1.0,6,0,1
4.0,1.0,6,1.0,15,0,1
4.0,1.0,6,1.0,33,0,1
4.0,1.0,6,1.0,26,0,1
4.0,1.0,6,1.0,8,0,1
4.0,1.0,2,0.9285714285714286,14,0,1
4.0,1.0,2,0.5,10,0,1
4.0,1.0,1,0.45454545454545453,11,0,1
4.0,1.0,1,0.45454545454545453,11,0,1
4.0,1.0,1,0.45454545454545453,11,0,1
4.0,1.0,1,0.8787878787878788,33,0,1
4.0,1.0,3,1.0,7,0,1
4.0,1.0,3,1.0,14,0,1
4.0,1.0,3,0.6206896551724138,29,0,1
4.0,1.0,1,0.8627450980392157,102,0,1
4.0,1.0,29,1.0,7,0,1
4.0,1.0,29,1.0,14,0,1
4.0,1.0,29,1.0,44,0,1
4.0,1.0,29,1.0,21,0,1
4.0,1.0,29,1.0,27,0,1
4.0,1.0,29,1.0,4,0,1
4.0,1.0,29,1.0,31,0,1
4.0,1.0,29,0.8181818181818182,22,0,1
4.0,1.0,29,1.0,31,0,1
4.0,1.0,29,1.0,32,0,1
4.0,1.0,29,1.0,15,0,1
4.0,1.0,29,1.0,23,0,1
4.0,1.0,29,1.0,19,0,1
4.0,1.0,29,1.0,26,0,1
4.0,1.0,29,1.0,48,0,1
4.0,1.0,29,1.0,26,0,1
4.0,1.0,29,1.0,17,0,1
4.0,1.0,29,1.0,45,0,1
4.0,1.0,29,1.0,63,0,1
4.0,1.0,29,1.0,32,0,1
4.0,1.0,29,1.0,34,0,1
4.0,1.0,29,1.0,14,0,1
4.0,1.0,29,1.0,18,0,1
4.0,1.0,29,1.0,33,0,1
4.0,1.0,29,1.0,28,0,1
4.0,1.0,29,1.0,9,0,1
4.0,1.0,29,1.0,37,0,1
4.0,1.0,29,1.0,36,0,1
4.0,1.0,29,1.0,12,0,1
4.0,0.8181818181818182,11,1.0,27,0,1
4.0,0.8181818181818182,11,1.0,26,0,1
4.0,0.8181818181818182,11,1.0,32,0,1
4.0,0.8181818181818182,11,1.0,6,0,1
4.0,0.8181818181818182,11,1.0,31,0,1
4.0,0.8181818181818182,11,1.0,63,0,1
4.0,0.8181818181818182,11,1.0,31,0,1
4.0,0.8181818181818182,11,0.9459459459459459,37,0,1
4.0,0.8181818181818182,11,1.0,8,0,1
4.0,1.0,18,1.0,33,0,1
4.0,1.0,18,1.0,44,0,1
4.0,1.0,18,1.0,21,0,1
4.0,1.0,18,1.0,48,0,1
4.0,1.0,18,1.0,32,0,1
4.0,1.0,18,1.0,26,0,1
4.0,1.0,18,1.0,28,0,1
4.0,1.0,18,1.0,45,0,1
4.0,1.0,18,1.0,17,0,1
4.0,1.0,18,1.0,26,0,1
4.0,1.0,18,1.0,37,0,1
4.0,1.0,18,1.0,12,0,1
4.0,1.0,18,1.0,31,0,1
4.0,1.0,18,1.0,34,0,1
4.0,1.0,18,1.0,27,0,1
4.0,1.0,18,1.0,31,0,1
4.0,1.0,18,1.0,63,0,1
4.0,1.0,18,0.8181818181818182,22,0,1
4.0,1.0,21,1.0,28,0,1
4.0,1.0,21,1.0,16,0,1
4.0,1.0,21,1.0,36,0,1
4.0,1.0,21,1.0,45,0,1
4.0,1.0,21,0.9459459459459459,37,0,1
4.0,1.0,21,1.0,26,0,1
4.0,1.0,21,1.0,32,0,1
4.0,1.0,21,1.0,32,0,1
4.0,1.0,21,1.0,48,0,1
4.0,1.0,21,1.0,63,0,1
4.0,1.0,21,1.0,31,0,1
4.0,1.0,21,1.0,23,0,1
4.0,1.0,21,0.8888888888888888,9,0,1
4.0,1.0,21,1.0,26,0,1
4.0,1.0,21,1.0,33,0,1
4.0,1.0,21,1.0,15,0,1
4.0,1.0,21,1.0,14,0,1
4.0,1.0,21,1.0,17,0,1
4.0,1.0,21,1.0,37,0,1
4.0,1.0,21,1.0,34,0,1
4.0,1.0,21,1.0,19,0,1
4.0,1.0,33,1.0,31,0,1
4.0,1.0,33,1.0,10,0,1
4.0,1.0,33,1.0,14,0,1
4.0,1.0,33,1.0,5,0,1
4.0,1.0,33,1.0,32,0,1
4.0,1.0,33,0.8888888888888888,9,0,1
4.0,1.0,33,1.0,16,0,1
4.0,1.0,33,1.0,22,0,1
4.0,1.0,33,1.0,19,0,1
4.0,1.0,33,1.0,33,0,1
4.0,1.0,33,1.0,15,0,1
4.0,1.0,33,1.0,36,0,1
4.0,1.0,33,1.0,15,0,1
4.0,1.0,33,1.0,27,0,1
4.0,1.0,33,1.0,34,0,1
4.0,1.0,33,1.0,21,0,1
4.0,1.0,33,1.0,26,0,1
4.0,1.0,33,1.0,32,0,1
4.0,1.0,33,1.0,28,0,1
4.0,1.0,33,1.0,17,0,1
4.0,1.0,33,1.0,3,1,1
4.0,1.0,33,0.9459459459459459,37,0,1
4.0,1.0,33,1.0,3,1,1
4.0,1.0,33,1.0,4,0,1
4.0,1.0,33,1.0,48,0,1
4.0,1.0,33,1.0,23,0,1
4.0,1.0,33,1.0,12,0,1
4.0,1.0,33,1.0,22,0,1
4.0,1.0,33,1.0,31,0,1
4.0,1.0,33,1.0,26,0,1
4.0,1.0,33,1.0,45,0,1
4.0,1.0,33,1.0,63,0,1
4.0,1.0,33,1.0,37,0,1
4.0,1.0,38,1.0,34,0,1
4.0,1.0,38,1.0,28,0,1
4.0,1.0,38,1.0,20,0,1
4.0,1.0,38,1.0,37,0,1
4.0,1.0,38,1.0,22,0,1
4.0,1.0,38,1.0,12,0,1
4.0,1.0,38,1.0,26,0,1
4.0,1.0,38,1.0,23,0,1
4.0,1.0,38,1.0,12,0,1
4.0,1.0,38,1.0,44,0,1
4.0,1.0,38,0.8181818181818182,22,0,1
4.0,1.0,38,0.75,4,0,1
4.0,1.0,38,1.0,8,0,1
4.0,1.0,38,1.0,27,0,1
4.0,1.0,38,1.0,19,0,1
4.0,1.0,38,1.0,26,0,1
4.0,1.0,38,1.0,31,0,1
4.0,1.0,38,1.0,31,0,1
4.0,1.0,38,1.0,25,0,1
4.0,1.0,38,1.0,33,0,1
4.0,1.0,38,1.0,32,0,1
4.0,1.0,38,1.0,17,0,1
4.0,1.0,38,1.0,63,0,1
4.0,1.0,38,1.0,14,0,1
4.0,1.0,38,1.0,19,0,1
4.0,1.0,38,1.0,32,0,1
4.0,1.0,38,1.0,26,0,1
4.0,1.0,38,1.0,19,0,1
4.0,1.0,38,1.0,10,0,1
4.0,1.0,38,1.0,18,0,1
4.0,1.0,38,1.0,7,0,1
4.0,1.0,38,1.0,22,0,1
4.0,1.0,38,1.0,36,0,1
4.0,1.0,38,1.0,45,0,1
4.0,1.0,38,1.0,48,0,1
4.0,1.0,38,1.0,7,0,1
4.0,1.0,38,1.0,4,0,1
4.0,1.0,38,1.0,21,0,1
4.0,1.0,22,1.0,31,0,1
4.0,1.0,22,1.0,44,0,1
4.0,1.0,22,1.0,45,0,1
4.0,1.0,22,1.0,6,0,1
4.0,1.0,22,1.0,63,0,1
4.0,1.0,22,1.0,37,0,1
4.0,1.0,22,1.0,34,0,1
4.0,1.0,22,1.0,32,0,1
4.0,1.0,22,1.0,19,0,1
4.0,1.0,22,1.0,6,0,1
4.0,1.0,22,1.0,27,0,1
4.0,1.0,22,1.0,8,0,1
4.0,1.0,22,1.0,32,0,1
4.0,1.0,22,1.0,21,0,1
4.0,1.0,22,1.0,48,0,1
4.0,1.0,22,1.0,31,0,1
4.0,1.0,22,0.8181818181818182,22,0,1
4.0,1.0,22,1.0,14,0,1
4.0,1.0,22,1.0,28,0,1
4.0,1.0,22,1.0,26,0,1
4.0,1.0,22,1.0,33,0,1
4.0,1.0,22,1.0,18,0,1
4.0,1.0,1,0.8627450980392157,102,0,1
4.0,1.0,1,1.0,5,0,1
4.0,1.0,1,0.8627450980392157,102,0,1
4.0,1.0,1,0.8627450980392157,102,0,1
4.0,1.0,4,0.6206896551724138,29,0,1
4.0,1.0,4,0.9629629629629629,27,0,1
4.0,1.0,4,1.0,7,0,1
4.0,1.0,4,1.0,7,0,1
4.0,1.0,2,1.0,7,0,1
4.0,1.0,2,0.9629629629629629,27,0,1
4.0,1.0,2,0.9629629629629629,27,0,1
4.0,1.0,2,1.0,7,0,1
4.0,0.8181818181818182,11,0.3333333333333333,9,0,1
4.0,0.8181818181818182,11,1.0,12,0,1
4.0,0.8181818181818182,11,1.0,11,0,1
4.0,0.8181818181818182,11,1.0,17,0,1
4.0,0.8181818181818182,11,0.6290322580645161,62,0,1
4.0,0.8181818181818182,11,0.6842105263157895,19,0,1
4.0,0.8181818181818182,11,0.90625,32,0,1
4.0,0.8181818181818182,11,0.84375,64,0,1
4.0,0.8181818181818182,11,1.0,12,0,1
4.0,1.0,3,1.0,6,0,1
4.0,1.0,3,0.9,10,0,1
4.0,1.0,3,1.0,5,0,1
4.0,1.0,1,0.8627450980392157,102,0,1
4.0,1.0,1,1.0,23,0,1
4.0,0.9375,16,1.0,13,0,1
4.0,0.9375,16,1.0,26,0,1
4.0,0.9375,16,1.0,17,0,1
4.0,0.9375,16,1.0,56,0,1
4.0,0.9375,16,1.0,48,0,1
4.0,0.9375,16,1.0,18,0,1
4.0,0.9375,16,1.0,72,0,1
4.0,0.9375,16,1.0,29,0,1
4.0,0.9375,16,1.0,6,0,1
4.0,0.9375,16,1.0,33,0,1
4.0,0.9375,16,1.0,6,0,1
4.0,0.9375,16,1.0,14,0,1
4.0,0.9375,16,1.0,43,0,1
4.0,0.9375,16,1.0,27,0,1
4.0,0.9375,16,1.0,37,0,1
4.0,1.0,1,1.0,6,0,1
4.0,0.5,2,1.0,20,0,1
4.0,1.0,1,1.0,34,0,1
4.0,1.0,6,1.0,10,0,1
4.0,1.0,6,0.9166666666666666,12,0,1
4.0,1.0,6,0.8888888888888888,18,0,1
4.0,1.0,6,0.6666666666666666,12,0,1
4.0,1.0,6,0.9285714285714286,14,0,1
4.0,1.0,6,1.0,4,0,1
4.0,1.0,96,1.0,7,0,1
4.0,1.0,96,1.0,10,0,1
4.0,1.0,96,1.0,24,0,1
4.0,1.0,96,1.0,7,0,1
4.0,1.0,96,0.8181818181818182,11,0,1
4.0,1.0,96,1.0,33,0,1
4.0,1.0,96,1.0,10,0,1
4.0,1.0,96,0.9166666666666666,12,0,1
4.0,1.0,96,0.8888888888888888,9,0,1
4.0,1.0,96,0.55,20,0,1
4.0,1.0,96,1.0,5,0,1
4.0,1.0,96,1.0,10,0,1
4.0,1.0,96,1.0,27,0,1
4.0,1.0,96,1.0,56,0,1
4.0,1.0,96,1.0,8,0,1
4.0,1.0,96,0.967741935483871,31,0,1
4.0,1.0,96,1.0,22,0,1
4.0,1.0,96,1.0,14,0,1
4.0,1.0,96,1.0,8,0,1
4.0,1.0,96,0.9333333333333333,15,0,1
4.0,1.0,96,0.9230769230769231,13,0,1
4.0,1.0,96,0.6666666666666666,12,0,1
4.0,1.0,96,1.0,5,0,1
4.0,1.0,96,1.0,6,0,1
4.0,1.0,96,0.9,10,0,1
4.0,1.0,96,1.0,6,0,1
4.0,1.0,96,0.8333333333333334,6,0,1
4.0,1.0,96,1.0,28,0,1
4.0,1.0,96,1.0,24,0,1
4.0,1.0,96,1.0,10,0,1
4.0,1.0,96,1.0,25,0,1
4.0,1.0,96,1.0,34,0,1
4.0,1.0,96,1.0,12,0,1
4.0,1.0,96,1.0,12,0,1
4.0,1.0,96,1.0,9,0,1
4.0,1.0,96,1.0,6,0,1
4.0,1.0,96,1.0,9,0,1
4.0,1.0,96,0.8888888888888888,9,0,1
4.0,1.0,96,1.0,8,0,1
4.0,1.0,96,1.0,13,0,1
4.0,1.0,96,1.0,11,0,1
4.0,1.0,96,1.0,8,0,1
4.0,1.0,96,1.0,7,0,1
4.0,1.0,96,1.0,3,1,1
4.0,1.0,96,1.0,7,0,1
4.0,1.0,96,1.0,8,0,1
4.0,1.0,96,1.0,8,0,1
4.0,1.0,96,0.875,8,0,1
4.0,1.0,96,1.0,7,0,1
4.0,1.0,96,1.0,8,0,1
4.0,1.0,96,1.0,12,0,1
4.0,1.0,96,1.0,10,0,1
4.0,1.0,96,1.0,23,0,1
4.0,1.0,96,1.0,8,0,1
4.0,1.0,96,0.6896551724137931,29,0,1
4.0,1.0,96,1.0,8,0,1
4.0,1.0,96,1.0,8,0,1
4.0,1.0,96,1.0,9,0,1
4.0,1.0,96,1.0,8,0,1
4.0,1.0,96,1.0,19,0,1
4.0,1.0,96,0.8888888888888888,9,0,1
4.0,1.0,96,1.0,34,0,1
4.0,1.0,96,1.0,12,0,1
4.0,1.0,96,1.0,9,0,1
4.0,1.0,96,1.0,18,0,1
4.0,1.0,96,1.0,21,0,1
4.0,1.0,96,1.0,13,0,1
4.0,1.0,96,1.0,24,0,1
4.0,1.0,96,1.0,8,0,1
4.0,1.0,96,1.0,8,0,1
4.0,1.0,96,0.5217391304347826,23,0,1
4.0,1.0,96,1.0,8,0,1
4.0,1.0,96,1.0,8,0,1
4.0,1.0,96,1.0,3,1,1
4.0,1.0,96,1.0,27,0,1
4.0,1.0,96,1.0,19,0,1
4.0,1.0,96,1.0,3,1,1
4.0,1.0,96,0.84375,64,0,1
4.0,1.0,96,1.0,72,0,1
4.0,1.0,96,1.0,6,0,1
4.0,1.0,96,0.5142857142857142,35,0,1
4.0,1.0,96,1.0,25,0,1
4.0,1.0,96,0.3870967741935484,31,0,1
4.0,1.0,96,1.0,8,0,1
4.0,1.0,96,0.6111111111111112,18,0,1
4.0,1.0,96,1.0,7,0,1
4.0,1.0,96,1.0,5,0,1
4.0,1.0,96,1.0,8,0,1
4.0,1.0,96,0.75,20,0,1
4.0,1.0,96,1.0,17,0,1
4.0,1.0,96,0.8888888888888888,9,0,1
4.0,1.0,96,1.0,7,0,1
4.0,1.0,96,1.0,5,0,1
4.0,1.0,96,1.0,11,0,1
4.0,1.0,96,1.0,6,0,1
4.0,1.0,96,1.0,5,0,1
4.0,1.0,1,0.918918918918919,37,0,1
4.0,1.0,2,0.6470588235294118,17,0,1
4.0,1.0,2,1.0,17,0,1
4.0,0.75,4,1.0,2,1,1
4.0,0.75,4,1.0,4,0,1
4.0,0.75,4,1.0,3,1,1
4.0,1.0,5,1.0,11,0,1
4.0,1.0,5,1.0,15,0,1
4.0,1.0,5,1.0,6,0,1
4.0,1.0,5,1.0,25,0,1
4.0,1.0,5,1.0,6,0,1
4.0,1.0,11,0.9166666666666666,12,0,1
4.0,1.0,11,0.84375,64,0,1
4.0,1.0,11,0.6842105263157895,19,0,1
4.0,1.0,11,1.0,2,1,1
4.0,1.0,11,0.6290322580645161,62,0,1
4.0,1.0,11,0.90625,32,0,1
4.0,1.0,11,1.0,12,0,1
4.0,1.0,11,1.0,9,0,1
4.0,1.0,11,1.0,7,0,1
4.0,1.0,11,0.9166666666666666,12,0,1
4.0,1.0,11,1.0,17,0,1
4.0,1.0,2,0.84375,64,0,1
4.0,1.0,2,0.90625,32,0,1
4.0,1.0,2,1.0,3,1,1
4.0,1.0,2,0.5,4,0,1
4.0,0.6666666666666666,3,0.9,10,0,1
4.0,0.6666666666666666,3,1.0,1,1,1
4.0,0.75,4,1.0,4,0,1
4.0,0.75,4,1.0,15,0,1
4.0,0.75,4,1.0,33,0,1
4.0,1.0,3,1.0,33,0,1
4.0,1.0,3,1.0,29,0,1
4.0,1.0,3,1.0,72,0,1
4.0,1.0,2,1.0,72,0,1
4.0,1.0,2,1.0,33,0,1
4.0,1.0,12,1.0,8,0,1
4.0,1.0,12,1.0,33,0,1
4.0,1.0,12,1.0,48,0,1
4.0,1.0,12,1.0,16,0,1
4.0,1.0,12,1.0,36,0,1
4.0,1.0,12,0.9459459459459459,37,0,1
4.0,1.0,12,1.0,34,0,1
4.0,1.0,12,1.0,37,0,1
4.0,1.0,12,1.0,32,0,1
4.0,1.0,12,1.0,28,0,1
4.0,1.0,12,1.0,19,0,1
4.0,1.0,12,1.0,23,0,1
4.0,1.0,4,1.0,8,0,1
4.0,1.0,4,1.0,18,0,1
4.0,1.0,4,1.0,31,0,1
4.0,1.0,4,1.0,19,0,1
4.0,1.0,21,1.0,63,0,1
4.0,1.0,21,1.0,31,0,1
4.0,1.0,21,1.0,26,0,1
4.0,1.0,21,1.0,19,0,1
4.0,1.0,21,1.0,45,0,1
4.0,1.0,21,1.0,23,0,1
4.0,1.0,21,1.0,7,0,1
4.0,1.0,21,1.0,12,0,1
4.0,1.0,21,1.0,33,0,1
4.0,1.0,21,1.0,20,0,1
4.0,1.0,21,0.9459459459459459,37,0,1
4.0,1.0,21,1.0,8,0,1
4.0,1.0,21,1.0,28,0,1
4.0,1.0,21,1.0,37,0,1
4.0,1.0,21,1.0,22,0,1
4.0,1.0,21,1.0,20,0,1
4.0,1.0,21,1.0,18,0,1
4.0,1.0,21,1.0,48,0,1
4.0,1.0,21,1.0,21,0,1
4.0,1.0,21,1.0,25,0,1
4.0,1.0,21,1.0,34,0,1
4.0,1.0,6,1.0,3,1,1
4.0,1.0,6,1.0,3,1,1
4.0,1.0,6,1.0,4,0,1
4.0,1.0,6,1.0,4,0,1
4.0,1.0,6,1.0,4,0,1
4.0,1.0,6,1.0,8,0,1
4.0,0.6666666666666666,3,1.0,1,1,1
4.0,0.6666666666666666,3,1.0,3,1,1
4.0,1.0,1,1.0,8,0,1
4.0,1.0,2,1.0,1,1,1
4.0,1.0,2,1.0,8,0,1
4.0,1.0,1,0.6153846153846154,13,0,1
4.0,1.0,2,0.6470588235294118,17,0,1
4.0,1.0,2,1.0,17,0,1
4.0,1.0,1,1.0,4,0,1
4.0,1.0,1,1.0,31,0,1
4.0,1.0,4,1.0,3,1,1
4.0,1.0,4,1.0,1,1,1
4.0,1.0,4,1.0,6,0,1
4.0,1.0,4,1.0,1,1,1
4.0,1.0,1,0.9629629629629629,27,0,1
4.0,1.0,1,1.0,4,0,1
4.0,1.0,2,1.0,3,1,1
4.0,1.0,2,1.0,7,0,1
4.0,1.0,1,1.0,13,0,1
4.0,1.0,1,0.5,10,0,1
4.0,1.0,2,0.85,20,0,1
4.0,1.0,2,0.6176470588235294,34,0,1
4.0,1.0,1,0.7619047619047619,21,0,1
4.0,1.0,7,1.0,72,0,1
4.0,1.0,7,1.0,14,0,1
4.0,1.0,7,1.0,37,0,1
4.0,1.0,7,1.0,48,0,1
4.0,1.0,7,1.0,43,0,1
4.0,1.0,7,0.6290322580645161,62,0,1
4.0,1.0,7,1.0,23,0,1
4.0,0.5,2,0.9629629629629629,27,0,1
4.0,0.3333333333333333,6,1.0,7,0,1
4.0,0.3333333333333333,6,1.0,9,0,1
4.0,0.16666666666666666,12,1.0,9,0,1
4.0,0.16666666666666666,12,0.7619047619047619,21,0,1
4.0,1.0,1,0.7619047619047619,21,0,1
4.0,1.0,3,0.8627450980392157,102,0,1
4.0,1.0,3,1.0,8,0,1
4.0,1.0,3,0.85,20,0,1
4.0,0.6666666666666666,3,1.0,3,1,1
4.0,0.6666666666666666,3,1.0,1,1,1
4.0,1.0,2,0.85,20,0,1
4.0,1.0,2,0.9629629629629629,27,0,1
4.0,1.0,1,0.9629629629629629,27,0,1
4.0,0.08333333333333333,60,0.6923076923076923,13,0,1
4.0,0.08333333333333333,60,1.0,6,0,1
4.0,0.08333333333333333,60,1.0,8,0,1
4.0,0.08333333333333333,60,1.0,1,1,1
4.0,0.08333333333333333,60,1.0,1,1,1
4.0,1.0,4,1.0,8,0,1
4.0,1.0,4,1.0,7,0,1
4.0,1.0,4,1.0,7,0,1
4.0,1.0,4,1.0,6,0,1
4.0,1.0,3,1.0,6,0,1
4.0,1.0,3,1.0,2,1,1
4.0,1.0,3,1.0,3,1,1
4.0,1.0,2,0.9629629629629629,27,0,1
4.0,1.0,2,1.0,4,0,1
4.0,1.0,18,0.9459459459459459,37,0,1
4.0,1.0,18,1.0,36,0,1
4.0,1.0,18,1.0,15,0,1
4.0,1.0,18,1.0,26,0,1
4.0,1.0,18,1.0,45,0,1
4.0,1.0,18,1.0,16,0,1
4.0,1.0,18,1.0,14,0,1
4.0,1.0,18,1.0,19,0,1
4.0,1.0,18,1.0,20,0,1
4.0,1.0,18,1.0,31,0,1
4.0,1.0,18,1.0,63,0,1
4.0,1.0,18,1.0,32,0,1
4.0,1.0,18,1.0,26,0,1
4.0,1.0,18,1.0,31,0,1
4.0,1.0,18,1.0,15,0,1
4.0,1.0,18,0.8888888888888888,9,0,1
4.0,1.0,18,1.0,27,0,1
4.0,1.0,18,1.0,5,0,1
4.0,1.0,18,1.0,26,0,1
4.0,1.0,18,0.8888888888888888,9,0,1
4.0,1.0,18,1.0,5,0,1
4.0,1.0,18,1.0,36,0,1
4.0,1.0,18,1.0,63,0,1
4.0,1.0,18,1.0,32,0,1
4.0,1.0,18,1.0,27,0,1
4.0,1.0,18,1.0,14,0,1
4.0,1.0,18,1.0,26,0,1
4.0,1.0,18,1.0,19,0,1
4.0,1.0,18,1.0,16,0,1
4.0,1.0,18,0.9459459459459459,37,0,1
4.0,1.0,18,1.0,31,0,1
4.0,1.0,18,1.0,31,0,1
4.0,1.0,18,1.0,45,0,1
4.0,1.0,18,1.0,15,0,1
4.0,1.0,18,1.0,15,0,1
4.0,1.0,18,1.0,20,0,1
4.0,1.0,2,1.0,17,0,1
4.0,1.0,2,0.6470588235294118,17,0,1
4.0,1.0,3,0.90625,32,0,1
4.0,1.0,3,0.6290322580645161,62,0,1
4.0,1.0,3,0.84375,64,0,1
4.0,0.5,2,0.8787878787878788,33,0,1
4.0,1.0,7,1.0,22,0,1
4.0,1.0,7,1.0,63,0,1
4.0,1.0,7,1.0,44,0,1
4.0,1.0,7,1.0,21,0,1
4.0,1.0,7,0.631578947368421,19,0,1
4.0,1.0,7,1.0,45,0,1
4.0,1.0,7,1.0,31,0,1
4.0,1.0,4,1.0,31,0,1
4.0,1.0,4,1.0,32,0,1
4.0,1.0,4,1.0,63,0,1
4.0,1.0,4,0.631578947368421,19,0,1
4.0,1.0,10,1.0,15,0,1
4.0,1.0,10,1.0,5,0,1
4.0,1.0,10,0.6666666666666666,3,1,1
4.0,1.0,10,0.9459459459459459,37,0,1
4.0,1.0,10,0.8,10,0,1
4.0,1.0,10,1.0,15,0,1
4.0,1.0,10,1.0,14,0,1
4.0,1.0,10,1.0,63,0,1
4.0,1.0,10,1.0,45,0,1
4.0,1.0,10,1.0,48,0,1
4.0,1.0,34,1.0,19,0,1
4.0,1.0,34,1.0,26,0,1
4.0,1.0,34,1.0,3,1,1
4.0,1.0,34,1.0,63,0,1
4.0,1.0,34,1.0,1,1,1
4.0,1.0,34,1.0,33,0,1
4.0,1.0,34,1.0,37,0,1
4.0,1.0,34,1.0,16,0,1
4.0,1.0,34,1.0,12,0,1
4.0,1.0,34,1.0,18,0,1
4.0,1.0,34,1.0,9,0,1
4.0,1.0,34,1.0,2,1,1
4.0,1.0,34,1.0,22,0,1
4.0,1.0,34,1.0,14,0,1
4.0,1.0,34,1.0,44,0,1
4.0,1.0,34,1.0,36,0,1
4.0,1.0,34,0.9459459459459459,37,0,1
4.0,1.0,34,1.0,17,0,1
4.0,1.0,34,1.0,31,0,1
4.0,1.0,34,1.0,6,0,1
4.0,1.0,34,1.0,45,0,1
4.0,1.0,34,1.0,23,0,1
4.0,1.0,34,1.0,15,0,1
4.0,1.0,34,1.0,48,0,1
4.0,1.0,34,1.0,21,0,1
4.0,1.0,34,1.0,32,0,1
4.0,1.0,34,1.0,1,1,1
4.0,1.0,34,1.0,19,0,1
4.0,1.0,34,1.0,6,0,1
4.0,1.0,34,1.0,7,0,1
4.0,1.0,34,1.0,32,0,1
4.0,1.0,34,1.0,4,0,1
4.0,1.0,34,1.0,7,0,1
4.0,1.0,34,1.0,10,0,1
4.0,0.4,5,1.0,2,1,1
4.0,0.4,5,1.0,2,1,1
4.0,0.5833333333333334,12,1.0,4,0,1
4.0,0.5833333333333334,12,0.55,20,0,1
4.0,0.5833333333333334,12,1.0,2,1,1
4.0,0.5833333333333334,12,0.84375,64,0,1
4.0,0.5833333333333334,12,1.0,24,0,1
4.0,0.5833333333333334,12,1.0,2,1,1
4.0,0.5833333333333334,12,1.0,9,0,1
4.0,1.0,1,1.0,4,0,1
4.0,1.0,1,0.9629629629629629,27,0,1
4.0,1.0,1,0.75,40,0,1
4.0,1.0,9,1.0,56,0,1
4.0,1.0,9,1.0,37,0,1
4.0,1.0,9,1.0,48,0,1
4.0,1.0,9,1.0,20,0,1
4.0,1.0,9,1.0,33,0,1
4.0,1.0,9,0.9583333333333334,24,0,1
4.0,1.0,9,1.0,43,0,1
4.0,1.0,9,1.0,27,0,1
4.0,1.0,9,1.0,72,0,1
4.0,1.0,19,1.0,72,0,1
4.0,1.0,19,1.0,20,0,1
4.0,1.0,19,1.0,8,0,1
4.0,1.0,19,0.6842105263157895,19,0,1
4.0,1.0,19,1.0,29,0,1
4.0,1.0,19,1.0,5,0,1
4.0,1.0,19,1.0,48,0,1
4.0,1.0,19,0.9583333333333334,24,0,1
4.0,1.0,19,1.0,18,0,1
4.0,1.0,19,1.0,5,0,1
4.0,1.0,19,1.0,27,0,1
4.0,1.0,19,1.0,13,0,1
4.0,1.0,19,1.0,17,0,1
4.0,1.0,19,1.0,37,0,1
4.0,1.0,19,1.0,56,0,1
4.0,1.0,19,1.0,43,0,1
4.0,1.0,19,1.0,23,0,1
4.0,1.0,19,1.0,33,0,1
4.0,1.0,19,1.0,37,0,1
4.0,1.0,1,0.75,40,0,1
4.0,1.0,1,0.75,40,0,1
4.0,1.0,1,1.0,27,0,1
4.0,1.0,1,0.8627450980392157,102,0,1
4.0,1.0,2,1.0,2,1,1
4.0,1.0,2,1.0,5,0,1
4.0,1.0,1,1.0,1,1,1
4.0,1.0,3,1.0,5,0,1
4.0,1.0,3,0.9166666666666666,12,0,1
4.0,1.0,3,1.0,7,0,1
4.0,1.0,1,1.0,34,0,1
4.0,0.6666666666666666,3,1.0,25,0,1
4.0,0.6666666666666666,3,1.0,34,0,1
4.0,0.03571428571428571,28,0.967741935483871,31,0,1
4.0,1.0,7,1.0,1,1,1
4.0,1.0,7,1.0,3,1,1
4.0,1.0,7,0.8888888888888888,18,0,1
4.0,1.0,7,1.0,10,0,1
4.0,1.0,7,1.0,1,1,1
4.0,1.0,7,1.0,1,1,1
4.0,1.0,7,1.0,1,1,1
4.0,0.1111111111111111,18,1.0,25,0,1
4.0,0.1111111111111111,18,1.0,2,1,1
4.0,1.0,103,1.0,26,0,1
4.0,1.0,103,1.0,2,1,1
4.0,1.0,103,1.0,12,0,1
4.0,1.0,103,1.0,9,0,1
4.0,1.0,103,1.0,2,1,1
4.0,1.0,103,1.0,21,0,1
4.0,1.0,103,1.0,10,0,1
4.0,1.0,103,1.0,2,1,1
4.0,1.0,103,1.0,19,0,1
4.0,1.0,103,1.0,10,0,1
4.0,1.0,103,1.0,21,0,1
4.0,1.0,103,1.0,8,0,1
4.0,1.0,103,1.0,15,0,1
4.0,1.0,103,1.0,17,0,1
4.0,1.0,103,1.0,4,0,1
4.0,1.0,103,1.0,31,0,1
4.0,1.0,103,1.0,8,0,1
4.0,1.0,103,1.0,32,0,1
4.0,1.0,103,1.0,25,0,1
4.0,1.0,103,1.0,5,0,1
4.0,1.0,103,1.0,36,0,1
4.0,1.0,103,0.631578947368421,19,0,1
4.0,1.0,103,1.0,22,0,1
4.0,1.0,103,1.0,8,0,1
4.0,1.0,103,1.0,9,0,1
4.0,1.0,103,1.0,16,0,1
4.0,1.0,103,1.0,8,0,1
4.0,1.0,103,1.0,3,1,1
4.0,1.0,103,1.0,9,0,1
4.0,1.0,103,1.0,3,1,1
4.0,1.0,103,1.0,4,0,1
4.0,1.0,103,1.0,8,0,1
4.0,1.0,103,1.0,2,1,1
4.0,1.0,103,1.0,7,0,1
4.0,1.0,103,1.0,31,0,1
4.0,1.0,103,1.0,2,1,1
4.0,1.0,103,1.0,2,1,1
4.0,1.0,103,1.0,10,0,1
4.0,1.0,103,1.0,7,0,1
4.0,1.0,103,1.0,15,0,1
4.0,1.0,103,1.0,5,0,1
4.0,1.0,103,1.0,4,0,1
4.0,1.0,103,1.0,22,0,1
4.0,1.0,103,1.0,32,0,1
4.0,1.0,103,1.0,44,0,1
4.0,1.0,103,1.0,6,0,1
4.0,1.0,103,1.0,10,0,1
4.0,1.0,103,1.0,4,0,1
4.0,1.0,103,1.0,8,0,1
4.0,1.0,103,1.0,56,0,1
4.0,1.0,103,1.0,4,0,1
4.0,1.0,103,1.0,7,0,1
4.0,1.0,103,1.0,18,0,1
4.0,1.0,103,1.0,25,0,1
4.0,1.0,103,1.0,3,1,1
4.0,1.0,103,1.0,31,0,1
4.0,1.0,103,1.0,4,0,1
4.0,1.0,103,1.0,10,0,1
4.0,1.0,103,1.0,7,0,1
4.0,1.0,103,1.0,20,0,1
4.0,1.0,103,1.0,2,1,1
4.0,1.0,103,1.0,2,1,1
4.0,1.0,103,1.0,11,0,1
4.0,1.0,103,1.0,23,0,1
4.0,1.0,103,1.0,2,1,1
4.0,1.0,103,1.0,6,0,1
4.0,1.0,103,1.0,7,0,1
4.0,1.0,103,1.0,3,1,1
4.0,1.0,103,1.0,7,0,1
4.0,1.0,103,1.0,7,0,1
4.0,1.0,103,1.0,2,1,1
4.0,1.0,103,1.0,3,1,1
4.0,1.0,103,1.0,18,0,1
4.0,1.0,103,1.0,26,0,1
4.0,1.0,103,1.0,26,0,1
4.0,1.0,103,1.0,4,0,1
4.0,1.0,103,1.0,3,1,1
4.0,1.0,103,1.0,10,0,1
4.0,1.0,103,1.0,7,0,1
4.0,1.0,103,1.0,7,0,1
4.0,1.0,103,1.0,13,0,1
4.0,1.0,103,1.0,19,0,1
4.0,1.0,103,1.0,7,0,1
4.0,1.0,103,1.0,2,1,1
4.0,1.0,103,1.0,3,1,1
4.0,1.0,103,1.0,14,0,1
4.0,1.0,103,1.0,27,0,1
4.0,1.0,103,1.0,6,0,1
4.0,1.0,103,1.0,7,0,1
4.0,1.0,103,1.0,63,0,1
4.0,1.0,103,0.9459459459459459,37,0,1
4.0,1.0,103,1.0,12,0,1
4.0,1.0,103,0.8,10,0,1
4.0,1.0,103,1.0,7,0,1
4.0,1.0,103,1.0,4,0,1
4.0,1.0,103,1.0,5,0,1
4.0,1.0,103,1.0,3,1,1
4.0,1.0,103,0.8181818181818182,22,0,1
4.0,1.0,103,1.0,2,1,1
4.0,1.0,103,1.0,48,0,1
4.0,1.0,103,1.0,12,0,1
4.0,1.0,103,1.0,13,0,1
4.0,1.0,103,1.0,6,0,1
4.0,1.0,1,0.9333333333333333,15,0,1
4.0,1.0,1,0.25,24,0,1
4.0,1.0,3,1.0,12,0,1
4.0,1.0,3,1.0,6,0,1
4.0,1.0,3,1.0,37,0,1
4.0,1.0,1,1.0,3,1,1
4.0,1.0,1,1.0,1,1,1
4.0,1.0,6,1.0,1,1,1
4.0,1.0,6,0.5,4,0,1
4.0,1.0,6,1.0,1,1,1
4.0,1.0,6,1.0,2,1,1
4.0,1.0,6,0.8181818181818182,11,0,1
4.0,1.0,6,1.0,3,1,1
4.0,1.0,1,1.0,4,0,1
4.0,1.0,6,1.0,1,1,1
4.0,1.0,6,1.0,27,0,1
4.0,1.0,6,1.0,27,0,1
4.0,1.0,6,1.0,10,0,1
4.0,1.0,6,1.0,34,0,1
4.0,1.0,6,1.0,14,0,1
4.0,1.0,1,1.0,37,0,1
4.0,1.0,1,1.0,1,1,1
4.0,1.0,2,1.0,1,1,1
4.0,1.0,2,0.6666666666666666,3,1,1
4.0,0.7272727272727273,11,0.6896551724137931,29,0,1
4.0,0.7272727272727273,11,1.0,3,1,1
4.0,0.7272727272727273,11,0.8,15,0,1
4.0,0.7272727272727273,11,0.5142857142857142,35,0,1
4.0,0.7272727272727273,11,0.7777777777777778,9,0,1
4.0,0.7272727272727273,11,1.0,2,1,1
4.0,0.7272727272727273,11,1.0,2,1,1
4.0,0.7272727272727273,11,0.6666666666666666,3,1,1
4.0,1.0,1,1.0,11,0,1
4.0,1.0,3,1.0,5,0,1
4.0,1.0,3,1.0,15,0,1
4.0,1.0,3,1.0,11,0,1
4.0,1.0,1,1.0,3,1,1
4.0,1.0,7,1.0,23,0,1
4.0,1.0,7,1.0,37,0,1
4.0,1.0,7,1.0,72,0,1
4.0,1.0,7,1.0,33,0,1
4.0,1.0,7,1.0,48,0,1
4.0,1.0,7,1.0,43,0,1
4.0,1.0,7,1.0,14,0,1
4.0,1.0,1,0.75,40,0,1
4.0,1.0,2,1.0,11,0,1
4.0,1.0,2,1.0,27,0,1
4.0,1.0,2,1.0,6,0,1
4.0,1.0,2,1.0,11,0,1
4.0,1.0,1,0.8627450980392157,102,0,1
4.0,1.0,1,1.0,6,0,1
4.0,1.0,1,1.0,3,1,1
4.0,1.0,1,0.8627450980392157,102,0,1
4.0,0.05555555555555555,18,1.0,6,0,1
4.0,1.0,3,1.0,4,0,1
4.0,1.0,3,1.0,4,0,1
4.0,1.0,3,1.0,3,1,1
4.0,1.0,1,0.7619047619047619,21,0,1
4.0,1.0,1,0.918918918918919,37,0,1
4.0,1.0,2,1.0,5,0,1
4.0,1.0,2,0.918918918918919,37,0,1
4.0,1.0,1,1.0,56,0,1
4.0,1.0,1,1.0,4,0,1
4.0,0.25,4,0.75,4,0,1
4.0,1.0,1,1.0,6,0,1
4.0,1.0,2,1.0,1,1,1
4.0,1.0,2,1.0,8,0,1
4.0,0.25,4,1.0,1,1,1
4.0,1.0,3,1.0,3,1,1
4.0,1.0,3,1.0,3,1,1
4.0,1.0,3,1.0,2,1,1
4.0,1.0,1,0.8627450980392157,102,0,1
4.0,1.0,4,1.0,4,0,1
4.0,1.0,4,1.0,6,0,1
4.0,1.0,4,1.0,4,0,1
4.0,1.0,4,1.0,2,1,1
4.0,1.0,1,1.0,1,1,1
4.0,0.5,2,1.0,1,1,1
4.0,1.0,1,1.0,3,1,1
4.0,1.0,1,1.0,1,1,1
4.0,1.0,1,1.0,7,0,1
4.0,1.0,1,0.75,40,0,1
4.0,1.0,1,1.0,2,1,1
4.0,1.0,1,1.0,6,0,1
4.0,0.25,4,0.23076923076923078,13,0,1
4.0,1.0,1,1.0,1,1,1
4.0,1.0,3,0.8,15,0,1
4.0,1.0,3,1.0,2,1,1
4.0,1.0,3,0.3333333333333333,3,1,1
4.0,1.0,1,1.0,8,0,1
4.0,1.0,1,1.0,2,1,1
4.0,1.0,2,1.0,9,0,1
4.0,1.0,2,0.6206896551724138,29,0,1
4.0,1.0,1,0.3870967741935484,31,0,1
4.0,1.0,1,1.0,27,0,1
4.0,1.0,1,1.0,33,0,1
4.0,1.0,2,1.0,5,0,1
4.0,1.0,2,1.0,20,0,1
4.0,1.0,1,1.0,2,1,1
4.0,1.0,1,1.0,3,1,1
4.0,1.0,1,1.0,2,1,1
4.0,1.0,1,1.0,5,0,1
4.0,1.0,1,0.8333333333333334,18,0,1
4.0,1.0,1,1.0,7,0,1
4.0,1.0,2,1.0,1,1,1
4.0,1.0,2,0.35,40,0,1
4.0,1.0,1,1.0,2,1,1
4.0,0.5,4,1.0,17,0,1
4.0,0.5,4,1.0,34,0,1
4.0,1.0,2,0.5217391304347826,23,0,1
4.0,1.0,2,1.0,17,0,1
4.0,1.0,1,1.0,3,1,1
4.0,1.0,1,0.6666666666666666,6,0,1
4.0,1.0,1,1.0,6,0,1
4.0,1.0,3,0.75,40,0,1
4.0,1.0,3,1.0,7,0,1
4.0,1.0,3,1.0,12,0,1
4.0,1.0,1,0.75,40,0,1
4.0,1.0,1,1.0,3,1,1
4.0,1.0,1,0.92,25,0,1
4.0,0.5,10,1.0,3,1,1
4.0,0.5,10,1.0,6,0,1
4.0,0.5,10,1.0,26,0,1
4.0,0.5,10,1.0,3,1,1
4.0,0.5,10,1.0,6,0,1
4.0,0.3333333333333333,3,0.7619047619047619,21,0,1
4.0,1.0,6,1.0,3,1,1
4.0,1.0,6,1.0,1,1,1
4.0,1.0,6,1.0,12,0,1
4.0,1.0,6,1.0,1,1,1
4.0,1.0,6,1.0,2,1,1
4.0,1.0,6,1.0,1,1,1
4.0,0.1111111111111111,18,0.23076923076923078,13,0,1
4.0,0.1111111111111111,18,0.967741935483871,31,0,1
4.0,1.0,1,1.0,8,0,1
4.0,1.0,1,1.0,3,1,1
4.0,1.0,1,1.0,11,0,1
4.0,1.0,1,0.918918918918919,37,0,1
4.0,1.0,1,0.6290322580645161,62,0,1
4.0,1.0,1,1.0,8,0,1
4.0,0.5,2,0.5,12,0,1
4.0,1.0,1,1.0,2,1,1
4.0,1.0,5,1.0,5,0,1
4.0,1.0,5,1.0,36,0,1
4.0,1.0,5,1.0,3,1,1
4.0,1.0,5,1.0,1,1,1
4.0,1.0,5,1.0,14,0,1
4.0,1.0,3,1.0,1,1,1
4.0,1.0,3,1.0,2,1,1
4.0,1.0,3,1.0,1,1,1
4.0,0.75,4,0.75,40,0,1
4.0,0.75,4,1.0,7,0,1
4.0,0.75,4,1.0,12,0,1
4.0,1.0,3,1.0,63,0,1
4.0,1.0,3,1.0,3,1,1
4.0,1.0,3,1.0,3,1,1
4.0,1.0,1,1.0,7,0,1
4.0,0.3333333333333333,3,1.0,3,1,1
4.0,1.0,1,0.6666666666666666,12,0,1
4.0,0.14285714285714285,7,1.0,20,0,1
4.0,0.5,2,1.0,7,0,1
4.0,1.0,1,1.0,10,0,1
4.0,1.0,2,0.84375,64,0,1
4.0,1.0,2,1.0,2,1,1
4.0,1.0,1,1.0,1,1,1
4.0,1.0,3,1.0,29,0,1
4.0,1.0,3,1.0,72,0,1
4.0,1.0,3,1.0,7,0,1
4.0,1.0,3,0.5833333333333334,12,0,1
4.0,1.0,3,1.0,13,0,1
4.0,1.0,3,1.0,1,1,1
4.0,0.2,5,1.0,12,0,1
4.0,1.0,2,0.6923076923076923,13,0,1
4.0,1.0,2,0.45454545454545453,11,0,1
4.0,1.0,1,0.6666666666666666,3,1,1
4.0,1.0,1,0.8333333333333334,18,0,1
4.0,1.0,1,0.918918918918919,37,0,1
4.0,1.0,1,0.22388059701492538,67,0,1
4.0,1.0,1,0.918918918918919,37,0,1
4.0,0.2,5,1.0,3,1,1
4.0,1.0,1,1.0,3,1,1
4.0,1.0,2,1.0,12,0,1
4.0,1.0,2,1.0,15,0,1
4.0,1.0,2,1.0,5,0,1
4.0,1.0,2,0.9459459459459459,37,0,1
4.0,1.0,1,1.0,10,0,1
4.0,1.0,3,0.5,4,0,1
4.0,1.0,3,1.0,2,1,1
4.0,1.0,3,1.0,10,0,1
4.0,0.14285714285714285,7,1.0,7,0,1
4.0,1.0,1,0.8787878787878788,33,0,1
4.0,0.5,2,1.0,6,0,1
4.0,1.0,1,1.0,6,0,1
4.0,1.0,1,0.8888888888888888,18,0,1
4.0,1.0,2,0.6923076923076923,13,0,1
4.0,1.0,2,1.0,1,1,1
4.0,1.0,9,1.0,34,0,1
4.0,1.0,9,1.0,32,0,1
4.0,1.0,9,1.0,23,0,1
4.0,1.0,9,1.0,5,0,1
4.0,1.0,9,1.0,22,0,1
4.0,1.0,9,1.0,45,0,1
4.0,1.0,9,1.0,48,0,1
4.0,1.0,9,1.0,23,0,1
4.0,1.0,9,1.0,26,0,1
4.0,1.0,1,0.92,25,0,1
4.0,0.2857142857142857,7,0.967741935483871,31,0,1
4.0,0.2857142857142857,7,0.22388059701492538,67,0,1
4.0,1.0,1,1.0,1,1,1
4.0,1.0,1,1.0,3,1,1
4.0,1.0,1,1.0,4,0,1
4.0,1.0,2,1.0,4,0,1
4.0,1.0,2,1.0,3,1,1
4.0,1.0,1,0.6923076923076923,13,0,1
4.0,1.0,2,1.0,2,1,1
4.0,1.0,2,0.5714285714285714,7,0,1
4.0,1.0,1,0.3870967741935484,31,0,1
4.0,1.0,3,1.0,12,0,1
4.0,1.0,3,0.6666666666666666,12,0,1
4.0,1.0,3,1.0,1,1,1
4.0,1.0,1,1.0,11,0,1
4.0,1.0,1,0.918918918918919,37,0,1
4.0,1.0,1,1.0,3,1,1
4.0,1.0,4,0.84375,64,0,1
4.0,1.0,4,1.0,17,0,1
4.0,1.0,4,1.0,18,0,1
4.0,1.0,4,0.6111111111111112,18,0,1
4.0,1.0,1,1.0,4,0,1
4.0,1.0,1,0.92,25,0,1
4.0,1.0,14,1.0,27,0,1
4.0,1.0,14,1.0,37,0,1
4.0,1.0,14,1.0,37,0,1
4.0,1.0,14,1.0,18,0,1
4.0,1.0,14,1.0,48,0,1
4.0,1.0,14,1.0,56,0,1
4.0,1.0,14,1.0,29,0,1
4.0,1.0,14,1.0,72,0,1
4.0,1.0,14,1.0,33,0,1
4.0,1.0,14,0.9583333333333334,24,0,1
4.0,1.0,14,1.0,20,0,1
4.0,1.0,14,1.0,43,0,1
4.0,1.0,14,1.0,13,0,1
4.0,1.0,14,1.0,12,0,1
4.0,1.0,1,1.0,1,1,1
4.0,1.0,2,1.0,48,0,1
4.0,1.0,2,1.0,43,0,1
4.0,1.0,1,0.3333333333333333,3,1,1
4.0,1.0,1,0.92,25,0,1
4.0,1.0,1,1.0,9,0,1
4.0,1.0,4,1.0,7,0,1
4.0,1.0,4,1.0,8,0,1
4.0,1.0,4,1.0,6,0,1
4.0,1.0,4,1.0,7,0,1
4.0,1.0,1,1.0,9,0,1
4.0,0.5,10,1.0,4,0,1
4.0,0.5,10,1.0,4,0,1
4.0,0.5,10,1.0,8,0,1
4.0,0.5,10,1.0,15,0,1
4.0,0.5,10,1.0,4,0,1
4.0,1.0,2,1.0,5,0,1
4.0,1.0,2,1.0,8,0,1
4.0,1.0,5,1.0,23,0,1
4.0,1.0,5,1.0,37,0,1
4.0,1.0,5,1.0,43,0,1
4.0,1.0,5,1.0,48,0,1
4.0,1.0,5,1.0,72,0,1
4.0,0.3333333333333333,3,1.0,10,0,1
4.0,1.0,1,1.0,3,1,1
4.0,1.0,2,1.0,5,0,1
4.0,1.0,2,1.0,2,1,1
4.0,0.8571428571428571,7,1.0,11,0,1
4.0,0.8571428571428571,7,1.0,10,0,1
4.0,0.8571428571428571,7,1.0,27,0,1
4.0,0.8571428571428571,7,0.9285714285714286,14,0,1
4.0,0.8571428571428571,7,1.0,9,0,1
4.0,0.8571428571428571,7,1.0,18,0,1
4.0,0.5,4,0.9166666666666666,12,0,1
4.0,0.5,4,0.9285714285714286,14,0,1
4.0,1.0,1,0.6290322580645161,62,0,1
4.0,1.0,1,1.0,5,0,1
4.0,0.8571428571428571,7,1.0,1,1,1
4.0,0.8571428571428571,7,1.0,33,0,1
4.0,0.8571428571428571,7,1.0,37,0,1
4.0,0.8571428571428571,7,1.0,4,0,1
4.0,0.8571428571428571,7,1.0,4,0,1
4.0,0.8571428571428571,7,1.0,8,0,1
4.0,1.0,1,1.0,1,1,1
4.0,1.0,1,1.0,6,0,1
4.0,1.0,3,1.0,48,0,1
4.0,1.0,3,1.0,8,0,1
4.0,1.0,3,1.0,43,0,1
4.0,1.0,1,1.0,56,0,1
4.0,1.0,4,1.0,23,0,1
4.0,1.0,4,1.0,43,0,1
4.0,1.0,4,1.0,37,0,1
4.0,1.0,4,1.0,48,0,1
4.0,1.0,9,1.0,34,0,1
4.0,1.0,9,1.0,27,0,1
4.0,1.0,9,1.0,2,1,1
4.0,1.0,9,1.0,28,0,1
4.0,1.0,9,1.0,27,0,1
4.0,1.0,9,1.0,37,0,1
4.0,1.0,9,1.0,24,0,1
4.0,1.0,9,1.0,18,0,1
4.0,1.0,9,1.0,24,0,1
4.0,0.25,8,1.0,14,0,1
4.0,0.25,8,1.0,11,0,1
4.0,1.0,2,1.0,12,0,1
4.0,1.0,2,1.0,37,0,1
4.0,1.0,1,1.0,18,0,1
4.0,1.0,1,1.0,5,0,1
4.0,0.3125,16,1.0,5,0,1
4.0,0.3125,16,1.0,7,0,1
4.0,0.3125,16,1.0,5,0,1
4.0,0.3125,16,0.6666666666666666,3,1,1
4.0,0.3125,16,0.9166666666666666,12,0,1
4.0,1.0,1,1.0,3,1,1
4.0,1.0,2,1.0,1,1,1
4.0,1.0,2,1.0,3,1,1
4.0,1.0,1,1.0,1,1,1
4.0,1.0,12,0.967741935483871,31,0,1
4.0,1.0,12,1.0,24,0,1
4.0,1.0,12,1.0,23,0,1
4.0,1.0,12,1.0,34,0,1
4.0,1.0,12,1.0,27,0,1
4.0,1.0,12,1.0,27,0,1
4.0,1.0,12,1.0,28,0,1
4.0,1.0,12,1.0,24,0,1
4.0,1.0,12,1.0,18,0,1
4.0,1.0,12,1.0,24,0,1
4.0,1.0,12,1.0,34,0,1
4.0,1.0,12,1.0,25,0,1
4.0,1.0,1,1.0,3,1,1
4.0,1.0,2,0.7142857142857143,7,0,1
4.0,1.0,2,1.0,1,1,1
4.0,1.0,2,1.0,2,1,1
4.0,1.0,2,1.0,2,1,1
4.0,1.0,1,1.0,44,0,1
4.0,0.5,2,1.0,4,0,1
4.0,1.0,2,1.0,1,1,1
4.0,1.0,2,1.0,1,1,1
4.0,1.0,1,0.22388059701492538,67,0,1
4.0,1.0,1,1.0,2,1,1
4.0,1.0,1,0.23076923076923078,13,0,1
4.0,1.0,1,0.8787878787878788,33,0,1
4.0,0.5,6,1.0,1,1,1
4.0,0.5,6,1.0,1,1,1
4.0,0.5,6,1.0,2,1,1
4.0,1.0,4,1.0,21,0,1
4.0,1.0,4,1.0,14,0,1
4.0,1.0,4,1.0,22,0,1
4.0,1.0,4,1.0,19,0,1
4.0,1.0,1,1.0,2,1,1
4.0,1.0,4,0.6923076923076923,13,0,1
4.0,1.0,4,1.0,2,1,1
4.0,1.0,4,1.0,25,0,1
4.0,1.0,4,1.0,34,0,1
4.0,0.6666666666666666,3,1.0,17,0,1
4.0,0.6666666666666666,3,1.0,27,0,1
4.0,1.0,4,1.0,33,0,1
4.0,1.0,4,1.0,72,0,1
4.0,1.0,4,1.0,3,1,1
4.0,1.0,4,1.0,1,1,1
4.0,0.5,2,1.0,10,0,1
4.0,1.0,1,1.0,3,1,1
4.0,1.0,1,1.0,1,1,1
4.0,1.0,5,0.9166666666666666,12,0,1
4.0,1.0,5,1.0,17,0,1
4.0,1.0,5,1.0,7,0,1
4.0,1.0,5,0.6842105263157895,19,0,1
4.0,1.0,5,0.6290322580645161,62,0,1
4.0,1.0,11,1.0,33,0,1
4.0,1.0,11,1.0,20,0,1
4.0,1.0,11,1.0,43,0,1
4.0,1.0,11,1.0,37,0,1
4.0,1.0,11,1.0,5,0,1
4.0,1.0,11,1.0,27,0,1
4.0,1.0,11,1.0,48,0,1
4.0,1.0,11,1.0,56,0,1
4.0,1.0,11,1.0,8,0,1
4.0,1.0,11,0.9583333333333334,24,0,1
4.0,1.0,11,1.0,72,0,1
4.0,0.3333333333333333,3,1.0,5,0,1
4.0,1.0,3,1.0,11,0,1
4.0,1.0,3,1.0,18,0,1
4.0,1.0,3,1.0,9,0,1
4.0,1.0,2,1.0,2,1,1
4.0,1.0,2,0.8627450980392157,102,0,1
4.0,1.0,2,0.75,40,0,1
4.0,1.0,2,1.0,5,0,1
4.0,0.6666666666666666,3,0.5,12,0,1
4.0,0.6666666666666666,3,0.6666666666666666,6,0,1
4.0,1.0,2,1.0,17,0,1
4.0,1.0,2,1.0,27,0,1
4.0,1.0,1,1.0,6,0,1
4.0,1.0,1,0.8627450980392157,102,0,1
4.0,1.0,1,1.0,6,0,1
4.0,1.0,2,1.0,2,1,1
4.0,1.0,2,0.5,2,1,1
4.0,1.0,1,1.0,7,0,1
4.0,1.0,1,1.0,2,1,1
4.0,1.0,2,1.0,10,0,1
4.0,1.0,2,1.0,17,0,1
4.0,1.0,1,0.8787878787878788,33,0,1
4.0,1.0,1,1.0,1,1,1
4.0,1.0,1,1.0,8,0,1
4.0,1.0,1,1.0,1,1,1
4.0,1.0,2,0.6896551724137931,29,0,1
4.0,1.0,2,1.0,1,1,1
4.0,1.0,2,1.0,11,0,1
4.0,1.0,2,1.0,2,1,1
4.0,1.0,2,1.0,5,0,1
4.0,1.0,2,1.0,5,0,1
4.0,1.0,1,0.8333333333333334,18,0,1
4.0,1.0,3,1.0,2,1,1
4.0,1.0,3,0.3333333333333333,3,1,1
4.0,1.0,3,0.3333333333333333,3,1,1
4.0,1.0,2,0.5,2,1,1
4.0,1.0,2,0.6923076923076923,13,0,1
4.0,1.0,2,0.125,8,0,1
4.0,1.0,2,0.5,2,1,1
4.0,0.3333333333333333,3,0.55,20,0,1
4.0,0.75,4,0.84375,64,0,1
4.0,0.75,4,1.0,17,0,1
4.0,0.75,4,0.3870967741935484,31,0,1
4.0,0.5,2,0.918918918918919,37,0,1
4.0,1.0,5,1.0,4,0,1
4.0,1.0,5,1.0,3,1,1
4.0,1.0,5,1.0,3,1,1
4.0,1.0,5,1.0,2,1,1
4.0,1.0,5,1.0,6,0,1
4.0,1.0,1,0.9166666666666666,12,0,1
4.0,1.0,1,1.0,1,1,1
4.0,1.0,1,0.22388059701492538,67,0,1
4.0,1.0,3,1.0,2,1,1
4.0,1.0,3,1.0,2,1,1
4.0,1.0,3,0.875,8,0,1
4.0,1.0,1,1.0,8,0,1
4.0,1.0,1,1.0,5,0,1
4.0,1.0,1,0.84375,64,0,1
4.0,1.0,2,1.0,6,0,1
4.0,1.0,2,1.0,3,1,1
4.0,1.0,1,0.6153846153846154,13,0,1
4.0,1.0,1,0.6666666666666666,6,0,1
4.0,1.0,1,0.6666666666666666,3,1,1
4.0,0.6666666666666666,3,1.0,6,0,1
4.0,0.6666666666666666,3,1.0,3,1,1
4.0,1.0,1,1.0,5,0,1
4.0,1.0,2,1.0,13,0,1
4.0,1.0,2,1.0,1,1,1
4.0,1.0,4,0.75,20,0,1
4.0,1.0,4,0.84375,64,0,1
4.0,1.0,4,1.0,17,0,1
4.0,1.0,4,1.0,18,0,1
4.0,1.0,1,0.7777777777777778,9,0,1
4.0,1.0,2,1.0,72,0,1
4.0,1.0,2,1.0,33,0,1
4.0,1.0,1,0.918918918918919,37,0,1
4.0,0.5,2,1.0,8,0,1
4.0,1.0,1,1.0,2,1,1
4.0,1.0,1,0.22388059701492538,67,0,1
4.0,0.03333333333333333,30,1.0,8,0,1
4.0,0.125,8,1.0,8,0,1
4.0,1.0,1,0.6666666666666666,6,0,1
4.0,1.0,1,1.0,3,1,1
4.0,1.0,1,1.0,6,0,1
4.0,1.0,1,0.92,25,0,1
4.0,1.0,1,0.75,40,0,1
4.0,1.0,1,1.0,5,0,1
4.0,1.0,1,0.8787878787878788,33,0,1
4.0,1.0,2,1.0,1,1,1
4.0,1.0,2,1.0,10,0,1
4.0,1.0,1,1.0,10,0,1
4.0,1.0,3,1.0,22,0,1
4.0,1.0,3,1.0,19,0,1
4.0,1.0,3,1.0,21,0,1
4.0,1.0,1,0.8333333333333334,18,0,1
4.0,1.0,1,1.0,11,0,1
4.0,1.0,9,1.0,37,0,1
4.0,1.0,9,1.0,29,0,1
4.0,1.0,9,1.0,48,0,1
4.0,1.0,9,1.0,56,0,1
4.0,1.0,9,1.0,72,0,1
4.0,1.0,9,1.0,27,0,1
4.0,1.0,9,1.0,43,0,1
4.0,1.0,9,1.0,23,0,1
4.0,1.0,9,1.0,33,0,1
4.0,1.0,3,1.0,2,1,1
4.0,1.0,3,1.0,2,1,1
4.0,1.0,3,1.0,2,1,1
4.0,1.0,1,1.0,1,1,1
4.0,1.0,1,0.90625,32,0,1
4.0,1.0,1,1.0,13,0,1
4.0,1.0,1,0.6176470588235294,34,0,1
4.0,1.0,1,0.3333333333333333,3,1,1
4.0,1.0,1,0.6176470588235294,34,0,1
4.0,1.0,2,1.0,10,0,1
4.0,1.0,2,0.8888888888888888,18,0,1
4.0,1.0,1,0.8627450980392157,102,0,1
4.0,1.0,1,0.8333333333333334,18,0,1
4.0,1.0,1,1.0,34,0,1
4.0,1.0,1,1.0,8,0,1
4.0,0.75,4,1.0,2,1,1
4.0,0.75,4,0.3333333333333333,3,1,1
4.0,0.75,4,1.0,1,1,1
4.0,1.0,2,0.6111111111111112,18,0,1
4.0,1.0,2,0.75,20,0,1
4.0,1.0,1,0.9629629629629629,27,0,1
4.0,1.0,4,1.0,8,0,1
4.0,1.0,4,1.0,1,1,1
4.0,1.0,4,0.35,40,0,1
4.0,1.0,4,1.0,3,1,1
4.0,1.0,1,1.0,2,1,1
4.0,1.0,2,1.0,8,0,1
4.0,1.0,2,0.35,40,0,1
4.0,1.0,1,0.918918918918919,37,0,1
4.0,1.0,1,1.0,5,0,1
4.0,1.0,3,1.0,4,0,1
4.0,1.0,3,1.0,2,1,1
4.0,1.0,3,1.0,5,0,1
4.0,1.0,3,1.0,4,0,1
4.0,1.0,3,1.0,2,1,1
4.0,1.0,3,1.0,1,1,1
4.0,1.0,3,1.0,3,1,1
4.0,1.0,3,1.0,3,1,1
4.0,1.0,3,1.0,2,1,1
4.0,1.0,1,0.918918918918919,37,0,1
4.0,1.0,1,0.918918918918919,37,0,1
4.0,1.0,3,1.0,1,1,1
4.0,1.0,3,1.0,1,1,1
4.0,1.0,3,1.0,1,1,1
4.0,1.0,1,1.0,1,1,1
4.0,1.0,1,1.0,10,0,1
4.0,1.0,1,1.0,4,0,1
4.0,1.0,2,1.0,44,0,1
4.0,1.0,2,1.0,36,0,1
4.0,1.0,1,1.0,1,1,1
4.0,1.0,1,1.0,1,1,1
4.0,1.0,3,0.45454545454545453,11,0,1
4.0,1.0,3,1.0,11,0,1
4.0,1.0,3,0.25,4,0,1
4.0,1.0,3,1.0,11,0,1
4.0,1.0,3,1.0,14,0,1
4.0,1.0,3,1.0,1,1,1
4.0,1.0,2,1.0,5,0,1
4.0,1.0,2,1.0,36,0,1
4.0,1.0,1,0.8787878787878788,33,0,1
4.0,1.0,1,0.92,25,0,1
4.0,1.0,1,1.0,1,1,1
4.0,1.0,2,1.0,3,1,1
4.0,1.0,2,1.0,7,0,1
4.0,1.0,1,1.0,1,1,1
4.0,1.0,3,1.0,2,1,1
4.0,1.0,3,0.8,15,0,1
4.0,1.0,3,1.0,1,1,1
4.0,1.0,2,0.8,5,0,1
4.0,1.0,2,1.0,1,1,1
4.0,1.0,1,0.6153846153846154,13,0,1
4.0,1.0,1,0.13793103448275862,29,0,1
4.0,1.0,2,1.0,1,1,1
4.0,1.0,2,1.0,1,1,1
4.0,0.6666666666666666,3,0.3333333333333333,3,1,1
4.0,0.6666666666666666,3,0.35,40,0,1
4.0,1.0,1,0.6153846153846154,13,0,1
4.0,1.0,1,1.0,1,1,1
4.0,1.0,4,1.0,4,0,1
4.0,1.0,4,1.0,15,0,1
4.0,1.0,4,0.6153846153846154,13,0,1
4.0,1.0,4,1.0,33,0,1
4.0,1.0,1,0.95,20,0,1
4.0,1.0,1,0.6290322580645161,62,0,1
4.0,1.0,2,1.0,37,0,1
4.0,1.0,2,1.0,12,0,1
4.0,1.0,4,1.0,10,0,1
4.0,1.0,4,0.9285714285714286,14,0,1
4.0,1.0,4,1.0,27,0,1
4.0,1.0,4,1.0,18,0,1
4.0,1.0,2,1.0,4,0,1
4.0,1.0,2,1.0,10,0,1
4.0,1.0,7,1.0,34,0,1
4.0,1.0,7,1.0,25,0,1
4.0,1.0,7,1.0,27,0,1
4.0,1.0,7,1.0,24,0,1
4.0,1.0,7,1.0,24,0,1
4.0,1.0,7,1.0,27,0,1
4.0,1.0,7,1.0,28,0,1
4.0,1.0,1,0.8787878787878788,33,0,1
4.0,1.0,1,0.8333333333333334,18,0,1
4.0,1.0,6,0.8888888888888888,18,0,1
4.0,1.0,6,1.0,10,0,1
4.0,1.0,6,1.0,27,0,1
4.0,1.0,6,0.9285714285714286,14,0,1
4.0,1.0,6,1.0,18,0,1
4.0,1.0,6,1.0,10,0,1
4.0,1.0,1,1.0,1,1,1
4.0,1.0,1,1.0,5,0,1
4.0,1.0,1,1.0,4,0,1
4.0,1.0,1,0.6666666666666666,6,0,1
4.0,1.0,1,1.0,4,0,1
4.0,1.0,1,1.0,6,0,1
4.0,1.0,1,1.0,6,0,1
4.0,1.0,1,1.0,3,1,1
4.0,1.0,2,1.0,4,0,1
4.0,1.0,2,1.0,1,1,1
4.0,1.0,1,1.0,8,0,1
4.0,1.0,5,1.0,4,0,1
4.0,1.0,5,1.0,3,1,1
4.0,1.0,5,1.0,1,1,1
4.0,1.0,5,1.0,1,1,1
4.0,1.0,5,1.0,2,1,1
4.0,1.0,1,0.8888888888888888,18,0,1
4.0,1.0,2,0.75,40,0,1
4.0,1.0,2,0.92,25,0,1
4.0,1.0,1,1.0,1,1,1
4.0,1.0,1,1.0,2,1,1
4.0,1.0,2,1.0,1,1,1
4.0,1.0,2,1.0,1,1,1
4.0,1.0,1,0.6666666666666666,3,1,1
4.0,1.0,1,0.5,6,0,1
4.0,1.0,9,1.0,37,0,1
4.0,1.0,9,1.0,27,0,1
4.0,1.0,9,1.0,18,0,1
4.0,1.0,9,0.9285714285714286,14,0,1
4.0,1.0,9,1.0,23,0,1
4.0,1.0,9,1.0,14,0,1
4.0,1.0,9,1.0,10,0,1
4.0,1.0,9,1.0,43,0,1
4.0,1.0,9,1.0,48,0,1
4.0,1.0,1,0.6666666666666666,3,1,1
4.0,1.0,1,0.85,20,0,1
4.0,1.0,1,0.92,25,0,1
4.0,1.0,1,0.8333333333333334,18,0,1
4.0,1.0,1,1.0,3,1,1
4.0,1.0,1,0.918918918918919,37,0,1
4.0,1.0,2,1.0,7,0,1
4.0,1.0,2,1.0,2,1,1
4.0,1.0,1,0.84375,64,0,1
4.0,1.0,6,1.0,17,0,1
4.0,1.0,6,0.6290322580645161,62,0,1
4.0,1.0,6,0.6842105263157895,19,0,1
4.0,1.0,6,0.90625,32,0,1
4.0,1.0,6,0.84375,64,0,1
4.0,1.0,6,1.0,12,0,1
4.0,1.0,1,1.0,27,0,1
4.0,1.0,1,0.75,40,0,1
4.0,1.0,1,1.0,1,1,1
4.0,1.0,1,0.8627450980392157,102,0,1
4.0,1.0,1,0.8627450980392157,102,0,1
4.0,1.0,1,0.8627450980392157,102,0,1
4.0,1.0,1,0.6176470588235294,34,0,1
4.0,1.0,1,0.6176470588235294,34,0,1
4.0,1.0,1,0.25,24,0,1
4.0,1.0,1,0.25,24,0,1
4.0,1.0,2,0.8,5,0,1
4.0,1.0,2,1.0,5,0,1
4.0,1.0,1,1.0,8,0,1
4.0,1.0,1,1.0,5,0,1
4.0,1.0,1,1.0,1,1,1
4.0,1.0,1,0.918918918918919,37,0,1
4.0,1.0,1,1.0,12,0,1
4.0,0.5,2,1.0,3,1,1
4.0,1.0,2,0.8,5,0,1
4.0,1.0,2,0.8,5,0,1
4.0,0.5,2,1.0,9,0,1
4.0,0.2,5,0.84375,64,0,1
4.0,1.0,1,0.8627450980392157,102,0,1
4.0,1.0,4,0.9285714285714286,14,0,1
4.0,1.0,4,1.0,27,0,1
4.0,1.0,4,1.0,18,0,1
4.0,1.0,4,1.0,10,0,1
4.0,1.0,4,1.0,10,0,1
4.0,1.0,4,1.0,4,0,1
4.0,1.0,4,1.0,8,0,1
4.0,1.0,4,0.8888888888888888,18,0,1
4.0,1.0,2,0.8,5,0,1
4.0,1.0,2,0.8,5,0,1
4.0,1.0,1,1.0,10,0,1
4.0,1.0,1,0.95,20,0,1
4.0,1.0,1,1.0,4,0,1
4.0,1.0,1,0.8333333333333334,18,0,1
4.0,1.0,1,0.8333333333333334,18,0,1
4.0,1.0,1,0.8787878787878788,33,0,1
4.0,1.0,1,1.0,1,1,1
4.0,1.0,4,1.0,17,0,1
4.0,1.0,4,1.0,2,1,1
4.0,1.0,4,1.0,11,0,1
4.0,1.0,4,0.16666666666666666,6,0,1
4.0,1.0,4,1.0,17,0,1
4.0,1.0,4,1.0,2,1,1
4.0,1.0,4,1.0,11,0,1
4.0,1.0,4,1.0,7,0,1
4.0,1.0,1,1.0,1,1,1
4.0,0.9615384615384616,26,1.0,9,0,1
4.0,0.9615384615384616,26,1.0,19,0,1
4.0,0.9615384615384616,26,1.0,63,0,1
4.0,0.9615384615384616,26,1.0,2,1,1
4.0,0.9615384615384616,26,1.0,21,0,1
4.0,0.9615384615384616,26,1.0,2,1,1
4.0,0.9615384615384616,26,1.0,18,0,1
4.0,0.9615384615384616,26,1.0,5,0,1
4.0,0.9615384615384616,26,1.0,4,0,1
4.0,0.9615384615384616,26,1.0,2,1,1
4.0,0.9615384615384616,26,1.0,5,0,1
4.0,0.9615384615384616,26,1.0,4,0,1
4.0,0.9615384615384616,26,1.0,2,1,1
4.0,0.9615384615384616,26,1.0,2,1,1
4.0,0.9615384615384616,26,1.0,34,0,1
4.0,0.9615384615384616,26,1.0,23,0,1
4.0,0.9615384615384616,26,1.0,2,1,1
4.0,0.9615384615384616,26,1.0,2,1,1
4.0,0.9615384615384616,26,1.0,8,0,1
4.0,0.9615384615384616,26,1.0,2,1,1
4.0,0.9615384615384616,26,1.0,2,1,1
4.0,0.9615384615384616,26,1.0,9,0,1
4.0,0.9615384615384616,26,1.0,4,0,1
4.0,0.9615384615384616,26,1.0,10,0,1
4.0,0.9615384615384616,26,1.0,48,0,1
4.0,1.0,16,1.0,27,0,1
4.0,1.0,16,1.0,14,0,1
4.0,1.0,16,1.0,12,0,1
4.0,1.0,16,1.0,3,1,1
4.0,1.0,16,1.0,19,0,1
4.0,1.0,16,1.0,21,0,1
4.0,1.0,16,1.0,9,0,1
4.0,1.0,16,1.0,37,0,1
4.0,1.0,16,1.0,28,0,1
4.0,1.0,16,0.6666666666666666,3,1,1
4.0,1.0,16,1.0,6,0,1
4.0,1.0,16,1.0,7,0,1
4.0,1.0,16,1.0,2,1,1
4.0,1.0,16,0.8333333333333334,6,0,1
4.0,1.0,16,1.0,3,1,1
4.0,1.0,16,1.0,22,0,1
4.0,0.6666666666666666,3,1.0,8,0,1
4.0,0.6666666666666666,3,1.0,1,1,1
4.0,0.8333333333333334,6,1.0,4,0,1
4.0,0.8333333333333334,6,1.0,4,0,1
4.0,0.8333333333333334,6,1.0,23,0,1
4.0,0.8333333333333334,6,1.0,34,0,1
4.0,0.8333333333333334,6,1.0,5,0,1
4.0,0.9090909090909091,11,1.0,36,0,1
4.0,0.9090909090909091,11,1.0,22,0,1
4.0,0.9090909090909091,11,1.0,63,0,1
4.0,0.9090909090909091,11,1.0,16,0,1
4.0,0.9090909090909091,11,1.0,48,0,1
4.0,0.9090909090909091,11,1.0,7,0,1
4.0,0.9090909090909091,11,1.0,8,0,1
4.0,0.9090909090909091,11,1.0,15,0,1
4.0,0.9090909090909091,11,1.0,18,0,1
4.0,0.9090909090909091,11,1.0,23,0,1
4.0,1.0,1,1.0,10,0,1
4.0,1.0,1,1.0,3,1,1
4.0,1.0,1,0.22388059701492538,67,0,1
4.0,1.0,1,1.0,1,1,1
4.0,1.0,1,0.057971014492753624,69,0,1
4.0,1.0,18,1.0,37,0,1
4.0,1.0,18,1.0,12,0,1
4.0,1.0,18,1.0,19,0,1
4.0,1.0,18,0.8333333333333334,6,0,1
4.0,1.0,18,1.0,2,1,1
4.0,1.0,18,1.0,3,1,1
4.0,1.0,18,1.0,3,1,1
4.0,1.0,18,0.9333333333333333,15,0,1
4.0,1.0,18,1.0,22,0,1
4.0,1.0,18,1.0,28,0,1
4.0,1.0,18,1.0,27,0,1
4.0,1.0,18,1.0,2,1,1
4.0,1.0,18,1.0,21,0,1
4.0,1.0,18,0.6666666666666666,3,1,1
4.0,1.0,18,1.0,6,0,1
4.0,1.0,18,1.0,3,1,1
4.0,1.0,18,1.0,5,0,1
4.0,1.0,18,1.0,2,1,1
4.0,1.0,3,1.0,6,0,1
4.0,1.0,3,1.0,4,0,1
4.0,1.0,3,1.0,2,1,1
4.0,1.0,2,1.0,27,0,1
4.0,1.0,2,1.0,17,0,1
4.0,1.0,1,1.0,5,0,1
4.0,1.0,7,1.0,1,1,1
4.0,1.0,7,1.0,25,0,1
4.0,1.0,7,1.0,1,1,1
4.0,1.0,7,1.0,2,1,1
4.0,1.0,7,1.0,5,0,1
4.0,1.0,7,1.0,34,0,1
4.0,1.0,7,1.0,10,0,1
4.0,1.0,7,1.0,8,0,1
4.0,1.0,7,1.0,7,0,1
4.0,1.0,7,0.125,8,0,1
4.0,1.0,7,1.0,1,1,1
4.0,1.0,7,1.0,1,1,1
4.0,1.0,7,1.0,1,1,1
4.0,1.0,7,1.0,3,1,1
4.0,0.2857142857142857,7,1.0,6,0,1
4.0,0.2857142857142857,7,1.0,15,0,1
4.0,1.0,1,0.6290322580645161,62,0,1
4.0,1.0,1,1.0,4,0,1
4.0,1.0,1,0.8888888888888888,18,0,1
4.0,1.0,1,0.8888888888888888,18,0,1
4.0,1.0,1,0.8888888888888888,18,0,1
4.0,1.0,1,0.8888888888888888,18,0,1
4.0,1.0,1,1.0,10,0,1
4.0,1.0,3,1.0,2,1,1
4.0,1.0,3,0.8627450980392157,102,0,1
4.0,1.0,3,1.0,3,1,1
4.0,1.0,7,1.0,18,0,1
4.0,1.0,7,1.0,4,0,1
4.0,1.0,7,1.0,10,0,1
4.0,1.0,7,1.0,27,0,1
4.0,1.0,7,1.0,10,0,1
4.0,1.0,7,0.9285714285714286,14,0,1
4.0,1.0,7,0.8888888888888888,18,0,1
4.0,1.0,5,1.0,26,0,1
4.0,1.0,5,1.0,3,1,1
4.0,1.0,5,1.0,3,1,1
4.0,1.0,5,1.0,6,0,1
4.0,1.0,5,1.0,6,0,1
4.0,1.0,8,1.0,29,0,1
4.0,1.0,8,1.0,33,0,1
4.0,1.0,8,1.0,43,0,1
4.0,1.0,8,1.0,48,0,1
4.0,1.0,8,1.0,56,0,1
4.0,1.0,8,1.0,27,0,1
4.0,1.0,8,1.0,37,0,1
4.0,1.0,8,1.0,72,0,1
4.0,1.0,2,1.0,4,0,1
4.0,1.0,2,1.0,2,1,1
4.0,0.25,4,1.0,4,0,1
4.0,1.0,1,1.0,7,0,1
4.0,1.0,2,1.0,6,0,1
4.0,1.0,2,1.0,2,1,1
4.0,1.0,4,1.0,44,0,1
4.0,1.0,4,1.0,3,1,1
4.0,1.0,4,1.0,10,0,1
4.0,1.0,4,1.0,4,0,1
4.0,1.0,3,1.0,2,1,1
4.0,1.0,3,1.0,2,1,1
4.0,1.0,3,1.0,4,0,1
4.0,1.0,3,0.9166666666666666,12,0,1
4.0,1.0,3,1.0,5,0,1
4.0,1.0,3,1.0,7,0,1
4.0,1.0,1,0.9333333333333333,15,0,1
4.0,1.0,7,1.0,20,0,1
4.0,1.0,7,1.0,56,0,1
4.0,1.0,7,0.9583333333333334,24,0,1
4.0,1.0,7,1.0,37,0,1
4.0,1.0,7,1.0,29,0,1
4.0,1.0,7,1.0,72,0,1
4.0,1.0,7,1.0,33,0,1
4.0,1.0,1,0.35,40,0,1
4.0,1.0,4,1.0,4,0,1
4.0,1.0,4,1.0,2,1,1
4.0,1.0,4,1.0,2,1,1
4.0,1.0,4,1.0,2,1,1
4.0,1.0,1,0.45454545454545453,11,0,1
4.0,1.0,1,0.9166666666666666,12,0,1
4.0,1.0,1,0.22388059701492538,67,0,1
4.0,1.0,1,1.0,43,0,1
4.0,1.0,1,0.90625,32,0,1
4.0,1.0,1,1.0,10,0,1
4.0,1.0,1,0.35,40,0,1
4.0,1.0,1,0.8888888888888888,18,0,1
4.0,1.0,1,1.0,6,0,1
4.0,1.0,1,1.0,1,1,1
4.0,1.0,1,1.0,34,0,1
4.0,1.0,1,0.8333333333333334,18,0,1
4.0,1.0,1,0.8333333333333334,18,0,1
4.0,1.0,1,1.0,11,0,1
4.0,1.0,1,1.0,12,0,1
4.0,1.0,2,0.9583333333333334,24,0,1
4.0,1.0,2,1.0,72,0,1
4.0,1.0,1,1.0,1,1,1
4.0,0.0847457627118644,59,1.0,2,1,1
4.0,0.0847457627118644,59,1.0,2,1,1
4.0,0.0847457627118644,59,1.0,2,1,1
4.0,0.0847457627118644,59,1.0,2,1,1
4.0,0.0847457627118644,59,1.0,3,1,1
4.0,1.0,1,1.0,1,1,1
4.0,1.0,1,1.0,3,1,1
2.0,0.4,10,0.0,2,1,0
2.0,0.4,10,0.0,3,1,0
1.0,0.3333333333333333,6,0.0,1,1,0
2.0,0.4,10,0.0,2,1,0
2.0,0.4,10,0.0,3,1,0
3.0,0.3870967741935484,31,0.0,1,1,0
3.0,0.75,8,0.75,40,0,0
3.0,0.6666666666666666,6,0.75,40,0,0
3.0,0.5,2,0.75,40,0,0
3.0,0.2857142857142857,7,0.6666666666666666,12,0,0
1.0,0.3333333333333333,3,0.0,3,1,0
2.0,0.0,2,0.3333333333333333,3,1,0
3.0,0.7857142857142857,14,0.0,16,0,0
3.0,0.5,2,0.0,16,0,0
3.0,0.8636363636363636,110,0.0,16,0,0
3.0,0.7865168539325843,89,0.0,16,0,0
3.0,0.7857142857142857,14,0.0,16,0,0
3.0,0.0,1,0.0,16,0,0
3.0,0.0847457627118644,59,0.0,16,0,0
3.0,0.0,38,0.0,16,0,0
3.0,0.0,1,0.0,16,0,0
3.0,0.0,1,0.0,16,0,0
3.0,0.0,5,0.0,16,0,0
2.0,0.125,8,0.0,1,1,0
2.0,0.125,8,0.0,1,1,0
2.0,0.125,8,0.0,1,1,0
2.0,0.125,8,0.16666666666666666,6,0,0
1.0,0.0,2,0.0,2,1,0
1.0,0.5,6,0.0,2,1,0
2.0,0.9166666666666666,12,0.631578947368421,19,0,0
2.0,0.975,40,0.631578947368421,19,0,0
2.0,0.9375,16,0.631578947368421,19,0,0
2.0,0.0,1,0.631578947368421,19,0,0
3.0,0.8636363636363636,110,0.0,16,0,0
3.0,0.7865168539325843,89,0.0,16,0,0
3.0,0.0,7,0.0,16,0,0
3.0,0.0,38,0.0,16,0,0
3.0,0.0,38,0.0,16,0,0
1.0,0.0,3,0.0,5,0,0
1.0,0.0,3,0.3333333333333333,3,1,0
2.0,0.8333333333333334,6,0.8,5,0,0
2.0,0.5,4,0.5,4,0,0
2.0,0.5,4,0.0,1,1,0
3.0,0.10714285714285714,28,0.0,112,0,0
3.0,0.3870967741935484,31,0.0,112,0,0
1.5,0.058823529411764705,17,0.0,19,0,0
1.5,0.09090909090909091,11,0.0,19,0,0
1.5,0.031914893617021274,94,0.0,19,0,0
1.5,0.058823529411764705,17,0.0,19,0,0
1.5,0.09090909090909091,11,0.0,19,0,0
1.5,0.031914893617021274,94,0.0,19,0,0
1.5,0.058823529411764705,17,0.0,19,0,0
1.5,0.09090909090909091,11,0.0,19,0,0
1.5,0.031914893617021274,94,0.0,19,0,0
1.5,0.058823529411764705,17,0.0,19,0,0
1.5,0.09090909090909091,11,0.0,19,0,0
1.5,0.031914893617021274,94,0.0,19,0,0
1.5,0.058823529411764705,17,0.0,16,0,0
1.5,0.09090909090909091,11,0.0,16,0,0
1.5,0.031914893617021274,94,0.0,16,0,0
1.5,0.058823529411764705,17,0.0,15,0,0
1.5,0.09090909090909091,11,0.0,15,0,0
1.5,0.031914893617021274,94,0.0,15,0,0
1.5,0.058823529411764705,17,0.0,22,0,0
1.5,0.09090909090909091,11,0.0,22,0,0
1.5,0.031914893617021274,94,0.0,22,0,0
1.5,0.058823529411764705,17,0.0,18,0,0
1.5,0.09090909090909091,11,0.0,18,0,0
1.5,0.031914893617021274,94,0.0,18,0,0
2.0,0.013605442176870748,147,0.04878048780487805,82,0,0
2.0,0.1875,32,0.04878048780487805,82,0,0
1.0,0.5789473684210527,38,0.0,43,0,0
1.0,0.013605442176870748,147,0.0,43,0,0
3.0,0.16666666666666666,12,0.8181818181818182,22,0,0
3.0,0.16666666666666666,12,0.0,1,1,0
3.0,0.9861111111111112,72,0.0,1,1,0
3.0,0.2,15,0.0,9,0,0
3.0,0.0,4,0.0,9,0,0
3.0,0.03937007874015748,127,0.0,9,0,0
3.0,0.2222222222222222,9,0.0,9,0,0
3.0,0.21212121212121213,99,0.0,9,0,0
3.0,0.1323529411764706,68,0.0,9,0,0
3.0,0.2,15,0.0,6,0,0
3.0,0.0,4,0.0,6,0,0
3.0,0.03937007874015748,127,0.0,6,0,0
3.0,0.2222222222222222,9,0.0,6,0,0
3.0,0.21212121212121213,99,0.0,6,0,0
3.0,0.1323529411764706,68,0.0,6,0,0
3.0,0.1875,48,0.0,112,0,0
3.0,0.8571428571428571,7,0.0,112,0,0
3.0,0.968421052631579,95,0.0,112,0,0
3.0,0.08620689655172414,58,0.0,112,0,0
3.0,0.0,1,0.0,112,0,0
2.0,0.21212121212121213,99,0.0,5,0,0
2.0,0.03333333333333333,30,0.0,5,0,0
2.0,0.21212121212121213,99,0.0,5,0,0
2.0,0.03333333333333333,30,0.0,5,0,0
2.0,0.21212121212121213,99,0.0,2,1,0
2.0,0.03333333333333333,30,0.0,2,1,0
2.0,0.21212121212121213,99,0.0,2,1,0
2.0,0.03333333333333333,30,0.0,2,1,0
2.0,0.21212121212121213,99,0.0,2,1,0
2.0,0.03333333333333333,30,0.0,2,1,0
3.0,0.06896551724137931,29,0.0,6,0,0
2.0,0.38461538461538464,26,0.0,112,0,0
2.0,0.03636363636363636,55,0.057971014492753624,69,0,0
2.0,0.0,4,0.0,9,0,0
2.0,0.21212121212121213,99,0.0,9,0,0
2.0,0.0847457627118644,59,0.0,9,0,0
2.0,0.2857142857142857,7,0.0,3,1,0
2.0,0.7894736842105263,19,0.0,3,1,0
2.0,0.2857142857142857,7,0.0,7,0,0
2.0,0.7894736842105263,19,0.0,7,0,0
2.0,0.2857142857142857,7,0.0,5,0,0
2.0,0.7894736842105263,19,0.0,5,0,0
1.0,0.1323529411764706,68,0.0,15,0,0
2.0,0.039603960396039604,101,0.0,3,1,0
2.0,0.1323529411764706,68,0.0,3,1,0
2.0,0.039603960396039604,101,0.0,3,1,0
2.0,0.1323529411764706,68,0.0,3,1,0
2.0,0.38461538461538464,26,0.0,112,0,0
2.0,0.08620689655172414,58,0.0,112,0,0
2.0,0.0,2,0.0,1,1,0
2.0,0.0,2,0.0,2,1,0
1.0,0.015873015873015872,63,0.0,43,0,0
2.5,0.3333333333333333,15,0.0,2,1,0
1.0,0.21212121212121213,99,0.0,1,1,0
1.5,0.05555555555555555,18,0.0,112,0,0
1.0,0.5789473684210527,38,0.0,43,0,0
1.5,0.3333333333333333,3,0.0,1,1,0
3.0,0.4,5,0.04878048780487805,82,0,0
3.0,0.7142857142857143,7,0.04878048780487805,82,0,0
3.0,0.75,8,0.6206896551724138,29,0,0
3.0,0.18181818181818182,11,0.0,6,0,0
3.0,0.18181818181818182,11,0.6176470588235294,34,0,0
2.0,0.013605442176870748,147,0.0,6,0,0
2.0,0.03937007874015748,127,0.0,6,0,0
2.0,0.1875,48,0.0,6,0,0
2.0,0.5,4,0.0,6,0,0
2.0,0.013605442176870748,147,0.0,4,0,0
2.0,0.03937007874015748,127,0.0,4,0,0
2.0,0.1875,48,0.0,4,0,0
2.0,0.5,4,0.0,4,0,0
2.0,0.02531645569620253,79,0.057971014492753624,69,0,0
1.0,0.08695652173913043,23,0.0,6,0,0
1.0,0.013605442176870748,147,0.0,6,0,0
1.0,0.08695652173913043,23,0.0,6,0,0
1.0,0.013605442176870748,147,0.0,6,0,0
1.0,0.08695652173913043,23,0.0,6,0,0
1.0,0.013605442176870748,147,0.0,6,0,0
1.0,0.08695652173913043,23,0.0,7,0,0
1.0,0.013605442176870748,147,0.0,7,0,0
1.0,0.08695652173913043,23,0.0,6,0,0
1.0,0.013605442176870748,147,0.0,6,0,0
1.0,0.08695652173913043,23,0.0,5,0,0
1.0,0.013605442176870748,147,0.0,5,0,0
1.0,0.08695652173913043,23,0.0,5,0,0
1.0,0.013605442176870748,147,0.0,5,0,0
1.0,0.08695652173913043,23,0.0,5,0,0
1.0,0.013605442176870748,147,0.0,5,0,0
2.0,0.3333333333333333,15,0.057971014492753624,69,0,0
2.0,0.3333333333333333,3,0.057971014492753624,69,0,0
2.0,0.3333333333333333,15,0.0,2,1,0
2.0,0.3333333333333333,3,0.0,2,1,0
2.0,0.0,4,0.1,10,0,0
2.0,0.03937007874015748,127,0.1,10,0,0
2.0,0.1875,48,0.1,10,0,0
2.0,0.21212121212121213,99,0.1,10,0,0
2.0,0.3333333333333333,15,0.0,15,0,0
2.0,0.3333333333333333,15,0.0,19,0,0
2.0,0.3333333333333333,6,0.3870967741935484,31,0,0
2.0,0.02531645569620253,79,0.0,19,0,0
2.0,0.02531645569620253,79,0.5,10,0,0
2.0,0.058823529411764705,17,0.0,1,1,0
2.0,0.058823529411764705,17,0.0,1,1,0
1.0,0.2,15,0.0,10,0,0
1.0,0.09090909090909091,11,0.6111111111111112,18,0,0
1.0,0.09090909090909091,11,0.6666666666666666,12,0,0
2.0,0.125,8,0.9230769230769231,13,0,0
2.0,0.125,8,0.0,1,1,0
2.0,0.08333333333333333,96,0.057971014492753624,69,0,0
2.0,0.0847457627118644,59,0.057971014492753624,69,0,0
3.0,0.015873015873015872,63,0.0,4,0,0
3.0,0.1323529411764706,68,0.0,4,0,0
3.0,0.015873015873015872,63,0.0,24,0,0
3.0,0.1323529411764706,68,0.0,24,0,0
3.0,0.25,4,0.0,4,0,0
3.0,0.4090909090909091,22,0.0,4,0,0
3.0,0.25,4,0.0,24,0,0
3.0,0.4090909090909091,22,0.0,24,0,0
3.0,0.1875,32,0.0,1,1,0
3.0,0.1875,32,0.0,1,1,0
3.0,0.1875,32,0.0,1,1,0
3.0,0.1875,32,0.0,1,1,0
1.5,0.16666666666666666,12,0.0,1,1,0
1.5,0.16666666666666666,12,0.0,1,1,0
1.0,0.03937007874015748,127,0.5,4,0,0
1.0,0.03937007874015748,127,0.0,5,0,0
3.0,0.16666666666666666,12,0.0,1,1,0
2.0,0.013605442176870748,147,0.04878048780487805,82,0,0
2.0,0.017543859649122806,57,0.04878048780487805,82,0,0
2.0,0.0,6,0.04878048780487805,82,0,0
1.0,0.0875,80,0.0,23,0,0
2.0,0.02631578947368421,76,0.0,24,0,0
2.0,0.02631578947368421,76,0.0,23,0,0
2.0,0.625,8,0.5714285714285714,7,0,0
1.0,0.03225806451612903,31,0.0,27,0,0
1.0,0.03225806451612903,31,0.0,24,0,0
1.0,0.03225806451612903,31,0.0,14,0,0
1.0,0.03225806451612903,31,0.0,24,0,0
1.0,0.03225806451612903,31,0.0,24,0,0
1.0,0.03225806451612903,31,0.0,2,1,0
1.0,0.03225806451612903,31,0.0,10,0,0
1.0,0.03225806451612903,31,0.0,8,0,0
1.0,0.03225806451612903,31,0.0,10,0,0
1.0,0.03225806451612903,31,0.0,24,0,0
1.0,0.03225806451612903,31,0.0,22,0,0
1.0,0.03225806451612903,31,0.0,8,0,0
1.0,0.03225806451612903,31,0.0,17,0,0
1.5,0.045454545454545456,22,0.0,1,1,0
2.0,0.044444444444444446,45,0.0,1,1,0
2.0,0.044444444444444446,45,0.0,3,1,0
2.0,0.044444444444444446,45,0.0,3,1,0
2.0,0.017543859649122806,57,0.0,19,0,0
3.0,0.625,8,0.0,1,1,0
3.0,0.8,5,0.0,1,1,0
1.0,0.08333333333333333,96,0.0,43,0,0
1.0,0.1875,32,0.0,43,0,0
1.5,0.0625,48,0.0,1,1,0
1.5,0.0625,48,0.0,1,1,0
1.5,0.0625,48,0.0,24,0,0
1.5,0.0625,48,0.0,1,1,0
1.5,0.0625,48,0.0,12,0,0
1.5,0.0625,48,0.0,22,0,0
1.5,0.0625,48,0.0,11,0,0
1.5,0.0625,48,0.0,27,0,0
1.5,0.0625,48,0.0,24,0,0
1.5,0.0625,48,0.0,14,0,0
1.5,0.0625,48,0.0,24,0,0
1.5,0.0625,48,0.0,24,0,0
1.0,0.039603960396039604,101,0.057971014492753624,69,0,0
1.0,0.039603960396039604,101,0.04878048780487805,82,0,0
2.0,0.08695652173913043,23,0.0,11,0,0
2.0,0.0875,80,0.0,11,0,0
2.0,0.02531645569620253,79,0.0,11,0,0
2.0,0.0847457627118644,59,0.0,11,0,0
2.0,0.08695652173913043,23,0.0,11,0,0
2.0,0.0875,80,0.0,11,0,0
2.0,0.02531645569620253,79,0.0,11,0,0
2.0,0.0847457627118644,59,0.0,11,0,0
2.0,0.08695652173913043,23,0.0,8,0,0
2.0,0.0875,80,0.0,8,0,0
2.0,0.02531645569620253,79,0.0,8,0,0
2.0,0.0847457627118644,59,0.0,8,0,0
2.0,0.08695652173913043,23,0.0,13,0,0
2.0,0.0875,80,0.0,13,0,0
2.0,0.02531645569620253,79,0.0,13,0,0
2.0,0.0847457627118644,59,0.0,13,0,0
2.0,0.08695652173913043,23,0.0,26,0,0
2.0,0.0875,80,0.0,26,0,0
2.0,0.02531645569620253,79,0.0,26,0,0
2.0,0.0847457627118644,59,0.0,26,0,0
2.0,0.08695652173913043,23,0.0,31,0,0
2.0,0.0875,80,0.0,31,0,0
2.0,0.02531645569620253,79,0.0,31,0,0
2.0,0.0847457627118644,59,0.0,31,0,0
2.0,0.08695652173913043,23,0.0,8,0,0
2.0,0.0875,80,0.0,8,0,0
2.0,0.02531645569620253,79,0.0,8,0,0
2.0,0.0847457627118644,59,0.0,8,0,0
2.0,0.08695652173913043,23,0.0,13,0,0
2.0,0.0875,80,0.0,13,0,0
2.0,0.02531645569620253,79,0.0,13,0,0
2.0,0.0847457627118644,59,0.0,13,0,0
1.5,0.0625,48,0.0,12,0,0
1.5,0.0625,48,0.0,13,0,0
1.5,0.0625,48,0.0,1,1,0
1.5,0.0625,48,0.0,1,1,0
1.5,0.0625,48,0.0,1,1,0
1.5,0.0625,48,0.0,1,1,0
1.5,0.0625,48,0.0,2,1,0
1.5,0.0625,48,0.0,2,1,0
1.5,0.0625,48,0.0,3,1,0
1.5,0.0625,48,0.0,2,1,0
2.0,0.039603960396039604,101,0.0,21,0,0
2.0,0.21212121212121213,99,0.0,21,0,0
3.0,0.25,4,0.3333333333333333,3,1,0
2.0,0.10714285714285714,28,0.0,112,0,0
2.0,0.0,67,0.0,112,0,0
2.0,0.0,67,0.0,112,0,0
2.0,0.0,12,0.0,112,0,0
1.0,0.0625,48,0.0,2,1,0
3.0,0.039603960396039604,101,0.04878048780487805,82,0,0
3.0,0.015873015873015872,63,0.04878048780487805,82,0,0
3.0,0.2,15,0.0,10,0,0
3.0,0.2222222222222222,9,0.0,10,0,0
3.0,0.25,4,0.04878048780487805,82,0,0
3.0,0.039603960396039604,101,0.04878048780487805,82,0,0
2.0,0.5,4,0.7,10,0,0
1.0,0.039603960396039604,101,0.0,2,1,0
1.0,0.039603960396039604,101,0.0,2,1,0
1.0,0.039603960396039604,101,0.0,2,1,0
1.0,0.039603960396039604,101,0.0,2,1,0
1.0,0.039603960396039604,101,0.0,3,1,0
1.0,0.039603960396039604,101,0.0,2,1,0
1.0,0.039603960396039604,101,0.0,16,0,0
1.0,0.039603960396039604,101,0.0,19,0,0
1.0,0.039603960396039604,101,0.0,19,0,0
1.0,0.039603960396039604,101,0.0,14,0,0
1.0,0.039603960396039604,101,0.0,15,0,0
1.0,0.039603960396039604,101,0.0,22,0,0
1.0,0.039603960396039604,101,0.0,18,0,0
1.0,0.039603960396039604,101,0.0,4,0,0
1.0,0.039603960396039604,101,0.0,11,0,0
1.0,0.039603960396039604,101,0.0,2,1,0
1.0,0.039603960396039604,101,0.0,2,1,0
1.0,0.039603960396039604,101,0.0,2,1,0
1.0,0.039603960396039604,101,0.0,2,1,0
1.0,0.039603960396039604,101,0.0,2,1,0
1.0,0.039603960396039604,101,0.0,2,1,0
1.0,0.039603960396039604,101,0.0,6,0,0
1.0,0.039603960396039604,101,0.0,43,0,0
1.0,0.039603960396039604,101,0.0,19,0,0
1.0,0.039603960396039604,101,0.0,19,0,0
1.0,0.039603960396039604,101,0.0,14,0,0
1.0,0.039603960396039604,101,0.0,16,0,0
1.0,0.039603960396039604,101,0.0,12,0,0
1.0,0.039603960396039604,101,0.0,12,0,0
1.0,0.039603960396039604,101,0.0,11,0,0
1.0,0.039603960396039604,101,0.0,12,0,0
1.0,0.039603960396039604,101,0.0,12,0,0
1.0,0.039603960396039604,101,0.0,12,0,0
1.0,0.039603960396039604,101,0.0,13,0,0
3.0,0.031914893617021274,94,0.0,1,1,0
2.0,0.25,8,0.0,7,0,0
2.0,0.25,8,0.0,3,1,0
3.0,0.16666666666666666,12,0.0,1,1,0
3.0,0.1111111111111111,9,0.0,1,1,0
3.0,0.1111111111111111,9,0.6666666666666666,6,0,0
3.0,0.1111111111111111,9,0.0,1,1,0
2.0,0.6,10,0.057971014492753624,69,0,0
2.0,0.7878787878787878,33,0.057971014492753624,69,0,0
2.0,0.65,20,0.057971014492753624,69,0,0
2.0,0.6666666666666666,3,0.057971014492753624,69,0,0
3.0,0.2,5,0.0,6,0,0
3.0,0.3333333333333333,6,0.0,6,0,0
1.5,0.013605442176870748,147,0.0,7,0,0
1.5,0.0875,80,0.0,7,0,0
1.5,0.013605442176870748,147,0.0,5,0,0
1.5,0.0875,80,0.0,5,0,0
1.5,0.013605442176870748,147,0.0,2,1,0
1.5,0.0875,80,0.0,2,1,0
1.5,0.013605442176870748,147,0.0,2,1,0
1.5,0.0875,80,0.0,2,1,0
1.5,0.013605442176870748,147,0.0,2,1,0
1.5,0.0875,80,0.0,2,1,0
1.5,0.013605442176870748,147,0.0,2,1,0
1.5,0.0875,80,0.0,2,1,0
1.5,0.013605442176870748,147,0.0,2,1,0
1.5,0.0875,80,0.0,2,1,0
1.5,0.013605442176870748,147,0.0,2,1,0
1.5,0.0875,80,0.0,2,1,0
1.5,0.013605442176870748,147,0.0,2,1,0
1.5,0.0875,80,0.0,2,1,0
1.5,0.013605442176870748,147,0.0,3,1,0
1.5,0.0875,80,0.0,3,1,0
2.0,0.044444444444444446,45,0.04878048780487805,82,0,0
2.0,0.015873015873015872,63,0.04878048780487805,82,0,0
2.0,0.1323529411764706,68,0.04878048780487805,82,0,0
3.0,0.75,8,0.3333333333333333,9,0,0
2.0,0.8636363636363636,110,0.0,11,0,0
2.0,0.7865168539325843,89,0.0,11,0,0
2.0,0.0,85,0.0,11,0,0
2.0,0.0,38,0.0,11,0,0
2.0,0.0,38,0.0,11,0,0
2.0,0.0,38,0.0,11,0,0
2.0,0.0,54,0.0,11,0,0
2.0,0.8636363636363636,110,0.0,112,0,0
2.0,0.7865168539325843,89,0.0,112,0,0
2.0,0.0,85,0.0,112,0,0
2.0,0.0,38,0.0,112,0,0
2.0,0.0,38,0.0,112,0,0
2.0,0.0,38,0.0,112,0,0
2.0,0.0,54,0.0,112,0,0
1.0,0.02631578947368421,76,0.0,43,0,0
1.0,0.017543859649122806,57,0.0,43,0,0
2.0,0.017543859649122806,57,0.0,19,0,0
2.0,0.0875,80,0.0,19,0,0
3.0,0.14285714285714285,7,0.0,3,1,0
3.0,0.14285714285714285,7,0.0,3,1,0
2.5,0.1111111111111111,9,0.6666666666666666,6,0,0
3.0,0.017543859649122806,57,0.0,31,0,0
3.0,0.0875,80,0.0,31,0,0
3.0,0.14285714285714285,35,0.0,31,0,0
3.0,0.02531645569620253,79,0.0,31,0,0
3.0,0.0847457627118644,59,0.0,31,0,0
3.0,0.017543859649122806,57,0.0,13,0,0
3.0,0.0875,80,0.0,13,0,0
3.0,0.14285714285714285,35,0.0,13,0,0
3.0,0.02531645569620253,79,0.0,13,0,0
3.0,0.0847457627118644,59,0.0,13,0,0
3.0,0.017543859649122806,57,0.0,5,0,0
3.0,0.0875,80,0.0,5,0,0
3.0,0.14285714285714285,35,0.0,5,0,0
3.0,0.02531645569620253,79,0.0,5,0,0
3.0,0.0847457627118644,59,0.0,5,0,0
3.0,0.017543859649122806,57,0.0,5,0,0
3.0,0.0875,80,0.0,5,0,0
3.0,0.14285714285714285,35,0.0,5,0,0
3.0,0.02531645569620253,79,0.0,5,0,0
3.0,0.0847457627118644,59,0.0,5,0,0
3.0,0.017543859649122806,57,0.0,5,0,0
3.0,0.0875,80,0.0,5,0,0
3.0,0.14285714285714285,35,0.0,5,0,0
3.0,0.02531645569620253,79,0.0,5,0,0
3.0,0.0847457627118644,59,0.0,5,0,0
3.0,0.017543859649122806,57,0.0,5,0,0
3.0,0.0875,80,0.0,5,0,0
3.0,0.14285714285714285,35,0.0,5,0,0
3.0,0.02531645569620253,79,0.0,5,0,0
3.0,0.0847457627118644,59,0.0,5,0,0
3.0,0.017543859649122806,57,0.0,5,0,0
3.0,0.0875,80,0.0,5,0,0
3.0,0.14285714285714285,35,0.0,5,0,0
3.0,0.02531645569620253,79,0.0,5,0,0
3.0,0.0847457627118644,59,0.0,5,0,0
3.0,0.017543859649122806,57,0.0,5,0,0
3.0,0.0875,80,0.0,5,0,0
3.0,0.14285714285714285,35,0.0,5,0,0
3.0,0.02531645569620253,79,0.0,5,0,0
3.0,0.0847457627118644,59,0.0,5,0,0
3.0,0.017543859649122806,57,0.0,13,0,0
3.0,0.0875,80,0.0,13,0,0
3.0,0.14285714285714285,35,0.0,13,0,0
3.0,0.02531645569620253,79,0.0,13,0,0
3.0,0.0847457627118644,59,0.0,13,0,0
3.0,0.017543859649122806,57,0.0,13,0,0
3.0,0.0875,80,0.0,13,0,0
3.0,0.14285714285714285,35,0.0,13,0,0
3.0,0.02531645569620253,79,0.0,13,0,0
3.0,0.0847457627118644,59,0.0,13,0,0
3.0,0.017543859649122806,57,0.0,13,0,0
3.0,0.0875,80,0.0,13,0,0
3.0,0.14285714285714285,35,0.0,13,0,0
3.0,0.02531645569620253,79,0.0,13,0,0
3.0,0.0847457627118644,59,0.0,13,0,0
1.0,0.5789473684210527,38,0.0,10,0,0
3.0,0.3333333333333333,3,0.0,1,1,0
1.0,0.05172413793103448,58,0.0,112,0,0
1.0,0.08333333333333333,60,0.0,112,0,0
1.5,0.08695652173913043,23,0.057971014492753624,69,0,0
1.5,0.017543859649122806,57,0.057971014492753624,69,0,0
1.5,0.10714285714285714,28,0.057971014492753624,69,0,0
2.0,0.5,6,0.6176470588235294,34,0,0
2.0,0.18181818181818182,11,0.6176470588235294,34,0,0
2.0,0.5,6,0.0,2,1,0
2.0,0.18181818181818182,11,0.0,2,1,0
2.0,0.5,6,0.0,12,0,0
2.0,0.18181818181818182,11,0.0,12,0,0
2.0,0.045454545454545456,22,0.0,11,0,0
2.0,0.0,85,0.0,11,0,0
2.0,0.045454545454545456,22,0.0,112,0,0
2.0,0.0,85,0.0,112,0,0
2.0,0.1111111111111111,18,0.0,3,1,0
2.0,0.1111111111111111,18,0.0,3,1,0
2.0,0.044444444444444446,45,0.0,1,1,0
2.0,0.044444444444444446,45,0.0,1,1,0
2.0,0.044444444444444446,45,0.0,1,1,0
2.0,0.044444444444444446,45,0.0,4,0,0
2.0,0.044444444444444446,45,0.0,12,0,0
3.0,0.08333333333333333,96,0.0,11,0,0
3.0,0.017543859649122806,57,0.0,11,0,0
3.0,0.0875,80,0.0,11,0,0
3.0,0.14285714285714285,35,0.0,11,0,0
3.0,0.10714285714285714,28,0.0,11,0,0
3.0,0.0847457627118644,59,0.0,11,0,0
3.0,0.0,5,0.0,11,0,0
3.0,0.08333333333333333,96,0.0,11,0,0
3.0,0.017543859649122806,57,0.0,11,0,0
3.0,0.0875,80,0.0,11,0,0
3.0,0.14285714285714285,35,0.0,11,0,0
3.0,0.10714285714285714,28,0.0,11,0,0
3.0,0.0847457627118644,59,0.0,11,0,0
3.0,0.0,5,0.0,11,0,0
3.0,0.08333333333333333,96,0.0,26,0,0
3.0,0.017543859649122806,57,0.0,26,0,0
3.0,0.0875,80,0.0,26,0,0
3.0,0.14285714285714285,35,0.0,26,0,0
3.0,0.10714285714285714,28,0.0,26,0,0
3.0,0.0847457627118644,59,0.0,26,0,0
3.0,0.0,5,0.0,26,0,0
3.0,0.08333333333333333,96,0.0,31,0,0
3.0,0.017543859649122806,57,0.0,31,0,0
3.0,0.0875,80,0.0,31,0,0
3.0,0.14285714285714285,35,0.0,31,0,0
3.0,0.10714285714285714,28,0.0,31,0,0
3.0,0.0847457627118644,59,0.0,31,0,0
3.0,0.0,5,0.0,31,0,0
2.0,0.017543859649122806,57,0.0,22,0,0
2.0,0.0875,80,0.0,22,0,0
2.0,0.10714285714285714,28,0.0,22,0,0
2.0,0.0,12,0.0,22,0,0
2.0,0.017543859649122806,57,0.0,26,0,0
2.0,0.0875,80,0.0,26,0,0
2.0,0.10714285714285714,28,0.0,26,0,0
2.0,0.0,12,0.0,26,0,0
2.0,0.017543859649122806,57,0.0,31,0,0
2.0,0.0875,80,0.0,31,0,0
2.0,0.10714285714285714,28,0.0,31,0,0
2.0,0.0,12,0.0,31,0,0
2.0,0.017543859649122806,57,0.057971014492753624,69,0,0
2.0,0.02531645569620253,79,0.057971014492753624,69,0,0
2.0,0.0847457627118644,59,0.057971014492753624,69,0,0
3.0,0.08695652173913043,23,0.04878048780487805,82,0,0
2.0,0.0,3,0.0,1,1,0
3.0,0.0875,80,0.0,3,1,0
3.0,0.3333333333333333,15,0.057971014492753624,69,0,0
3.0,0.3125,16,0.0,2,1,0
3.0,0.3125,16,0.6290322580645161,62,0,0
3.0,0.08695652173913043,23,0.0,2,1,0
3.0,0.1875,32,0.0,2,1,0
3.0,0.08695652173913043,23,0.0,2,1,0
3.0,0.1875,32,0.0,2,1,0
1.0,0.5789473684210527,38,0.0,2,1,0
1.0,0.1875,32,0.0,2,1,0
1.0,0.5789473684210527,38,0.0,26,0,0
1.0,0.1875,32,0.0,26,0,0
1.0,0.5789473684210527,38,0.0,23,0,0
1.0,0.1875,32,0.0,23,0,0
1.0,0.5789473684210527,38,0.0,31,0,0
1.0,0.1875,32,0.0,31,0,0
1.0,0.5789473684210527,38,0.0,2,1,0
1.0,0.1875,32,0.0,2,1,0
1.0,0.5789473684210527,38,0.0,24,0,0
1.0,0.1875,32,0.0,24,0,0
2.0,0.1111111111111111,18,0.0,4,0,0
2.0,0.1111111111111111,18,0.0,1,1,0
2.0,0.1111111111111111,18,0.5,2,1,0
2.0,0.1111111111111111,18,0.0,1,1,0
2.0,0.1111111111111111,18,0.0,1,1,0
2.0,0.1111111111111111,18,0.0,1,1,0
2.0,0.1111111111111111,18,0.0,1,1,0
2.0,0.1111111111111111,18,0.0,1,1,0
3.0,0.4,5,0.0,3,1,0
2.0,0.3125,16,0.0,2,1,0
2.0,0.3125,16,0.45454545454545453,11,0,0
2.0,0.3125,16,0.0,1,1,0
2.0,0.3125,16,0.6666666666666666,6,0,0
2.0,0.3125,16,0.6290322580645161,62,0,0
2.0,0.3125,16,0.0,2,1,0
2.0,0.5789473684210527,38,0.0,13,0,0
2.0,0.21212121212121213,99,0.0,5,0,0
2.0,0.03636363636363636,55,0.0,5,0,0
2.0,0.03333333333333333,30,0.0,5,0,0
2.0,0.21212121212121213,99,0.0,3,1,0
2.0,0.03636363636363636,55,0.0,3,1,0
2.0,0.03333333333333333,30,0.0,3,1,0
2.0,0.21212121212121213,99,0.0,3,1,0
2.0,0.03636363636363636,55,0.0,3,1,0
2.0,0.03333333333333333,30,0.0,3,1,0
2.0,0.21212121212121213,99,0.0,5,0,0
2.0,0.03636363636363636,55,0.0,5,0,0
2.0,0.03333333333333333,30,0.0,5,0,0
2.0,0.031914893617021274,94,0.0,13,0,0
2.0,0.03937007874015748,127,0.0,13,0,0
2.0,0.1875,48,0.0,13,0,0
2.0,0.21212121212121213,99,0.0,13,0,0
2.0,0.031914893617021274,94,0.0,19,0,0
2.0,0.03937007874015748,127,0.0,19,0,0
2.0,0.1875,48,0.0,19,0,0
2.0,0.21212121212121213,99,0.0,19,0,0
2.0,0.031914893617021274,94,0.0,19,0,0
2.0,0.03937007874015748,127,0.0,19,0,0
2.0,0.1875,48,0.0,19,0,0
2.0,0.21212121212121213,99,0.0,19,0,0
2.0,0.031914893617021274,94,0.0,13,0,0
2.0,0.03937007874015748,127,0.0,13,0,0
2.0,0.1875,48,0.0,13,0,0
2.0,0.21212121212121213,99,0.0,13,0,0
2.0,0.031914893617021274,94,0.0,18,0,0
2.0,0.03937007874015748,127,0.0,18,0,0
2.0,0.1875,48,0.0,18,0,0
2.0,0.21212121212121213,99,0.0,18,0,0
2.0,0.031914893617021274,94,0.0,8,0,0
2.0,0.03937007874015748,127,0.0,8,0,0
2.0,0.1875,48,0.0,8,0,0
2.0,0.21212121212121213,99,0.0,8,0,0
2.0,0.031914893617021274,94,0.0,14,0,0
2.0,0.03937007874015748,127,0.0,14,0,0
2.0,0.1875,48,0.0,14,0,0
2.0,0.21212121212121213,99,0.0,14,0,0
1.0,0.03333333333333333,30,0.0,43,0,0
2.0,0.18181818181818182,11,0.0,3,1,0
2.0,0.125,16,0.0,3,1,0
2.0,0.25,8,0.0,3,1,0
1.0,0.017543859649122806,57,0.0,43,0,0
1.0,0.031914893617021274,94,0.0,112,0,0
1.0,0.031914893617021274,94,0.0,3,1,0
2.0,0.21428571428571427,14,0.04878048780487805,82,0,0
2.0,0.05172413793103448,58,0.84375,64,0,0
2.0,0.08333333333333333,60,0.84375,64,0,0
1.5,0.058823529411764705,17,0.0,6,0,0
1.5,0.21428571428571427,14,0.0,6,0,0
3.0,0.6521739130434783,23,0.0,4,0,0
3.0,0.5,6,0.0,4,0,0
3.0,0.8181818181818182,11,0.0,4,0,0
3.0,0.6521739130434783,23,0.0,3,1,0
3.0,0.5,6,0.0,3,1,0
3.0,0.8181818181818182,11,0.0,3,1,0
3.0,0.5454545454545454,11,0.0,4,0,0
2.0,0.0967741935483871,31,0.0,4,0,0
2.0,0.1111111111111111,18,0.0,4,0,0
2.0,0.031914893617021274,94,0.0,19,0,0
2.0,0.0,85,0.0,19,0,0
2.0,0.1111111111111111,18,0.0,19,0,0
2.0,0.031914893617021274,94,0.0,19,0,0
2.0,0.0,85,0.0,19,0,0
2.0,0.1111111111111111,18,0.0,19,0,0
2.0,0.031914893617021274,94,0.0,22,0,0
2.0,0.0,85,0.0,22,0,0
2.0,0.1111111111111111,18,0.0,22,0,0
1.5,0.5454545454545454,11,0.8888888888888888,9,0,0
1.0,0.03571428571428571,28,0.22388059701492538,67,0,0
2.5,0.7857142857142857,14,0.8787878787878788,33,0,0
2.5,0.3333333333333333,6,0.8787878787878788,33,0,0
2.5,0.7857142857142857,14,0.8787878787878788,33,0,0
2.5,0.7857142857142857,14,0.0,4,0,0
2.5,0.3333333333333333,6,0.0,4,0,0
2.5,0.7857142857142857,14,0.0,4,0,0
2.0,0.0,4,0.0,9,0,0
2.0,0.04081632653061224,49,0.0,2,1,0
2.0,0.03636363636363636,55,0.0,2,1,0
1.5,0.045454545454545456,22,0.5142857142857142,35,0,0
2.0,0.2,15,0.0,10,0,0
1.0,0.38461538461538464,26,0.0,12,0,0
1.0,0.05172413793103448,58,0.0,12,0,0
1.0,0.08333333333333333,60,0.0,12,0,0
2.0,0.5,2,0.0,1,1,0
2.0,0.031914893617021274,94,0.0,13,0,0
2.0,0.03937007874015748,127,0.0,13,0,0
2.0,0.1875,48,0.0,13,0,0
2.0,0.75,64,0.0,13,0,0
2.0,0.21212121212121213,99,0.0,13,0,0
2.0,0.031914893617021274,94,0.0,13,0,0
2.0,0.03937007874015748,127,0.0,13,0,0
2.0,0.1875,48,0.0,13,0,0
2.0,0.75,64,0.0,13,0,0
2.0,0.21212121212121213,99,0.0,13,0,0
2.0,0.031914893617021274,94,0.0,10,0,0
2.0,0.03937007874015748,127,0.0,10,0,0
2.0,0.1875,48,0.0,10,0,0
2.0,0.75,64,0.0,10,0,0
2.0,0.21212121212121213,99,0.0,10,0,0
2.0,0.031914893617021274,94,0.0,11,0,0
2.0,0.03937007874015748,127,0.0,11,0,0
2.0,0.1875,48,0.0,11,0,0
2.0,0.75,64,0.0,11,0,0
2.0,0.21212121212121213,99,0.0,11,0,0
2.0,0.08333333333333333,96,0.0,19,0,0
2.0,0.02531645569620253,79,0.0,19,0,0
2.0,0.08333333333333333,96,0.0,6,0,0
2.0,0.02531645569620253,79,0.0,6,0,0
3.0,0.5454545454545454,11,0.0,1,1,0
1.0,0.05555555555555555,18,0.0,112,0,0
1.5,0.05172413793103448,58,0.3870967741935484,31,0,0
1.5,0.08333333333333333,60,0.3870967741935484,31,0,0
3.0,0.044444444444444446,45,0.0,2,1,0
3.0,0.06896551724137931,29,0.0,2,1,0
3.0,0.044444444444444446,45,0.0,23,0,0
3.0,0.06896551724137931,29,0.0,23,0,0
3.0,0.044444444444444446,45,0.0,24,0,0
3.0,0.06896551724137931,29,0.0,24,0,0
1.0,0.02631578947368421,76,0.0,1,1,0
1.0,0.02631578947368421,76,0.0,13,0,0
1.0,0.02631578947368421,76,0.0,13,0,0
1.0,0.02631578947368421,76,0.0,19,0,0
1.0,0.02631578947368421,76,0.0,19,0,0
1.0,0.02631578947368421,76,0.0,14,0,0
1.0,0.02631578947368421,76,0.0,16,0,0
1.0,0.02631578947368421,76,0.0,13,0,0
1.0,0.02631578947368421,76,0.0,19,0,0
1.0,0.02631578947368421,76,0.0,19,0,0
1.0,0.02631578947368421,76,0.0,16,0,0
1.0,0.02631578947368421,76,0.0,14,0,0
1.0,0.02631578947368421,76,0.0,15,0,0
1.0,0.02631578947368421,76,0.0,12,0,0
1.0,0.02631578947368421,76,0.0,22,0,0
1.0,0.02631578947368421,76,0.0,3,1,0
1.0,0.02631578947368421,76,0.0,10,0,0
1.0,0.02631578947368421,76,0.0,1,1,0
1.0,0.02631578947368421,76,0.0,1,1,0
1.0,0.02631578947368421,76,0.0,1,1,0
1.0,0.02631578947368421,76,0.0,1,1,0
1.0,0.02631578947368421,76,0.0,1,1,0
1.0,0.02631578947368421,76,0.0,1,1,0
1.0,0.02631578947368421,76,0.0,2,1,0
1.0,0.02631578947368421,76,0.0,1,1,0
1.0,0.02631578947368421,76,0.0,1,1,0
1.0,0.02631578947368421,76,0.0,1,1,0
1.0,0.02631578947368421,76,0.0,1,1,0
1.0,0.02631578947368421,76,0.0,1,1,0
1.0,0.02631578947368421,76,0.0,2,1,0
1.0,0.02631578947368421,76,0.0,5,0,0
1.0,0.02631578947368421,76,0.0,4,0,0
1.0,0.02631578947368421,76,0.0,11,0,0
1.0,0.02631578947368421,76,0.0,2,1,0
1.0,0.02631578947368421,76,0.0,2,1,0
1.0,0.02631578947368421,76,0.0,2,1,0
1.0,0.02631578947368421,76,0.0,2,1,0
1.0,0.02631578947368421,76,0.0,2,1,0
1.0,0.02631578947368421,76,0.0,2,1,0
1.0,0.02631578947368421,76,0.0,3,1,0
1.0,0.02631578947368421,76,0.0,1,1,0
1.0,0.02631578947368421,76,0.0,2,1,0
1.0,0.02631578947368421,76,0.0,2,1,0
1.0,0.02631578947368421,76,0.0,2,1,0
1.0,0.02631578947368421,76,0.0,2,1,0
1.0,0.02631578947368421,76,0.0,2,1,0
1.0,0.02631578947368421,76,0.0,2,1,0
1.0,0.02631578947368421,76,0.0,6,0,0
1.0,0.02631578947368421,76,0.0,43,0,0
1.0,0.02631578947368421,76,0.0,12,0,0
1.0,0.02631578947368421,76,0.0,12,0,0
1.0,0.02631578947368421,76,0.0,11,0,0
1.0,0.02631578947368421,76,0.0,11,0,0
1.0,0.02631578947368421,76,0.0,12,0,0
1.0,0.02631578947368421,76,0.0,12,0,0
1.0,0.02631578947368421,76,0.0,12,0,0
2.0,0.0967741935483871,31,0.0,6,0,0
2.0,0.1111111111111111,18,0.0,6,0,0
2.0,0.0967741935483871,31,0.0,2,1,0
2.0,0.1111111111111111,18,0.0,2,1,0
2.0,0.0967741935483871,31,0.0,4,0,0
2.0,0.1111111111111111,18,0.0,4,0,0
2.0,0.0967741935483871,31,0.0,2,1,0
2.0,0.1111111111111111,18,0.0,2,1,0
2.0,0.0967741935483871,31,0.0,2,1,0
2.0,0.1111111111111111,18,0.0,2,1,0
2.0,0.0967741935483871,31,0.0,2,1,0
2.0,0.1111111111111111,18,0.0,2,1,0
2.0,0.0967741935483871,31,0.0,2,1,0
2.0,0.1111111111111111,18,0.0,2,1,0
2.0,0.05172413793103448,58,0.0,16,0,0
2.0,0.08333333333333333,60,0.0,16,0,0
2.0,0.05172413793103448,58,0.0,11,0,0
2.0,0.08333333333333333,60,0.0,11,0,0
2.0,0.05172413793103448,58,0.0,17,0,0
2.0,0.08333333333333333,60,0.0,17,0,0
2.0,0.1111111111111111,18,0.2857142857142857,7,0,0
3.0,0.9411764705882353,51,0.6842105263157895,19,0,0
2.0,0.02631578947368421,76,0.25,24,0,0
2.0,0.0847457627118644,59,0.25,24,0,0
2.0,0.6666666666666666,6,0.3333333333333333,3,1,0
1.0,0.5789473684210527,38,0.0,1,1,0
1.0,0.5789473684210527,38,0.0,1,1,0
1.0,0.5789473684210527,38,0.0,1,1,0
1.0,0.5789473684210527,38,0.0,1,1,0
1.0,0.5789473684210527,38,0.0,1,1,0
1.0,0.5789473684210527,38,0.0,10,0,0
2.0,0.5454545454545454,11,0.6666666666666666,3,1,0
3.0,0.05172413793103448,58,0.0,15,0,0
3.0,0.0,12,0.0,15,0,0
3.0,0.08333333333333333,60,0.0,15,0,0
1.0,0.039603960396039604,101,0.75,4,0,0
3.0,0.0,5,0.0,1,1,0
3.0,0.0,5,0.0,1,1,0
3.0,0.013605442176870748,147,0.0,4,0,0
3.0,0.4090909090909091,22,0.0,4,0,0
3.0,0.03333333333333333,30,0.0,4,0,0
3.0,0.1323529411764706,68,0.0,4,0,0
3.0,0.4090909090909091,22,0.6666666666666666,6,0,0
3.0,0.1323529411764706,68,0.6666666666666666,6,0,0
2.0,0.3333333333333333,15,0.0,1,1,0
1.0,0.039603960396039604,101,0.0,43,0,0
2.0,0.03636363636363636,55,0.0,1,1,0
2.0,0.0967741935483871,31,0.0,6,0,0
2.0,0.1111111111111111,18,0.0,6,0,0
2.0,0.0967741935483871,31,0.0,4,0,0
2.0,0.1111111111111111,18,0.0,4,0,0
3.0,0.03937007874015748,127,0.375,24,0,0
3.0,0.0,85,0.375,24,0,0
2.0,0.02631578947368421,76,0.0,1,1,0
2.0,0.031914893617021274,94,0.0,8,0,0
2.0,0.03937007874015748,127,0.0,8,0,0
2.0,0.1875,48,0.0,8,0,0
2.0,0.3870967741935484,31,0.0,8,0,0
2.0,0.017543859649122806,57,0.0,8,0,0
2.0,0.08620689655172414,58,0.0,8,0,0
2.0,0.21212121212121213,99,0.0,8,0,0
2.0,0.03333333333333333,30,0.0,8,0,0
2.5,0.047619047619047616,63,0.0,3,1,0
2.5,0.05172413793103448,58,0.0,3,1,0
2.5,0.08333333333333333,60,0.0,3,1,0
2.0,0.0967741935483871,31,0.0,4,0,0
2.0,0.1111111111111111,18,0.0,4,0,0
2.0,0.08333333333333333,96,0.0,16,0,0
2.0,0.017543859649122806,57,0.0,16,0,0
2.0,0.0875,80,0.0,16,0,0
2.0,0.02531645569620253,79,0.0,16,0,0
2.0,0.10714285714285714,28,0.0,16,0,0
2.0,0.0,12,0.0,16,0,0
2.0,0.08333333333333333,96,0.0,7,0,0
2.0,0.08620689655172414,58,0.0,7,0,0
2.0,0.08,25,0.0,7,0,0
2.0,0.08333333333333333,96,0.0,7,0,0
2.0,0.08620689655172414,58,0.0,7,0,0
2.0,0.08,25,0.0,7,0,0
2.0,0.08333333333333333,96,0.0,13,0,0
2.0,0.08620689655172414,58,0.0,13,0,0
2.0,0.08,25,0.0,13,0,0
2.0,0.08333333333333333,96,0.0,12,0,0
2.0,0.08620689655172414,58,0.0,12,0,0
2.0,0.08,25,0.0,12,0,0
2.0,0.08333333333333333,96,0.0,13,0,0
2.0,0.08620689655172414,58,0.0,13,0,0
2.0,0.08,25,0.0,13,0,0
2.0,0.08333333333333333,96,0.0,13,0,0
2.0,0.08620689655172414,58,0.0,13,0,0
2.0,0.08,25,0.0,13,0,0
2.0,0.08333333333333333,96,0.0,13,0,0
2.0,0.08620689655172414,58,0.0,13,0,0
2.0,0.08,25,0.0,13,0,0
2.0,0.08333333333333333,96,0.0,13,0,0
2.0,0.08620689655172414,58,0.0,13,0,0
2.0,0.08,25,0.0,13,0,0
2.0,0.08333333333333333,96,0.0,27,0,0
2.0,0.08620689655172414,58,0.0,27,0,0
2.0,0.08,25,0.0,27,0,0
2.0,0.08333333333333333,96,0.0,13,0,0
2.0,0.08620689655172414,58,0.0,13,0,0
2.0,0.08,25,0.0,13,0,0
2.0,0.08333333333333333,96,0.0,13,0,0
2.0,0.08620689655172414,58,0.0,13,0,0
2.0,0.08,25,0.0,13,0,0
2.0,0.08333333333333333,96,0.0,13,0,0
2.0,0.08620689655172414,58,0.0,13,0,0
2.0,0.08,25,0.0,13,0,0
2.0,0.08333333333333333,96,0.0,3,1,0
2.0,0.08620689655172414,58,0.0,3,1,0
2.0,0.08,25,0.0,3,1,0
2.0,0.08333333333333333,96,0.0,3,1,0
2.0,0.08620689655172414,58,0.0,3,1,0
2.0,0.08,25,0.0,3,1,0
2.0,0.08333333333333333,96,0.0,3,1,0
2.0,0.08620689655172414,58,0.0,3,1,0
2.0,0.08,25,0.0,3,1,0
2.0,0.08333333333333333,96,0.0,3,1,0
2.0,0.08620689655172414,58,0.0,3,1,0
2.0,0.08,25,0.0,3,1,0
2.0,0.08333333333333333,96,0.0,3,1,0
2.0,0.08620689655172414,58,0.0,3,1,0
2.0,0.08,25,0.0,3,1,0
2.0,0.08333333333333333,96,0.0,3,1,0
2.0,0.08620689655172414,58,0.0,3,1,0
2.0,0.08,25,0.0,3,1,0
2.0,0.08333333333333333,96,0.0,3,1,0
2.0,0.08620689655172414,58,0.0,3,1,0
2.0,0.08,25,0.0,3,1,0
2.0,0.08333333333333333,96,0.0,22,0,0
2.0,0.08620689655172414,58,0.0,22,0,0
2.0,0.08,25,0.0,22,0,0
2.0,0.08333333333333333,96,0.0,17,0,0
2.0,0.08620689655172414,58,0.0,17,0,0
2.0,0.08,25,0.0,17,0,0
2.0,0.08333333333333333,96,0.0,3,1,0
2.0,0.08620689655172414,58,0.0,3,1,0
2.0,0.08,25,0.0,3,1,0
1.5,0.0,3,0.0,1,1,0
2.0,0.2222222222222222,9,0.0,1,1,0
2.0,0.3333333333333333,3,0.5,2,1,0
2.0,0.031914893617021274,94,0.25,4,0,0
2.0,0.04081632653061224,49,0.25,4,0,0
2.0,0.03636363636363636,55,0.25,4,0,0
2.0,0.6666666666666666,6,0.95,20,0,0
3.0,0.0,4,0.75,40,0,0
3.0,0.2,5,0.0,1,1,0
3.0,0.0,4,0.6666666666666666,3,1,0
3.0,0.0,67,0.0,5,0,0
3.0,0.047619047619047616,63,0.0,5,0,0
3.0,0.0,67,0.0,5,0,0
3.0,0.0,12,0.0,5,0,0
3.0,0.03937007874015748,127,0.375,24,0,0
1.5,0.5714285714285714,7,0.0,1,1,0
3.0,0.4,5,0.0,1,1,0
2.0,0.017543859649122806,57,0.0,2,1,0
2.0,0.02531645569620253,79,0.0,2,1,0
2.0,0.017543859649122806,57,0.0,2,1,0
2.0,0.02531645569620253,79,0.0,2,1,0
2.0,0.017543859649122806,57,0.0,2,1,0
2.0,0.02531645569620253,79,0.0,2,1,0
2.0,0.017543859649122806,57,0.0,2,1,0
2.0,0.02531645569620253,79,0.0,2,1,0
2.0,0.017543859649122806,57,0.0,2,1,0
2.0,0.02531645569620253,79,0.0,2,1,0
2.0,0.6428571428571429,14,0.7777777777777778,9,0,0
2.0,0.0,1,0.7777777777777778,9,0,0
2.0,0.031914893617021274,94,0.0,2,1,0
2.0,0.21212121212121213,99,0.0,2,1,0
2.0,0.031914893617021274,94,0.45454545454545453,11,0,0
2.0,0.0,85,0.45454545454545453,11,0,0
2.0,0.09375,32,0.45454545454545453,11,0,0
2.0,0.039603960396039604,101,0.0,4,0,0
2.0,0.0875,80,0.0,4,0,0
2.0,0.015873015873015872,63,0.0,4,0,0
2.0,0.10714285714285714,28,0.0,4,0,0
3.0,0.013605442176870748,147,0.0,11,0,0
2.0,0.3870967741935484,31,0.9583333333333334,24,0,0
2.0,0.3333333333333333,3,0.75,40,0,0
3.0,0.045454545454545456,22,0.375,24,0,0
1.0,0.3333333333333333,27,0.6176470588235294,34,0,0
1.0,0.3333333333333333,27,0.0,3,1,0
1.0,0.75,8,0.0,3,1,0
3.0,0.5,14,0.2631578947368421,19,0,0
3.0,0.625,8,0.2631578947368421,19,0,0
3.0,0.2222222222222222,9,0.0,2,1,0
1.0,0.25,4,0.0,1,1,0
2.0,0.8130841121495327,107,0.04878048780487805,82,0,0
2.0,0.0,34,0.04878048780487805,82,0,0
3.0,0.7878787878787878,33,0.0,2,1,0
3.0,0.65,20,0.0,2,1,0
1.0,0.03937007874015748,127,0.0,7,0,0
1.0,0.7142857142857143,7,0.0,7,0,0
1.0,0.017543859649122806,57,0.0,7,0,0
1.0,0.015873015873015872,63,0.0,7,0,0
1.0,0.5,10,0.0,7,0,0
1.0,0.25,4,0.0,7,0,0
1.0,0.0,1,0.0,7,0,0
3.0,0.5,6,0.0,5,0,0
3.0,0.0,2,0.0,5,0,0
2.0,0.0,34,0.22388059701492538,67,0,0
1.5,0.031914893617021274,94,0.0,1,1,0
3.0,0.5,22,0.0,8,0,0
2.0,0.8928571428571429,28,0.5142857142857142,35,0,0
2.0,0.958904109589041,73,0.5142857142857142,35,0,0
2.0,0.0,34,0.5142857142857142,35,0,0
2.0,0.10714285714285714,28,0.057971014492753624,69,0,0
2.0,0.5,2,0.8,5,0,0
2.0,0.0,2,0.0,3,1,0
2.0,0.3333333333333333,3,0.0,3,1,0
2.0,0.0,2,0.0,2,1,0
2.0,0.3333333333333333,3,0.0,2,1,0
1.0,0.0,24,0.0,112,0,0
1.0,0.25,8,0.0,112,0,0
3.0,0.3333333333333333,12,0.7619047619047619,21,0,0
3.0,0.3333333333333333,12,0.7619047619047619,21,0,0
3.0,0.3333333333333333,12,0.6470588235294118,17,0,0
3.0,0.3333333333333333,12,0.9166666666666666,12,0,0
2.0,0.25,4,0.967741935483871,31,0,0
2.0,0.25,4,0.5142857142857142,35,0,0
2.0,0.031914893617021274,94,0.0,1,1,0
3.0,0.18181818181818182,11,0.0,1,1,0
2.0,0.25,8,0.0,2,1,0
2.0,0.10526315789473684,19,0.04878048780487805,82,0,0
3.0,0.3333333333333333,27,0.0,9,0,0
3.0,0.5,22,0.0,9,0,0
3.0,0.3333333333333333,27,0.6470588235294118,17,0,0
3.0,0.5,22,0.6470588235294118,17,0,0
3.0,0.3333333333333333,27,0.6470588235294118,17,0,0
3.0,0.5,22,0.6470588235294118,17,0,0
3.0,0.3333333333333333,27,0.0,9,0,0
3.0,0.5454545454545454,11,0.0,9,0,0
3.0,0.5,22,0.0,9,0,0
2.0,0.2222222222222222,9,0.0,1,1,0
2.5,0.8,10,0.0,1,1,0
3.0,0.4,5,0.5,2,1,0
2.5,0.7142857142857143,7,0.0,2,1,0
2.0,0.38461538461538464,26,0.0,11,0,0
3.0,0.5,4,0.057971014492753624,69,0,0
3.0,0.017543859649122806,57,0.057971014492753624,69,0,0
3.0,0.10714285714285714,28,0.057971014492753624,69,0,0
3.0,0.0,12,0.057971014492753624,69,0,0
2.0,0.0625,48,0.5142857142857142,35,0,0
2.0,0.25,8,0.057971014492753624,69,0,0
2.0,0.02531645569620253,79,0.057971014492753624,69,0,0
3.0,0.5,6,0.0,5,0,0
3.0,0.0,2,0.0,5,0,0
3.0,0.5,2,0.0,2,1,0
3.0,0.0,12,0.0,2,1,0
2.0,0.05555555555555555,18,0.22388059701492538,67,0,0
2.0,0.031914893617021274,94,0.0,112,0,0
2.0,0.6666666666666666,3,0.0,8,0,0
3.0,0.10526315789473684,19,0.0,1,1,0
3.0,0.10526315789473684,19,0.04878048780487805,82,0,0
2.0,0.75,4,0.22388059701492538,67,0,0
2.5,0.3333333333333333,3,0.0,2,1,0
2.5,0.6,10,0.0,2,1,0
2.5,0.3333333333333333,3,0.0,2,1,0
2.5,0.6,10,0.0,2,1,0
3.0,0.3333333333333333,12,0.0,1,1,0
2.0,0.013605442176870748,147,0.35,40,0,0
2.0,0.6,5,0.8888888888888888,9,0,0
2.0,0.08333333333333333,96,0.04878048780487805,82,0,0
2.0,0.015873015873015872,63,0.04878048780487805,82,0,0
2.0,0.1875,32,0.04878048780487805,82,0,0
1.0,0.16666666666666666,12,0.6176470588235294,34,0,0
1.0,0.16666666666666666,12,0.0,1,1,0
0.0,0.21428571428571427,14,0.04878048780487805,82,0,0
0.0,0.21428571428571427,14,0.0,43,0,0
2.0,0.015873015873015872,63,0.04878048780487805,82,0,0
2.0,0.1323529411764706,68,0.04878048780487805,82,0,0
3.0,0.14285714285714285,7,0.6290322580645161,62,0,0
3.0,0.14285714285714285,7,0.6290322580645161,62,0,0
2.0,0.039603960396039604,101,0.0,112,0,0
2.0,0.09375,32,0.0,112,0,0
2.0,0.4,5,0.22388059701492538,67,0,0
2.0,0.4,5,0.45454545454545453,11,0,0
3.0,0.5909090909090909,22,0.0,1,1,0
2.0,0.10714285714285714,28,0.0,1,1,0
3.0,0.0,6,0.0,6,0,0
2.0,0.14285714285714285,14,0.0,17,0,0
2.0,0.06896551724137931,29,0.0,17,0,0
2.0,0.14285714285714285,14,0.0,5,0,0
2.0,0.06896551724137931,29,0.0,5,0,0
2.0,0.625,8,0.0,2,1,0
3.0,0.3076923076923077,13,0.6206896551724138,29,0,0
1.0,0.75,8,0.7619047619047619,21,0,0
3.0,0.10714285714285714,28,0.8333333333333334,18,0,0
3.0,0.10714285714285714,28,0.0,5,0,0
2.0,0.044444444444444446,45,0.04878048780487805,82,0,0
2.0,0.06896551724137931,29,0.04878048780487805,82,0,0
3.0,0.6666666666666666,6,0.16666666666666666,6,0,0
3.0,0.0,1,0.16666666666666666,6,0,0
1.0,0.03937007874015748,127,0.0,6,0,0
1.0,0.0,67,0.0,6,0,0
1.0,0.0,67,0.0,6,0,0
1.0,0.0,85,0.0,6,0,0
1.0,0.0,54,0.0,6,0,0
1.0,0.03937007874015748,127,0.0,112,0,0
1.0,0.0,67,0.0,112,0,0
1.0,0.0,67,0.0,112,0,0
1.0,0.0,85,0.0,112,0,0
1.0,0.0,54,0.0,112,0,0
2.0,0.5454545454545454,11,0.0,1,1,0
2.0,0.2,15,0.0,15,0,0
2.0,0.21212121212121213,99,0.0,15,0,0
2.0,0.1875,32,0.0,15,0,0
3.0,0.2,5,0.0,3,1,0
2.0,0.10714285714285714,28,0.5217391304347826,23,0,0
2.0,0.5,4,0.90625,32,0,0
2.0,0.25,8,0.6290322580645161,62,0,0
3.0,0.38461538461538464,26,0.0,112,0,0
3.0,0.38461538461538464,13,0.0,112,0,0
3.0,0.21212121212121213,99,0.0,21,0,0
2.0,0.25,8,0.6290322580645161,62,0,0
2.0,0.3333333333333333,3,0.6290322580645161,62,0,0
2.0,0.02531645569620253,79,0.0,4,0,0
1.0,0.05172413793103448,58,0.35,40,0,0
3.0,0.3333333333333333,3,0.0,9,0,0
2.0,0.3076923076923077,13,0.6666666666666666,6,0,0
2.0,0.10526315789473684,19,0.0,11,0,0
2.0,0.015873015873015872,63,0.0,11,0,0
2.0,0.1111111111111111,18,0.0,16,0,0
2.0,0.1111111111111111,18,0.0,14,0,0
2.5,0.5454545454545454,11,0.0,36,0,0
2.5,0.25,4,0.0,36,0,0
2.0,0.08333333333333333,96,0.0,19,0,0
2.0,0.0,24,0.0,11,0,0
2.0,0.0,24,0.0,6,0,0
3.0,0.5,4,0.3333333333333333,3,1,0
3.0,0.6521739130434783,23,0.3333333333333333,3,1,0
3.0,0.5,4,0.3333333333333333,3,1,0
3.0,0.6521739130434783,23,0.3333333333333333,3,1,0
1.5,0.6,10,0.3076923076923077,13,0,0
3.0,0.25,8,0.0,1,1,0
3.0,0.25,8,0.0,5,0,0
3.0,0.25,8,0.6666666666666666,3,1,0
3.0,0.25,8,0.0,1,1,0
3.0,0.25,8,0.0,2,1,0
2.0,0.08333333333333333,60,0.057971014492753624,69,0,0
2.0,0.2,5,0.5,2,1,0
3.0,0.013605442176870748,147,0.0,5,0,0
3.0,0.03937007874015748,127,0.0,5,0,0
3.0,0.1875,48,0.0,5,0,0
3.0,0.015873015873015872,63,0.0,5,0,0
3.0,0.125,8,0.0,5,0,0
3.0,0.013605442176870748,147,0.0,5,0,0
3.0,0.03937007874015748,127,0.0,5,0,0
3.0,0.1875,48,0.0,5,0,0
3.0,0.015873015873015872,63,0.0,5,0,0
3.0,0.125,8,0.0,5,0,0
2.0,0.013605442176870748,147,0.04878048780487805,82,0,0
2.0,0.10526315789473684,19,0.04878048780487805,82,0,0
3.0,0.08333333333333333,96,0.057971014492753624,69,0,0
3.0,0.017543859649122806,57,0.057971014492753624,69,0,0
3.0,0.10714285714285714,28,0.057971014492753624,69,0,0
3.0,0.0,12,0.057971014492753624,69,0,0
3.0,0.08333333333333333,96,0.0,22,0,0
3.0,0.017543859649122806,57,0.0,22,0,0
3.0,0.0875,80,0.0,22,0,0
3.0,0.10714285714285714,28,0.0,22,0,0
3.0,0.0,12,0.0,22,0,0
3.0,0.3333333333333333,27,0.45454545454545453,11,0,0
3.0,0.5454545454545454,11,0.45454545454545453,11,0,0
3.0,0.5,22,0.45454545454545453,11,0,0
1.5,0.2,15,0.0,6,0,0
1.5,0.3870967741935484,31,0.0,6,0,0
1.5,0.015873015873015872,63,0.0,6,0,0
1.5,0.25,4,0.0,6,0,0
2.0,0.36363636363636365,11,0.0,2,1,0
2.0,0.6666666666666666,3,0.0,2,1,0
2.5,0.2857142857142857,14,0.0,1,1,0
2.0,0.058823529411764705,17,0.22388059701492538,67,0,0
2.0,0.0,2,0.0,5,0,0
2.0,0.4,5,0.0,5,0,0
2.0,0.1111111111111111,45,0.22388059701492538,67,0,0
2.0,0.0,34,0.22388059701492538,67,0,0
2.0,0.9333333333333333,15,0.0,1,1,0
1.0,0.0875,80,0.0,11,0,0
1.0,0.015873015873015872,63,0.0,11,0,0
1.0,0.10714285714285714,28,0.0,11,0,0
1.0,0.0,12,0.0,11,0,0
1.0,0.0875,80,0.0,16,0,0
1.0,0.015873015873015872,63,0.0,16,0,0
1.0,0.10714285714285714,28,0.0,16,0,0
1.0,0.0,12,0.0,16,0,0
1.0,0.08333333333333333,96,0.0,3,1,0
1.0,0.015873015873015872,63,0.0,3,1,0
1.0,0.1323529411764706,68,0.0,3,1,0
1.0,0.08333333333333333,96,0.0,3,1,0
1.0,0.015873015873015872,63,0.0,3,1,0
1.0,0.1323529411764706,68,0.0,3,1,0
1.0,0.08333333333333333,96,0.0,3,1,0
1.0,0.015873015873015872,63,0.0,3,1,0
1.0,0.1323529411764706,68,0.0,3,1,0
1.0,0.08333333333333333,96,0.0,12,0,0
1.0,0.015873015873015872,63,0.0,12,0,0
1.0,0.1323529411764706,68,0.0,12,0,0
1.0,0.38461538461538464,26,0.5,2,1,0
1.0,0.38461538461538464,26,0.5,2,1,0
2.0,0.08333333333333333,96,0.04878048780487805,82,0,0
2.0,0.375,16,0.04878048780487805,82,0,0
2.0,0.6,5,0.04878048780487805,82,0,0
2.0,0.10526315789473684,19,0.04878048780487805,82,0,0
2.0,0.015873015873015872,63,0.04878048780487805,82,0,0
2.0,0.013605442176870748,147,0.08333333333333333,12,0,0
2.0,0.0875,80,0.08333333333333333,12,0,0
2.0,0.1875,32,0.08333333333333333,12,0,0
2.0,0.38461538461538464,26,0.0,15,0,0
2.0,0.05172413793103448,58,0.0,15,0,0
2.0,0.08333333333333333,60,0.0,15,0,0
2.0,0.5555555555555556,9,0.8,5,0,0
2.0,0.5555555555555556,9,0.0,1,1,0
2.0,0.5555555555555556,9,0.6666666666666666,3,1,0
1.0,0.1111111111111111,45,0.0,19,0,0
1.0,0.02531645569620253,79,0.0,19,0,0
2.0,0.975,40,0.0,1,1,0
3.0,0.8181818181818182,11,0.92,25,0,0
2.0,0.0,24,0.22388059701492538,67,0,0
2.0,0.5,4,0.8888888888888888,9,0,0
2.0,0.5,4,0.75,20,0,0
2.0,0.045454545454545456,22,0.0,112,0,0
2.0,0.0,85,0.0,112,0,0
1.5,0.08333333333333333,96,0.04878048780487805,82,0,0
1.5,0.02631578947368421,76,0.04878048780487805,82,0,0
2.0,0.031914893617021274,94,0.0,6,0,0
2.0,0.02631578947368421,76,0.0,6,0,0
2.0,0.03937007874015748,127,0.0,6,0,0
2.0,0.8130841121495327,107,0.0,6,0,0
2.0,0.0,34,0.0,6,0,0
3.0,0.08620689655172414,58,0.0,112,0,0
1.5,0.75,64,0.22388059701492538,67,0,0
1.5,0.5,2,0.22388059701492538,67,0,0
2.0,0.2,5,0.0,112,0,0
2.0,0.38461538461538464,26,0.0,112,0,0
2.0,0.0,24,0.0,112,0,0
1.5,0.0967741935483871,31,0.35,40,0,0
1.5,0.013605442176870748,147,0.35,40,0,0
1.5,0.017543859649122806,57,0.35,40,0,0
1.5,0.0,6,0.35,40,0,0
2.0,0.6666666666666666,3,0.0,1,1,0
3.0,0.3333333333333333,6,0.75,20,0,0
1.5,0.05172413793103448,58,0.04878048780487805,82,0,0
1.5,0.1875,32,0.04878048780487805,82,0,0
1.5,0.08333333333333333,60,0.04878048780487805,82,0,0
3.0,0.031914893617021274,94,0.0,36,0,0
2.0,0.08333333333333333,96,0.35,40,0,0
2.0,0.044444444444444446,45,0.0,1,1,0
2.0,0.21428571428571427,14,0.13793103448275862,29,0,0
3.0,0.25,8,0.5833333333333334,12,0,0
3.0,0.25,8,0.0,1,1,0
3.0,0.3333333333333333,9,0.057971014492753624,69,0,0
3.0,0.3333333333333333,9,0.25,24,0,0
3.0,0.3333333333333333,9,0.04878048780487805,82,0,0
2.0,0.14285714285714285,14,0.0,4,0,0
2.0,0.06896551724137931,29,0.0,4,0,0
2.0,0.14285714285714285,14,0.0,3,1,0
2.0,0.06896551724137931,29,0.0,3,1,0
2.0,0.02666666666666667,75,0.0,1,1,0
2.0,0.02666666666666667,75,0.0,8,0,0
2.0,0.02666666666666667,75,0.0,14,0,0
2.0,0.02666666666666667,75,0.0,27,0,0
2.0,0.02666666666666667,75,0.0,24,0,0
2.0,0.02666666666666667,75,0.0,14,0,0
2.0,0.02666666666666667,75,0.0,24,0,0
2.0,0.02666666666666667,75,0.0,24,0,0
2.0,0.02666666666666667,75,0.0,2,1,0
2.0,0.02666666666666667,75,0.0,2,1,0
2.0,0.02666666666666667,75,0.0,1,1,0
2.0,0.02666666666666667,75,0.0,1,1,0
2.0,0.02666666666666667,75,0.0,1,1,0
2.0,0.02666666666666667,75,0.0,1,1,0
2.0,0.02666666666666667,75,0.0,6,0,0
2.0,0.02666666666666667,75,0.0,11,0,0
2.0,0.02666666666666667,75,0.0,24,0,0
2.0,0.02666666666666667,75,0.0,17,0,0
2.0,0.02666666666666667,75,0.0,11,0,0
2.0,0.02666666666666667,75,0.0,12,0,0
2.0,0.02666666666666667,75,0.0,22,0,0
2.0,0.02666666666666667,75,0.0,3,1,0
2.0,0.02666666666666667,75,0.0,3,1,0
2.0,0.02666666666666667,75,0.0,6,0,0
2.0,0.02666666666666667,75,0.0,6,0,0
2.0,0.02666666666666667,75,0.0,11,0,0
2.0,0.02666666666666667,75,0.0,3,1,0
2.0,0.02666666666666667,75,0.0,17,0,0
2.0,0.02666666666666667,75,0.0,1,1,0
3.0,0.9090909090909091,22,0.0,2,1,0
3.0,0.6,5,0.0,2,1,0
2.0,0.5,6,0.0,2,1,0
2.0,0.5714285714285714,7,0.0,2,1,0
2.0,0.5,6,0.0,2,1,0
2.0,0.5714285714285714,7,0.0,2,1,0
3.0,0.7865168539325843,89,0.3870967741935484,31,0,0
3.0,0.0,38,0.3870967741935484,31,0,0
2.0,0.039603960396039604,101,0.0,1,1,0
3.0,0.5909090909090909,22,0.0,2,1,0
2.0,0.08333333333333333,96,0.35,40,0,0
2.0,0.015873015873015872,63,0.35,40,0,0
2.0,0.02666666666666667,75,0.35,40,0,0
3.0,0.6666666666666666,6,0.9,10,0,0
3.0,0.6666666666666666,6,0.9166666666666666,12,0,0
1.0,0.0,1,0.0,6,0,0
2.5,0.5,4,0.0,2,1,0
3.0,0.02666666666666667,75,0.0,1,1,0
3.0,0.02666666666666667,75,0.0,1,1,0
3.0,0.3333333333333333,3,0.0,6,0,0
2.5,0.38461538461538464,26,0.0,1,1,0
2.0,0.7,10,0.2631578947368421,19,0,0
2.0,0.125,8,0.2631578947368421,19,0,0
2.0,0.5555555555555556,9,0.2631578947368421,19,0,0
2.0,0.5,8,0.2631578947368421,19,0,0
2.0,0.8130841121495327,107,0.2631578947368421,19,0,0
2.0,0.0,34,0.2631578947368421,19,0,0
2.0,0.7,10,0.23529411764705882,17,0,0
2.0,0.125,8,0.23529411764705882,17,0,0
2.0,0.5555555555555556,9,0.23529411764705882,17,0,0
2.0,0.5,8,0.23529411764705882,17,0,0
2.0,0.8130841121495327,107,0.23529411764705882,17,0,0
2.0,0.0,34,0.23529411764705882,17,0,0
2.0,0.7,10,0.0,12,0,0
2.0,0.125,8,0.0,12,0,0
2.0,0.5555555555555556,9,0.0,12,0,0
2.0,0.5,8,0.0,12,0,0
2.0,0.8130841121495327,107,0.0,12,0,0
2.0,0.0,34,0.0,12,0,0
2.0,0.9838709677419355,62,0.5217391304347826,23,0,0
2.0,0.9615384615384616,26,0.5217391304347826,23,0,0
2.0,0.8333333333333334,6,0.5217391304347826,23,0,0
2.0,0.0,1,0.5217391304347826,23,0,0
2.0,0.0,1,0.5217391304347826,23,0,0
3.0,0.03937007874015748,127,0.0,36,0,0
3.0,0.0,67,0.0,36,0,0
3.0,0.8636363636363636,110,0.0,36,0,0
3.0,0.25,4,0.0,36,0,0
3.0,0.0,67,0.0,36,0,0
3.0,0.0,12,0.0,36,0,0
1.0,0.013605442176870748,147,0.08333333333333333,12,0,0
3.0,0.9375,16,0.631578947368421,19,0,0
3.0,0.9615384615384616,26,0.631578947368421,19,0,0
3.0,0.9642857142857143,28,0.631578947368421,19,0,0
2.0,0.031914893617021274,94,0.0,1,1,0
1.0,0.015873015873015872,63,0.0,6,0,0
1.0,0.1323529411764706,68,0.0,6,0,0
1.0,0.015873015873015872,63,0.0,21,0,0
1.0,0.1323529411764706,68,0.0,21,0,0
2.0,0.02666666666666667,75,0.0,1,1,0
2.0,0.375,16,0.0,7,0,0
3.0,0.125,8,0.7619047619047619,21,0,0
1.0,0.0967741935483871,31,0.0,43,0,0
1.0,0.1111111111111111,18,0.0,43,0,0
1.5,0.5,6,0.0,1,1,0
1.5,0.5,6,0.0,1,1,0
1.0,0.2,5,0.0,5,0,0
1.0,0.16666666666666666,6,0.0,5,0,0
1.0,0.21212121212121213,99,0.0,5,0,0
1.0,0.8130841121495327,107,0.0,5,0,0
1.0,0.0,34,0.0,5,0,0
3.0,0.015873015873015872,63,0.35,40,0,0
3.0,0.8571428571428571,7,0.125,8,0,0
3.0,0.5,4,0.0,4,0,0
3.0,0.6521739130434783,23,0.0,4,0,0
3.0,0.0,2,0.0,4,0,0
3.0,0.5,4,0.0,3,1,0
3.0,0.6521739130434783,23,0.0,3,1,0
3.0,0.0,2,0.0,3,1,0
2.0,0.5,22,0.0,1,1,0
3.0,0.0,3,0.0,1,1,0
3.0,0.0,6,0.0,6,0,0
3.0,0.0,6,0.0,3,1,0
3.0,0.0,67,0.3333333333333333,6,0,0
3.0,0.0,67,0.3333333333333333,6,0,0
3.0,0.0,12,0.3333333333333333,6,0,0
3.0,0.0,67,0.0,3,1,0
3.0,0.0,67,0.0,3,1,0
3.0,0.0,12,0.0,3,1,0
2.0,0.75,4,0.0,1,1,0
2.5,0.0,67,0.55,20,0,0
2.5,0.0,67,0.55,20,0,0
2.5,0.3333333333333333,6,0.55,20,0,0
2.5,0.0,1,0.55,20,0,0
1.5,0.9411764705882353,51,0.0,8,0,0
1.5,0.9753086419753086,81,0.0,8,0,0
1.5,0.0,4,0.0,8,0,0
1.5,0.0,4,0.0,8,0,0
1.5,0.9411764705882353,51,0.0,4,0,0
1.5,0.9753086419753086,81,0.0,4,0,0
1.5,0.0,4,0.0,4,0,0
1.5,0.0,4,0.0,4,0,0
2.0,0.25,4,0.22388059701492538,67,0,0
3.0,0.0,2,0.0,2,1,0
3.0,0.0,2,0.0,1,1,0
2.0,0.5909090909090909,22,0.0,2,1,0
3.0,0.7777777777777778,9,0.16666666666666666,6,0,0
3.0,0.2222222222222222,9,0.0,1,1,0
2.0,0.045454545454545456,22,0.0,112,0,0
2.0,0.3333333333333333,3,0.0,112,0,0
3.0,0.0,1,0.0,6,0,0
3.0,0.2,5,0.5,4,0,0
1.0,0.5,14,0.0,23,0,0
1.0,0.4,5,0.0,23,0,0
2.0,0.08333333333333333,96,0.0,11,0,0
2.0,0.044444444444444446,45,0.0,11,0,0
2.0,0.08333333333333333,96,0.0,2,1,0
2.0,0.044444444444444446,45,0.0,2,1,0
3.0,0.25,4,0.0,3,1,0
2.0,0.1875,48,0.22388059701492538,67,0,0
2.0,0.0,34,0.22388059701492538,67,0,0
2.0,0.16666666666666666,12,0.85,20,0,0
2.0,0.16666666666666666,12,0.0,1,1,0
3.0,0.2222222222222222,9,0.0,1,1,0
2.0,0.6666666666666666,6,0.0,2,1,0
2.0,0.6666666666666666,6,0.6666666666666666,3,1,0
1.5,0.5,6,0.0,1,1,0
2.0,0.031914893617021274,94,0.0,6,0,0
2.0,0.031914893617021274,94,0.0,1,1,0
3.0,0.3333333333333333,3,0.0,1,1,0
3.0,0.3333333333333333,3,0.0,9,0,0
2.0,0.039603960396039604,101,0.0,3,1,0
2.0,0.013605442176870748,147,0.0,3,1,0
2.0,0.1323529411764706,68,0.0,3,1,0
3.0,0.10714285714285714,28,0.0,1,1,0
3.0,0.015873015873015872,63,0.35,40,0,0
2.0,0.0,67,0.0,36,0,0
2.0,0.0,67,0.0,36,0,0
2.0,0.0,12,0.0,36,0,0
2.0,0.017543859649122806,57,0.25,24,0,0
1.0,0.625,8,0.13793103448275862,29,0,0
1.0,0.125,8,0.13793103448275862,29,0,0
3.0,0.0,3,0.0,1,1,0
3.0,0.2857142857142857,7,0.0,2,1,0
3.0,0.2857142857142857,7,0.0,2,1,0
0.0,0.45454545454545453,11,0.0,8,0,0
0.0,0.16666666666666666,12,0.0,8,0,0
3.0,0.3333333333333333,3,0.5,12,0,0
3.0,0.7878787878787878,33,0.5,12,0,0
3.0,0.65,20,0.5,12,0,0
3.0,0.3333333333333333,3,0.7,10,0,0
3.0,0.6666666666666666,6,0.7,10,0,0
1.5,0.039603960396039604,101,0.0,9,0,0
3.0,0.2,5,0.75,40,0,0
3.0,0.2,5,0.125,8,0,0
2.0,0.25,8,0.6290322580645161,62,0,0
3.0,0.10714285714285714,28,0.0,3,1,0
3.0,0.0,67,0.0,3,1,0
3.0,0.0,67,0.0,3,1,0
3.0,0.10714285714285714,28,0.0,112,0,0
3.0,0.0,67,0.0,112,0,0
3.0,0.0,67,0.0,112,0,0
3.0,0.5,14,0.0,2,1,0
3.0,0.625,8,0.0,2,1,0
3.0,0.3333333333333333,6,0.0,6,0,0
2.0,0.013605442176870748,147,0.25,24,0,0
1.5,0.045454545454545456,22,0.0,112,0,0
1.5,0.03937007874015748,127,0.0,112,0,0
1.5,0.09090909090909091,11,0.0,112,0,0
2.0,0.08333333333333333,96,0.6923076923076923,13,0,0
2.0,0.06896551724137931,29,0.0,6,0,0
2.0,0.015873015873015872,63,0.0,6,0,0
2.0,0.1323529411764706,68,0.0,6,0,0
2.0,0.0,5,0.0,13,0,0
2.0,0.031914893617021274,94,0.0,1,1,0
2.0,0.3333333333333333,15,0.04878048780487805,82,0,0
2.0,0.10526315789473684,19,0.04878048780487805,82,0,0
2.0,0.1875,32,0.04878048780487805,82,0,0
2.0,0.02666666666666667,75,0.0,1,1,0
3.0,0.0,4,0.0,1,1,0
2.0,0.08333333333333333,96,0.057971014492753624,69,0,0
2.0,0.017543859649122806,57,0.057971014492753624,69,0,0
3.0,0.7865168539325843,89,0.55,20,0,0
3.0,0.0,38,0.55,20,0,0
2.0,0.2,15,0.0,2,1,0
2.5,0.017543859649122806,57,0.13793103448275862,29,0,0
2.5,0.015873015873015872,63,0.13793103448275862,29,0,0
2.5,0.125,16,0.13793103448275862,29,0,0
3.0,0.8636363636363636,110,0.0,36,0,0
3.0,0.7865168539325843,89,0.0,36,0,0
3.0,0.0,7,0.0,36,0,0
3.0,0.0,38,0.0,36,0,0
3.0,0.0,38,0.0,36,0,0
2.0,0.4,5,0.0,1,1,0
2.0,0.05172413793103448,58,0.0,2,1,0
2.0,0.08333333333333333,60,0.0,2,1,0
2.5,0.75,4,0.0,1,1,0
2.0,0.38461538461538464,26,0.3076923076923077,13,0,0
3.0,0.3333333333333333,12,0.6206896551724138,29,0,0
3.0,0.0,3,0.6206896551724138,29,0,0
2.0,0.044444444444444446,45,0.04878048780487805,82,0,0
3.0,0.0,34,0.22388059701492538,67,0,0
2.0,0.25,8,0.6290322580645161,62,0,0
2.0,0.013605442176870748,147,0.0,2,1,0
2.0,0.1323529411764706,68,0.0,2,1,0
2.0,0.0,34,0.22388059701492538,67,0,0
3.0,0.039603960396039604,101,0.0,1,1,0
2.0,0.3333333333333333,3,0.84375,64,0,0
1.0,0.05555555555555555,18,0.0,112,0,0
3.0,0.0,34,0.22388059701492538,67,0,0
2.0,0.08333333333333333,96,0.057971014492753624,69,0,0
3.0,0.03333333333333333,60,0.5142857142857142,35,0,0
3.0,0.0,85,0.5142857142857142,35,0,0
2.0,0.2,5,0.0,23,0,0
2.0,0.38461538461538464,26,0.0,23,0,0
1.5,0.1875,32,0.04878048780487805,82,0,0
1.5,0.1323529411764706,68,0.0,1,1,0
2.0,0.10714285714285714,28,0.057971014492753624,69,0,0
2.0,0.6521739130434783,23,0.0,1,1,0
2.0,0.3333333333333333,3,0.0,1,1,0
1.0,0.0967741935483871,31,0.04878048780487805,82,0,0
2.0,0.16666666666666666,12,0.0,1,1,0
1.5,0.015873015873015872,63,0.04878048780487805,82,0,0
1.5,0.1323529411764706,68,0.04878048780487805,82,0,0
3.0,0.013605442176870748,147,0.0,11,0,0
3.0,0.0875,80,0.0,11,0,0
3.0,0.875,8,0.0,2,1,0
2.0,0.6,5,0.0,1,1,0
2.0,0.013605442176870748,147,0.0,7,0,0
2.0,0.013605442176870748,147,0.08333333333333333,12,0,0
1.0,0.38461538461538464,13,0.22388059701492538,67,0,0
1.0,0.0,1,0.22388059701492538,67,0,0
2.5,0.0,67,0.0,36,0,0
2.5,0.0,67,0.0,36,0,0
2.5,0.0,12,0.0,36,0,0
1.0,0.058823529411764705,17,0.0,1,1,0
2.0,0.14285714285714285,14,0.0,16,0,0
2.0,0.06896551724137931,29,0.0,16,0,0
2.0,0.14285714285714285,14,0.0,2,1,0
2.0,0.06896551724137931,29,0.0,2,1,0
2.0,0.8333333333333334,6,0.3076923076923077,13,0,0
2.0,0.2222222222222222,9,0.0,2,1,0
2.0,0.2222222222222222,9,0.0,1,1,0
2.0,0.2222222222222222,9,0.0,1,1,0
2.0,0.75,64,0.0,7,0,0
2.0,0.1875,32,0.0,7,0,0
2.0,0.5,2,0.75,4,0,0
2.0,0.8888888888888888,18,0.0,1,1,0
2.0,0.2,5,0.6666666666666666,12,0,0
1.0,0.5,4,0.8,15,0,0
1.0,0.09090909090909091,11,0.25,4,0,0
1.0,0.03333333333333333,30,0.25,4,0,0
2.0,0.8181818181818182,11,0.0,1,1,0
3.0,0.5,2,0.6290322580645161,62,0,0
1.0,0.017543859649122806,57,0.375,24,0,0
1.0,0.09375,32,0.375,24,0,0
1.0,0.0,26,0.375,24,0,0
3.0,0.5,2,0.5,10,0,0
3.0,0.3333333333333333,3,0.5,10,0,0
3.0,0.5,4,0.5,10,0,0
3.0,0.5,4,0.5,10,0,0
3.0,0.3333333333333333,27,0.16666666666666666,6,0,0
3.0,0.5454545454545454,11,0.16666666666666666,6,0,0
3.0,0.21212121212121213,99,0.0,21,0,0
3.0,0.1323529411764706,68,0.0,21,0,0
2.0,0.04081632653061224,49,0.0,2,1,0
2.0,0.03636363636363636,55,0.0,2,1,0
2.0,0.03571428571428571,28,0.0,13,0,0
2.0,0.03571428571428571,28,0.0,12,0,0
2.0,0.03571428571428571,28,0.0,13,0,0
2.0,0.03571428571428571,28,0.0,13,0,0
2.0,0.03571428571428571,28,0.0,13,0,0
2.0,0.03571428571428571,28,0.0,13,0,0
2.0,0.03571428571428571,28,0.0,27,0,0
2.0,0.03571428571428571,28,0.0,24,0,0
2.0,0.03571428571428571,28,0.0,24,0,0
2.0,0.03571428571428571,28,0.0,24,0,0
2.0,0.03571428571428571,28,0.0,13,0,0
2.0,0.03571428571428571,28,0.0,13,0,0
2.0,0.03571428571428571,28,0.0,13,0,0
2.0,0.03571428571428571,28,0.0,17,0,0
3.0,0.5,10,0.0,9,0,0
3.0,0.25,8,0.0,9,0,0
3.0,0.5,10,0.0,23,0,0
3.0,0.25,8,0.0,23,0,0
1.5,0.0625,48,0.0,112,0,0
1.5,0.031914893617021274,94,0.0,112,0,0
1.5,0.0,85,0.0,112,0,0
2.0,0.2,5,0.9166666666666666,12,0,0
1.5,0.03937007874015748,127,0.0,112,0,0
1.5,0.05555555555555555,18,0.0,112,0,0
1.5,0.03937007874015748,127,0.6896551724137931,29,0,0
1.5,0.05555555555555555,18,0.6896551724137931,29,0,0
1.5,0.05555555555555555,18,0.22388059701492538,67,0,0
2.0,0.3333333333333333,3,0.0,2,1,0
1.5,0.02531645569620253,79,0.057971014492753624,69,0,0
2.0,0.017543859649122806,57,0.057971014492753624,69,0,0
2.0,0.10714285714285714,28,0.057971014492753624,69,0,0
2.0,0.5,2,0.0,5,0,0
2.0,0.1111111111111111,45,0.0,2,1,0
2.0,0.08333333333333333,96,0.0,2,1,0
1.5,0.08333333333333333,96,0.6923076923076923,13,0,0
3.0,0.0,5,0.6206896551724138,29,0,0
3.0,0.5714285714285714,7,0.0,2,1,0
2.0,0.04081632653061224,49,0.0,9,0,0
2.0,0.03636363636363636,55,0.0,9,0,0
2.0,0.04081632653061224,49,0.6290322580645161,62,0,0
2.0,0.03636363636363636,55,0.6290322580645161,62,0,0
1.0,0.045454545454545456,22,0.55,20,0,0
1.0,0.09090909090909091,11,0.55,20,0,0
1.0,0.0,85,0.55,20,0,0
1.0,0.045454545454545456,22,0.0,5,0,0
1.0,0.09090909090909091,11,0.0,5,0,0
1.0,0.0,85,0.0,5,0,0
2.0,0.7272727272727273,11,0.8888888888888888,9,0,0
1.0,0.7777777777777778,9,0.0,5,0,0
1.5,0.6363636363636364,11,0.0,1,1,0
2.0,0.6666666666666666,3,0.75,4,0,0
1.0,0.8,5,0.0,1,1,0
2.0,0.7272727272727273,11,0.5,2,1,0
2.5,0.2,5,0.3870967741935484,31,0,0
2.5,0.2,5,0.0,1,1,0
2.0,0.2,5,0.5,2,1,0
3.0,0.0,5,0.6206896551724138,29,0,0
3.0,0.6666666666666666,6,0.125,8,0,0
3.0,0.3333333333333333,9,0.9629629629629629,27,0,0
2.0,0.08333333333333333,96,0.057971014492753624,69,0,0
2.0,0.017543859649122806,57,0.057971014492753624,69,0,0
2.0,0.02531645569620253,79,0.057971014492753624,69,0,0
2.0,0.10714285714285714,28,0.057971014492753624,69,0,0
2.0,0.0,12,0.057971014492753624,69,0,0
3.0,0.75,4,0.0,2,1,0
3.0,0.0,1,0.0,2,1,0
2.0,0.1111111111111111,9,0.3333333333333333,3,1,0
2.0,0.1111111111111111,9,0.3076923076923077,13,0,0
2.0,0.10526315789473684,19,0.0,1,1,0
0.0,0.04081632653061224,49,0.0,2,1,0
0.0,0.03636363636363636,55,0.0,2,1,0
0.0,0.04081632653061224,49,0.0,13,0,0
0.0,0.03636363636363636,55,0.0,13,0,0
0.0,0.04081632653061224,49,0.0,13,0,0
0.0,0.03636363636363636,55,0.0,13,0,0
3.0,0.5,4,0.90625,32,0,0
1.0,0.7142857142857143,14,0.0,4,0,0
1.0,0.5,10,0.0,4,0,0
1.0,0.0,3,0.0,4,0,0
1.0,0.0,5,0.0,4,0,0
2.0,0.0625,48,0.0,6,0,0
2.0,0.0,85,0.0,6,0,0
2.0,0.0625,48,0.0,43,0,0
2.0,0.0,85,0.0,43,0,0
1.0,0.06896551724137931,29,0.0,17,0,0
2.0,0.058823529411764705,17,0.0,1,1,0
2.5,0.4,5,0.0,1,1,0
2.5,0.4,5,0.0,1,1,0
1.0,0.2,5,0.0,43,0,0
1.0,0.03225806451612903,31,0.0,43,0,0
2.5,0.2857142857142857,14,0.6666666666666666,3,1,0
2.0,0.5,2,0.6153846153846154,13,0,0
3.0,0.5,2,0.0,2,1,0
2.0,0.0,4,0.45454545454545453,11,0,0
2.5,0.08333333333333333,96,0.0,7,0,0
2.5,0.375,16,0.0,7,0,0
2.5,0.0847457627118644,59,0.0,7,0,0
2.5,0.08333333333333333,96,0.0,22,0,0
2.5,0.375,16,0.0,22,0,0
2.5,0.0847457627118644,59,0.0,22,0,0
0.0,0.0,4,0.0,1,1,0
1.5,0.3333333333333333,3,0.0,1,1,0
2.0,0.0,4,0.0,2,1,0
3.0,0.4,5,0.0,2,1,0
3.0,0.0,1,0.0,2,1,0
2.0,0.16666666666666666,12,0.0,1,1,0
1.5,0.045454545454545456,22,0.0,112,0,0
1.5,0.03333333333333333,60,0.0,112,0,0
1.5,0.03937007874015748,127,0.0,112,0,0
1.5,0.09090909090909091,11,0.0,112,0,0
1.5,0.0,85,0.0,112,0,0
1.5,0.7272727272727273,11,0.0,112,0,0
1.5,0.045454545454545456,22,0.13793103448275862,29,0,0
1.5,0.03333333333333333,60,0.13793103448275862,29,0,0
1.5,0.09090909090909091,11,0.13793103448275862,29,0,0
1.5,0.0,85,0.13793103448275862,29,0,0
1.5,0.7272727272727273,11,0.13793103448275862,29,0,0
1.5,0.045454545454545456,22,0.0,6,0,0
1.5,0.03333333333333333,60,0.0,6,0,0
1.5,0.03937007874015748,127,0.0,6,0,0
1.5,0.09090909090909091,11,0.0,6,0,0
1.5,0.0,85,0.0,6,0,0
1.5,0.7272727272727273,11,0.0,6,0,0
1.5,0.044444444444444446,45,0.04878048780487805,82,0,0
1.5,0.38461538461538464,13,0.04878048780487805,82,0,0
1.5,0.38461538461538464,13,0.35,40,0,0
2.0,0.16666666666666666,12,0.0,1,1,0
2.0,0.5714285714285714,7,0.6666666666666666,12,0,0
2.0,0.0,2,0.6666666666666666,12,0,0
2.0,0.5714285714285714,7,0.6111111111111112,18,0,0
2.0,0.0,2,0.6111111111111112,18,0,0
3.0,0.375,8,0.0,2,1,0
3.0,0.6,5,0.0,2,1,0
3.0,0.375,8,0.4,5,0,0
3.0,0.6,5,0.4,5,0,0
2.0,0.03333333333333333,60,0.125,8,0,0
2.0,0.0,67,0.125,8,0,0
2.0,0.047619047619047616,63,0.125,8,0,0
2.0,0.0,67,0.125,8,0,0
2.0,0.125,16,0.125,8,0,0
2.0,0.0,85,0.125,8,0,0
2.0,0.0,54,0.125,8,0,0
2.0,0.03333333333333333,60,0.0,112,0,0
2.0,0.0,67,0.0,112,0,0
2.0,0.047619047619047616,63,0.0,112,0,0
2.0,0.0,67,0.0,112,0,0
2.0,0.125,16,0.0,112,0,0
2.0,0.0,85,0.0,112,0,0
2.0,0.0,54,0.0,112,0,0
2.0,0.5714285714285714,7,0.0,1,1,0
2.0,0.75,4,0.8333333333333334,18,0,0
2.0,0.058823529411764705,17,0.35,40,0,0
2.0,0.044444444444444446,45,0.0,1,1,0
2.0,0.6666666666666666,6,0.0,1,1,0
2.0,0.05555555555555555,18,0.0,14,0,0
2.0,0.08620689655172414,58,0.0,14,0,0
2.0,0.05555555555555555,18,0.0,27,0,0
2.0,0.08620689655172414,58,0.0,27,0,0
2.0,0.05555555555555555,18,0.0,24,0,0
2.0,0.08620689655172414,58,0.0,24,0,0
2.0,0.05555555555555555,18,0.0,14,0,0
2.0,0.08620689655172414,58,0.0,14,0,0
2.0,0.05555555555555555,18,0.0,24,0,0
2.0,0.08620689655172414,58,0.0,24,0,0
2.0,0.05555555555555555,18,0.0,24,0,0
2.0,0.08620689655172414,58,0.0,24,0,0
2.0,0.05555555555555555,18,0.0,24,0,0
2.0,0.08620689655172414,58,0.0,24,0,0
2.0,0.3333333333333333,12,0.42857142857142855,7,0,0
2.0,0.0,5,0.42857142857142855,7,0,0
2.0,0.0,3,0.42857142857142855,7,0,0
3.0,0.5555555555555556,9,0.0,2,1,0
3.0,0.0,2,0.0,6,0,0
3.0,0.0,2,0.6666666666666666,3,1,0
1.0,0.09090909090909091,11,0.0,1,1,0
2.0,0.031914893617021274,94,0.0,112,0,0
2.0,0.04081632653061224,49,0.0,112,0,0
3.0,0.8181818181818182,11,0.3333333333333333,3,1,0
2.0,0.5,4,0.25,24,0,0
2.0,0.013605442176870748,147,0.25,24,0,0
2.0,0.02531645569620253,79,0.25,24,0,0
2.0,0.10714285714285714,28,0.25,24,0,0
2.0,0.0,12,0.25,24,0,0
2.0,0.9666666666666667,60,0.3333333333333333,3,1,0
2.0,0.0,2,0.3333333333333333,3,1,0
0.0,0.8571428571428571,7,0.8333333333333334,18,0,0
2.5,0.9807692307692307,52,0.0,2,1,0
2.5,0.9090909090909091,11,0.0,2,1,0
3.0,0.4,5,0.0,2,1,0
3.0,0.375,8,0.0,2,1,0
3.0,0.4,5,0.0,2,1,0
3.0,0.375,8,0.0,2,1,0
2.0,0.08333333333333333,96,0.0,3,1,0
3.0,0.3076923076923077,13,0.0,1,1,0
3.0,0.3076923076923077,13,0.6290322580645161,62,0,0
1.5,0.75,64,0.0,7,0,0
1.5,0.02666666666666667,75,0.0,7,0,0
1.5,0.75,64,0.0,5,0,0
1.5,0.02666666666666667,75,0.0,5,0,0
2.0,0.3076923076923077,13,0.0,1,1,0
3.0,0.8571428571428571,7,0.0,3,1,0
3.0,0.5555555555555556,9,0.0,3,1,0
3.0,0.5,8,0.0,3,1,0
2.0,0.14285714285714285,7,0.0,8,0,0
2.0,0.16666666666666666,12,0.0,8,0,0
2.0,0.14285714285714285,7,0.0,8,0,0
2.0,0.38461538461538464,13,0.04878048780487805,82,0,0
3.0,0.7142857142857143,7,0.125,8,0,0
3.0,0.45454545454545453,11,0.125,8,0,0
3.0,0.5555555555555556,9,0.125,8,0,0
3.0,0.7142857142857143,7,0.0,3,1,0
3.0,0.45454545454545453,11,0.0,3,1,0
3.0,0.5555555555555556,9,0.0,3,1,0
2.0,0.3076923076923077,13,0.0,1,1,0
2.0,0.3076923076923077,13,0.0,2,1,0
1.5,0.75,64,0.22388059701492538,67,0,0
1.5,0.03571428571428571,28,0.22388059701492538,67,0,0
1.0,0.625,8,0.0,16,0,0
3.0,0.5,6,0.0,4,0,0
3.0,0.45454545454545453,11,0.92,25,0,0
3.0,0.45454545454545453,11,0.8888888888888888,9,0,0
1.5,0.013605442176870748,147,0.0,6,0,0
3.0,0.06896551724137931,29,0.0,3,1,0
3.0,0.3333333333333333,3,0.0,1,1,0
2.0,0.031914893617021274,94,0.0,3,1,0
2.0,0.02631578947368421,76,0.0,3,1,0
1.0,0.14285714285714285,14,0.0,17,0,0
1.0,0.06896551724137931,29,0.0,17,0,0
1.0,0.38461538461538464,13,0.0,17,0,0
1.0,0.14285714285714285,14,0.0,3,1,0
1.0,0.06896551724137931,29,0.0,3,1,0
1.0,0.38461538461538464,13,0.0,3,1,0
1.0,0.14285714285714285,14,0.0,3,1,0
1.0,0.06896551724137931,29,0.0,3,1,0
1.0,0.38461538461538464,13,0.0,3,1,0
1.0,0.1111111111111111,45,0.0,2,1,0
1.0,0.02666666666666667,75,0.0,2,1,0
1.0,0.1111111111111111,45,0.0,5,0,0
1.0,0.02666666666666667,75,0.0,5,0,0
1.0,0.1111111111111111,45,0.0,5,0,0
1.0,0.02666666666666667,75,0.0,5,0,0
1.0,0.1111111111111111,45,0.0,6,0,0
1.0,0.02666666666666667,75,0.0,6,0,0
1.0,0.1111111111111111,45,0.0,6,0,0
1.0,0.02666666666666667,75,0.0,6,0,0
1.0,0.1111111111111111,45,0.0,6,0,0
1.0,0.02666666666666667,75,0.0,6,0,0
1.0,0.1111111111111111,45,0.0,3,1,0
1.0,0.02666666666666667,75,0.0,3,1,0
1.0,0.1111111111111111,45,0.0,6,0,0
1.0,0.02666666666666667,75,0.0,6,0,0
1.0,0.1111111111111111,45,0.0,6,0,0
1.0,0.02666666666666667,75,0.0,6,0,0
1.0,0.1111111111111111,45,0.0,6,0,0
1.0,0.02666666666666667,75,0.0,6,0,0
1.0,0.1111111111111111,45,0.0,6,0,0
1.0,0.02666666666666667,75,0.0,6,0,0
1.0,0.1111111111111111,45,0.0,5,0,0
1.0,0.02666666666666667,75,0.0,5,0,0
1.0,0.1111111111111111,45,0.0,2,1,0
1.0,0.02666666666666667,75,0.0,2,1,0
1.0,0.1111111111111111,45,0.0,6,0,0
1.0,0.02666666666666667,75,0.0,6,0,0
1.0,0.1111111111111111,45,0.0,6,0,0
1.0,0.02666666666666667,75,0.0,6,0,0
1.0,0.1111111111111111,45,0.0,6,0,0
1.0,0.02666666666666667,75,0.0,6,0,0
1.0,0.1111111111111111,45,0.0,4,0,0
1.0,0.02666666666666667,75,0.0,4,0,0
1.0,0.1111111111111111,45,0.0,7,0,0
1.0,0.02666666666666667,75,0.0,7,0,0
1.0,0.1111111111111111,45,0.0,4,0,0
1.0,0.02666666666666667,75,0.0,4,0,0
1.0,0.1111111111111111,45,0.0,3,1,0
1.0,0.02666666666666667,75,0.0,3,1,0
1.0,0.1111111111111111,45,0.0,3,1,0
1.0,0.02666666666666667,75,0.0,3,1,0
1.0,0.1111111111111111,45,0.0,2,1,0
1.0,0.02666666666666667,75,0.0,2,1,0
1.0,0.1111111111111111,45,0.0,6,0,0
1.0,0.02666666666666667,75,0.0,6,0,0
1.0,0.1111111111111111,45,0.0,5,0,0
1.0,0.02666666666666667,75,0.0,5,0,0
1.0,0.1111111111111111,45,0.0,5,0,0
1.0,0.02666666666666667,75,0.0,5,0,0
1.0,0.1111111111111111,45,0.0,4,0,0
1.0,0.02666666666666667,75,0.0,4,0,0
1.0,0.1111111111111111,45,0.0,5,0,0
1.0,0.02666666666666667,75,0.0,5,0,0
1.0,0.1111111111111111,45,0.0,3,1,0
1.0,0.02666666666666667,75,0.0,3,1,0
1.0,0.1111111111111111,45,0.0,2,1,0
1.0,0.02666666666666667,75,0.0,2,1,0
1.0,0.1111111111111111,45,0.0,2,1,0
1.0,0.02666666666666667,75,0.0,2,1,0
1.0,0.1111111111111111,45,0.0,2,1,0
1.0,0.02666666666666667,75,0.0,2,1,0
2.0,0.0967741935483871,31,0.0,19,0,0
2.0,0.017543859649122806,57,0.0,19,0,0
2.0,0.02531645569620253,79,0.0,19,0,0
2.0,0.5,6,0.0,1,1,0
1.0,0.75,8,0.3333333333333333,9,0,0
2.0,0.625,8,0.0,1,1,0
1.0,0.2857142857142857,7,0.35,40,0,0
1.5,0.1111111111111111,45,0.0,15,0,0
2.0,0.02666666666666667,75,0.0,6,0,0
2.0,0.02666666666666667,75,0.0,43,0,0
3.0,0.013605442176870748,147,0.6923076923076923,13,0,0
3.0,0.125,8,0.6923076923076923,13,0,0
3.0,0.8130841121495327,107,0.6923076923076923,13,0,0
3.0,0.0,34,0.6923076923076923,13,0,0
3.0,0.1875,48,0.0,5,0,0
3.0,0.017543859649122806,57,0.0,5,0,0
3.0,0.2857142857142857,14,0.0,5,0,0
3.0,0.21212121212121213,99,0.0,5,0,0
3.0,0.0,11,0.0,5,0,0
3.0,0.1875,48,0.0,5,0,0
3.0,0.017543859649122806,57,0.0,5,0,0
3.0,0.2857142857142857,14,0.0,5,0,0
3.0,0.21212121212121213,99,0.0,5,0,0
3.0,0.0,11,0.0,5,0,0
3.0,0.1875,48,0.0,5,0,0
3.0,0.017543859649122806,57,0.0,5,0,0
3.0,0.2857142857142857,14,0.0,5,0,0
3.0,0.21212121212121213,99,0.0,5,0,0
3.0,0.0,11,0.0,5,0,0
3.0,0.1875,48,0.0,5,0,0
3.0,0.017543859649122806,57,0.0,5,0,0
3.0,0.2857142857142857,14,0.0,5,0,0
3.0,0.21212121212121213,99,0.0,5,0,0
3.0,0.0,11,0.0,5,0,0
3.0,0.1875,48,0.0,5,0,0
3.0,0.017543859649122806,57,0.0,5,0,0
3.0,0.2857142857142857,14,0.0,5,0,0
3.0,0.21212121212121213,99,0.0,5,0,0
3.0,0.0,11,0.0,5,0,0
3.0,0.1875,48,0.0,5,0,0
3.0,0.017543859649122806,57,0.0,5,0,0
3.0,0.2857142857142857,14,0.0,5,0,0
3.0,0.21212121212121213,99,0.0,5,0,0
3.0,0.0,11,0.0,5,0,0
3.0,0.1875,48,0.0,5,0,0
3.0,0.017543859649122806,57,0.0,5,0,0
3.0,0.2857142857142857,14,0.0,5,0,0
3.0,0.21212121212121213,99,0.0,5,0,0
3.0,0.0,11,0.0,5,0,0
3.0,0.1875,48,0.0,5,0,0
3.0,0.017543859649122806,57,0.0,5,0,0
3.0,0.2857142857142857,14,0.0,5,0,0
3.0,0.21212121212121213,99,0.0,5,0,0
3.0,0.0,11,0.0,5,0,0
3.0,0.1875,48,0.0,5,0,0
3.0,0.017543859649122806,57,0.0,5,0,0
3.0,0.2857142857142857,14,0.0,5,0,0
3.0,0.21212121212121213,99,0.0,5,0,0
3.0,0.0,11,0.0,5,0,0
3.0,0.1875,48,0.0,5,0,0
3.0,0.017543859649122806,57,0.0,5,0,0
3.0,0.2857142857142857,14,0.0,5,0,0
3.0,0.21212121212121213,99,0.0,5,0,0
3.0,0.0,11,0.0,5,0,0
2.0,0.039603960396039604,101,0.04878048780487805,82,0,0
2.0,0.015873015873015872,63,0.04878048780487805,82,0,0
3.0,0.8130841121495327,107,0.0,2,1,0
3.0,0.0,34,0.0,2,1,0
3.0,0.5714285714285714,7,0.0,3,1,0
3.0,0.45454545454545453,11,0.0,3,1,0
3.0,0.0,1,0.0,3,1,0
2.0,0.1111111111111111,45,0.0,14,0,0
2.0,0.0875,80,0.0,14,0,0
2.0,0.10714285714285714,28,0.0,14,0,0
1.5,0.16666666666666666,6,0.0,13,0,0
1.5,0.0625,48,0.0,13,0,0
1.5,0.16666666666666666,6,0.0,5,0,0
1.5,0.0625,48,0.0,5,0,0
2.0,0.02666666666666667,75,0.04878048780487805,82,0,0
2.0,0.017543859649122806,57,0.0,19,0,0
2.0,0.0875,80,0.0,19,0,0
2.0,0.10714285714285714,28,0.0,19,0,0
2.0,0.0,12,0.0,19,0,0
2.5,0.7865168539325843,89,0.3870967741935484,31,0,0
2.5,0.0,38,0.3870967741935484,31,0,0
2.0,0.4,5,0.6290322580645161,62,0,0
2.0,0.015873015873015872,63,0.0,21,0,0
2.0,0.1323529411764706,68,0.0,21,0,0
1.0,0.045454545454545456,22,0.0,22,0,0
1.0,0.25,8,0.0,22,0,0
1.0,0.045454545454545456,22,0.0,17,0,0
1.0,0.25,8,0.0,17,0,0
1.0,0.045454545454545456,22,0.0,6,0,0
1.0,0.25,8,0.0,6,0,0
1.0,0.045454545454545456,22,0.0,5,0,0
1.0,0.25,8,0.0,5,0,0
1.0,0.045454545454545456,22,0.0,6,0,0
1.0,0.25,8,0.0,6,0,0
1.0,0.045454545454545456,22,0.0,6,0,0
1.0,0.25,8,0.0,6,0,0
2.0,0.6666666666666666,12,0.0,112,0,0
2.0,0.6666666666666666,12,0.0,3,1,0
2.0,0.6666666666666666,12,0.0,12,0,0
2.0,0.6666666666666666,12,0.0,1,1,0
2.0,0.044444444444444446,45,0.0,3,1,0
2.0,0.2,5,0.0,3,1,0
2.0,0.044444444444444446,45,0.0,2,1,0
2.0,0.2,5,0.0,2,1,0
2.0,0.044444444444444446,45,0.13793103448275862,29,0,0
2.0,0.2,5,0.13793103448275862,29,0,0
2.0,0.044444444444444446,45,0.6,5,0,0
2.0,0.2,5,0.6,5,0,0
2.0,0.08333333333333333,96,0.0,3,1,0
2.0,0.05172413793103448,58,0.0,3,1,0
2.0,0.08333333333333333,60,0.0,3,1,0
2.0,0.6363636363636364,11,0.2857142857142857,7,0,0
2.0,0.0,6,0.0,6,0,0
1.5,0.04081632653061224,49,0.6923076923076923,13,0,0
1.5,0.03636363636363636,55,0.6923076923076923,13,0,0
2.0,0.3333333333333333,3,0.2631578947368421,19,0,0
2.0,0.3333333333333333,3,0.23529411764705882,17,0,0
3.0,0.3333333333333333,6,0.90625,32,0,0
2.0,0.3333333333333333,21,0.0,2,1,0
2.0,0.14285714285714285,7,0.0,2,1,0
2.0,0.3333333333333333,21,0.0,4,0,0
2.0,0.14285714285714285,7,0.0,4,0,0
3.0,0.6,5,0.5,4,0,0
3.0,0.14285714285714285,7,0.0,13,0,0
3.0,0.14285714285714285,7,0.0,13,0,0
3.0,0.6,5,0.5,4,0,0
1.0,0.03937007874015748,127,0.0,23,0,0
1.0,0.1875,48,0.0,23,0,0
1.0,0.02531645569620253,79,0.0,23,0,0
1.0,0.017543859649122806,57,0.0,23,0,0
1.0,0.06896551724137931,29,0.0,23,0,0
1.0,0.21212121212121213,99,0.0,23,0,0
1.0,0.03333333333333333,30,0.0,23,0,0
1.0,0.03937007874015748,127,0.0,7,0,0
1.0,0.1875,48,0.0,7,0,0
1.0,0.02531645569620253,79,0.0,7,0,0
1.0,0.017543859649122806,57,0.0,7,0,0
1.0,0.06896551724137931,29,0.0,7,0,0
1.0,0.21212121212121213,99,0.0,7,0,0
1.0,0.03333333333333333,30,0.0,7,0,0
1.0,0.02531645569620253,79,0.13793103448275862,29,0,0
1.0,0.017543859649122806,57,0.13793103448275862,29,0,0
1.0,0.06896551724137931,29,0.13793103448275862,29,0,0
1.0,0.03333333333333333,30,0.13793103448275862,29,0,0
2.0,0.95,20,0.16666666666666666,6,0,0
2.0,0.5,2,0.2222222222222222,9,0,0
3.0,0.0,34,0.22388059701492538,67,0,0
2.0,0.044444444444444446,45,0.5217391304347826,23,0,0
2.0,0.08333333333333333,96,0.35,40,0,0
2.0,0.013605442176870748,147,0.35,40,0,0
3.0,0.0,3,0.0,7,0,0
3.0,0.0967741935483871,31,0.0,1,1,0
3.0,0.0967741935483871,31,0.0,1,1,0
3.0,0.0967741935483871,31,0.0,1,1,0
3.0,0.0967741935483871,31,0.0,9,0,0
3.0,0.0967741935483871,31,0.0,6,0,0
3.0,0.0967741935483871,31,0.0,16,0,0
3.0,0.0967741935483871,31,0.0,1,1,0
1.5,0.1111111111111111,45,0.0,14,0,0
1.5,0.02531645569620253,79,0.0,14,0,0
1.0,0.015873015873015872,63,0.0,6,0,0
1.0,0.1323529411764706,68,0.0,6,0,0
2.0,0.0,24,0.0,112,0,0
1.5,0.6666666666666666,3,0.0,1,1,0
2.0,0.9230769230769231,13,0.0,2,1,0
2.0,0.5,4,0.0,2,1,0
2.0,0.1111111111111111,45,0.04878048780487805,82,0,0
2.0,0.015873015873015872,63,0.04878048780487805,82,0,0
2.0,0.375,8,0.0,8,0,0
2.0,0.3333333333333333,27,0.0,8,0,0
2.0,0.7878787878787878,33,0.0,8,0,0
2.0,0.65,20,0.0,8,0,0
2.0,0.3333333333333333,27,0.8627450980392157,102,0,0
2.0,0.7878787878787878,33,0.8627450980392157,102,0,0
2.0,0.65,20,0.8627450980392157,102,0,0
3.0,0.6,10,0.6290322580645161,62,0,0
3.0,0.5,4,0.6111111111111112,18,0,0
3.0,0.75,64,0.0,1,1,0
2.0,0.08333333333333333,96,0.0,23,0,0
2.0,0.044444444444444446,45,0.0,23,0,0
2.0,0.015873015873015872,63,0.0,23,0,0
2.0,0.1323529411764706,68,0.0,23,0,0
2.0,0.08333333333333333,96,0.0,24,0,0
2.0,0.044444444444444446,45,0.0,24,0,0
2.0,0.015873015873015872,63,0.0,24,0,0
2.0,0.1323529411764706,68,0.0,24,0,0
1.5,0.015873015873015872,63,0.0,21,0,0
1.5,0.03571428571428571,28,0.0,21,0,0
2.0,0.6,10,0.0,1,1,0
2.0,0.6,10,0.0,1,1,0
2.0,0.013605442176870748,147,0.3,10,0,0
2.0,0.015873015873015872,63,0.3,10,0,0
2.0,0.0,2,0.3,10,0,0
2.0,0.02531645569620253,79,0.057971014492753624,69,0,0
2.0,0.2,5,0.0,112,0,0
2.0,0.16666666666666666,6,0.0,112,0,0
2.0,0.03937007874015748,127,0.0,112,0,0
2.0,0.1875,48,0.0,112,0,0
2.0,0.3870967741935484,31,0.0,112,0,0
2.0,0.38461538461538464,26,0.0,112,0,0
2.0,0.8636363636363636,110,0.0,112,0,0
2.0,0.7865168539325843,89,0.0,112,0,0
2.0,0.21212121212121213,99,0.0,112,0,0
2.0,0.8130841121495327,107,0.0,112,0,0
2.0,0.0,38,0.0,112,0,0
2.0,0.0,38,0.0,112,0,0
2.0,0.0,11,0.0,112,0,0
2.0,0.0,34,0.0,112,0,0
2.0,0.5555555555555556,9,0.7619047619047619,21,0,0
3.0,0.3076923076923077,13,0.5833333333333334,12,0,0
2.0,0.5,2,0.0,1,1,0
2.0,0.0,6,0.0,1,1,0
2.0,0.0,6,0.0,9,0,0
2.0,0.044444444444444446,45,0.08333333333333333,12,0,0
2.0,0.05172413793103448,58,0.08333333333333333,12,0,0
2.0,0.08333333333333333,60,0.08333333333333333,12,0,0
3.0,0.3333333333333333,3,0.0,3,1,0
2.0,0.08333333333333333,96,0.057971014492753624,69,0,0
2.0,0.5833333333333334,12,0.057971014492753624,69,0,0
3.0,0.5714285714285714,7,0.3333333333333333,3,1,0
1.0,0.5,2,0.0,43,0,0
0.0,0.08333333333333333,96,0.0,1,1,0
0.0,0.08333333333333333,96,0.0,1,1,0
2.0,0.75,8,0.3333333333333333,3,1,0
2.0,0.0,2,0.3333333333333333,3,1,0
2.0,0.08620689655172414,58,0.0,112,0,0
2.0,0.08,25,0.0,112,0,0
3.0,0.03937007874015748,127,0.0,36,0,0
3.0,0.0,67,0.0,36,0,0
3.0,0.0,67,0.0,36,0,0
3.0,0.0,12,0.0,36,0,0
1.0,0.02531645569620253,79,0.057971014492753624,69,0,0
1.0,0.039603960396039604,101,0.0,3,1,0
1.0,0.015873015873015872,63,0.0,3,1,0
1.0,0.21212121212121213,99,0.0,3,1,0
1.0,0.039603960396039604,101,0.0,21,0,0
1.0,0.015873015873015872,63,0.0,21,0,0
1.0,0.21212121212121213,99,0.0,21,0,0
1.0,0.039603960396039604,101,0.0,9,0,0
1.0,0.015873015873015872,63,0.0,9,0,0
1.0,0.21212121212121213,99,0.0,9,0,0
1.0,0.36363636363636365,11,0.0,1,1,0
1.5,0.05172413793103448,58,0.0,3,1,0
1.5,0.5,2,0.0,3,1,0
1.5,0.08333333333333333,60,0.0,3,1,0
2.0,0.013605442176870748,147,0.0,1,1,0
2.0,0.013605442176870748,147,0.0,1,1,0
1.0,0.14285714285714285,7,0.0,8,0,0
1.0,0.16666666666666666,12,0.0,8,0,0
1.0,0.14285714285714285,7,0.0,3,1,0
1.0,0.16666666666666666,12,0.0,3,1,0
3.0,0.968421052631579,95,0.0,2,1,0
3.0,0.0,2,0.0,2,1,0
2.0,0.5,2,0.0,112,0,0
2.0,0.8130841121495327,107,0.0,112,0,0
2.0,0.0,34,0.0,112,0,0
2.5,0.05172413793103448,58,0.0,2,1,0
2.5,0.08333333333333333,60,0.0,2,1,0
2.0,0.015873015873015872,63,0.0,10,0,0
2.0,0.1323529411764706,68,0.0,10,0,0
3.0,0.03636363636363636,55,0.45454545454545453,11,0,0
3.0,0.04081632653061224,49,0.5142857142857142,35,0,0
3.0,0.03636363636363636,55,0.5142857142857142,35,0,0
3.0,0.7272727272727273,11,0.057971014492753624,69,0,0
3.0,0.7272727272727273,11,0.0,2,1,0
2.0,0.75,8,0.7142857142857143,7,0,0
2.0,0.0,2,0.7142857142857143,7,0,0
1.5,0.21428571428571427,14,0.0,7,0,0
2.0,0.02531645569620253,79,0.0,1,1,0
2.0,0.058823529411764705,17,0.5,2,1,0
3.0,0.03937007874015748,127,0.35,40,0,0
3.0,0.3333333333333333,6,0.8888888888888888,18,0,0
3.0,0.8,5,0.8888888888888888,18,0,0
3.0,0.3333333333333333,6,0.6290322580645161,62,0,0
2.0,0.0,4,0.0,13,0,0
2.0,0.25,8,0.0,13,0,0
2.0,0.0,3,0.0,13,0,0
1.5,0.8666666666666667,15,0.0,4,0,0
1.5,0.9090909090909091,22,0.0,4,0,0
1.5,0.6,5,0.0,4,0,0
1.5,0.0,1,0.0,4,0,0
3.0,0.5,10,0.5,2,1,0
2.0,0.5714285714285714,7,0.3076923076923077,13,0,0
3.0,0.3333333333333333,21,0.0,3,1,0
3.0,0.25,4,0.0,3,1,0
3.0,0.3333333333333333,21,0.6176470588235294,34,0,0
3.0,0.25,4,0.6176470588235294,34,0,0
2.0,0.8636363636363636,110,0.0,5,0,0
2.0,0.7865168539325843,89,0.0,5,0,0
2.0,0.0,7,0.0,5,0,0
2.0,0.0,38,0.0,5,0,0
2.0,0.0,38,0.0,5,0,0
2.0,0.04081632653061224,49,0.057971014492753624,69,0,0
2.0,0.03636363636363636,55,0.057971014492753624,69,0,0
3.0,0.5714285714285714,7,0.0,2,1,0
1.0,0.031914893617021274,94,0.0,15,0,0
2.0,0.8636363636363636,110,0.0,7,0,0
2.0,0.7865168539325843,89,0.0,7,0,0
2.0,0.2857142857142857,7,0.0,7,0,0
2.0,0.0,38,0.0,7,0,0
2.0,0.0,38,0.0,7,0,0
2.0,0.0,38,0.0,7,0,0
2.0,0.0,3,0.0,7,0,0
2.5,0.7777777777777778,9,0.0,1,1,0
3.0,0.3333333333333333,27,0.8181818181818182,22,0,0
3.0,0.9333333333333333,15,0.0,1,1,0
1.0,0.05555555555555555,18,0.375,24,0,0
3.0,0.625,8,0.375,24,0,0
3.0,0.0,24,0.375,24,0,0
1.0,0.1323529411764706,68,0.6290322580645161,62,0,0
1.0,0.1323529411764706,68,0.0,43,0,0
3.0,0.0,4,0.0,2,1,0
1.0,0.031914893617021274,94,0.0,6,0,0
1.0,0.03937007874015748,127,0.0,6,0,0
1.0,0.031914893617021274,94,0.0,6,0,0
1.0,0.03937007874015748,127,0.0,6,0,0
1.0,0.031914893617021274,94,0.0,6,0,0
1.0,0.03937007874015748,127,0.0,6,0,0
1.0,0.031914893617021274,94,0.0,22,0,0
1.0,0.03937007874015748,127,0.0,22,0,0
1.0,0.031914893617021274,94,0.0,17,0,0
1.0,0.03937007874015748,127,0.0,17,0,0
1.0,0.031914893617021274,94,0.0,3,1,0
1.0,0.03937007874015748,127,0.0,3,1,0
1.0,0.031914893617021274,94,0.0,2,1,0
1.0,0.03937007874015748,127,0.0,2,1,0
1.0,0.031914893617021274,94,0.0,3,1,0
1.0,0.03937007874015748,127,0.0,3,1,0
1.0,0.031914893617021274,94,0.0,2,1,0
1.0,0.03937007874015748,127,0.0,2,1,0
1.0,0.031914893617021274,94,0.0,6,0,0
1.0,0.03937007874015748,127,0.0,6,0,0
1.0,0.031914893617021274,94,0.0,5,0,0
1.0,0.03937007874015748,127,0.0,5,0,0
3.0,0.75,8,0.0,2,1,0
3.0,0.5,22,0.0,2,1,0
1.0,0.75,4,0.918918918918919,37,0,0
2.0,0.2222222222222222,9,0.5,6,0,0
2.0,0.2222222222222222,9,0.0,1,1,0
2.0,0.7142857142857143,14,0.5,2,1,0
1.5,0.3333333333333333,27,0.2222222222222222,9,0,0
3.0,0.5555555555555556,9,0.4,5,0,0
2.0,0.6666666666666666,6,0.6176470588235294,34,0,0
2.0,0.013605442176870748,147,0.0,1,1,0
2.0,0.013605442176870748,147,0.0,2,1,0
2.0,0.013605442176870748,147,0.0,2,1,0
2.0,0.10526315789473684,19,0.0,2,1,0
2.0,0.013605442176870748,147,0.0,2,1,0
2.0,0.10526315789473684,19,0.0,2,1,0
2.0,0.013605442176870748,147,0.0,2,1,0
2.0,0.10526315789473684,19,0.0,2,1,0
2.0,0.013605442176870748,147,0.0,2,1,0
2.0,0.10526315789473684,19,0.0,2,1,0
3.0,0.6666666666666666,6,0.3333333333333333,9,0,0
2.0,0.6363636363636364,11,0.0,1,1,0
2.0,0.6363636363636364,11,0.0,1,1,0
1.5,0.5,14,0.0,1,1,0
2.0,0.039603960396039604,101,0.0,14,0,0
2.0,0.10526315789473684,19,0.0,14,0,0
2.0,0.925,40,0.125,8,0,0
2.0,0.5555555555555556,9,0.125,8,0,0
2.0,0.5,2,0.125,8,0,0
2.0,0.0,1,0.125,8,0,0
2.0,0.08333333333333333,96,0.0,7,0,0
3.0,0.6666666666666666,3,0.0,2,1,0
3.0,0.5,10,0.0,2,1,0
1.5,0.0,9,0.0,15,0,0
1.5,0.03571428571428571,28,0.0,15,0,0
1.0,0.3333333333333333,6,0.0,2,1,0
1.0,0.0,4,0.0,2,1,0
1.0,0.3333333333333333,6,0.0,2,1,0
1.0,0.0,4,0.0,2,1,0
3.0,0.3333333333333333,6,0.6176470588235294,34,0,0
2.0,0.015873015873015872,63,0.0,1,1,0
3.0,0.4,5,0.0,2,1,0
3.0,0.25,4,0.0,2,1,0
1.5,0.058823529411764705,17,0.0,4,0,0
1.5,0.058823529411764705,17,0.0,4,0,0
1.5,0.058823529411764705,17,0.0,5,0,0
1.5,0.058823529411764705,17,0.0,5,0,0
1.5,0.058823529411764705,17,0.0,5,0,0
1.5,0.058823529411764705,17,0.0,2,1,0
1.5,0.058823529411764705,17,0.0,4,0,0
2.0,0.18181818181818182,11,0.0,16,0,0
2.0,0.18181818181818182,11,0.0,9,0,0
2.0,0.18181818181818182,11,0.22388059701492538,67,0,0
2.0,0.18181818181818182,11,0.0,2,1,0
3.0,0.5,22,0.5,12,0,0
1.0,0.5,2,0.0,9,0,0
2.0,0.5909090909090909,22,0.6290322580645161,62,0,0
2.0,0.5909090909090909,22,0.5833333333333334,12,0,0
2.0,0.5,4,0.0,3,1,0
2.0,0.6666666666666666,3,0.0,3,1,0
1.0,0.1875,32,0.0,2,1,0
3.0,0.375,8,0.5714285714285714,7,0,0
3.0,0.5555555555555556,9,0.5714285714285714,7,0,0
3.0,0.375,8,0.75,4,0,0
3.0,0.375,8,0.0,2,1,0
3.0,0.5555555555555556,9,0.0,2,1,0
1.0,0.013605442176870748,147,0.3,10,0,0
1.0,0.10526315789473684,19,0.3,10,0,0
3.0,0.5,2,0.0,1,1,0
3.0,0.3333333333333333,3,0.0,3,1,0
2.0,0.3333333333333333,15,0.8,15,0,0
2.0,0.3870967741935484,31,0.8,15,0,0
2.0,0.3870967741935484,31,0.0,3,1,0
2.0,0.05555555555555555,18,0.0,3,1,0
2.0,0.08620689655172414,58,0.0,3,1,0
3.0,0.013605442176870748,147,0.08333333333333333,12,0,0
1.0,0.013605442176870748,147,0.04878048780487805,82,0,0
1.0,0.017543859649122806,57,0.04878048780487805,82,0,0
1.0,0.2857142857142857,7,0.04878048780487805,82,0,0
1.0,0.0,3,0.04878048780487805,82,0,0
2.0,0.0625,48,0.0,15,0,0
2.0,0.0625,48,0.0,1,1,0
2.5,0.2,5,0.9,10,0,0
1.0,0.16666666666666666,6,0.0,4,0,0
1.0,0.1875,48,0.0,4,0,0
1.0,0.3870967741935484,31,0.0,4,0,0
1.0,0.75,64,0.0,4,0,0
1.0,0.3333333333333333,3,0.0,1,1,0
2.0,0.05172413793103448,58,0.0,2,1,0
2.0,0.08333333333333333,60,0.0,2,1,0
2.0,0.05172413793103448,58,0.0,13,0,0
2.0,0.08333333333333333,60,0.0,13,0,0
3.0,0.625,8,0.3870967741935484,31,0,0
2.0,0.017543859649122806,57,0.0,7,0,0
2.0,0.017543859649122806,57,0.057971014492753624,69,0,0
2.0,0.3333333333333333,3,0.2,5,0,0
2.0,0.5,10,0.2,5,0,0
2.0,0.0,1,0.2,5,0,0
2.0,0.0,5,0.2,5,0,0
1.5,0.0,1,0.45454545454545453,11,0,0
2.0,0.02631578947368421,76,0.0,112,0,0
2.0,0.2,5,0.0,1,1,0
1.0,0.36363636363636365,11,0.0,12,0,0
1.0,0.05172413793103448,58,0.0,12,0,0
1.0,0.08333333333333333,60,0.0,12,0,0
1.0,0.36363636363636365,11,0.13793103448275862,29,0,0
1.0,0.05172413793103448,58,0.13793103448275862,29,0,0
1.0,0.08333333333333333,60,0.13793103448275862,29,0,0
2.0,0.75,4,0.0,1,1,0
2.0,0.039603960396039604,101,0.0,3,1,0
2.0,0.25,8,0.75,4,0,0
2.0,0.015873015873015872,63,0.35,40,0,0
1.0,0.6666666666666666,3,0.0,1,1,0
3.0,0.5714285714285714,7,0.8333333333333334,6,0,0
1.0,0.05172413793103448,58,0.0,2,1,0
1.0,0.08333333333333333,60,0.0,2,1,0
3.0,0.03937007874015748,127,0.0,22,0,0
3.0,0.09090909090909091,11,0.0,22,0,0
1.5,0.08333333333333333,96,0.0,4,0,0
1.5,0.08333333333333333,96,0.0,4,0,0
1.5,0.08333333333333333,96,0.0,5,0,0
1.5,0.08333333333333333,96,0.0,5,0,0
1.5,0.08333333333333333,96,0.0,5,0,0
1.5,0.08333333333333333,96,0.0,4,0,0
2.0,0.02666666666666667,75,0.0,3,1,0
2.0,0.02666666666666667,75,0.0,1,1,0
1.5,0.013605442176870748,147,0.04878048780487805,82,0,0
1.5,0.017543859649122806,57,0.04878048780487805,82,0,0
1.0,0.0625,48,0.057971014492753624,69,0,0
1.0,0.03333333333333333,60,0.057971014492753624,69,0,0
1.0,0.03937007874015748,127,0.057971014492753624,69,0,0
1.0,0.0,85,0.057971014492753624,69,0,0
1.0,0.0625,48,0.25,24,0,0
1.0,0.03333333333333333,60,0.25,24,0,0
1.0,0.03937007874015748,127,0.25,24,0,0
1.0,0.0,85,0.25,24,0,0
1.0,0.0625,48,0.04878048780487805,82,0,0
1.0,0.03333333333333333,60,0.04878048780487805,82,0,0
1.0,0.03937007874015748,127,0.04878048780487805,82,0,0
1.0,0.0,85,0.04878048780487805,82,0,0
1.0,0.0625,48,0.0,43,0,0
1.0,0.03333333333333333,60,0.0,43,0,0
1.0,0.03937007874015748,127,0.0,43,0,0
1.0,0.0,85,0.0,43,0,0
2.0,0.6666666666666666,9,0.0,13,0,0
2.0,0.6666666666666666,9,0.6176470588235294,34,0,0
1.5,0.21212121212121213,99,0.0,1,1,0
1.5,0.21212121212121213,99,0.0,5,0,0
1.0,0.013605442176870748,147,0.0,5,0,0
1.0,0.017543859649122806,57,0.0,5,0,0
1.0,0.21212121212121213,99,0.0,5,0,0
1.0,0.03333333333333333,30,0.0,5,0,0
1.0,0.0,2,0.0,5,0,0
3.0,0.6666666666666666,6,0.0,2,1,0
3.0,0.5714285714285714,7,0.0,2,1,0
2.0,0.3333333333333333,3,0.2631578947368421,19,0,0
2.0,0.3333333333333333,3,0.2631578947368421,19,0,0
2.0,0.0,2,0.2631578947368421,19,0,0
2.0,0.3333333333333333,3,0.23529411764705882,17,0,0
2.0,0.3333333333333333,3,0.23529411764705882,17,0,0
2.0,0.0,2,0.23529411764705882,17,0,0
2.0,0.044444444444444446,45,0.0,1,1,0
2.0,0.3333333333333333,3,0.2222222222222222,9,0,0
3.0,0.0,1,0.8627450980392157,102,0,0
3.0,0.0,3,0.8627450980392157,102,0,0
2.0,0.0,4,0.0,17,0,0
1.0,0.017543859649122806,57,0.0,7,0,0
1.0,0.0,24,0.0,7,0,0
1.0,0.09375,32,0.0,7,0,0
1.0,0.0,26,0.0,7,0,0
1.0,0.017543859649122806,57,0.0,7,0,0
1.0,0.0,24,0.0,7,0,0
1.0,0.09375,32,0.0,7,0,0
1.0,0.0,26,0.0,7,0,0
1.0,0.017543859649122806,57,0.0,14,0,0
1.0,0.0,24,0.0,14,0,0
1.0,0.09375,32,0.0,14,0,0
1.0,0.0,26,0.0,14,0,0
1.0,0.017543859649122806,57,0.0,4,0,0
1.0,0.0,24,0.0,4,0,0
1.0,0.09375,32,0.0,4,0,0
1.0,0.0,26,0.0,4,0,0
1.0,0.017543859649122806,57,0.0,4,0,0
1.0,0.0,24,0.0,4,0,0
1.0,0.09375,32,0.0,4,0,0
1.0,0.0,26,0.0,4,0,0
1.0,0.017543859649122806,57,0.0,17,0,0
1.0,0.0,24,0.0,17,0,0
1.0,0.09375,32,0.0,17,0,0
1.0,0.0,26,0.0,17,0,0
1.0,0.017543859649122806,57,0.0,4,0,0
1.0,0.0,24,0.0,4,0,0
1.0,0.09375,32,0.0,4,0,0
1.0,0.0,26,0.0,4,0,0
1.0,0.017543859649122806,57,0.0,4,0,0
1.0,0.0,24,0.0,4,0,0
1.0,0.09375,32,0.0,4,0,0
1.0,0.0,26,0.0,4,0,0
1.0,0.017543859649122806,57,0.0,4,0,0
1.0,0.0,24,0.0,4,0,0
1.0,0.09375,32,0.0,4,0,0
1.0,0.0,26,0.0,4,0,0
1.0,0.017543859649122806,57,0.0,24,0,0
1.0,0.0,24,0.0,24,0,0
1.0,0.09375,32,0.0,24,0,0
1.0,0.0,26,0.0,24,0,0
1.0,0.017543859649122806,57,0.0,22,0,0
1.0,0.0,24,0.0,22,0,0
1.0,0.09375,32,0.0,22,0,0
1.0,0.0,26,0.0,22,0,0
2.0,0.9666666666666667,60,0.0,1,1,0
2.0,0.375,8,0.0,43,0,0
2.0,0.5,2,0.0,43,0,0
2.0,0.5,6,0.0,43,0,0
2.0,0.75,4,0.0,43,0,0
2.0,0.05172413793103448,58,0.22388059701492538,67,0,0
2.0,0.08333333333333333,60,0.22388059701492538,67,0,0
2.0,0.03937007874015748,127,0.0,1,1,0
1.0,0.16666666666666666,6,0.22388059701492538,67,0,0
1.5,0.03937007874015748,127,0.0,2,1,0
1.5,0.0,85,0.0,2,1,0
1.5,0.03937007874015748,127,0.0,15,0,0
1.5,0.0,85,0.0,15,0,0
1.5,0.5454545454545454,11,0.6666666666666666,3,1,0
3.0,0.3333333333333333,21,0.0,5,0,0
3.0,0.0,1,0.0,5,0,0
1.0,0.3333333333333333,21,0.0,3,1,0
2.0,0.02531645569620253,79,0.0,22,0,0
2.0,0.02531645569620253,79,0.0,8,0,0
2.0,0.02531645569620253,79,0.0,13,0,0
2.0,0.02531645569620253,79,0.0,26,0,0
2.0,0.02531645569620253,79,0.0,31,0,0
2.0,0.02531645569620253,79,0.0,8,0,0
2.0,0.02531645569620253,79,0.0,13,0,0
2.0,0.0,9,0.2857142857142857,7,0,0
2.0,0.0625,48,0.0,3,1,0
2.0,0.03937007874015748,127,0.0,3,1,0
2.0,0.0,85,0.0,3,1,0
2.0,0.04081632653061224,49,0.0,6,0,0
2.0,0.04081632653061224,49,0.0,6,0,0
1.0,0.3076923076923077,26,0.6470588235294118,17,0,0
2.0,0.05172413793103448,58,0.0,6,0,0
2.0,0.21212121212121213,99,0.0,6,0,0
2.0,0.08333333333333333,60,0.0,6,0,0
1.0,0.0,2,0.0,1,1,0
3.0,0.5454545454545454,11,0.0,6,0,0
3.0,0.3333333333333333,27,0.0,6,0,0
3.0,0.1111111111111111,18,0.0,6,0,0
3.0,0.5454545454545454,11,0.0,9,0,0
3.0,0.3333333333333333,27,0.0,9,0,0
3.0,0.1111111111111111,18,0.0,9,0,0
2.0,0.08333333333333333,96,0.0,14,0,0
2.0,0.017543859649122806,57,0.0,14,0,0
2.0,0.0875,80,0.0,14,0,0
2.0,0.02531645569620253,79,0.0,14,0,0
2.0,0.10714285714285714,28,0.0,14,0,0
2.0,0.0,3,0.0,2,1,0
2.0,0.5714285714285714,7,0.0,2,1,0
3.0,0.047619047619047616,63,0.0,1,1,0
2.0,0.03636363636363636,55,0.84375,64,0,0
2.0,0.5,4,0.84375,64,0,0
3.0,0.18181818181818182,11,0.0,2,1,0
3.0,0.0,1,0.0,2,1,0
1.0,0.039603960396039604,101,0.0,3,1,0
1.0,0.013605442176870748,147,0.0,3,1,0
1.0,0.039603960396039604,101,0.0,3,1,0
1.0,0.013605442176870748,147,0.0,3,1,0
1.0,0.039603960396039604,101,0.0,2,1,0
1.0,0.013605442176870748,147,0.0,2,1,0
1.0,0.039603960396039604,101,0.0,7,0,0
1.0,0.013605442176870748,147,0.0,7,0,0
1.0,0.039603960396039604,101,0.0,10,0,0
1.0,0.013605442176870748,147,0.0,10,0,0
1.0,0.039603960396039604,101,0.0,18,0,0
1.0,0.013605442176870748,147,0.0,18,0,0
1.0,0.039603960396039604,101,0.0,12,0,0
1.0,0.013605442176870748,147,0.0,12,0,0
1.0,0.039603960396039604,101,0.0,24,0,0
1.0,0.013605442176870748,147,0.0,24,0,0
1.0,0.039603960396039604,101,0.0,20,0,0
1.0,0.013605442176870748,147,0.0,20,0,0
1.0,0.039603960396039604,101,0.0,2,1,0
1.0,0.013605442176870748,147,0.0,2,1,0
1.0,0.039603960396039604,101,0.0,2,1,0
1.0,0.013605442176870748,147,0.0,2,1,0
1.0,0.039603960396039604,101,0.0,21,0,0
1.0,0.015873015873015872,63,0.0,21,0,0
1.0,0.21212121212121213,99,0.0,21,0,0
1.0,0.1323529411764706,68,0.0,21,0,0
1.0,0.039603960396039604,101,0.0,6,0,0
1.0,0.015873015873015872,63,0.0,6,0,0
1.0,0.21212121212121213,99,0.0,6,0,0
1.0,0.1323529411764706,68,0.0,6,0,0
3.0,0.047619047619047616,63,0.0,36,0,0
2.0,0.06896551724137931,29,0.0,13,0,0
1.0,0.015873015873015872,63,0.0,21,0,0
1.0,0.21212121212121213,99,0.0,21,0,0
1.0,0.6666666666666666,3,0.0,21,0,0
2.0,0.02631578947368421,76,0.0,3,1,0
2.0,0.8130841121495327,107,0.0,3,1,0
2.0,0.0,34,0.0,3,1,0
2.0,0.0,34,0.22388059701492538,67,0,0
2.0,0.25,4,0.0,1,1,0
2.5,0.3076923076923077,26,0.0,1,1,0
2.5,0.3076923076923077,26,0.6666666666666666,3,1,0
2.0,0.03937007874015748,127,0.1,10,0,0
2.0,0.1875,48,0.1,10,0,0
2.0,0.02531645569620253,79,0.1,10,0,0
2.0,0.06896551724137931,29,0.1,10,0,0
2.0,0.21212121212121213,99,0.1,10,0,0
2.0,0.013605442176870748,147,0.0,16,0,0
2.0,0.013605442176870748,147,0.0,9,0,0
1.0,0.02631578947368421,76,0.5142857142857142,35,0,0
1.0,0.017543859649122806,57,0.5142857142857142,35,0,0
1.0,0.015873015873015872,63,0.5142857142857142,35,0,0
1.0,0.03333333333333333,30,0.5142857142857142,35,0,0
1.0,0.0,2,0.5142857142857142,35,0,0
0.0,0.05172413793103448,58,0.8181818181818182,11,0,0
0.0,0.08333333333333333,60,0.8181818181818182,11,0,0
3.0,0.8130841121495327,107,0.0,3,1,0
3.0,0.0,34,0.0,3,1,0
2.0,0.2857142857142857,14,0.0,3,1,0
2.0,0.08695652173913043,23,0.0,17,0,0
2.0,0.08333333333333333,96,0.0,22,0,0
2.0,0.017543859649122806,57,0.0,22,0,0
2.0,0.0875,80,0.0,22,0,0
2.0,0.02531645569620253,79,0.0,22,0,0
2.0,0.0847457627118644,59,0.0,22,0,0
2.0,0.08333333333333333,96,0.0,26,0,0
2.0,0.017543859649122806,57,0.0,26,0,0
2.0,0.0875,80,0.0,26,0,0
2.0,0.02531645569620253,79,0.0,26,0,0
2.0,0.0847457627118644,59,0.0,26,0,0
2.0,0.08333333333333333,96,0.0,31,0,0
2.0,0.017543859649122806,57,0.0,31,0,0
2.0,0.0875,80,0.0,31,0,0
2.0,0.02531645569620253,79,0.0,31,0,0
2.0,0.0847457627118644,59,0.0,31,0,0
2.0,0.08333333333333333,96,0.0,8,0,0
2.0,0.017543859649122806,57,0.0,8,0,0
2.0,0.0875,80,0.0,8,0,0
2.0,0.02531645569620253,79,0.0,8,0,0
2.0,0.0847457627118644,59,0.0,8,0,0
2.0,0.08333333333333333,96,0.0,13,0,0
2.0,0.017543859649122806,57,0.0,13,0,0
2.0,0.0875,80,0.0,13,0,0
2.0,0.02531645569620253,79,0.0,13,0,0
2.0,0.0847457627118644,59,0.0,13,0,0
2.0,0.08333333333333333,96,0.0,8,0,0
2.0,0.017543859649122806,57,0.0,8,0,0
2.0,0.0875,80,0.0,8,0,0
2.0,0.02531645569620253,79,0.0,8,0,0
2.0,0.0847457627118644,59,0.0,8,0,0
2.0,0.08333333333333333,96,0.0,13,0,0
2.0,0.017543859649122806,57,0.0,13,0,0
2.0,0.0875,80,0.0,13,0,0
2.0,0.02531645569620253,79,0.0,13,0,0
2.0,0.0847457627118644,59,0.0,13,0,0
2.5,0.0,3,0.0,112,0,0
2.0,0.925,40,0.125,8,0,0
2.0,0.0,2,0.125,8,0,0
3.0,0.4,10,0.0,1,1,0
3.0,0.4,10,0.0,1,1,0
3.0,0.10714285714285714,28,0.0,36,0,0
3.0,0.0,67,0.0,36,0,0
3.0,0.0,67,0.0,36,0,0
3.0,0.0,12,0.0,36,0,0
3.0,0.4,5,0.0,2,1,0
1.0,0.6666666666666666,3,0.0,23,0,0
2.0,0.18181818181818182,11,0.0,3,1,0
2.0,0.14285714285714285,7,0.0,3,1,0
2.0,0.14285714285714285,7,0.0,3,1,0
3.0,0.0,4,0.0,1,1,0
3.0,0.0,4,0.0,1,1,0
2.0,0.039603960396039604,101,0.0,3,1,0
2.0,0.10526315789473684,19,0.0,3,1,0
2.0,0.017543859649122806,57,0.0,3,1,0
2.0,0.015873015873015872,63,0.0,24,0,0
1.5,0.0,34,0.22388059701492538,67,0,0
1.0,0.02531645569620253,79,0.0,9,0,0
1.0,0.05172413793103448,58,0.0,9,0,0
1.0,0.08333333333333333,60,0.0,9,0,0
1.0,0.125,8,0.13793103448275862,29,0,0
2.0,0.25,4,0.0,1,1,0
1.5,0.3333333333333333,21,0.0,2,1,0
1.5,0.14285714285714285,7,0.0,2,1,0
3.0,0.975,40,0.2222222222222222,9,0,0
3.0,0.75,4,0.0,1,1,0
1.5,0.039603960396039604,101,0.0,5,0,0
1.5,0.04081632653061224,49,0.0,5,0,0
1.5,0.013605442176870748,147,0.0,5,0,0
1.5,0.03636363636363636,55,0.0,5,0,0
1.0,0.14285714285714285,7,0.0,1,1,0
3.0,0.2857142857142857,14,0.0,1,1,0
3.0,0.2857142857142857,14,0.5,4,0,0
3.0,0.2857142857142857,14,0.0,1,1,0
3.0,0.013605442176870748,147,0.0,9,0,0
3.0,0.047619047619047616,63,0.0,36,0,0
3.0,0.6666666666666666,3,0.0,36,0,0
3.0,0.75,4,0.0,36,0,0
2.5,0.3333333333333333,3,0.6176470588235294,34,0,0
2.0,0.75,64,0.3333333333333333,3,1,0
2.0,0.75,64,0.0,1,1,0
3.0,0.08333333333333333,96,0.057971014492753624,69,0,0
1.0,0.02531645569620253,79,0.0,19,0,0
1.5,0.10714285714285714,28,0.0,13,0,0
1.5,0.3181818181818182,22,0.0,13,0,0
1.5,0.017543859649122806,57,0.0,13,0,0
1.5,0.09375,32,0.0,13,0,0
1.5,0.0,26,0.0,13,0,0
1.5,0.10714285714285714,28,0.0,13,0,0
1.5,0.3181818181818182,22,0.0,13,0,0
1.5,0.017543859649122806,57,0.0,13,0,0
1.5,0.09375,32,0.0,13,0,0
1.5,0.0,26,0.0,13,0,0
1.5,0.10714285714285714,28,0.0,13,0,0
1.5,0.3181818181818182,22,0.0,13,0,0
1.5,0.017543859649122806,57,0.0,13,0,0
1.5,0.09375,32,0.0,13,0,0
1.5,0.0,26,0.0,13,0,0
1.5,0.10714285714285714,28,0.0,27,0,0
1.5,0.3181818181818182,22,0.0,27,0,0
1.5,0.017543859649122806,57,0.0,27,0,0
1.5,0.09375,32,0.0,27,0,0
1.5,0.0,26,0.0,27,0,0
1.5,0.10714285714285714,28,0.0,24,0,0
1.5,0.3181818181818182,22,0.0,24,0,0
1.5,0.017543859649122806,57,0.0,24,0,0
1.5,0.09375,32,0.0,24,0,0
1.5,0.0,26,0.0,24,0,0
1.5,0.10714285714285714,28,0.0,24,0,0
1.5,0.3181818181818182,22,0.0,24,0,0
1.5,0.017543859649122806,57,0.0,24,0,0
1.5,0.09375,32,0.0,24,0,0
1.5,0.0,26,0.0,24,0,0
1.5,0.10714285714285714,28,0.0,24,0,0
1.5,0.3181818181818182,22,0.0,24,0,0
1.5,0.017543859649122806,57,0.0,24,0,0
1.5,0.09375,32,0.0,24,0,0
1.5,0.0,26,0.0,24,0,0
1.5,0.10714285714285714,28,0.0,13,0,0
1.5,0.3181818181818182,22,0.0,13,0,0
1.5,0.017543859649122806,57,0.0,13,0,0
1.5,0.09375,32,0.0,13,0,0
1.5,0.0,26,0.0,13,0,0
1.5,0.10714285714285714,28,0.0,13,0,0
1.5,0.3181818181818182,22,0.0,13,0,0
1.5,0.017543859649122806,57,0.0,13,0,0
1.5,0.09375,32,0.0,13,0,0
1.5,0.0,26,0.0,13,0,0
1.5,0.10714285714285714,28,0.0,12,0,0
1.5,0.3181818181818182,22,0.0,12,0,0
1.5,0.017543859649122806,57,0.0,12,0,0
1.5,0.09375,32,0.0,12,0,0
1.5,0.0,26,0.0,12,0,0
1.5,0.10714285714285714,28,0.0,13,0,0
1.5,0.3181818181818182,22,0.0,13,0,0
1.5,0.017543859649122806,57,0.0,13,0,0
1.5,0.09375,32,0.0,13,0,0
1.5,0.0,26,0.0,13,0,0
1.5,0.10714285714285714,28,0.0,13,0,0
1.5,0.3181818181818182,22,0.0,13,0,0
1.5,0.017543859649122806,57,0.0,13,0,0
1.5,0.09375,32,0.0,13,0,0
1.5,0.0,26,0.0,13,0,0
1.5,0.10714285714285714,28,0.0,13,0,0
1.5,0.3181818181818182,22,0.0,13,0,0
1.5,0.017543859649122806,57,0.0,13,0,0
1.5,0.09375,32,0.0,13,0,0
1.5,0.0,26,0.0,13,0,0
1.5,0.10714285714285714,28,0.0,24,0,0
1.5,0.3181818181818182,22,0.0,24,0,0
1.5,0.017543859649122806,57,0.0,24,0,0
1.5,0.09375,32,0.0,24,0,0
1.5,0.0,26,0.0,24,0,0
2.5,0.5714285714285714,7,0.0,1,1,0
3.0,0.5454545454545454,11,0.0,6,0,0
3.0,0.3333333333333333,27,0.0,6,0,0
3.0,0.1111111111111111,18,0.0,6,0,0
1.0,0.044444444444444446,45,0.0,5,0,0
1.0,0.05172413793103448,58,0.0,5,0,0
1.0,0.08333333333333333,60,0.0,5,0,0
1.0,0.044444444444444446,45,0.0,5,0,0
1.0,0.05172413793103448,58,0.0,5,0,0
1.0,0.08333333333333333,60,0.0,5,0,0
1.0,0.044444444444444446,45,0.0,6,0,0
1.0,0.05172413793103448,58,0.0,6,0,0
1.0,0.08333333333333333,60,0.0,6,0,0
1.0,0.044444444444444446,45,0.0,6,0,0
1.0,0.05172413793103448,58,0.0,6,0,0
1.0,0.08333333333333333,60,0.0,6,0,0
1.0,0.044444444444444446,45,0.0,6,0,0
1.0,0.05172413793103448,58,0.0,6,0,0
1.0,0.08333333333333333,60,0.0,6,0,0
1.0,0.044444444444444446,45,0.0,6,0,0
1.0,0.05172413793103448,58,0.0,6,0,0
1.0,0.08333333333333333,60,0.0,6,0,0
1.0,0.044444444444444446,45,0.0,6,0,0
1.0,0.05172413793103448,58,0.0,6,0,0
1.0,0.08333333333333333,60,0.0,6,0,0
1.0,0.044444444444444446,45,0.0,6,0,0
1.0,0.05172413793103448,58,0.0,6,0,0
1.0,0.08333333333333333,60,0.0,6,0,0
1.0,0.044444444444444446,45,0.0,6,0,0
1.0,0.05172413793103448,58,0.0,6,0,0
1.0,0.08333333333333333,60,0.0,6,0,0
1.0,0.044444444444444446,45,0.0,5,0,0
1.0,0.05172413793103448,58,0.0,5,0,0
1.0,0.08333333333333333,60,0.0,5,0,0
1.5,0.0,12,0.0,4,0,0
1.5,0.0,9,0.0,4,0,0
2.0,0.375,8,0.0,8,0,0
2.0,0.3333333333333333,27,0.0,8,0,0
2.0,0.7878787878787878,33,0.0,8,0,0
2.0,0.65,20,0.0,8,0,0
2.0,0.09090909090909091,11,0.0,3,1,0
2.0,0.125,16,0.0,3,1,0
2.0,0.0,85,0.0,3,1,0
2.0,0.08333333333333333,12,0.08333333333333333,12,0,0
2.0,0.1323529411764706,68,0.08333333333333333,12,0,0
2.0,0.058823529411764705,17,0.0,4,0,0
2.0,0.058823529411764705,17,0.14285714285714285,7,0,0
2.0,0.058823529411764705,17,0.0,17,0,0
2.0,0.6,10,0.0,13,0,0
2.5,0.10714285714285714,28,0.0,1,1,0
3.0,0.125,8,0.0,2,1,0
3.0,0.25,4,0.0,2,1,0
2.0,0.4,5,0.42857142857142855,7,0,0
2.0,0.4,5,0.0,5,0,0
1.0,0.05172413793103448,58,0.0,23,0,0
1.0,0.08333333333333333,60,0.0,23,0,0
1.0,0.2,5,0.0,23,0,0
1.0,0.05172413793103448,58,0.0,12,0,0
1.0,0.08333333333333333,60,0.0,12,0,0
1.0,0.2,5,0.0,12,0,0
1.0,0.05172413793103448,58,0.0,24,0,0
1.0,0.08333333333333333,60,0.0,24,0,0
1.0,0.2,5,0.0,24,0,0
1.0,0.05172413793103448,58,0.0,43,0,0
1.0,0.08333333333333333,60,0.0,43,0,0
1.0,0.2,5,0.0,43,0,0
1.5,0.38461538461538464,26,0.0,11,0,0
1.0,0.03571428571428571,28,0.0,4,0,0
1.0,0.03571428571428571,28,0.0,4,0,0
1.0,0.03571428571428571,28,0.0,5,0,0
1.0,0.03571428571428571,28,0.0,5,0,0
1.0,0.03571428571428571,28,0.0,5,0,0
1.0,0.03571428571428571,28,0.0,2,1,0
2.0,0.1875,32,0.0,10,0,0
2.0,0.0,9,0.0,10,0,0
2.0,0.0,1,0.0,2,1,0
2.0,0.6,5,0.22388059701492538,67,0,0
2.0,0.0,34,0.22388059701492538,67,0,0
2.0,0.2222222222222222,9,0.5,6,0,0
1.5,0.125,16,0.6896551724137931,29,0,0
1.5,0.0,85,0.6896551724137931,29,0,0
1.5,0.125,16,0.5142857142857142,35,0,0
1.5,0.0,85,0.5142857142857142,35,0,0
2.0,0.02631578947368421,76,0.0,1,1,0
3.0,0.5,2,0.125,8,0,0
2.0,0.02531645569620253,79,0.057971014492753624,69,0,0
2.0,0.02531645569620253,79,0.0,2,1,0
2.0,0.4,5,0.0,13,0,0
2.0,0.5,2,0.0,13,0,0
3.0,0.75,4,0.5,6,0,0
3.0,0.75,4,0.6153846153846154,13,0,0
2.0,0.5,4,0.0,112,0,0
2.0,0.02631578947368421,76,0.0,16,0,0
2.0,0.02631578947368421,76,0.0,19,0,0
2.0,0.02631578947368421,76,0.0,19,0,0
2.0,0.02631578947368421,76,0.0,16,0,0
2.0,0.02631578947368421,76,0.0,14,0,0
3.0,0.5,6,0.0,1,1,0
2.0,0.02666666666666667,75,0.0,1,1,0
2.0,0.14285714285714285,7,0.14285714285714285,7,0,0
2.0,0.06896551724137931,29,0.14285714285714285,7,0,0
2.0,0.14285714285714285,7,0.14285714285714285,7,0,0
2.0,0.08333333333333333,96,0.057971014492753624,69,0,0
2.0,0.14285714285714285,35,0.057971014492753624,69,0,0
2.0,0.02531645569620253,79,0.057971014492753624,69,0,0
2.0,0.0847457627118644,59,0.057971014492753624,69,0,0
1.0,0.3333333333333333,21,0.5,2,1,0
1.0,0.3333333333333333,21,0.0,3,1,0
2.0,0.7142857142857143,14,0.0,4,0,0
2.0,0.5,10,0.0,4,0,0
2.0,0.0,3,0.0,4,0,0
2.0,0.0,5,0.0,4,0,0
2.0,0.3333333333333333,3,0.0,7,0,0
2.0,0.3333333333333333,6,0.0,4,0,0
2.0,0.0,12,0.0,4,0,0
2.0,0.125,8,0.0,4,0,0
2.0,0.3333333333333333,6,0.0,9,0,0
2.0,0.0,12,0.0,9,0,0
2.0,0.125,8,0.0,9,0,0
2.0,0.5454545454545454,11,0.5217391304347826,23,0,0
2.0,0.6666666666666666,3,0.5217391304347826,23,0,0
2.0,0.1111111111111111,18,0.5217391304347826,23,0,0
3.0,0.4,5,0.0,1,1,0
1.5,0.039603960396039604,101,0.3333333333333333,3,1,0
1.5,0.1875,32,0.3333333333333333,3,1,0
2.0,0.04081632653061224,49,0.0,112,0,0
2.0,0.03636363636363636,55,0.0,112,0,0
2.0,0.75,8,0.2222222222222222,9,0,0
1.0,0.0,67,0.0,36,0,0
1.0,0.0,67,0.0,36,0,0
1.0,0.0,12,0.0,36,0,0
2.0,0.18181818181818182,11,0.0,13,0,0
2.0,0.5,2,0.0,13,0,0
1.0,0.013605442176870748,147,0.04878048780487805,82,0,0
1.0,0.017543859649122806,57,0.04878048780487805,82,0,0
2.0,0.031914893617021274,94,0.0,10,0,0
2.0,0.04081632653061224,49,0.0,10,0,0
2.0,0.03636363636363636,55,0.0,10,0,0
2.0,0.031914893617021274,94,0.0,13,0,0
2.0,0.04081632653061224,49,0.0,13,0,0
2.0,0.03636363636363636,55,0.0,13,0,0
2.0,0.031914893617021274,94,0.0,13,0,0
2.0,0.04081632653061224,49,0.0,13,0,0
2.0,0.03636363636363636,55,0.0,13,0,0
2.0,0.031914893617021274,94,0.0,10,0,0
2.0,0.04081632653061224,49,0.0,10,0,0
2.0,0.03636363636363636,55,0.0,10,0,0
2.0,0.031914893617021274,94,0.0,19,0,0
2.0,0.04081632653061224,49,0.0,19,0,0
2.0,0.03636363636363636,55,0.0,19,0,0
2.0,0.031914893617021274,94,0.0,10,0,0
2.0,0.04081632653061224,49,0.0,10,0,0
2.0,0.03636363636363636,55,0.0,10,0,0
2.0,0.031914893617021274,94,0.0,19,0,0
2.0,0.04081632653061224,49,0.0,19,0,0
2.0,0.03636363636363636,55,0.0,19,0,0
2.0,0.031914893617021274,94,0.23076923076923078,13,0,0
2.0,0.04081632653061224,49,0.23076923076923078,13,0,0
2.0,0.03636363636363636,55,0.23076923076923078,13,0,0
2.0,0.031914893617021274,94,0.0,6,0,0
2.0,0.04081632653061224,49,0.0,6,0,0
2.0,0.03636363636363636,55,0.0,6,0,0
2.0,0.031914893617021274,94,0.0,14,0,0
2.0,0.04081632653061224,49,0.0,14,0,0
2.0,0.03636363636363636,55,0.0,14,0,0
2.0,0.031914893617021274,94,0.0,16,0,0
2.0,0.04081632653061224,49,0.0,16,0,0
2.0,0.03636363636363636,55,0.0,16,0,0
2.0,0.031914893617021274,94,0.0,12,0,0
2.0,0.04081632653061224,49,0.0,12,0,0
2.0,0.03636363636363636,55,0.0,12,0,0
2.0,0.031914893617021274,94,0.0,12,0,0
2.0,0.04081632653061224,49,0.0,12,0,0
2.0,0.03636363636363636,55,0.0,12,0,0
2.0,0.031914893617021274,94,0.0,19,0,0
2.0,0.04081632653061224,49,0.0,19,0,0
2.0,0.03636363636363636,55,0.0,19,0,0
2.0,0.031914893617021274,94,0.0,19,0,0
2.0,0.04081632653061224,49,0.0,19,0,0
2.0,0.03636363636363636,55,0.0,19,0,0
2.0,0.031914893617021274,94,0.0,16,0,0
2.0,0.04081632653061224,49,0.0,16,0,0
2.0,0.03636363636363636,55,0.0,16,0,0
2.0,0.031914893617021274,94,0.0,14,0,0
2.0,0.04081632653061224,49,0.0,14,0,0
2.0,0.03636363636363636,55,0.0,14,0,0
2.0,0.031914893617021274,94,0.0,15,0,0
2.0,0.04081632653061224,49,0.0,15,0,0
2.0,0.03636363636363636,55,0.0,15,0,0
2.0,0.031914893617021274,94,0.0,12,0,0
2.0,0.04081632653061224,49,0.0,12,0,0
2.0,0.03636363636363636,55,0.0,12,0,0
2.0,0.031914893617021274,94,0.0,22,0,0
2.0,0.04081632653061224,49,0.0,22,0,0
2.0,0.03636363636363636,55,0.0,22,0,0
2.0,0.031914893617021274,94,0.0,17,0,0
2.0,0.04081632653061224,49,0.0,17,0,0
2.0,0.03636363636363636,55,0.0,17,0,0
2.0,0.031914893617021274,94,0.0,11,0,0
2.0,0.04081632653061224,49,0.0,11,0,0
2.0,0.03636363636363636,55,0.0,11,0,0
2.0,0.031914893617021274,94,0.0,10,0,0
2.0,0.04081632653061224,49,0.0,10,0,0
2.0,0.03636363636363636,55,0.0,10,0,0
2.0,0.031914893617021274,94,0.0,18,0,0
2.0,0.04081632653061224,49,0.0,18,0,0
2.0,0.03636363636363636,55,0.0,18,0,0
2.0,0.031914893617021274,94,0.0,11,0,0
2.0,0.04081632653061224,49,0.0,11,0,0
2.0,0.03636363636363636,55,0.0,11,0,0
2.0,0.031914893617021274,94,0.0,14,0,0
2.0,0.04081632653061224,49,0.0,14,0,0
2.0,0.03636363636363636,55,0.0,14,0,0
2.0,0.031914893617021274,94,0.0,11,0,0
2.0,0.04081632653061224,49,0.0,11,0,0
2.0,0.03636363636363636,55,0.0,11,0,0
2.0,0.031914893617021274,94,0.0,12,0,0
2.0,0.04081632653061224,49,0.0,12,0,0
2.0,0.03636363636363636,55,0.0,12,0,0
2.0,0.031914893617021274,94,0.0,12,0,0
2.0,0.04081632653061224,49,0.0,12,0,0
2.0,0.03636363636363636,55,0.0,12,0,0
2.0,0.031914893617021274,94,0.0,12,0,0
2.0,0.04081632653061224,49,0.0,12,0,0
2.0,0.03636363636363636,55,0.0,12,0,0
2.0,0.031914893617021274,94,0.0,13,0,0
2.0,0.04081632653061224,49,0.0,13,0,0
2.0,0.03636363636363636,55,0.0,13,0,0
2.0,0.2222222222222222,9,0.0,2,1,0
2.0,0.2222222222222222,9,0.0,1,1,0
2.5,0.8636363636363636,110,0.0,5,0,0
2.5,0.7865168539325843,89,0.0,5,0,0
2.5,0.0,7,0.0,5,0,0
2.5,0.0,38,0.0,5,0,0
2.5,0.0,38,0.0,5,0,0
2.0,0.5,14,0.9285714285714286,14,0,0
1.0,0.14285714285714285,7,0.0,1,1,0
1.0,0.14285714285714285,7,0.0,1,1,0
2.0,0.08333333333333333,96,0.0,17,0,0
2.0,0.08333333333333333,96,0.5,2,1,0
2.0,0.5,6,0.0,2,1,0
2.0,0.5,2,0.0,2,1,0
1.0,0.013605442176870748,147,0.0,23,0,0
1.0,0.017543859649122806,57,0.0,23,0,0
1.0,0.0,6,0.0,23,0,0
1.0,0.013605442176870748,147,0.0,4,0,0
1.0,0.017543859649122806,57,0.0,4,0,0
1.0,0.0,6,0.0,4,0,0
1.0,0.013605442176870748,147,0.0,12,0,0
1.0,0.017543859649122806,57,0.0,12,0,0
1.0,0.0,6,0.0,12,0,0
2.0,0.0,1,0.0,2,1,0
2.0,0.625,8,0.0,2,1,0
2.0,0.125,16,0.25,4,0,0
1.5,0.08333333333333333,96,0.25,4,0,0
1.5,0.015873015873015872,63,0.25,4,0,0
2.0,0.125,8,0.0,4,0,0
2.0,0.125,8,0.0,10,0,0
2.0,0.125,8,0.0,9,0,0
2.0,0.7142857142857143,7,0.3333333333333333,3,1,0
1.5,0.015873015873015872,63,0.0,7,0,0
1.5,0.1323529411764706,68,0.0,7,0,0
1.5,0.0,9,0.0,7,0,0
1.5,0.015873015873015872,63,0.0,5,0,0
1.5,0.1323529411764706,68,0.0,5,0,0
1.5,0.0,9,0.0,5,0,0
2.0,0.9591836734693877,49,0.0,7,0,0
1.0,0.5833333333333334,12,0.0,3,1,0
1.0,0.5833333333333334,12,0.0,43,0,0
1.5,0.2,15,0.0,4,0,0
1.5,0.015873015873015872,63,0.0,4,0,0
2.0,0.017543859649122806,57,0.0,1,1,0
1.0,0.03937007874015748,127,0.0,17,0,0
1.0,0.6666666666666666,6,0.0,17,0,0
3.0,0.8333333333333334,6,0.0,2,1,0
3.0,0.2857142857142857,14,0.0,2,1,0
2.0,0.25,4,0.875,8,0,0
2.0,0.21212121212121213,99,0.0,2,1,0
1.5,0.75,8,0.0,3,1,0
1.5,0.75,8,0.0,1,1,0
2.0,0.3076923076923077,13,0.6666666666666666,3,1,0
2.0,0.4,5,0.0,8,0,0
2.0,0.5,2,0.0,8,0,0
2.0,0.5,4,0.0,8,0,0
2.0,0.047619047619047616,63,0.0,3,1,0
2.0,0.05172413793103448,58,0.0,3,1,0
2.0,0.08333333333333333,60,0.0,3,1,0
1.0,0.21212121212121213,99,0.0,23,0,0
2.0,0.8,10,0.0,4,0,0
2.0,0.5,2,0.0,4,0,0
1.0,0.8333333333333334,6,0.0,1,1,0
2.0,0.6666666666666666,3,0.3333333333333333,3,1,0
3.0,0.3333333333333333,9,0.85,20,0,0
2.0,0.03571428571428571,28,0.45454545454545453,11,0,0
2.0,0.0,3,0.6206896551724138,29,0,0
2.0,0.03571428571428571,28,0.22388059701492538,67,0,0
2.0,0.0,1,0.22388059701492538,67,0,0
2.5,0.0,5,0.3333333333333333,9,0,0
3.0,0.5,22,0.918918918918919,37,0,0
1.5,0.02631578947368421,76,0.057971014492753624,69,0,0
1.0,0.2,5,0.0,23,0,0
1.0,0.2,5,0.22388059701492538,67,0,0
1.0,0.0,85,0.375,24,0,0
2.0,0.5909090909090909,22,0.3333333333333333,6,0,0
2.0,0.05172413793103448,58,0.0,4,0,0
2.0,0.0,12,0.0,4,0,0
2.0,0.0,9,0.0,4,0,0
2.0,0.08333333333333333,60,0.0,4,0,0
2.0,0.05172413793103448,58,0.0,15,0,0
2.0,0.0,12,0.0,15,0,0
2.0,0.0,9,0.0,15,0,0
2.0,0.08333333333333333,60,0.0,15,0,0
2.0,0.08333333333333333,96,0.0,15,0,0
2.0,0.3181818181818182,22,0.0,8,0,0
2.0,0.4,5,0.0,8,0,0
2.0,0.5,2,0.0,8,0,0
2.0,0.0,1,0.0,8,0,0
1.5,0.02531645569620253,79,0.13793103448275862,29,0,0
1.5,0.14285714285714285,14,0.13793103448275862,29,0,0
1.5,0.06896551724137931,29,0.13793103448275862,29,0,0
2.0,0.08333333333333333,96,0.0,22,0,0
2.0,0.3076923076923077,26,0.0,13,0,0
2.0,0.3076923076923077,26,0.0,27,0,0
2.0,0.3076923076923077,26,0.0,24,0,0
2.0,0.3076923076923077,26,0.0,24,0,0
2.0,0.3076923076923077,26,0.0,24,0,0
2.0,0.3076923076923077,26,0.0,13,0,0
2.0,0.3076923076923077,26,0.0,13,0,0
2.0,0.3076923076923077,26,0.0,13,0,0
2.0,0.3076923076923077,26,0.0,17,0,0
2.0,0.3076923076923077,26,0.0,13,0,0
2.0,0.3076923076923077,26,0.0,13,0,0
2.0,0.3076923076923077,26,0.0,13,0,0
2.0,0.3076923076923077,26,0.0,13,0,0
3.0,0.5555555555555556,9,0.3333333333333333,9,0,0
3.0,0.5555555555555556,9,0.0,1,1,0
2.0,0.045454545454545456,22,0.0,112,0,0
2.0,0.3870967741935484,31,0.0,112,0,0
2.0,0.047619047619047616,63,0.0,112,0,0
2.0,0.125,16,0.0,112,0,0
2.0,0.0,85,0.0,112,0,0
2.0,0.0,24,0.0,112,0,0
2.0,0.03937007874015748,127,0.0,15,0,0
2.0,0.4090909090909091,22,0.0,15,0,0
2.0,0.03571428571428571,28,0.22388059701492538,67,0,0
1.0,0.2,5,0.0,3,1,0
2.0,0.7142857142857143,14,0.3870967741935484,31,0,0
2.0,0.5,10,0.3870967741935484,31,0,0
2.0,0.0,3,0.3870967741935484,31,0,0
2.0,0.0,5,0.3870967741935484,31,0,0
1.0,0.044444444444444446,45,0.0,23,0,0
1.0,0.044444444444444446,45,0.0,24,0,0
0.0,0.058823529411764705,17,0.22388059701492538,67,0,0
2.0,0.5833333333333334,12,0.0,4,0,0
3.0,0.8,5,0.3333333333333333,3,1,0
3.0,0.75,4,0.3333333333333333,3,1,0
2.0,0.18181818181818182,11,0.0,1,1,0
2.0,0.18181818181818182,11,0.0,1,1,0
1.0,0.05172413793103448,58,0.0,2,1,0
1.0,0.08333333333333333,60,0.0,2,1,0
1.0,0.05172413793103448,58,0.0,6,0,0
1.0,0.08333333333333333,60,0.0,6,0,0
1.0,0.05172413793103448,58,0.0,4,0,0
1.0,0.08333333333333333,60,0.0,4,0,0
1.0,0.05172413793103448,58,0.0,20,0,0
1.0,0.08333333333333333,60,0.0,20,0,0
1.0,0.05172413793103448,58,0.0,43,0,0
1.0,0.08333333333333333,60,0.0,43,0,0
3.0,0.18181818181818182,11,0.0,3,1,0
3.0,0.8130841121495327,107,0.0,3,1,0
3.0,0.0,34,0.0,3,1,0
3.0,0.18181818181818182,11,0.0,3,1,0
3.0,0.8130841121495327,107,0.0,3,1,0
3.0,0.0,34,0.0,3,1,0
3.0,0.18181818181818182,11,0.0,3,1,0
3.0,0.8130841121495327,107,0.0,3,1,0
3.0,0.0,34,0.0,3,1,0
3.0,0.18181818181818182,11,0.0,3,1,0
3.0,0.8130841121495327,107,0.0,3,1,0
3.0,0.0,34,0.0,3,1,0
3.0,0.18181818181818182,11,0.0,3,1,0
3.0,0.8130841121495327,107,0.0,3,1,0
3.0,0.0,34,0.0,3,1,0
3.0,0.25,4,0.6111111111111112,18,0,0
2.0,0.031914893617021274,94,0.0,13,0,0
2.0,0.03937007874015748,127,0.0,13,0,0
2.0,0.1875,48,0.0,13,0,0
2.0,0.21212121212121213,99,0.0,13,0,0
2.0,0.031914893617021274,94,0.0,13,0,0
2.0,0.03937007874015748,127,0.0,13,0,0
2.0,0.1875,48,0.0,13,0,0
2.0,0.21212121212121213,99,0.0,13,0,0
2.0,0.031914893617021274,94,0.0,8,0,0
2.0,0.03937007874015748,127,0.0,8,0,0
2.0,0.1875,48,0.0,8,0,0
2.0,0.21212121212121213,99,0.0,8,0,0
2.0,0.031914893617021274,94,0.0,10,0,0
2.0,0.03937007874015748,127,0.0,10,0,0
2.0,0.1875,48,0.0,10,0,0
2.0,0.21212121212121213,99,0.0,10,0,0
2.0,0.031914893617021274,94,0.0,11,0,0
2.0,0.03937007874015748,127,0.0,11,0,0
2.0,0.1875,48,0.0,11,0,0
2.0,0.21212121212121213,99,0.0,11,0,0
3.0,0.5,22,0.5217391304347826,23,0,0
2.0,0.2857142857142857,7,0.6666666666666666,3,1,0
2.0,0.08333333333333333,96,0.0,2,1,0
2.0,0.6666666666666666,6,0.2857142857142857,7,0,0
2.0,0.06896551724137931,29,0.2857142857142857,7,0,0
1.5,0.3333333333333333,21,0.0,3,1,0
2.0,0.5,2,0.8181818181818182,22,0,0
2.0,0.2857142857142857,14,0.8181818181818182,22,0,0
3.0,0.3333333333333333,3,0.0,6,0,0
3.0,0.3333333333333333,6,0.0,6,0,0
2.0,0.03937007874015748,127,0.0,112,0,0
2.0,0.0,67,0.0,112,0,0
2.0,0.047619047619047616,63,0.0,112,0,0
2.0,0.0,67,0.0,112,0,0
2.0,0.0,12,0.0,112,0,0
2.0,0.03937007874015748,127,0.6896551724137931,29,0,0
2.0,0.0,67,0.6896551724137931,29,0,0
2.0,0.047619047619047616,63,0.6896551724137931,29,0,0
2.0,0.0,67,0.6896551724137931,29,0,0
2.0,0.0,12,0.6896551724137931,29,0,0
3.0,0.925,40,0.0,2,1,0
3.0,0.0,2,0.0,2,1,0
2.0,0.013605442176870748,147,0.22388059701492538,67,0,0
2.0,0.017543859649122806,57,0.22388059701492538,67,0,0
2.0,0.21212121212121213,99,0.22388059701492538,67,0,0
2.0,0.03636363636363636,55,0.22388059701492538,67,0,0
2.0,0.125,16,0.22388059701492538,67,0,0
2.0,0.8130841121495327,107,0.22388059701492538,67,0,0
2.0,0.0,34,0.22388059701492538,67,0,0
2.0,0.0,34,0.22388059701492538,67,0,0
2.0,0.38461538461538464,26,0.5,4,0,0
1.0,0.1323529411764706,68,0.0,23,0,0
1.0,0.8,5,0.0,3,1,0
1.0,0.8,5,0.0,3,1,0
2.5,0.0,2,0.5,4,0,0
3.0,0.2857142857142857,7,0.6666666666666666,12,0,0
3.0,0.5,4,0.6666666666666666,12,0,0
3.0,0.8666666666666667,15,0.0,5,0,0
3.0,0.7878787878787878,33,0.0,5,0,0
3.0,0.65,20,0.0,5,0,0
2.0,0.6666666666666666,3,0.0,1,1,0
1.5,0.0,4,0.0,5,0,0
1.5,0.0,4,0.0,8,0,0
2.0,0.0,4,0.0,1,1,0
2.0,0.8181818181818182,11,0.0,2,1,0
2.0,0.0,2,0.0,2,1,0
2.0,0.08333333333333333,12,0.0,2,1,0
2.0,0.3333333333333333,27,0.0,2,1,0
3.0,0.0,4,0.0,1,1,0
1.0,0.015873015873015872,63,0.04878048780487805,82,0,0
1.0,0.1875,32,0.04878048780487805,82,0,0
1.0,0.015873015873015872,63,0.0,3,1,0
1.0,0.1875,32,0.0,3,1,0
1.0,0.013605442176870748,147,0.35,40,0,0
1.0,0.017543859649122806,57,0.35,40,0,0
1.0,0.0,6,0.35,40,0,0
2.0,0.05555555555555555,18,0.0,24,0,0
2.0,0.22727272727272727,22,0.0,24,0,0
2.0,0.05555555555555555,18,0.0,24,0,0
2.0,0.22727272727272727,22,0.0,24,0,0
2.0,0.05555555555555555,18,0.0,2,1,0
2.0,0.22727272727272727,22,0.0,2,1,0
2.0,0.05555555555555555,18,0.0,10,0,0
2.0,0.22727272727272727,22,0.0,10,0,0
2.0,0.05555555555555555,18,0.0,2,1,0
2.0,0.22727272727272727,22,0.0,2,1,0
2.0,0.05555555555555555,18,0.0,10,0,0
2.0,0.22727272727272727,22,0.0,10,0,0
2.0,0.05555555555555555,18,0.0,11,0,0
2.0,0.22727272727272727,22,0.0,11,0,0
2.0,0.05555555555555555,18,0.0,24,0,0
2.0,0.22727272727272727,22,0.0,24,0,0
2.0,0.05555555555555555,18,0.0,14,0,0
2.0,0.22727272727272727,22,0.0,14,0,0
2.0,0.05555555555555555,18,0.0,2,1,0
2.0,0.22727272727272727,22,0.0,2,1,0
2.0,0.05555555555555555,18,0.0,3,1,0
2.0,0.22727272727272727,22,0.0,3,1,0
2.0,0.05555555555555555,18,0.0,4,0,0
2.0,0.22727272727272727,22,0.0,4,0,0
2.0,0.05555555555555555,18,0.0,3,1,0
2.0,0.22727272727272727,22,0.0,3,1,0
2.0,0.05555555555555555,18,0.0,17,0,0
2.0,0.22727272727272727,22,0.0,17,0,0
2.0,0.05555555555555555,18,0.0,27,0,0
2.0,0.22727272727272727,22,0.0,27,0,0
2.0,0.05555555555555555,18,0.0,24,0,0
2.0,0.22727272727272727,22,0.0,24,0,0
2.0,0.05555555555555555,18,0.0,14,0,0
2.0,0.22727272727272727,22,0.0,14,0,0
2.0,0.7894736842105263,19,0.0,1,1,0
2.0,0.18181818181818182,11,0.5833333333333334,12,0,0
3.0,0.7272727272727273,11,0.0,1,1,0
3.0,0.25,4,0.6111111111111112,18,0,0
1.0,0.38461538461538464,26,0.3076923076923077,13,0,0
1.0,0.6666666666666666,3,0.3076923076923077,13,0,0
3.0,0.25,4,0.0,3,1,0
2.0,0.058823529411764705,17,0.0,5,0,0
2.0,0.058823529411764705,17,0.0,5,0,0
2.0,0.058823529411764705,17,0.0,5,0,0
2.0,0.058823529411764705,17,0.0,4,0,0
2.0,0.0,3,0.6666666666666666,3,1,0
2.0,0.9705882352941176,34,0.9459459459459459,37,0,0
2.0,0.9,10,0.9459459459459459,37,0,0
2.0,0.7865168539325843,89,0.84375,64,0,0
2.0,0.75,4,0.84375,64,0,0
2.0,0.0,38,0.84375,64,0,0
2.0,0.0,38,0.84375,64,0,0
2.0,0.0,1,0.84375,64,0,0
1.5,0.25,4,0.75,4,0,0
1.0,0.039603960396039604,101,0.0,43,0,0
2.0,0.968421052631579,95,0.0,2,1,0
2.0,0.0,2,0.0,2,1,0
1.5,0.5,2,0.6666666666666666,3,1,0
2.0,0.0,5,0.0,1,1,0
2.0,0.0,5,0.3333333333333333,9,0,0
3.0,0.0,1,0.0,7,0,0
3.0,0.0,1,0.0,1,1,0
2.0,0.375,16,0.0,3,1,0
2.0,0.14285714285714285,35,0.0,3,1,0
2.0,0.0847457627118644,59,0.0,3,1,0
1.0,0.16666666666666666,12,0.0,8,0,0
1.0,0.16666666666666666,12,0.0,3,1,0
1.0,0.9230769230769231,13,0.8888888888888888,9,0,0
2.0,0.3333333333333333,6,0.0,1,1,0
1.5,0.1111111111111111,45,0.25,24,0,0
1.5,0.013605442176870748,147,0.25,24,0,0
1.0,0.3125,16,0.0,1,1,0
1.0,0.3125,16,0.0,1,1,0
1.0,0.3125,16,0.6290322580645161,62,0,0
1.0,0.5,6,0.0,1,1,0
1.0,0.5,6,0.0,1,1,0
2.0,0.0,12,0.0,2,1,0
2.0,0.5,2,0.0,2,1,0
2.5,0.5,2,0.0,1,1,0
1.0,0.3333333333333333,3,0.16666666666666666,6,0,0
2.0,0.0,34,0.22388059701492538,67,0,0
2.5,0.375,16,0.0,22,0,0
2.5,0.017543859649122806,57,0.0,22,0,0
2.5,0.0847457627118644,59,0.0,22,0,0
3.0,0.5,2,0.0,1,1,0
3.0,0.08333333333333333,12,0.0,2,1,0
3.0,0.3333333333333333,3,0.0,2,1,0
3.0,0.0,3,0.6206896551724138,29,0,0
2.0,0.039603960396039604,101,0.0,5,0,0
2.0,0.013605442176870748,147,0.0,5,0,0
2.0,0.3870967741935484,31,0.0,5,0,0
2.0,0.4090909090909091,22,0.0,5,0,0
2.0,0.21212121212121213,99,0.0,5,0,0
2.0,0.039603960396039604,101,0.0,5,0,0
2.0,0.013605442176870748,147,0.0,5,0,0
2.0,0.3870967741935484,31,0.0,5,0,0
2.0,0.4090909090909091,22,0.0,5,0,0
2.0,0.21212121212121213,99,0.0,5,0,0
2.0,0.039603960396039604,101,0.0,5,0,0
2.0,0.013605442176870748,147,0.0,5,0,0
2.0,0.3870967741935484,31,0.0,5,0,0
2.0,0.4090909090909091,22,0.0,5,0,0
2.0,0.21212121212121213,99,0.0,5,0,0
2.0,0.039603960396039604,101,0.0,5,0,0
2.0,0.013605442176870748,147,0.0,5,0,0
2.0,0.3870967741935484,31,0.0,5,0,0
2.0,0.4090909090909091,22,0.0,5,0,0
2.0,0.21212121212121213,99,0.0,5,0,0
2.0,0.039603960396039604,101,0.0,7,0,0
2.0,0.013605442176870748,147,0.0,7,0,0
2.0,0.3870967741935484,31,0.0,7,0,0
2.0,0.4090909090909091,22,0.0,7,0,0
2.0,0.21212121212121213,99,0.0,7,0,0
2.0,0.039603960396039604,101,0.0,10,0,0
2.0,0.013605442176870748,147,0.0,10,0,0
2.0,0.3870967741935484,31,0.0,10,0,0
2.0,0.4090909090909091,22,0.0,10,0,0
2.0,0.21212121212121213,99,0.0,10,0,0
2.0,0.039603960396039604,101,0.0,5,0,0
2.0,0.013605442176870748,147,0.0,5,0,0
2.0,0.3870967741935484,31,0.0,5,0,0
2.0,0.4090909090909091,22,0.0,5,0,0
2.0,0.21212121212121213,99,0.0,5,0,0
2.0,0.039603960396039604,101,0.0,5,0,0
2.0,0.013605442176870748,147,0.0,5,0,0
2.0,0.3870967741935484,31,0.0,5,0,0
2.0,0.4090909090909091,22,0.0,5,0,0
2.0,0.21212121212121213,99,0.0,5,0,0
2.0,0.0967741935483871,31,0.04878048780487805,82,0,0
2.0,0.03333333333333333,60,0.0,10,0,0
2.0,0.03937007874015748,127,0.0,10,0,0
2.0,0.0,67,0.0,10,0,0
2.0,0.047619047619047616,63,0.0,10,0,0
2.0,0.0,67,0.0,10,0,0
2.0,0.0,85,0.0,10,0,0
2.0,0.0,54,0.0,10,0,0
2.0,0.03333333333333333,60,0.0,11,0,0
2.0,0.03937007874015748,127,0.0,11,0,0
2.0,0.0,67,0.0,11,0,0
2.0,0.047619047619047616,63,0.0,11,0,0
2.0,0.0,67,0.0,11,0,0
2.0,0.0,85,0.0,11,0,0
2.0,0.0,54,0.0,11,0,0
2.0,0.03333333333333333,60,0.0,24,0,0
2.0,0.03937007874015748,127,0.0,24,0,0
2.0,0.0,67,0.0,24,0,0
2.0,0.047619047619047616,63,0.0,24,0,0
2.0,0.0,67,0.0,24,0,0
2.0,0.0,85,0.0,24,0,0
2.0,0.0,54,0.0,24,0,0
2.0,0.03333333333333333,60,0.0,14,0,0
2.0,0.03937007874015748,127,0.0,14,0,0
2.0,0.0,67,0.0,14,0,0
2.0,0.047619047619047616,63,0.0,14,0,0
2.0,0.0,67,0.0,14,0,0
2.0,0.0,85,0.0,14,0,0
2.0,0.0,54,0.0,14,0,0
2.0,0.03333333333333333,60,0.0,16,0,0
2.0,0.03937007874015748,127,0.0,16,0,0
2.0,0.0,67,0.0,16,0,0
2.0,0.047619047619047616,63,0.0,16,0,0
2.0,0.0,67,0.0,16,0,0
2.0,0.0,85,0.0,16,0,0
2.0,0.0,54,0.0,16,0,0
2.0,0.03333333333333333,60,0.0,12,0,0
2.0,0.03937007874015748,127,0.0,12,0,0
2.0,0.0,67,0.0,12,0,0
2.0,0.047619047619047616,63,0.0,12,0,0
2.0,0.0,67,0.0,12,0,0
2.0,0.0,85,0.0,12,0,0
2.0,0.0,54,0.0,12,0,0
2.0,0.03333333333333333,60,0.0,12,0,0
2.0,0.03937007874015748,127,0.0,12,0,0
2.0,0.0,67,0.0,12,0,0
2.0,0.047619047619047616,63,0.0,12,0,0
2.0,0.0,67,0.0,12,0,0
2.0,0.0,85,0.0,12,0,0
2.0,0.0,54,0.0,12,0,0
2.0,0.03333333333333333,60,0.0,11,0,0
2.0,0.03937007874015748,127,0.0,11,0,0
2.0,0.0,67,0.0,11,0,0
2.0,0.047619047619047616,63,0.0,11,0,0
2.0,0.0,67,0.0,11,0,0
2.0,0.0,85,0.0,11,0,0
2.0,0.0,54,0.0,11,0,0
2.0,0.03333333333333333,60,0.0,11,0,0
2.0,0.03937007874015748,127,0.0,11,0,0
2.0,0.0,67,0.0,11,0,0
2.0,0.047619047619047616,63,0.0,11,0,0
2.0,0.0,67,0.0,11,0,0
2.0,0.0,85,0.0,11,0,0
2.0,0.0,54,0.0,11,0,0
2.0,0.03333333333333333,60,0.0,12,0,0
2.0,0.03937007874015748,127,0.0,12,0,0
2.0,0.0,67,0.0,12,0,0
2.0,0.047619047619047616,63,0.0,12,0,0
2.0,0.0,67,0.0,12,0,0
2.0,0.0,85,0.0,12,0,0
2.0,0.0,54,0.0,12,0,0
2.0,0.03333333333333333,60,0.0,12,0,0
2.0,0.03937007874015748,127,0.0,12,0,0
2.0,0.0,67,0.0,12,0,0
2.0,0.047619047619047616,63,0.0,12,0,0
2.0,0.0,67,0.0,12,0,0
2.0,0.0,85,0.0,12,0,0
2.0,0.0,54,0.0,12,0,0
2.0,0.03333333333333333,60,0.0,12,0,0
2.0,0.03937007874015748,127,0.0,12,0,0
2.0,0.0,67,0.0,12,0,0
2.0,0.047619047619047616,63,0.0,12,0,0
2.0,0.0,67,0.0,12,0,0
2.0,0.0,85,0.0,12,0,0
2.0,0.0,54,0.0,12,0,0
2.0,0.03333333333333333,60,0.0,13,0,0
2.0,0.03937007874015748,127,0.0,13,0,0
2.0,0.0,67,0.0,13,0,0
2.0,0.047619047619047616,63,0.0,13,0,0
2.0,0.0,67,0.0,13,0,0
2.0,0.0,85,0.0,13,0,0
2.0,0.0,54,0.0,13,0,0
2.0,0.03333333333333333,60,0.0,19,0,0
2.0,0.03937007874015748,127,0.0,19,0,0
2.0,0.0,67,0.0,19,0,0
2.0,0.047619047619047616,63,0.0,19,0,0
2.0,0.0,67,0.0,19,0,0
2.0,0.0,85,0.0,19,0,0
2.0,0.0,54,0.0,19,0,0
2.0,0.03333333333333333,60,0.0,19,0,0
2.0,0.03937007874015748,127,0.0,19,0,0
2.0,0.0,67,0.0,19,0,0
2.0,0.047619047619047616,63,0.0,19,0,0
2.0,0.0,67,0.0,19,0,0
2.0,0.0,85,0.0,19,0,0
2.0,0.0,54,0.0,19,0,0
2.0,0.03333333333333333,60,0.0,16,0,0
2.0,0.03937007874015748,127,0.0,16,0,0
2.0,0.0,67,0.0,16,0,0
2.0,0.047619047619047616,63,0.0,16,0,0
2.0,0.0,67,0.0,16,0,0
2.0,0.0,85,0.0,16,0,0
2.0,0.0,54,0.0,16,0,0
2.0,0.03333333333333333,60,0.0,14,0,0
2.0,0.03937007874015748,127,0.0,14,0,0
2.0,0.0,67,0.0,14,0,0
2.0,0.047619047619047616,63,0.0,14,0,0
2.0,0.0,67,0.0,14,0,0
2.0,0.0,85,0.0,14,0,0
2.0,0.0,54,0.0,14,0,0
2.0,0.03333333333333333,60,0.0,15,0,0
2.0,0.03937007874015748,127,0.0,15,0,0
2.0,0.0,67,0.0,15,0,0
2.0,0.047619047619047616,63,0.0,15,0,0
2.0,0.0,67,0.0,15,0,0
2.0,0.0,85,0.0,15,0,0
2.0,0.0,54,0.0,15,0,0
2.0,0.03333333333333333,60,0.0,12,0,0
2.0,0.03937007874015748,127,0.0,12,0,0
2.0,0.0,67,0.0,12,0,0
2.0,0.047619047619047616,63,0.0,12,0,0
2.0,0.0,67,0.0,12,0,0
2.0,0.0,85,0.0,12,0,0
2.0,0.0,54,0.0,12,0,0
2.0,0.03333333333333333,60,0.0,22,0,0
2.0,0.03937007874015748,127,0.0,22,0,0
2.0,0.0,67,0.0,22,0,0
2.0,0.047619047619047616,63,0.0,22,0,0
2.0,0.0,67,0.0,22,0,0
2.0,0.0,85,0.0,22,0,0
2.0,0.0,54,0.0,22,0,0
2.0,0.03333333333333333,60,0.0,17,0,0
2.0,0.03937007874015748,127,0.0,17,0,0
2.0,0.0,67,0.0,17,0,0
2.0,0.047619047619047616,63,0.0,17,0,0
2.0,0.0,67,0.0,17,0,0
2.0,0.0,85,0.0,17,0,0
2.0,0.0,54,0.0,17,0,0
2.0,0.03333333333333333,60,0.0,11,0,0
2.0,0.03937007874015748,127,0.0,11,0,0
2.0,0.0,67,0.0,11,0,0
2.0,0.047619047619047616,63,0.0,11,0,0
2.0,0.0,67,0.0,11,0,0
2.0,0.0,85,0.0,11,0,0
2.0,0.0,54,0.0,11,0,0
2.0,0.03333333333333333,60,0.0,12,0,0
2.0,0.03937007874015748,127,0.0,12,0,0
2.0,0.0,67,0.0,12,0,0
2.0,0.047619047619047616,63,0.0,12,0,0
2.0,0.0,67,0.0,12,0,0
2.0,0.0,85,0.0,12,0,0
2.0,0.0,54,0.0,12,0,0
2.0,0.03333333333333333,60,0.0,22,0,0
2.0,0.03937007874015748,127,0.0,22,0,0
2.0,0.0,67,0.0,22,0,0
2.0,0.047619047619047616,63,0.0,22,0,0
2.0,0.0,67,0.0,22,0,0
2.0,0.0,85,0.0,22,0,0
2.0,0.0,54,0.0,22,0,0
2.0,0.03333333333333333,60,0.0,8,0,0
2.0,0.03937007874015748,127,0.0,8,0,0
2.0,0.0,67,0.0,8,0,0
2.0,0.047619047619047616,63,0.0,8,0,0
2.0,0.0,67,0.0,8,0,0
2.0,0.0,85,0.0,8,0,0
2.0,0.0,54,0.0,8,0,0
2.0,0.03333333333333333,60,0.0,10,0,0
2.0,0.03937007874015748,127,0.0,10,0,0
2.0,0.0,67,0.0,10,0,0
2.0,0.047619047619047616,63,0.0,10,0,0
2.0,0.0,67,0.0,10,0,0
2.0,0.0,85,0.0,10,0,0
2.0,0.0,54,0.0,10,0,0
2.0,0.03333333333333333,60,0.0,18,0,0
2.0,0.03937007874015748,127,0.0,18,0,0
2.0,0.0,67,0.0,18,0,0
2.0,0.047619047619047616,63,0.0,18,0,0
2.0,0.0,67,0.0,18,0,0
2.0,0.0,85,0.0,18,0,0
2.0,0.0,54,0.0,18,0,0
2.0,0.03333333333333333,60,0.0,11,0,0
2.0,0.03937007874015748,127,0.0,11,0,0
2.0,0.0,67,0.0,11,0,0
2.0,0.047619047619047616,63,0.0,11,0,0
2.0,0.0,67,0.0,11,0,0
2.0,0.0,85,0.0,11,0,0
2.0,0.0,54,0.0,11,0,0
2.0,0.03333333333333333,60,0.0,14,0,0
2.0,0.03937007874015748,127,0.0,14,0,0
2.0,0.0,67,0.0,14,0,0
2.0,0.047619047619047616,63,0.0,14,0,0
2.0,0.0,67,0.0,14,0,0
2.0,0.0,85,0.0,14,0,0
2.0,0.0,54,0.0,14,0,0
2.0,0.03333333333333333,60,0.0,11,0,0
2.0,0.03937007874015748,127,0.0,11,0,0
2.0,0.0,67,0.0,11,0,0
2.0,0.047619047619047616,63,0.0,11,0,0
2.0,0.0,67,0.0,11,0,0
2.0,0.0,85,0.0,11,0,0
2.0,0.0,54,0.0,11,0,0
2.0,0.03333333333333333,60,0.0,8,0,0
2.0,0.03937007874015748,127,0.0,8,0,0
2.0,0.0,67,0.0,8,0,0
2.0,0.047619047619047616,63,0.0,8,0,0
2.0,0.0,67,0.0,8,0,0
2.0,0.0,85,0.0,8,0,0
2.0,0.0,54,0.0,8,0,0
2.0,0.03333333333333333,60,0.0,14,0,0
2.0,0.03937007874015748,127,0.0,14,0,0
2.0,0.0,67,0.0,14,0,0
2.0,0.047619047619047616,63,0.0,14,0,0
2.0,0.0,67,0.0,14,0,0
2.0,0.0,85,0.0,14,0,0
2.0,0.0,54,0.0,14,0,0
2.0,0.03333333333333333,60,0.0,27,0,0
2.0,0.03937007874015748,127,0.0,27,0,0
2.0,0.0,67,0.0,27,0,0
2.0,0.047619047619047616,63,0.0,27,0,0
2.0,0.0,67,0.0,27,0,0
2.0,0.0,85,0.0,27,0,0
2.0,0.0,54,0.0,27,0,0
2.0,0.03333333333333333,60,0.0,24,0,0
2.0,0.03937007874015748,127,0.0,24,0,0
2.0,0.0,67,0.0,24,0,0
2.0,0.047619047619047616,63,0.0,24,0,0
2.0,0.0,67,0.0,24,0,0
2.0,0.0,85,0.0,24,0,0
2.0,0.0,54,0.0,24,0,0
2.0,0.03333333333333333,60,0.0,14,0,0
2.0,0.03937007874015748,127,0.0,14,0,0
2.0,0.0,67,0.0,14,0,0
2.0,0.047619047619047616,63,0.0,14,0,0
2.0,0.0,67,0.0,14,0,0
2.0,0.0,85,0.0,14,0,0
2.0,0.0,54,0.0,14,0,0
2.0,0.03333333333333333,60,0.0,24,0,0
2.0,0.03937007874015748,127,0.0,24,0,0
2.0,0.0,67,0.0,24,0,0
2.0,0.047619047619047616,63,0.0,24,0,0
2.0,0.0,67,0.0,24,0,0
2.0,0.0,85,0.0,24,0,0
2.0,0.0,54,0.0,24,0,0
2.0,0.03333333333333333,60,0.0,24,0,0
2.0,0.03937007874015748,127,0.0,24,0,0
2.0,0.0,67,0.0,24,0,0
2.0,0.047619047619047616,63,0.0,24,0,0
2.0,0.0,67,0.0,24,0,0
2.0,0.0,85,0.0,24,0,0
2.0,0.0,54,0.0,24,0,0
2.0,0.03333333333333333,60,0.0,10,0,0
2.0,0.03937007874015748,127,0.0,10,0,0
2.0,0.0,67,0.0,10,0,0
2.0,0.047619047619047616,63,0.0,10,0,0
2.0,0.0,67,0.0,10,0,0
2.0,0.0,85,0.0,10,0,0
2.0,0.0,54,0.0,10,0,0
2.0,0.03333333333333333,60,0.0,13,0,0
2.0,0.03937007874015748,127,0.0,13,0,0
2.0,0.0,67,0.0,13,0,0
2.0,0.047619047619047616,63,0.0,13,0,0
2.0,0.0,67,0.0,13,0,0
2.0,0.0,85,0.0,13,0,0
2.0,0.0,54,0.0,13,0,0
2.0,0.03333333333333333,60,0.0,13,0,0
2.0,0.03937007874015748,127,0.0,13,0,0
2.0,0.0,67,0.0,13,0,0
2.0,0.047619047619047616,63,0.0,13,0,0
2.0,0.0,67,0.0,13,0,0
2.0,0.0,85,0.0,13,0,0
2.0,0.0,54,0.0,13,0,0
2.0,0.03333333333333333,60,0.0,10,0,0
2.0,0.03937007874015748,127,0.0,10,0,0
2.0,0.0,67,0.0,10,0,0
2.0,0.047619047619047616,63,0.0,10,0,0
2.0,0.0,67,0.0,10,0,0
2.0,0.0,85,0.0,10,0,0
2.0,0.0,54,0.0,10,0,0
2.0,0.03333333333333333,60,0.0,10,0,0
2.0,0.03937007874015748,127,0.0,10,0,0
2.0,0.0,67,0.0,10,0,0
2.0,0.047619047619047616,63,0.0,10,0,0
2.0,0.0,67,0.0,10,0,0
2.0,0.0,85,0.0,10,0,0
2.0,0.0,54,0.0,10,0,0
2.0,0.03333333333333333,60,0.0,19,0,0
2.0,0.03937007874015748,127,0.0,19,0,0
2.0,0.0,67,0.0,19,0,0
2.0,0.047619047619047616,63,0.0,19,0,0
2.0,0.0,67,0.0,19,0,0
2.0,0.0,85,0.0,19,0,0
2.0,0.0,54,0.0,19,0,0
2.0,0.03333333333333333,60,0.0,10,0,0
2.0,0.03937007874015748,127,0.0,10,0,0
2.0,0.0,67,0.0,10,0,0
2.0,0.047619047619047616,63,0.0,10,0,0
2.0,0.0,67,0.0,10,0,0
2.0,0.0,85,0.0,10,0,0
2.0,0.0,54,0.0,10,0,0
2.0,0.03333333333333333,60,0.0,8,0,0
2.0,0.03937007874015748,127,0.0,8,0,0
2.0,0.0,67,0.0,8,0,0
2.0,0.047619047619047616,63,0.0,8,0,0
2.0,0.0,67,0.0,8,0,0
2.0,0.0,85,0.0,8,0,0
2.0,0.0,54,0.0,8,0,0
2.0,0.03333333333333333,60,0.0,19,0,0
2.0,0.03937007874015748,127,0.0,19,0,0
2.0,0.0,67,0.0,19,0,0
2.0,0.047619047619047616,63,0.0,19,0,0
2.0,0.0,67,0.0,19,0,0
2.0,0.0,85,0.0,19,0,0
2.0,0.0,54,0.0,19,0,0
2.0,0.03333333333333333,60,0.23076923076923078,13,0,0
2.0,0.03937007874015748,127,0.23076923076923078,13,0,0
2.0,0.0,67,0.23076923076923078,13,0,0
2.0,0.047619047619047616,63,0.23076923076923078,13,0,0
2.0,0.0,67,0.23076923076923078,13,0,0
2.0,0.0,85,0.23076923076923078,13,0,0
2.0,0.0,54,0.23076923076923078,13,0,0
2.0,0.03333333333333333,60,0.0,7,0,0
2.0,0.03937007874015748,127,0.0,7,0,0
2.0,0.0,67,0.0,7,0,0
2.0,0.047619047619047616,63,0.0,7,0,0
2.0,0.0,67,0.0,7,0,0
2.0,0.0,85,0.0,7,0,0
2.0,0.0,54,0.0,7,0,0
2.0,0.017543859649122806,57,0.22388059701492538,67,0,0
2.0,0.08620689655172414,58,0.22388059701492538,67,0,0
2.0,0.125,16,0.22388059701492538,67,0,0
2.0,0.0,1,0.22388059701492538,67,0,0
2.0,0.013605442176870748,147,0.0,6,0,0
2.0,0.013605442176870748,147,0.0,4,0,0
2.0,0.013605442176870748,147,0.0,7,0,0
2.0,0.013605442176870748,147,0.0,4,0,0
2.0,0.013605442176870748,147,0.0,6,0,0
2.0,0.013605442176870748,147,0.0,5,0,0
2.0,0.013605442176870748,147,0.0,5,0,0
2.0,0.013605442176870748,147,0.0,3,1,0
2.0,0.013605442176870748,147,0.0,2,1,0
2.0,0.013605442176870748,147,0.0,6,0,0
2.0,0.013605442176870748,147,0.0,6,0,0
2.0,0.013605442176870748,147,0.0,4,0,0
2.0,0.013605442176870748,147,0.0,5,0,0
2.0,0.013605442176870748,147,0.0,3,1,0
2.0,0.013605442176870748,147,0.5,2,1,0
2.0,0.0,5,0.6176470588235294,34,0,0
2.0,0.0,5,0.85,20,0,0
2.0,0.045454545454545456,22,0.3870967741935484,31,0,0
2.0,0.03937007874015748,127,0.3870967741935484,31,0,0
2.0,0.0,85,0.3870967741935484,31,0,0
2.0,0.2,15,0.04878048780487805,82,0,0
2.0,0.08333333333333333,96,0.0,19,0,0
1.5,0.3333333333333333,9,0.5,12,0,0
2.0,0.0,2,0.0,5,0,0
3.0,0.0,3,0.6206896551724138,29,0,0
2.5,0.0,4,0.0,1,1,0
2.0,0.8636363636363636,110,0.0,7,0,0
2.0,0.7865168539325843,89,0.0,7,0,0
2.0,0.5,10,0.0,7,0,0
2.0,0.0,38,0.0,7,0,0
2.0,0.0,38,0.0,7,0,0
2.0,0.0,38,0.0,7,0,0
2.0,0.0,2,0.0,7,0,0
2.0,0.8636363636363636,110,0.0,7,0,0
2.0,0.7865168539325843,89,0.0,7,0,0
2.0,0.5,10,0.0,7,0,0
2.0,0.0,38,0.0,7,0,0
2.0,0.0,38,0.0,7,0,0
2.0,0.0,38,0.0,7,0,0
2.0,0.0,2,0.0,7,0,0
1.5,0.015873015873015872,63,0.3,10,0,0
1.5,0.0,2,0.3,10,0,0
1.0,0.013605442176870748,147,0.0,6,0,0
1.0,0.013605442176870748,147,0.0,6,0,0
1.0,0.013605442176870748,147,0.0,6,0,0
1.0,0.013605442176870748,147,0.0,3,1,0
1.0,0.013605442176870748,147,0.0,6,0,0
1.0,0.013605442176870748,147,0.0,6,0,0
1.0,0.013605442176870748,147,0.0,6,0,0
1.0,0.013605442176870748,147,0.0,6,0,0
1.0,0.013605442176870748,147,0.0,6,0,0
1.0,0.013605442176870748,147,0.0,6,0,0
1.0,0.013605442176870748,147,0.0,6,0,0
1.0,0.013605442176870748,147,0.0,4,0,0
1.0,0.013605442176870748,147,0.0,7,0,0
1.0,0.013605442176870748,147,0.0,4,0,0
1.0,0.013605442176870748,147,0.0,3,1,0
1.0,0.013605442176870748,147,0.0,3,1,0
1.0,0.013605442176870748,147,0.0,6,0,0
1.0,0.013605442176870748,147,0.0,4,0,0
1.0,0.013605442176870748,147,0.0,1,1,0
1.0,0.013605442176870748,147,0.0,1,1,0
1.0,0.013605442176870748,147,0.0,2,1,0
1.0,0.013605442176870748,147,0.0,1,1,0
1.0,0.013605442176870748,147,0.0,1,1,0
1.0,0.013605442176870748,147,0.0,1,1,0
1.0,0.013605442176870748,147,0.0,1,1,0
1.0,0.013605442176870748,147,0.0,1,1,0
1.0,0.013605442176870748,147,0.0,1,1,0
1.0,0.013605442176870748,147,0.0,1,1,0
1.0,0.013605442176870748,147,0.0,1,1,0
1.0,0.013605442176870748,147,0.0,1,1,0
1.0,0.013605442176870748,147,0.0,1,1,0
1.0,0.013605442176870748,147,0.0,1,1,0
1.0,0.013605442176870748,147,0.0,1,1,0
1.0,0.013605442176870748,147,0.0,1,1,0
1.0,0.013605442176870748,147,0.0,1,1,0
1.0,0.013605442176870748,147,0.0,1,1,0
3.0,0.9411764705882353,17,0.0,5,0,0
3.0,0.5,2,0.0,5,0,0
3.0,0.75,4,0.0,1,1,0
0.0,0.5714285714285714,7,0.2631578947368421,19,0,0
0.0,0.0,2,0.2631578947368421,19,0,0
0.0,0.5714285714285714,7,0.23529411764705882,17,0,0
0.0,0.0,2,0.23529411764705882,17,0,0
2.5,0.16666666666666666,12,0.0,1,1,0
3.0,0.3333333333333333,3,0.5,4,0,0
3.0,0.3333333333333333,6,0.75,40,0,0
2.5,0.6666666666666666,3,0.0,1,1,0
2.0,0.0967741935483871,31,0.5,2,1,0
1.0,0.08620689655172414,58,0.0,2,1,0
1.0,0.09375,32,0.0,2,1,0
3.0,0.015873015873015872,63,0.0,6,0,0
3.0,0.1323529411764706,68,0.0,6,0,0
3.0,0.3333333333333333,6,0.75,40,0,0
3.0,0.6428571428571429,14,0.0,2,1,0
3.0,0.0,4,0.0,2,1,0
2.0,0.3333333333333333,12,0.0,1,1,0
0.0,0.4,5,0.8627450980392157,102,0,0
0.0,0.7142857142857143,14,0.8627450980392157,102,0,0
0.0,0.6428571428571429,14,0.8627450980392157,102,0,0
0.0,0.125,8,0.8627450980392157,102,0,0
0.0,0.5,10,0.8627450980392157,102,0,0
0.0,0.0,4,0.8627450980392157,102,0,0
0.0,0.0,4,0.8627450980392157,102,0,0
0.0,0.0,1,0.8627450980392157,102,0,0
0.0,0.0,5,0.8627450980392157,102,0,0
3.0,0.3333333333333333,6,0.0,3,1,0
3.0,0.8928571428571429,28,0.0,3,1,0
3.0,0.958904109589041,73,0.0,3,1,0
3.0,0.3333333333333333,6,0.0,3,1,0
3.0,0.8928571428571429,28,0.0,3,1,0
3.0,0.958904109589041,73,0.0,3,1,0
2.0,0.3333333333333333,3,0.0,1,1,0
3.0,0.875,8,0.0,3,1,0
3.0,0.031914893617021274,94,0.0,36,0,0
1.0,0.6521739130434783,23,0.0,1,1,0
3.0,0.9166666666666666,12,0.875,8,0,0
2.0,0.08333333333333333,96,0.057971014492753624,69,0,0
2.0,0.10714285714285714,28,0.057971014492753624,69,0,0
3.0,0.8888888888888888,18,0.6153846153846154,13,0,0
3.0,0.75,4,0.6153846153846154,13,0,0
3.0,0.017543859649122806,57,0.0,3,1,0
3.0,0.0875,80,0.0,3,1,0
3.0,0.10714285714285714,28,0.0,3,1,0
1.0,0.5,14,0.0,1,1,0
2.0,0.3333333333333333,27,0.0,1,1,0
2.0,0.16666666666666666,6,0.0,6,0,0
2.0,0.16666666666666666,6,0.0,1,1,0
3.0,0.6666666666666666,3,0.0,1,1,0
2.0,0.0,5,0.5833333333333334,12,0,0
3.0,0.7777777777777778,9,0.16666666666666666,6,0,0
3.0,0.75,64,0.16666666666666666,6,0,0
2.0,0.08333333333333333,96,0.0,17,0,0
3.0,0.2857142857142857,14,0.0,1,1,0
2.0,0.0,1,0.45454545454545453,11,0,0
2.0,0.25,4,0.5,12,0,0
2.0,0.7272727272727273,11,0.0,1,1,0
2.0,0.0,24,0.375,24,0,0
1.0,0.8181818181818182,11,0.35,40,0,0
1.0,0.8181818181818182,11,0.35,40,0,0
1.0,0.8181818181818182,11,0.04878048780487805,82,0,0
1.0,0.8181818181818182,11,0.04878048780487805,82,0,0
2.5,0.6428571428571429,14,0.0,7,0,0
2.5,0.0,3,0.0,7,0,0
2.5,0.0,4,0.0,7,0,0
2.5,0.0,1,0.0,7,0,0
2.0,0.05555555555555555,18,0.0,1,1,0
2.0,0.5,2,0.5,2,1,0
3.0,0.5833333333333334,12,0.0,1,1,0
0.0,0.5,4,0.75,40,0,0
1.0,0.08333333333333333,12,0.0,7,0,0
2.0,0.3333333333333333,3,0.0,1,1,0
2.0,0.03333333333333333,30,0.0,1,1,0
2.0,0.03333333333333333,30,0.0,1,1,0
2.0,0.03333333333333333,30,0.0,1,1,0
2.0,0.03333333333333333,30,0.0,1,1,0
2.0,0.03333333333333333,30,0.0,1,1,0
2.0,0.03333333333333333,30,0.0,1,1,0
2.0,0.03333333333333333,30,0.0,4,0,0
2.0,0.03333333333333333,30,0.0,1,1,0
2.0,0.03333333333333333,30,0.0,1,1,0
2.0,0.03333333333333333,30,0.0,1,1,0
1.0,0.05172413793103448,58,0.0,2,1,0
1.0,0.08333333333333333,60,0.0,2,1,0
1.0,0.05172413793103448,58,0.0,3,1,0
1.0,0.08333333333333333,60,0.0,3,1,0
2.0,0.6666666666666666,3,0.0,1,1,0
3.0,0.75,64,0.3333333333333333,3,1,0
2.0,0.03937007874015748,127,0.0,9,0,0
2.0,0.015873015873015872,63,0.0,9,0,0
2.0,0.21212121212121213,99,0.0,9,0,0
2.0,0.1323529411764706,68,0.0,9,0,0
3.0,0.2857142857142857,14,0.0,4,0,0
2.0,0.8571428571428571,7,0.0,1,1,0
2.0,0.5555555555555556,9,0.6666666666666666,12,0,0
2.0,0.5555555555555556,9,0.75,20,0,0
2.0,0.5555555555555556,9,0.6111111111111112,18,0,0
1.0,0.0847457627118644,59,0.35,40,0,0
2.0,0.6,10,0.057971014492753624,69,0,0
2.0,0.6,10,0.0,2,1,0
1.5,0.5909090909090909,22,0.0,1,1,0
2.0,0.03937007874015748,127,0.0,15,0,0
1.5,0.7692307692307693,13,0.0,2,1,0
1.5,0.125,16,0.0,2,1,0
1.5,0.7692307692307693,13,0.0,2,1,0
1.5,0.125,16,0.0,2,1,0
1.5,0.7692307692307693,13,0.0,2,1,0
1.5,0.125,16,0.0,2,1,0
2.0,0.6,10,0.375,24,0,0
3.0,0.21212121212121213,99,0.0,6,0,0
3.0,0.21428571428571427,14,0.0,6,0,0
2.5,0.047619047619047616,63,0.6666666666666666,3,1,0
2.0,0.8181818181818182,11,0.0,3,1,0
1.0,0.5,2,0.0,4,0,0
1.0,0.0,1,0.0,4,0,0
2.0,0.0967741935483871,31,0.0,13,0,0
2.0,0.05172413793103448,58,0.0,13,0,0
2.0,0.08333333333333333,60,0.0,13,0,0
2.0,0.0967741935483871,31,0.0,5,0,0
2.0,0.05172413793103448,58,0.0,5,0,0
2.0,0.08333333333333333,60,0.0,5,0,0
2.0,0.0,9,0.0,10,0,0
1.0,0.36363636363636365,11,0.0,1,1,0
1.0,0.36363636363636365,11,0.25,4,0,0
1.0,0.36363636363636365,11,0.0,17,0,0
2.5,0.5714285714285714,7,0.0,1,1,0
1.0,0.3333333333333333,3,0.0,1,1,0
2.0,0.03333333333333333,30,0.0,24,0,0
2.0,0.03333333333333333,30,0.0,17,0,0
2.0,0.5909090909090909,22,0.25,4,0,0
2.0,0.18181818181818182,11,0.25,4,0,0
2.0,0.9166666666666666,12,0.25,4,0,0
1.0,0.0,2,0.6206896551724138,29,0,0
0.0,0.2,5,0.0,4,0,0
0.0,0.16666666666666666,6,0.0,4,0,0
0.0,0.8130841121495327,107,0.0,4,0,0
0.0,0.0,34,0.0,4,0,0
0.0,0.2,5,0.0,4,0,0
0.0,0.16666666666666666,6,0.0,4,0,0
0.0,0.8130841121495327,107,0.0,4,0,0
0.0,0.0,34,0.0,4,0,0
1.0,0.9565217391304348,23,0.0,4,0,0
2.0,0.4,5,0.0,1,1,0
1.0,0.039603960396039604,101,0.0,6,0,0
1.0,0.0875,80,0.0,6,0,0
1.0,0.039603960396039604,101,0.0,18,0,0
1.0,0.0875,80,0.0,18,0,0
1.0,0.039603960396039604,101,0.0,20,0,0
1.0,0.0875,80,0.0,20,0,0
2.0,0.3333333333333333,6,0.5,2,1,0
3.0,0.3333333333333333,3,0.0,1,1,0
2.0,0.1111111111111111,45,0.0,14,0,0
2.0,0.02531645569620253,79,0.0,14,0,0
2.0,0.18181818181818182,11,0.0,2,1,0
2.0,0.125,8,0.0,2,1,0
2.0,0.18181818181818182,11,0.8,10,0,0
2.0,0.125,8,0.8,10,0,0
2.0,0.4,5,0.5,4,0,0
2.0,0.25,4,0.5,4,0,0
2.0,0.4,5,0.6290322580645161,62,0,0
2.0,0.25,4,0.6290322580645161,62,0,0
1.5,0.013605442176870748,147,0.0,10,0,0
1.5,0.03333333333333333,30,0.0,2,1,0
1.5,0.125,8,0.0,2,1,0
1.5,0.03333333333333333,30,0.0,13,0,0
1.5,0.125,8,0.0,13,0,0
1.5,0.03333333333333333,30,0.0,4,0,0
1.5,0.125,8,0.0,4,0,0
3.0,0.0,34,0.9333333333333333,15,0,0
2.0,0.1323529411764706,68,0.0,15,0,0
2.0,0.058823529411764705,17,0.0,23,0,0
2.0,0.42857142857142855,7,0.0,3,1,0
2.0,0.2857142857142857,7,0.0,3,1,0
2.0,0.2857142857142857,7,0.0,3,1,0
2.0,0.42857142857142855,7,0.0,3,1,0
2.0,0.2857142857142857,7,0.0,3,1,0
2.0,0.2857142857142857,7,0.0,3,1,0
2.0,0.42857142857142855,7,0.0,3,1,0
2.0,0.2857142857142857,7,0.0,3,1,0
2.0,0.2857142857142857,7,0.0,3,1,0
2.0,0.42857142857142855,7,0.0,3,1,0
2.0,0.2857142857142857,7,0.0,3,1,0
2.0,0.2857142857142857,7,0.0,3,1,0
1.0,0.3333333333333333,3,0.0,3,1,0
1.0,0.015873015873015872,63,0.0,23,0,0
1.0,0.1323529411764706,68,0.0,23,0,0
2.0,0.9591836734693877,49,0.0,1,1,0
2.0,0.25,4,0.0,1,1,0
1.0,0.125,8,0.13793103448275862,29,0,0
2.0,0.03333333333333333,30,0.0,1,1,0
1.0,0.0,24,0.0,2,1,0
1.0,0.0,24,0.375,24,0,0
1.0,0.0,24,0.22388059701492538,67,0,0
2.0,0.4,5,0.5,2,1,0
2.0,0.4,5,0.0,1,1,0
2.0,0.4,5,0.0,1,1,0
3.0,0.3333333333333333,21,0.0,2,1,0
3.0,0.14285714285714285,7,0.0,2,1,0
3.0,0.3333333333333333,21,0.0,2,1,0
3.0,0.14285714285714285,7,0.0,2,1,0
3.0,0.039603960396039604,101,0.6666666666666666,3,1,0
2.0,0.5909090909090909,22,0.6290322580645161,62,0,0
2.0,0.0,5,0.0,5,0,0
2.0,0.5,10,0.0,5,0,0
2.0,0.5555555555555556,9,0.0,5,0,0
2.0,0.25,8,0.0,5,0,0
2.0,0.7142857142857143,14,0.0,5,0,0
2.0,0.0,5,0.0,5,0,0
2.0,0.5,10,0.0,5,0,0
2.0,0.5555555555555556,9,0.0,5,0,0
2.0,0.25,8,0.0,5,0,0
2.0,0.7142857142857143,14,0.0,5,0,0
2.0,0.0,5,0.0,5,0,0
2.0,0.5,10,0.0,5,0,0
2.0,0.5555555555555556,9,0.0,5,0,0
2.0,0.25,8,0.0,5,0,0
2.0,0.7142857142857143,14,0.0,5,0,0
2.0,0.05555555555555555,18,0.375,24,0,0
2.0,0.013605442176870748,147,0.0,23,0,0
2.0,0.044444444444444446,45,0.0,23,0,0
2.0,0.10526315789473684,19,0.0,23,0,0
2.0,0.015873015873015872,63,0.0,23,0,0
2.0,0.013605442176870748,147,0.0,24,0,0
2.0,0.044444444444444446,45,0.0,24,0,0
2.0,0.10526315789473684,19,0.0,24,0,0
2.0,0.015873015873015872,63,0.0,24,0,0
2.0,0.013605442176870748,147,0.0,7,0,0
2.0,0.013605442176870748,147,0.0,2,1,0
1.0,0.08333333333333333,12,0.0,1,1,0
1.0,0.08333333333333333,12,0.0,1,1,0
1.0,0.08333333333333333,12,0.0,1,1,0
1.0,0.08333333333333333,12,0.0,1,1,0
0.0,0.6,10,0.3076923076923077,13,0,0
3.0,0.8181818181818182,11,0.3333333333333333,3,1,0
2.0,0.5,2,0.14285714285714285,7,0,0
2.0,0.125,8,0.14285714285714285,7,0,0
2.0,0.7142857142857143,7,0.0,3,1,0
2.0,0.7142857142857143,7,0.3333333333333333,3,1,0
2.0,0.5,14,0.2222222222222222,9,0,0
2.0,0.625,8,0.2222222222222222,9,0,0
2.0,0.75,64,0.0,1,1,0
3.0,0.5555555555555556,9,0.9166666666666666,12,0,0
2.0,0.031914893617021274,94,0.0,1,1,0
2.0,0.2,15,0.25,24,0,0
1.5,0.14285714285714285,7,0.5,4,0,0
2.0,0.2,15,0.0,1,1,0
1.5,0.0,4,0.918918918918919,37,0,0
2.0,0.08620689655172414,58,0.0,11,0,0
2.0,0.03225806451612903,31,0.0,11,0,0
2.0,0.05555555555555555,18,0.0,11,0,0
2.0,0.08620689655172414,58,0.0,13,0,0
2.0,0.03225806451612903,31,0.0,13,0,0
2.0,0.05555555555555555,18,0.0,13,0,0
2.0,0.08620689655172414,58,0.0,12,0,0
2.0,0.03225806451612903,31,0.0,12,0,0
2.0,0.05555555555555555,18,0.0,12,0,0
2.0,0.08620689655172414,58,0.0,13,0,0
2.0,0.03225806451612903,31,0.0,13,0,0
2.0,0.05555555555555555,18,0.0,13,0,0
2.0,0.08620689655172414,58,0.0,13,0,0
2.0,0.03225806451612903,31,0.0,13,0,0
2.0,0.05555555555555555,18,0.0,13,0,0
2.0,0.08620689655172414,58,0.0,13,0,0
2.0,0.03225806451612903,31,0.0,13,0,0
2.0,0.05555555555555555,18,0.0,13,0,0
2.0,0.08620689655172414,58,0.0,13,0,0
2.0,0.03225806451612903,31,0.0,13,0,0
2.0,0.05555555555555555,18,0.0,13,0,0
2.0,0.08620689655172414,58,0.0,27,0,0
2.0,0.03225806451612903,31,0.0,27,0,0
2.0,0.05555555555555555,18,0.0,27,0,0
2.0,0.08620689655172414,58,0.0,24,0,0
2.0,0.03225806451612903,31,0.0,24,0,0
2.0,0.05555555555555555,18,0.0,24,0,0
2.0,0.08620689655172414,58,0.0,24,0,0
2.0,0.03225806451612903,31,0.0,24,0,0
2.0,0.05555555555555555,18,0.0,24,0,0
2.0,0.08620689655172414,58,0.0,24,0,0
2.0,0.03225806451612903,31,0.0,24,0,0
2.0,0.05555555555555555,18,0.0,24,0,0
2.0,0.08620689655172414,58,0.0,13,0,0
2.0,0.03225806451612903,31,0.0,13,0,0
2.0,0.05555555555555555,18,0.0,13,0,0
2.0,0.08620689655172414,58,0.0,13,0,0
2.0,0.03225806451612903,31,0.0,13,0,0
2.0,0.05555555555555555,18,0.0,13,0,0
2.0,0.08620689655172414,58,0.0,13,0,0
2.0,0.03225806451612903,31,0.0,13,0,0
2.0,0.05555555555555555,18,0.0,13,0,0
2.0,0.08620689655172414,58,0.0,22,0,0
2.0,0.03225806451612903,31,0.0,22,0,0
2.0,0.05555555555555555,18,0.0,22,0,0
2.0,0.08620689655172414,58,0.0,17,0,0
2.0,0.03225806451612903,31,0.0,17,0,0
2.0,0.05555555555555555,18,0.0,17,0,0
3.0,0.125,8,0.23529411764705882,17,0,0
3.0,0.125,8,0.0,2,1,0
2.0,0.375,16,0.0,8,0,0
2.0,0.3870967741935484,31,0.0,8,0,0
1.5,0.03333333333333333,30,0.0,1,1,0
1.5,0.03333333333333333,30,0.0,18,0,0
1.5,0.03333333333333333,30,0.0,1,1,0
1.5,0.03333333333333333,30,0.0,1,1,0
1.5,0.03333333333333333,30,0.0,1,1,0
1.5,0.03333333333333333,30,0.0,20,0,0
1.5,0.03333333333333333,30,0.0,1,1,0
1.5,0.03333333333333333,30,0.0,1,1,0
1.0,0.02531645569620253,79,0.0,4,0,0
1.0,0.02531645569620253,79,0.0,4,0,0
1.0,0.02531645569620253,79,0.0,5,0,0
1.0,0.02531645569620253,79,0.0,5,0,0
1.0,0.02531645569620253,79,0.0,5,0,0
1.0,0.02531645569620253,79,0.0,4,0,0
1.5,0.3333333333333333,15,0.04878048780487805,82,0,0
1.5,0.03937007874015748,127,0.04878048780487805,82,0,0
2.0,0.1323529411764706,68,0.0,1,1,0
1.0,0.039603960396039604,101,0.0,6,0,0
1.0,0.1323529411764706,68,0.0,6,0,0
1.0,0.039603960396039604,101,0.0,4,0,0
1.0,0.1323529411764706,68,0.0,4,0,0
1.0,0.039603960396039604,101,0.0,43,0,0
1.0,0.1323529411764706,68,0.0,43,0,0
1.0,0.039603960396039604,101,0.0,18,0,0
1.0,0.1323529411764706,68,0.0,18,0,0
1.0,0.039603960396039604,101,0.0,20,0,0
1.0,0.1323529411764706,68,0.0,20,0,0
3.0,0.3333333333333333,3,0.0,1,1,0
3.0,0.5,2,0.0,1,1,0
3.0,0.5,2,0.0,2,1,0
3.0,0.6666666666666666,3,0.0,2,1,0
3.0,0.18181818181818182,11,0.0,1,1,0
1.0,0.08333333333333333,12,0.0,4,0,0
1.0,0.015873015873015872,63,0.0,4,0,0
1.0,0.1323529411764706,68,0.0,4,0,0
1.0,0.08333333333333333,12,0.0,4,0,0
1.0,0.015873015873015872,63,0.0,4,0,0
1.0,0.1323529411764706,68,0.0,4,0,0
1.0,0.08333333333333333,12,0.0,3,1,0
1.0,0.015873015873015872,63,0.0,3,1,0
1.0,0.1323529411764706,68,0.0,3,1,0
1.0,0.7865168539325843,89,0.3870967741935484,31,0,0
1.0,0.0,38,0.3870967741935484,31,0,0
1.5,0.2857142857142857,7,0.22388059701492538,67,0,0
1.5,0.0,3,0.22388059701492538,67,0,0
2.0,0.0,1,0.0,1,1,0
3.0,0.3333333333333333,21,0.0,5,0,0
1.0,0.03333333333333333,30,0.0,1,1,0
2.0,0.05172413793103448,58,0.6666666666666666,6,0,0
2.0,0.08333333333333333,60,0.6666666666666666,6,0,0
1.0,0.039603960396039604,101,0.0,2,1,0
1.0,0.017543859649122806,57,0.0,2,1,0
2.5,0.08333333333333333,96,0.0,1,1,0
2.5,0.2222222222222222,9,0.0,6,0,0
2.5,0.21212121212121213,99,0.0,6,0,0
2.5,0.0,12,0.0,6,0,0
2.5,0.21428571428571427,14,0.0,6,0,0
2.5,0.1323529411764706,68,0.0,6,0,0
2.5,0.03333333333333333,30,0.0,6,0,0
2.5,0.2222222222222222,9,0.0,6,0,0
2.5,0.21212121212121213,99,0.0,6,0,0
2.5,0.0,12,0.0,6,0,0
2.5,0.21428571428571427,14,0.0,6,0,0
2.5,0.1323529411764706,68,0.0,6,0,0
2.5,0.03333333333333333,30,0.0,6,0,0
2.5,0.2222222222222222,9,0.0,6,0,0
2.5,0.21212121212121213,99,0.0,6,0,0
2.5,0.0,12,0.0,6,0,0
2.5,0.21428571428571427,14,0.0,6,0,0
2.5,0.1323529411764706,68,0.0,6,0,0
2.5,0.03333333333333333,30,0.0,6,0,0
2.5,0.2222222222222222,9,0.0,7,0,0
2.5,0.21212121212121213,99,0.0,7,0,0
2.5,0.0,12,0.0,7,0,0
2.5,0.21428571428571427,14,0.0,7,0,0
2.5,0.1323529411764706,68,0.0,7,0,0
2.5,0.03333333333333333,30,0.0,7,0,0
2.0,0.0,24,0.0,2,1,0
1.0,0.05172413793103448,58,0.0,23,0,0
1.0,0.3333333333333333,3,0.0,23,0,0
1.0,0.08333333333333333,60,0.0,23,0,0
1.0,0.05172413793103448,58,0.0,43,0,0
1.0,0.3333333333333333,3,0.0,43,0,0
1.0,0.08333333333333333,60,0.0,43,0,0
0.0,0.5,6,0.0,1,1,0
1.0,0.044444444444444446,45,0.8787878787878788,33,0,0
2.0,0.2222222222222222,9,0.0,13,0,0
2.0,0.75,4,0.0,5,0,0
3.0,0.013605442176870748,147,0.25,24,0,0
2.0,0.5,2,0.0,3,1,0
2.0,0.8888888888888888,9,0.0,3,1,0
2.0,0.03333333333333333,30,0.0,1,1,0
2.0,0.03333333333333333,30,0.0,1,1,0
2.0,0.03333333333333333,30,0.0,1,1,0
2.0,0.03333333333333333,30,0.0,1,1,0
2.0,0.03333333333333333,30,0.0,1,1,0
2.0,0.03333333333333333,30,0.0,1,1,0
2.0,0.03333333333333333,30,0.0,1,1,0
1.5,0.0625,48,0.0,2,1,0
1.5,0.0625,48,0.0,1,1,0
1.5,0.0625,48,0.0,2,1,0
1.5,0.0625,48,0.0,1,1,0
1.0,0.0,2,0.6206896551724138,29,0,0
2.0,0.3076923076923077,26,0.75,40,0,0
2.0,0.3076923076923077,26,0.125,8,0,0
1.5,0.039603960396039604,101,0.0,2,1,0
1.5,0.1323529411764706,68,0.0,2,1,0
1.5,0.039603960396039604,101,0.0,18,0,0
1.5,0.1323529411764706,68,0.0,18,0,0
1.5,0.039603960396039604,101,0.0,20,0,0
1.5,0.1323529411764706,68,0.0,20,0,0
2.0,0.75,4,0.6153846153846154,13,0,0
0.0,0.6666666666666666,3,0.5,2,1,0
2.0,0.03333333333333333,30,0.0,13,0,0
2.0,0.125,8,0.0,13,0,0
2.0,0.03333333333333333,30,0.0,2,1,0
2.0,0.125,8,0.0,2,1,0
2.0,0.03333333333333333,30,0.0,2,1,0
2.0,0.125,8,0.0,2,1,0
2.0,0.03333333333333333,30,0.0,4,0,0
2.0,0.125,8,0.0,4,0,0
0.0,0.8636363636363636,110,0.6842105263157895,19,0,0
0.0,0.7865168539325843,89,0.6842105263157895,19,0,0
0.0,0.0,7,0.6842105263157895,19,0,0
0.0,0.0,38,0.6842105263157895,19,0,0
0.0,0.0,38,0.6842105263157895,19,0,0
0.0,0.8636363636363636,110,0.45454545454545453,11,0,0
0.0,0.7865168539325843,89,0.45454545454545453,11,0,0
0.0,0.0,7,0.45454545454545453,11,0,0
0.0,0.0,38,0.45454545454545453,11,0,0
0.0,0.0,38,0.45454545454545453,11,0,0
0.0,0.8636363636363636,110,0.0,5,0,0
0.0,0.7865168539325843,89,0.0,5,0,0
0.0,0.0,7,0.0,5,0,0
0.0,0.0,38,0.0,5,0,0
0.0,0.0,38,0.0,5,0,0
2.5,0.25,4,0.8,5,0,0
2.5,0.25,4,0.8,5,0,0
2.0,0.0875,80,0.0,8,0,0
2.0,0.14285714285714285,35,0.0,8,0,0
2.0,0.0847457627118644,59,0.0,8,0,0
2.0,0.0875,80,0.0,13,0,0
2.0,0.14285714285714285,35,0.0,13,0,0
2.0,0.0847457627118644,59,0.0,13,0,0
2.0,0.0875,80,0.0,26,0,0
2.0,0.14285714285714285,35,0.0,26,0,0
2.0,0.0847457627118644,59,0.0,26,0,0
2.0,0.0875,80,0.0,31,0,0
2.0,0.14285714285714285,35,0.0,31,0,0
2.0,0.0847457627118644,59,0.0,31,0,0
2.0,0.0875,80,0.0,8,0,0
2.0,0.14285714285714285,35,0.0,8,0,0
2.0,0.0847457627118644,59,0.0,8,0,0
2.0,0.0875,80,0.0,13,0,0
2.0,0.14285714285714285,35,0.0,13,0,0
2.0,0.0847457627118644,59,0.0,13,0,0
2.0,0.0875,80,0.0,8,0,0
2.0,0.14285714285714285,35,0.0,8,0,0
2.0,0.0847457627118644,59,0.0,8,0,0
2.0,0.0875,80,0.0,13,0,0
2.0,0.14285714285714285,35,0.0,13,0,0
2.0,0.0847457627118644,59,0.0,13,0,0
2.0,0.0875,80,0.0,8,0,0
2.0,0.14285714285714285,35,0.0,8,0,0
2.0,0.0847457627118644,59,0.0,8,0,0
2.0,0.0875,80,0.0,13,0,0
2.0,0.14285714285714285,35,0.0,13,0,0
2.0,0.0847457627118644,59,0.0,13,0,0
3.0,0.3333333333333333,6,0.6290322580645161,62,0,0
1.5,0.18181818181818182,11,0.0,1,1,0
2.0,0.5454545454545454,11,0.0,1,1,0
3.0,0.5,2,0.3870967741935484,31,0,0
2.0,0.6428571428571429,14,0.0,1,1,0
2.0,0.9444444444444444,18,0.5,2,1,0
2.0,0.1111111111111111,9,0.3076923076923077,13,0,0
2.0,0.1111111111111111,9,0.3333333333333333,3,1,0
2.0,0.0967741935483871,31,0.0,17,0,0
2.0,0.14285714285714285,14,0.0,17,0,0
2.0,0.06896551724137931,29,0.0,17,0,0
2.0,0.0967741935483871,31,0.0,5,0,0
2.0,0.14285714285714285,14,0.0,5,0,0
2.0,0.06896551724137931,29,0.0,5,0,0
1.0,0.0625,48,0.0,15,0,0
1.0,0.03937007874015748,127,0.0,15,0,0
1.0,0.0,85,0.0,15,0,0
1.0,0.039603960396039604,101,0.0,23,0,0
1.0,0.013605442176870748,147,0.0,23,0,0
1.0,0.013605442176870748,147,0.35,40,0,0
3.0,0.6666666666666666,9,0.6176470588235294,34,0,0
2.0,0.0625,48,0.75,20,0,0
2.0,0.03937007874015748,127,0.75,20,0,0
2.0,0.3333333333333333,21,0.0,3,1,0
2.0,0.14285714285714285,7,0.0,3,1,0
2.0,0.0,1,0.0,3,1,0
1.5,0.0625,48,0.0,9,0,0
1.5,0.375,16,0.0,9,0,0
1.5,0.039603960396039604,101,0.0,9,0,0
1.5,0.017543859649122806,57,0.0,9,0,0
1.5,0.0875,80,0.0,9,0,0
1.5,0.14285714285714285,35,0.0,9,0,0
1.5,0.02531645569620253,79,0.0,9,0,0
1.5,0.1323529411764706,68,0.0,9,0,0
1.5,0.0847457627118644,59,0.0,9,0,0
1.5,0.0625,48,0.0,18,0,0
1.5,0.375,16,0.0,18,0,0
1.5,0.039603960396039604,101,0.0,18,0,0
1.5,0.017543859649122806,57,0.0,18,0,0
1.5,0.0875,80,0.0,18,0,0
1.5,0.14285714285714285,35,0.0,18,0,0
1.5,0.02531645569620253,79,0.0,18,0,0
1.5,0.1323529411764706,68,0.0,18,0,0
1.5,0.0847457627118644,59,0.0,18,0,0
1.5,0.0625,48,0.0,20,0,0
1.5,0.375,16,0.0,20,0,0
1.5,0.039603960396039604,101,0.0,20,0,0
1.5,0.017543859649122806,57,0.0,20,0,0
1.5,0.0875,80,0.0,20,0,0
1.5,0.14285714285714285,35,0.0,20,0,0
1.5,0.02531645569620253,79,0.0,20,0,0
1.5,0.1323529411764706,68,0.0,20,0,0
1.5,0.0847457627118644,59,0.0,20,0,0
3.0,0.5,4,0.0,2,1,0
