drug_name,drug_id,ind_name,ind_id,status,phase,DetailedStatus
Lepirudin,DB00001,Heparin-induced thrombocytopenia with thrombosis,C0272275,Approved,,
Cetuximab,DB00002,Squamous cell carcinoma of mouth,C0585362,Approved,,
Cetuximab,DB00002,Squamous cell carcinoma of nose,C3163899,Approved,,
Cetuximab,DB00002,Squamous cell carcinoma of pharynx,C1319317,Approved,,
Cetuximab,DB00002,Laryngeal Squamous Cell Carcinoma,C0280324,Approved,,
Cetuximab,DB00002,Malignant tumor of colon,C0007102,Approved,,
Dornase alfa,DB00003,Cystic Fibrosis,C0010674,Approved,,
Denileukin diftitox,DB00004,"Lymphoma, T-Cell, Cutaneous",C0079773,Approved,,
Etanercept,DB00005,Rheumatoid Arthritis,C0003873,Approved,,
Etanercept,DB00005,Juvenile arthritis,C3495559,Approved,,
Etanercept,DB00005,"Arthritis, Psoriatic",C0003872,Approved,,
Etanercept,DB00005,Ankylosing spondylitis,C0038013,Approved,,
Etanercept,DB00005,Chronic small plaque psoriasis,C0406317,Approved,,
Leuprolide,DB00007,Precocious Puberty,C0034013,Approved,,
Leuprolide,DB00007,Endometriosis,C0014175,Approved,,
Peginterferon alfa-2a,DB00008,"Hepatitis C, Chronic",C0524910,Approved,,
Peginterferon alfa-2a,DB00008,"Hepatitis B, Chronic",C0524909,Approved,,
Alteplase,DB00009,Ischemic stroke,C0948008,Approved,,
Alteplase,DB00009,Acute myocardial infarction,C0155626,Approved,,
Alteplase,DB00009,Pulmonary Embolism,C0034065,Approved,,
Sermorelin,DB00010,Pituitary dwarfism,C0013338,Approved,,
Urokinase,DB00013,Pulmonary Embolism,C0034065,Approved,,
Goserelin,DB00014,Hormone receptor positive malignant neoplasm of breast,C1562029,Approved,,
Goserelin,DB00014,Endometriosis,C0014175,Approved,,
Reteplase,DB00015,Acute myocardial infarction,C0155626,Approved,,
Erythropoietin,DB00016,Anemia in chronic kidney disease,C1561828,Approved,,
Erythropoietin,DB00016,Anemia due to chemotherapy,C1998329,Approved,,
Salmon Calcitonin,DB00017,"Osteoporosis, Postmenopausal",C0029458,Approved,,
Salmon Calcitonin,DB00017,Osteitis Deformans,C0029401,Approved,,
Pegfilgrastim,DB00019,Chemotherapy-induced neutropenia,C1827687,Approved,,
Sargramostim,DB00020,Chemotherapy-induced neutropenia,C1827687,Approved,,
Peginterferon alfa-2b,DB00022,"Hepatitis C, Chronic",C0524910,Approved,,
Asparaginase,DB00023,Acute lymphocytic leukemia,C0023449,Approved,,
Anakinra,DB00026,Rheumatoid Arthritis,C0003873,Approved,,
Anakinra,DB00026,Cryopyrin-Associated Periodic Syndromes,C2316212,Approved,,
Anakinra,DB00026,"Chronic Infantile Neurological, Cutaneous, and Articular Syndrome",C0409818,Approved,,
Gramicidin D,DB00027,Bacterial conjunctivitis,C0009768,Approved,,
Gramicidin D,DB00027,Infective blepharitis,C0729587,Approved,,
Gramicidin D,DB00027,Blepharoconjunctivitis,C0005743,Approved,,
Gramicidin D,DB00027,Bacterial keratitis,C0854211,Approved,,
Insulin Human,DB00030,"Diabetes Mellitus, Insulin-Dependent",C0011854,Approved,,
Insulin Human,DB00030,"Diabetes Mellitus, Non-Insulin-Dependent",C0011860,Approved,,
Insulin Human,DB00030,Diabetes Mellitus,C0011849,Approved,,
Tenecteplase,DB00031,Acute myocardial infarction,C0155626,Approved,,
Desmopressin,DB00035,Hemophilia A,C0019069,Approved,,
Desmopressin,DB00035,von Willebrand Disease,C0042974,Approved,,
Desmopressin,DB00035,Bedwetting,C0270327,Approved,,
Coagulation factor VIIa Recombinant Human,DB00036,Hemophilia A,C0019069,Approved,,
Coagulation factor VIIa Recombinant Human,DB00036,Hemophilia B,C0008533,Approved,,
Coagulation factor VIIa Recombinant Human,DB00036,Thrombasthenia,C0040015,Approved,,
Coagulation factor VIIa Recombinant Human,DB00036,Factor VII Deficiency,C0015503,Approved,,
Oprelvekin,DB00038,Thrombocytopenia,C0040034,Approved,,
Palifermin,DB00039,Mucositis following radiation therapy,C0392190,Approved,,
Palifermin,DB00039,Drug-induced mucositis,C1274988,Approved,,
Glucagon recombinant,DB00040,Hypoglycemia,C0020615,Approved,,
Aldesleukin,DB00041,"Leukemia, Myelocytic, Acute",C0023467,Approved,,
Aldesleukin,DB00041,Metastatic Renal Cell Cancer,C0278678,Approved,,
Aldesleukin,DB00041,"Malignant melanoma, metastatic",C0860594,Approved,,
Omalizumab,DB00043,Asthma,C0004096,Approved,,
Omalizumab,DB00043,Chronic idiopathic urticaria,C0578870,Approved,,
Insulin Lispro,DB00046,"Diabetes Mellitus, Insulin-Dependent",C0011854,Approved,,
Insulin Lispro,DB00046,"Diabetes Mellitus, Non-Insulin-Dependent",C0011860,Approved,,
Insulin Glargine,DB00047,"Diabetes Mellitus, Insulin-Dependent",C0011854,Approved,,
Insulin Glargine,DB00047,"Diabetes Mellitus, Non-Insulin-Dependent",C0011860,Approved,,
Collagenase clostridium histolyticum,DB00048,"Dupuytren's disease of finger, with contracture",C0410065,Approved,,
Collagenase clostridium histolyticum,DB00048,Peyronie Disease,C0030848,Approved,,
Rasburicase,DB00049,Hyperuricemia,C0740394,Approved,,
Adalimumab,DB00051,Rheumatoid Arthritis,C0003873,Approved,,
Adalimumab,DB00051,Juvenile arthritis,C3495559,Approved,,
Adalimumab,DB00051,"Arthritis, Psoriatic",C0003872,Approved,,
Adalimumab,DB00051,Ankylosing spondylitis,C0038013,Approved,,
Adalimumab,DB00051,Crohn Disease,C0010346,Approved,,
Adalimumab,DB00051,Ulcerative Colitis,C0009324,Approved,,
Adalimumab,DB00051,Chronic small plaque psoriasis,C0406317,Approved,,
Adalimumab,DB00051,Hidradenitis Suppurativa,C0162836,Approved,,
Somatropin recombinant,DB00052,Growth retardation,C0151686,Approved,,
Somatropin recombinant,DB00052,Prader-Willi Syndrome,C0032897,Approved,,
Somatropin recombinant,DB00052,Pituitary dwarfism,C0013338,Approved,,
Somatropin recombinant,DB00052,Turner Syndrome,C0041408,Approved,,
Imiglucerase,DB00053,Gaucher Disease,C0017205,Approved,,
Gemtuzumab ozogamicin,DB00056,"Leukemia, Myelocytic, Acute",C0023467,Approved,,
Pegaspargase,DB00059,Acute lymphocytic leukemia,C0023449,Approved,,
Interferon beta-1a,DB00060,"Multiple Sclerosis, Relapsing-Remitting",C0751967,Approved,,
Eptifibatide,DB00063,Acute Coronary Syndrome,C0948089,Approved,,
Infliximab,DB00065,Crohn Disease,C0010346,Approved,,
Infliximab,DB00065,Ulcerative Colitis,C0009324,Approved,,
Infliximab,DB00065,Rheumatoid Arthritis,C0003873,Approved,,
Infliximab,DB00065,Ankylosing spondylitis,C0038013,Approved,,
Infliximab,DB00065,"Arthritis, Psoriatic",C0003872,Approved,,
Infliximab,DB00065,Chronic small plaque psoriasis,C0406317,Approved,,
Vasopressin,DB00067,Bedwetting,C0270327,Approved,,
Vasopressin,DB00067,von Willebrand Disease,C0042974,Approved,,
Vasopressin,DB00067,Hemophilia A,C0019069,Approved,,
Interferon beta-1b,DB00068,"Multiple Sclerosis, Relapsing-Remitting",C0751967,Approved,,
Trastuzumab,DB00072,HER2-positive carcinoma of breast,C1960398,Approved,,
Trastuzumab,DB00072,Secondary malignant neoplasm of female breast,C0346993,Approved,,
Trastuzumab,DB00072,Secondary malignant neoplasm of stomach,C0686068,Approved,,
Rituximab,DB00073,"Lymphoma, Non-Hodgkin",C0024305,Approved,,
Rituximab,DB00073,Chronic Lymphocytic Leukemia,C0023434,Approved,,
Rituximab,DB00073,Rheumatoid Arthritis,C0003873,Approved,,
Basiliximab,DB00074,Renal transplant rejection,C0238217,Approved,,
Ibritumomab tiuxetan,DB00078,"Lymphoma, Follicular",C0024301,Approved,,
Daptomycin,DB00080,Right-sided Staphylococcus aureus endocarditis,C1960924,Approved,,
Daptomycin,DB00080,Sepsis due to Staphylococcus aureus,C2887088,Approved,,
Pegvisomant,DB00082,Acromegaly,C0001206,Approved,,
Pancrelipase,DB00085,Exocrine pancreatic insufficiency,C0267963,Approved,,
Alemtuzumab,DB00087,"Multiple Sclerosis, Relapsing-Remitting",C0751967,Approved,,
Alglucerase,DB00088,"Gaucher Disease, Type 1",C1961835,Approved,,
Laronidase,DB00090,Mucopolysaccharidosis I,C0023786,Approved,,
Cyclosporine,DB00091,Rheumatoid Arthritis,C0003873,Approved,,
Cyclosporine,DB00091,Dry Eye Syndromes,C0013238,Approved,,
Cyclosporine,DB00091,Keratoconjunctivitis Sicca,C0022575,Approved,,
Alefacept,DB00092,Chronic small plaque psoriasis,C0406317,Approved,,
Efalizumab,DB00095,Chronic small plaque psoriasis,C0406317,Approved,,
Filgrastim,DB00099,Chemotherapy-induced neutropenia,C1827687,Approved,,
Filgrastim,DB00099,Congenital neutropenia,C0340970,Approved,,
Filgrastim,DB00099,Cyclic neutropenia,C0221023,Approved,,
Filgrastim,DB00099,Chronic idiopathic neutropenia,C2267231,Approved,,
Coagulation Factor IX,DB00100,Hemophilia B,C0008533,Approved,,
Becaplermin,DB00102,Neuropathic diabetic ulcer - foot,C0406526,Approved,,
Agalsidase beta,DB00103,Fabry Disease,C0002986,Approved,,
Octreotide,DB00104,Acromegaly,C0001206,Approved,,
Octreotide,DB00104,Malignant Carcinoid Syndrome,C0024586,Approved,,
Abarelix,DB00106,Ischemic priapism,C2711256,Approved,,
Oxytocin,DB00107,Unspecified Abortion,C0156543,Approved,,
Oxytocin,DB00107,Postpartum Hemorrhage,C0032797,Approved,,
Oxytocin,DB00107,Incomplete spontaneous abortion,C0000810,Approved,,
Natalizumab,DB00108,Multiple Sclerosis,C0026769,Approved,,
Natalizumab,DB00108,Crohn Disease,C0010346,Approved,,
Enfuvirtide,DB00109,HIV Infections,C0019693,Approved,,
Palivizumab,DB00110,Respiratory Syncytial Virus Infections,C0035235,Approved,,
Daclizumab,DB00111,Renal transplant rejection,C0238217,Approved,,
Daclizumab,DB00111,"Multiple Sclerosis, Relapsing-Remitting",C0751967,Approved,,
Bevacizumab,DB00112,Secondary malignant neoplasm of colon,C0346974,Approved,,
Bevacizumab,DB00112,Nonsquamous nonsmall cell neoplasm of lung,C2585890,Approved,,
Bevacizumab,DB00112,Glioblastoma Multiforme,C1621958,Approved,,
Bevacizumab,DB00112,Metastatic Renal Cell Cancer,C0278678,Approved,,
Bevacizumab,DB00112,Cervix carcinoma,C0302592,Approved,,
Bevacizumab,DB00112,Malignant tumor of peritoneum,C0153467,Approved,,
Bevacizumab,DB00112,Malignant epithelial tumor of ovary,C0346161,Approved,,
Bevacizumab,DB00112,Malignant neoplasm of fallopian tube,C0153579,Approved,,
Cyanocobalamin,DB00115,Megaloblastic anemia due to folate deficiency,C0151482,Approved,,
Cyanocobalamin,DB00115,"Anemia, Pernicious",C0002892,Approved,,
Cyanocobalamin,DB00115,Iron deficiency anemia,C0162316,Approved,,
Cyanocobalamin,DB00115,Vitamin Deficiency,C1510471,Approved,,
Cyanocobalamin,DB00115,Vitamin B 12 Deficiency,C0042847,Approved,,
Biotin,DB00121,Biotin deficiency disease,C2937225,Approved,,
Choline,DB00122,Sleeplessness,C0917801,Approved,,
Vitamin C,DB00126,Breastfeeding (mother),C1623040,Approved,,
Vitamin C,DB00126,Vitamin Deficiency,C1510471,Approved,,
L-Aspartic Acid,DB00128,Hypokalemia,C0020621,Approved,,
L-Glutamine,DB00130,Short Bowel Syndrome,C0036992,Approved,,
Adenosine monophosphate,DB00131,Pulmonary Cystic Fibrosis,C0392164,Approved,,
L-Serine,DB00133,"Glaucoma, Open-Angle",C0017612,Approved,,
L-Serine,DB00133,Bacterial urinary infection,C0729524,Approved,,
L-Serine,DB00133,"Tuberculosis, Pulmonary",C0041327,Approved,,
L-Serine,DB00133,Acute tuberculosis,C0275959,Approved,,
L-Serine,DB00133,Escherichia coli urinary tract infection,C0577708,Approved,,
Calcitriol,DB00136,Chronic small plaque psoriasis,C0406317,Approved,,
Calcitriol,DB00136,Hypocalcemia,C0020598,Approved,,
Calcitriol,DB00136,Hypophosphatemia,C0085682,Approved,,
Calcitriol,DB00136,Renal Osteodystrophy,C0035086,Approved,,
Calcitriol,DB00136,Hypoparathyroidism,C0020626,Approved,,
Xanthophyll,DB00137,Age related macular degeneration,C0242383,Approved,,
Xanthophyll,DB00137,Dry Eye Syndromes,C0013238,Approved,,
Xanthophyll,DB00137,Meibomian gland dysfunction,C1275684,Approved,,
Succinic acid,DB00139,Iron deficiency anemia,C0162316,Approved,,
Riboflavin,DB00140,Mineral deficiency,C0687148,Approved,,
Riboflavin,DB00140,Vitamin Deficiency,C1510471,Approved,,
Glycine,DB00145,Rhinorrhea,C1260880,Approved,,
Glycine,DB00145,Coughing,C0010200,Approved,,
Glycine,DB00145,Nasal congestion (finding),C0027424,Approved,,
Glycine,DB00145,Allergic rhinitis (disorder),C2607914,Approved,,
Glycine,DB00145,Rhinitis,C0035455,Approved,,
Glycine,DB00145,Common Cold,C0009443,Approved,,
Calcidiol,DB00146,Hypocalcemia,C0020598,Approved,,
Calcidiol,DB00146,Renal Osteodystrophy,C0035086,Approved,,
Calcidiol,DB00146,Rickets,C0035579,Approved,,
Calcidiol,DB00146,Hypophosphatemia,C0085682,Approved,,
L-Cysteine,DB00151,Bronchitis,C0006277,Approved,,
L-Cysteine,DB00151,Poisoning by acetaminophen,C0237963,Approved,,
L-Cysteine,DB00151,Amyloidosis,C0002726,Approved,,
L-Cysteine,DB00151,Pulmonary Cystic Fibrosis,C0392164,Approved,,
L-Cysteine,DB00151,Bronchiectasis,C0006267,Approved,,
Thiamine,DB00152,Vitamin B 12 Deficiency,C0042847,Approved,,
Thiamine,DB00152,Wernicke-Korsakoff Syndrome,C0349464,Approved,,
Thiamine,DB00152,Vitamin Deficiency,C1510471,Approved,,
Thiamine,DB00152,"Anemia, Pernicious",C0002892,Approved,,
Thiamine,DB00152,Thiamine Deficiency,C0039841,Approved,,
Thiamine,DB00152,Mineral deficiency,C0687148,Approved,,
Ergocalciferol,DB00153,Vitamin D Deficiency,C0042870,Approved,,
Ergocalciferol,DB00153,Osteomalacia,C0029442,Approved,,
Ergocalciferol,DB00153,Rickets,C0035579,Approved,,
Ergocalciferol,DB00153,Vitamin D-dependent rickets,C0221468,Approved,,
Ergocalciferol,DB00153,Vitamin Deficiency,C1510471,Approved,,
Ergocalciferol,DB00153,Osteoporosis,C0029456,Approved,,
Ergocalciferol,DB00153,Hypocalcemia,C0020598,Approved,,
Ergocalciferol,DB00153,"Osteoporosis, Postmenopausal",C0029458,Approved,,
Ergocalciferol,DB00153,"Vitamin D-Resistant Rickets, X-Linked",C3536984,Approved,,
Ergocalciferol,DB00153,Hypoparathyroidism,C0020626,Approved,,
Folic Acid,DB00158,Megaloblastic anemia due to folate deficiency,C0151482,Approved,,
Folic Acid,DB00158,Mineral deficiency,C0687148,Approved,,
Folic Acid,DB00158,Breastfeeding (mother),C1623040,Approved,,
Folic Acid,DB00158,Iron deficiency anemia,C0162316,Approved,,
Folic Acid,DB00158,Folic Acid Deficiency,C0016412,Approved,,
Folic Acid,DB00158,Vitamin Deficiency,C1510471,Approved,,
Icosapent,DB00159,Breastfeeding (mother),C1623040,Approved,,
Icosapent,DB00159,Hypertriglyceridemia,C0020557,Approved,,
Vitamin A,DB00162,Mineral deficiency,C0687148,Approved,,
Vitamin A,DB00162,Vitamin Deficiency,C1510471,Approved,,
Vitamin A,DB00162,Vitamin A Deficiency,C0042842,Approved,,
Vitamin E,DB00163,Vitamin E Deficiency,C0042875,Approved,,
Pyridoxine,DB00165,Breastfeeding (mother),C1623040,Approved,,
Pyridoxine,DB00165,"EPILEPSY, PYRIDOXINE-DEPENDENT",C1849508,Approved,,
Pyridoxine,DB00165,Vitamin B 6 Deficiency,C0936215,Approved,,
Lipoic Acid,DB00166,Diabetic peripheral neuropathy,C0740447,Approved,,
Cholecalciferol,DB00169,"Osteoporosis, Postmenopausal",C0029458,Approved,,
Cholecalciferol,DB00169,Hypoparathyroidism,C0020626,Approved,,
Cholecalciferol,DB00169,Rickets,C0035579,Approved,,
Cholecalciferol,DB00169,Hypocalcemia,C0020598,Approved,,
Cholecalciferol,DB00169,Vitamin Deficiency,C1510471,Approved,,
Cholecalciferol,DB00169,Osteomalacia,C0029442,Approved,,
Cholecalciferol,DB00169,Vitamin D-dependent rickets,C0221468,Approved,,
Cholecalciferol,DB00169,Osteoporosis,C0029456,Approved,,
Pravastatin,DB00175,Cerebrovascular accident,C0038454,Approved,,
Pravastatin,DB00175,Hyperlipoproteinemia Type III,C0020479,Approved,,
Pravastatin,DB00175,Familial hypercholesterolemia - heterozygous,C0342882,Approved,,
Pravastatin,DB00175,Hypercholesterolemia,C0020443,Approved,,
Pravastatin,DB00175,Hypertriglyceridemia,C0020557,Approved,,
Pravastatin,DB00175,"Hyperlipidemia, Familial Combined",C0020474,Approved,,
Pravastatin,DB00175,Arteriosclerosis,C0003850,Approved,,
Fluvoxamine,DB00176,Obsessive-Compulsive Disorder,C0028768,Approved,,
Fluvoxamine,DB00176,"Phobia, Social",C0031572,Approved,,
Valsartan,DB00177,Chronic heart failure,C0264716,Approved,,
Valsartan,DB00177,Hypertensive disease,C0020538,Approved,,
Ramipril,DB00178,Cerebrovascular accident,C0038454,Approved,,
Ramipril,DB00178,Chronic heart failure,C0264716,Approved,,
Ramipril,DB00178,Hypertensive disease,C0020538,Approved,,
Masoprocol,DB00179,Actinic keratosis,C0022602,Approved,,
Flunisolide,DB00180,Allergic rhinitis (disorder),C2607914,Approved,,
Flunisolide,DB00180,Asthma,C0004096,Approved,,
Baclofen,DB00181,Muscle spasticity of spinal origin,C1562430,Approved,,
Amphetamine,DB00182,Obesity,C0028754,Approved,,
Amphetamine,DB00182,Attention deficit hyperactivity disorder,C1263846,Approved,,
Amphetamine,DB00182,Narcolepsy,C0027404,Approved,,
Nicotine,DB00184,Pellagra,C0030783,Approved,,
Nicotine,DB00184,Nicotine Dependence,C0028043,Approved,,
Lorazepam,DB00186,Lennox-Gastaut syndrome,C0238111,Approved,,
Lorazepam,DB00186,Absence Epilepsy,C0014553,Approved,,
Lorazepam,DB00186,"Epilepsies, Myoclonic",C0014550,Approved,,
Lorazepam,DB00186,Epileptic drop attack,C0270846,Approved,,
Lorazepam,DB00186,Anxiety,C0003467,Approved,,
Lorazepam,DB00186,Status Epilepticus,C0038220,Approved,,
Lorazepam,DB00186,Panic Disorder,C0030319,Approved,,
Esmolol,DB00187,Atrial Fibrillation,C0004238,Approved,,
Esmolol,DB00187,Supraventricular tachycardia,C0039240,Approved,,
Esmolol,DB00187,Perioperative hypertension,C3661921,Approved,,
Bortezomib,DB00188,Multiple Myeloma,C0026764,Approved,,
Bortezomib,DB00188,"Malignant lymphoma, lymphocytic, intermediate differentiation, diffuse",C0334634,Approved,,
Ethchlorvynol,DB00189,Sleeplessness,C0917801,Approved,,
Carbidopa,DB00190,Parkinson Disease,C0030567,Approved,,
Carbidopa,DB00190,Parkinsonian Disorders,C0242422,Approved,,
Carbidopa,DB00190,"Parkinson Disease, Postencephalitic",C0030568,Approved,,
Phentermine,DB00191,Hypotension,C0020649,Approved,,
Phentermine,DB00191,Obesity,C0028754,Approved,,
Tramadol,DB00193,Chronic pain,C0150055,Approved,,
Tramadol,DB00193,Degenerative polyarthritis,C0029408,Approved,,
Tramadol,DB00193,Pain,C0030193,Approved,,
Vidarabine,DB00194,"Keratitis, Dendritic",C0022570,Approved,,
Vidarabine,DB00194,"Keratitis, Herpetic",C0019357,Approved,,
Betaxolol,DB00195,Hypertensive disease,C0020538,Approved,,
Betaxolol,DB00195,Ocular Hypertension,C0028840,Approved,,
Betaxolol,DB00195,"Glaucoma, Open-Angle",C0017612,Approved,,
Fluconazole,DB00196,Oropharyngeal candidiasis,C0919659,Approved,,
Fluconazole,DB00196,Septicemia candida,C0349009,Approved,,
Fluconazole,DB00196,"Candidiasis, Vulvovaginal",C0700345,Approved,,
Fluconazole,DB00196,Oral candidiasis,C0006849,Approved,,
Fluconazole,DB00196,Mucocutaneous candidiasis,C0006848,Approved,,
Fluconazole,DB00196,Candidiasis of the esophagus,C0239295,Approved,,
Fluconazole,DB00196,"Meningitis, Cryptococcal",C0085436,Approved,,
Fluconazole,DB00196,Candidemia,C0877445,Approved,,
Fluconazole,DB00196,Systemic candidiasis,C0153252,Approved,,
Oseltamivir,DB00198,Influenza,C0021400,Approved,,
Erythromycin,DB00199,Diphtheria,C0012546,Approved,,
Erythromycin,DB00199,Ophthalmia Neonatorum,C0029076,Approved,,
Erythromycin,DB00199,Infective otitis media,C0729586,Approved,,
Erythromycin,DB00199,Acute bacterial sinusitis,C0275556,Approved,,
Erythromycin,DB00199,Acute gonococcal endometritis,C0153196,Approved,,
Erythromycin,DB00199,Neonatal pneumonia,C0339968,Approved,,
Erythromycin,DB00199,"Pneumonia, Bacterial",C0004626,Approved,,
Erythromycin,DB00199,Chlamydial urethritis,C1278807,Approved,,
Erythromycin,DB00199,Gonorrhea of rectum,C0275665,Approved,,
Erythromycin,DB00199,Pneumococcal pharyngitis,C0275761,Approved,,
Erythromycin,DB00199,Acute gonococcal urethritis,C0275652,Approved,,
Erythromycin,DB00199,Staphylococcus aureus infection,C1318973,Approved,,
Erythromycin,DB00199,Legionnaires' Disease,C0023241,Approved,,
Erythromycin,DB00199,non-gonococcal urethritis (NGU),C1112709,Approved,,
Erythromycin,DB00199,Streptococcus pyogenes infection,C0554628,Approved,,
Erythromycin,DB00199,Listeriosis,C0023860,Approved,,
Erythromycin,DB00199,Inclusion conjunctivitis,C0009770,Approved,,
Erythromycin,DB00199,Chlamydial cervicitis,C0341834,Approved,,
Erythromycin,DB00199,Pertussis,C0043167,Approved,,
Erythromycin,DB00199,Erythrasma,C0014752,Approved,,
Erythromycin,DB00199,Infection of skin AND/OR subcutaneous tissue,C0178299,Approved,,
Erythromycin,DB00199,Streptococcal pneumonia,C0155862,Approved,,
Erythromycin,DB00199,Syphilis,C0039128,Approved,,
Erythromycin,DB00199,Chlamydial pneumonia,C0339959,Approved,,
Erythromycin,DB00199,Acute gonococcal cervicitis,C0153195,Approved,,
Erythromycin,DB00199,Acne Vulgaris,C0001144,Approved,,
Erythromycin,DB00199,Acute otitis media,C0271429,Approved,,
Erythromycin,DB00199,Mycoplasma pneumonia,C0032302,Approved,,
Erythromycin,DB00199,Gonorrhea,C0018081,Approved,,
Erythromycin,DB00199,Intraabdominal Infections,C1112209,Approved,,
Erythromycin,DB00199,Meningitis,C0025289,Approved,,
Erythromycin,DB00199,Cholangitis,C0008311,Approved,,
Erythromycin,DB00199,Bacterial sepsis,C0684256,Approved,,
Erythromycin,DB00199,Hepatic Coma,C0019147,Approved,,
Erythromycin,DB00199,Infection of bone,C2242472,Approved,,
Erythromycin,DB00199,Urinary tract infection,C0042029,Approved,,
Erythromycin,DB00199,Arthropathy associated with infection,C0157749,Approved,,
Hydroxocobalamin,DB00200,Vitamin B 12 Deficiency,C0042847,Approved,,
Hydroxocobalamin,DB00200,Toxic effect of cyanide,C0238080,Approved,,
Hydroxocobalamin,DB00200,"Anemia, Pernicious",C0002892,Approved,,
Caffeine,DB00201,Headache Disorders,C0393735,Approved,,
Caffeine,DB00201,Allergic rhinitis (disorder),C2607914,Approved,,
Caffeine,DB00201,Pain,C0030193,Approved,,
Caffeine,DB00201,Vascular Headaches,C0042376,Approved,,
Caffeine,DB00201,Back Pain,C0004604,Approved,,
Caffeine,DB00201,Cluster Headache,C0009088,Approved,,
Caffeine,DB00201,Arthralgia,C0003862,Approved,,
Caffeine,DB00201,Influenza-like symptoms,C0392171,Approved,,
Caffeine,DB00201,Common Cold,C0009443,Approved,,
Caffeine,DB00201,Muscle Spasticity,C0026838,Approved,,
Caffeine,DB00201,Rhinorrhea,C1260880,Approved,,
Caffeine,DB00201,Nasal congestion (finding),C0027424,Approved,,
Caffeine,DB00201,Sinus headache,C0037195,Approved,,
Caffeine,DB00201,Dysmenorrhea,C0013390,Approved,,
Caffeine,DB00201,Tension Headache,C0033893,Approved,,
Caffeine,DB00201,Migraine Disorders,C0149931,Approved,,
Caffeine,DB00201,Apnea in the newborn,C0232058,Approved,,
Sildenafil,DB00203,Pulmonary arterial hypertension,C2973725,Approved,,
Sildenafil,DB00203,Erectile dysfunction,C0242350,Approved,,
Pyrimethamine,DB00205,Malaria,C0024530,Approved,,
Pyrimethamine,DB00205,Toxoplasmosis associated with AIDS,C1720498,Approved,,
Pyrimethamine,DB00205,Toxoplasmosis,C0040558,Approved,,
Reserpine,DB00206,Psychotic Disorders,C0033975,Approved,,
Reserpine,DB00206,Hypertensive disease,C0020538,Approved,,
Azithromycin,DB00207,Pulmonary Mycobacterium avium complex infection,C2733595,Approved,,
Azithromycin,DB00207,Streptococcal tonsillitis,C0275804,Approved,,
Azithromycin,DB00207,Pneumonia due to Staphylococcus aureus,C2349530,Approved,,
Azithromycin,DB00207,Acute bacterial bronchitis,C0339933,Approved,,
Azithromycin,DB00207,Infective otitis media,C0729586,Approved,,
Azithromycin,DB00207,Chlamydial pneumonia,C0339959,Approved,,
Azithromycin,DB00207,Chlamydial urethritis,C1278807,Approved,,
Azithromycin,DB00207,Streptococcus pyogenes infection,C0554628,Approved,,
Azithromycin,DB00207,Acute gonococcal cervicitis,C0153195,Approved,,
Azithromycin,DB00207,Legionella pneumophila pneumonia,C0857846,Approved,,
Azithromycin,DB00207,Acute gonococcal urethritis,C0275652,Approved,,
Azithromycin,DB00207,Chancroids,C0007947,Approved,,
Azithromycin,DB00207,Bacterial conjunctivitis,C0009768,Approved,,
Azithromycin,DB00207,"Pneumonia, Bacterial",C0004626,Approved,,
Azithromycin,DB00207,Chlamydial pelvic inflammatory disease,C0520777,Approved,,
Azithromycin,DB00207,Chlamydial cervicitis,C0341834,Approved,,
Azithromycin,DB00207,Streptococcal pneumonia,C0155862,Approved,,
Azithromycin,DB00207,Mycoplasma pneumonia,C0032302,Approved,,
Azithromycin,DB00207,Staphylococcus aureus infection,C1318973,Approved,,
Azithromycin,DB00207,Moraxella catarrhalis pneumonia,C0857831,Approved,,
Azithromycin,DB00207,Acute bacterial sinusitis,C0275556,Approved,,
Azithromycin,DB00207,Pelvic inflammatory disease due to Mycoplasma hominis,C1261256,Approved,,
Azithromycin,DB00207,Haemophilus influenzae pneumonia,C0276026,Approved,,
Azithromycin,DB00207,Acute exacerbation of chronic bronchitis,C0856695,Approved,,
Ticlopidine,DB00208,Cerebrovascular Occlusion,C0596298,Approved,,
Trospium,DB00209,Urge Incontinence,C0150045,Approved,,
Trospium,DB00209,Bladder muscle dysfunction - overactive,C0403643,Approved,,
Trospium,DB00209,Increased frequency of micturition,C0042023,Approved,,
Trospium,DB00209,Urgency of micturition,C0085606,Approved,,
Adapalene,DB00210,Acne Vulgaris,C0001144,Approved,,
Midodrine,DB00211,"Hypotension, Orthostatic",C0020651,Approved,,
Pantoprazole,DB00213,Erosive esophagitis,C0267055,Approved,,
Pantoprazole,DB00213,Zollinger-Ellison syndrome,C0043515,Approved,,
Pantoprazole,DB00213,Gastroesophageal reflux disease,C0017168,Approved,,
Pantoprazole,DB00213,Multiple Endocrine Neoplasia,C0027662,Approved,,
Pantoprazole,DB00213,Peptic Ulcer,C0030920,Approved,,
Torasemide,DB00214,Hypertensive disease,C0020538,Approved,,
Torasemide,DB00214,Edema,C0013604,Approved,,
Torasemide,DB00214,Decompensated cardiac failure,C0581377,Approved,,
Torasemide,DB00214,Renal disease with edema NOS,C0866125,Approved,,
Citalopram,DB00215,Generalized Anxiety Disorder,C0270549,Approved,,
Citalopram,DB00215,Major Depressive Disorder,C1269683,Approved,,
Citalopram,DB00215,Depressive disorder,C0011581,Approved,,
Eletriptan,DB00216,Migraine Disorders,C0149931,Approved,,
Moxifloxacin,DB00218,Chlamydial pneumonia,C0339959,Approved,,
Moxifloxacin,DB00218,Acute bacterial sinusitis,C0275556,Approved,,
Moxifloxacin,DB00218,Acute exacerbation of chronic bronchitis,C0856695,Approved,,
Moxifloxacin,DB00218,Moraxella catarrhalis pneumonia,C0857831,Approved,,
Moxifloxacin,DB00218,Bacterial infection due to Klebsiella pneumoniae,C0343402,Approved,,
Moxifloxacin,DB00218,Mycoplasma pneumonia,C0032302,Approved,,
Moxifloxacin,DB00218,Haemophilus influenzae pneumonia,C0276026,Approved,,
Moxifloxacin,DB00218,Enterobacteriaceae Infections,C0014347,Approved,,
Moxifloxacin,DB00218,Abdominal Abscess,C0243001,Approved,,
Moxifloxacin,DB00218,Staphylococcus aureus infection,C1318973,Approved,,
Moxifloxacin,DB00218,Streptococcus pyogenes infection,C0554628,Approved,,
Moxifloxacin,DB00218,Infection of skin AND/OR subcutaneous tissue,C0178299,Approved,,
Moxifloxacin,DB00218,Staphylococcal Pneumonia,C0032308,Approved,,
Moxifloxacin,DB00218,Peritonitis,C0031154,Approved,,
Moxifloxacin,DB00218,Pneumonia due to Klebsiella pneumoniae,C0519030,Approved,,
Moxifloxacin,DB00218,"Pneumonia, Bacterial",C0004626,Approved,,
Moxifloxacin,DB00218,Streptococcal pneumonia,C0155862,Approved,,
Moxifloxacin,DB00218,Intraabdominal Infections,C1112209,Approved,,
Moxifloxacin,DB00218,Bacterial conjunctivitis,C0009768,Approved,,
Moxifloxacin,DB00218,Rhinoscleroma,C0035468,Approved,,
Moxifloxacin,DB00218,Pneumonic Plague,C0524688,Approved,,
Moxifloxacin,DB00218,"Plague, Septicemic",C0152936,Approved,,
Nelfinavir,DB00220,HIV Infections,C0019693,Approved,,
Glimepiride,DB00222,"Diabetes Mellitus, Non-Insulin-Dependent",C0011860,Approved,,
Diflorasone,DB00223,Pruritus Ani,C0033775,Approved,,
Diflorasone,DB00223,Granuloma Annulare,C0085074,Approved,,
Diflorasone,DB00223,Chronic small plaque psoriasis,C0406317,Approved,,
Diflorasone,DB00223,Exanthema,C0015230,Approved,,
Diflorasone,DB00223,Pruritus of genital organs,C0033777,Approved,,
Diflorasone,DB00223,"Lymphoma, T-Cell, Cutaneous",C0079773,Approved,,
Diflorasone,DB00223,"Lupus Erythematosus, Discoid",C0024138,Approved,,
Diflorasone,DB00223,Lichen Simplex Chronicus,C0149922,Approved,,
Diflorasone,DB00223,Contact Dermatitis,C0011616,Approved,,
Diflorasone,DB00223,Scalp psoriasis,C0406326,Approved,,
Diflorasone,DB00223,Seborrheic dermatitis,C0036508,Approved,,
Diflorasone,DB00223,"Dermatitis, Atopic",C0011615,Approved,,
Indinavir,DB00224,HIV Infections,C0019693,Approved,,
Guanadrel,DB00226,Hypertensive disease,C0020538,Approved,,
Lovastatin,DB00227,Familial hypercholesterolemia - heterozygous,C0342882,Approved,,
Lovastatin,DB00227,Hyperlipidemia,C0020473,Approved,,
Lovastatin,DB00227,Hypercholesterolemia,C0020443,Approved,,
Lovastatin,DB00227,Hypoalphalipoproteinemias,C0473527,Approved,,
Lovastatin,DB00227,"Hyperlipidemia, Familial Combined",C0020474,Approved,,
Lovastatin,DB00227,Hypertriglyceridemia,C0020557,Approved,,
Lovastatin,DB00227,Arteriosclerosis,C0003850,Approved,,
Pregabalin,DB00230,Diabetic peripheral neuropathy,C0740447,Approved,,
Pregabalin,DB00230,Fibromyalgia,C0016053,Approved,,
Pregabalin,DB00230,Postherpetic neuralgia,C0032768,Approved,,
Pregabalin,DB00230,Generalized Anxiety Disorder,C0270549,Approved,,
Temazepam,DB00231,Sleeplessness,C0917801,Approved,,
Methyclothiazide,DB00232,Hypertensive disease,C0020538,Approved,,
Methyclothiazide,DB00232,Renal disease with edema NOS,C0866125,Approved,,
Methyclothiazide,DB00232,Edema,C0013604,Approved,,
Aminosalicylic Acid,DB00233,Acute tuberculosis,C0275959,Approved,,
Aminosalicylic Acid,DB00233,"Tuberculosis, Pulmonary",C0041327,Approved,,
Reboxetine,DB00234,Major Depressive Disorder,C1269683,Approved,,
Milrinone,DB00235,Decompensated cardiac failure,C0581377,Approved,,
Butabarbital,DB00237,Severe anxiety (panic),C0231403,Approved,,
Butabarbital,DB00237,Dysuria,C0013428,Approved,,
Butabarbital,DB00237,Sleeplessness,C0917801,Approved,,
Nevirapine,DB00238,HIV Infections,C0019693,Approved,,
Oxiconazole,DB00239,Tinea corporis (disorder),C0040252,Approved,,
Oxiconazole,DB00239,Tinea Versicolor,C0040262,Approved,,
Oxiconazole,DB00239,Tinea cruris,C1384589,Approved,,
Oxiconazole,DB00239,Tinea Pedis,C0040259,Approved,,
Alclometasone,DB00240,Contact Dermatitis,C0011616,Approved,,
Alclometasone,DB00240,Exanthema,C0015230,Approved,,
Alclometasone,DB00240,"Lymphoma, T-Cell, Cutaneous",C0079773,Approved,,
Alclometasone,DB00240,Chronic small plaque psoriasis,C0406317,Approved,,
Alclometasone,DB00240,Pruritus Ani,C0033775,Approved,,
Alclometasone,DB00240,Lichen Simplex Chronicus,C0149922,Approved,,
Alclometasone,DB00240,"Dermatitis, Atopic",C0011615,Approved,,
Alclometasone,DB00240,Granuloma Annulare,C0085074,Approved,,
Alclometasone,DB00240,Seborrheic dermatitis,C0036508,Approved,,
Alclometasone,DB00240,Scalp psoriasis,C0406326,Approved,,
Alclometasone,DB00240,"Lupus Erythematosus, Discoid",C0024138,Approved,,
Alclometasone,DB00240,Pruritus of genital organs,C0033777,Approved,,
Butalbital,DB00241,Tension Headache,C0033893,Approved,,
Cladribine,DB00242,Hairy Cell Leukemia,C0023443,Approved,,
Ranolazine,DB00243,Angina Pectoris,C0002962,Approved,,
Mesalazine,DB00244,Chronic ulcerative proctitis,C2937222,Approved,,
Mesalazine,DB00244,Ulcerative Colitis,C0009324,Approved,,
Mesalazine,DB00244,Ulcerative colitis in remission,C3697010,Approved,,
Mesalazine,DB00244,Chronic ulcerative rectosigmoiditis,C0267390,Approved,,
Benzatropine,DB00245,Extrapyramidal Disorders,C0015371,Approved,,
Benzatropine,DB00245,"Parkinson Disease, Postencephalitic",C0030568,Approved,,
Benzatropine,DB00245,Parkinson Disease,C0030567,Approved,,
Benzatropine,DB00245,Parkinsonian Disorders,C0242422,Approved,,
Ziprasidone,DB00246,Bipolar disorder in remission,C0270425,Approved,,
Ziprasidone,DB00246,Schizophrenia,C0036341,Approved,,
Ziprasidone,DB00246,Mixed bipolar I disorder,C0236780,Approved,,
Ziprasidone,DB00246,"Bipolar affective disorder, current episode manic",C0338873,Approved,,
Cabergoline,DB00248,Hyperprolactinemia,C0020514,Approved,,
Idoxuridine,DB00249,"Keratitis, Herpetic",C0019357,Approved,,
Dapsone,DB00250,Acne Vulgaris,C0001144,Approved,,
Dapsone,DB00250,Leprosy,C0023343,Approved,,
Dapsone,DB00250,Dermatitis Herpetiformis,C0011608,Approved,,
Terconazole,DB00251,"Candidiasis, Vulvovaginal",C0700345,Approved,,
Phenytoin,DB00252,Status Epilepticus,C0038220,Approved,,
Phenytoin,DB00252,Epilepsy characterized by intractable complex partial seizures,C2711653,Approved,,
Phenytoin,DB00252,Epilepsy,C0014544,Approved,,
Phenytoin,DB00252,Motor cortex epilepsy,C0234978,Approved,,
Phenytoin,DB00252,"Epilepsies, Partial",C0014547,Approved,,
Phenytoin,DB00252,Tonic - clonic seizures,C0494475,Approved,,
Phenytoin,DB00252,Lennox-Gastaut syndrome,C0238111,Approved,,
Phenytoin,DB00252,Tonic-Clonic Epilepsy,C0014549,Approved,,
Phenytoin,DB00252,Bipolar disorder in remission,C0270425,Approved,,
Phenytoin,DB00252,Simple Partial Seizures,C0234974,Approved,,
Medrysone,DB00253,Rosacea,C0035854,Approved,,
Medrysone,DB00253,Iritis,C0022081,Approved,,
Medrysone,DB00253,Punctate keratopathy,C0423234,Approved,,
Medrysone,DB00253,Iridocyclitis,C0022073,Approved,,
Medrysone,DB00253,Corneal abrasion,C0010032,Approved,,
Medrysone,DB00253,Uveitis,C0042164,Approved,,
Medrysone,DB00253,Herpes zoster keratitis,C1275687,Approved,,
Medrysone,DB00253,Corneal Ulcer,C0010043,Approved,,
Medrysone,DB00253,Cyclitis,C0010543,Approved,,
Medrysone,DB00253,Allergic Conjunctivitis,C0009766,Approved,,
Doxycycline,DB00254,Acne Vulgaris,C0001144,Approved,,
Doxycycline,DB00254,Infection of skin AND/OR subcutaneous tissue,C0178299,Approved,,
Doxycycline,DB00254,Brucellosis,C0006309,Approved,,
Doxycycline,DB00254,Scrub Typhus,C0036472,Approved,,
Doxycycline,DB00254,Lymphogranuloma Venereum,C0024286,Approved,,
Doxycycline,DB00254,Rocky Mountain Spotted Fever,C0035793,Approved,,
Doxycycline,DB00254,Acute gonococcal cervicitis,C0153195,Approved,,
Doxycycline,DB00254,Chlamydia trachomatis infection of genital structure,C1997322,Approved,,
Doxycycline,DB00254,Cutaneous anthrax,C0003177,Approved,,
Doxycycline,DB00254,Q Fever,C0034362,Approved,,
Doxycycline,DB00254,Acute gonococcal urethritis,C0275652,Approved,,
Doxycycline,DB00254,Actinomycosis,C0001261,Approved,,
Doxycycline,DB00254,Endemic Flea-Borne Typhus,C0041472,Approved,,
Doxycycline,DB00254,TYPHUS,C0041471,Approved,,
Doxycycline,DB00254,Anthrax disease,C0003175,Approved,,
Doxycycline,DB00254,Cholera,C0008354,Approved,,
Doxycycline,DB00254,Tularemia,C0041351,Approved,,
Doxycycline,DB00254,Chancroids,C0007947,Approved,,
Doxycycline,DB00254,GONOCOCCAL INFECTION DISSEMINATED,C0744451,Approved,,
Doxycycline,DB00254,non-gonococcal urethritis (NGU),C1112709,Approved,,
Doxycycline,DB00254,Pharyngitis,C0031350,Approved,,
Doxycycline,DB00254,Sinusitis,C0037199,Approved,,
Doxycycline,DB00254,Trachoma,C0040592,Approved,,
Doxycycline,DB00254,Boutonneuse Fever,C0006060,Approved,,
Doxycycline,DB00254,Gonorrhea of rectum,C0275665,Approved,,
Doxycycline,DB00254,Yaws,C0043388,Approved,,
Doxycycline,DB00254,Q fever endocarditis,C0340354,Approved,,
Doxycycline,DB00254,Gonorrhea,C0018081,Approved,,
Doxycycline,DB00254,Brill-Zinsser Disease,C0006181,Approved,,
Doxycycline,DB00254,Listeriosis,C0023860,Approved,,
Doxycycline,DB00254,Rickettsia Infections,C0035585,Approved,,
Doxycycline,DB00254,Gonorrhea of pharynx,C0149966,Approved,,
Doxycycline,DB00254,"Typhus, Epidemic Louse-Borne",C0041473,Approved,,
Doxycycline,DB00254,Rickettsialpox,C0035597,Approved,,
Doxycycline,DB00254,Acute gonococcal endometritis,C0153196,Approved,,
Doxycycline,DB00254,Acute gonococcal epididymo-orchitis,C0153193,Approved,,
Doxycycline,DB00254,Inhalational anthrax,C0155866,Approved,,
Doxycycline,DB00254,Gastrointestinal anthrax,C0152945,Approved,,
Doxycycline,DB00254,Syphilis,C0039128,Approved,,
Doxycycline,DB00254,Granuloma Inguinale,C0018190,Approved,,
Doxycycline,DB00254,Mycoplasma pneumonia,C0032302,Approved,,
Doxycycline,DB00254,Bronchitis,C0006277,Approved,,
Doxycycline,DB00254,Bartonella Infections,C0004771,Approved,,
Doxycycline,DB00254,Psittacosis,C0029291,Approved,,
Doxycycline,DB00254,Relapsing Fever,C0035021,Approved,,
Doxycycline,DB00254,"Pneumonia, Bacterial",C0004626,Approved,,
Doxycycline,DB00254,Chlamydia Infections,C0008149,Approved,,
Clotrimazole,DB00257,"Candidiasis, Vulvovaginal",C0700345,Approved,,
Clotrimazole,DB00257,Diaper Rash,C0011974,Approved,,
Clotrimazole,DB00257,Oropharyngeal candidiasis,C0919659,Approved,,
Clotrimazole,DB00257,Tinea corporis (disorder),C0040252,Approved,,
Clotrimazole,DB00257,Cutaneous Candidiasis,C0006846,Approved,,
Clotrimazole,DB00257,Oral candidiasis,C0006849,Approved,,
Clotrimazole,DB00257,Tinea cruris,C1384589,Approved,,
Clotrimazole,DB00257,Tinea Pedis,C0040259,Approved,,
Clotrimazole,DB00257,Tinea Versicolor,C0040262,Approved,,
Calcium Acetate,DB00258,Disorder of electrolytes,C1704431,Approved,,
Calcium Acetate,DB00258,Hypermagnesemia,C0151714,Approved,,
Calcium Acetate,DB00258,Cardiac Arrest,C0018790,Approved,,
Calcium Acetate,DB00258,Hypocalcemia,C0020598,Approved,,
Calcium Acetate,DB00258,Hyperkalemia,C0020461,Approved,,
Calcium Acetate,DB00258,Hypocalcemic tetany,C0151940,Approved,,
Sulfanilamide,DB00259,Vulvovaginitis,C0042998,Approved,,
Sulfanilamide,DB00259,"Candidiasis, Vulvovaginal",C0700345,Approved,,
Cycloserine,DB00260,Escherichia coli urinary tract infection,C0577708,Approved,,
Cycloserine,DB00260,"Tuberculosis, Pulmonary",C0041327,Approved,,
Cycloserine,DB00260,Acute tuberculosis,C0275959,Approved,,
Cycloserine,DB00260,Bacterial urinary infection,C0729524,Approved,,
Anagrelide,DB00261,"Thrombocythemia, Essential",C0040028,Approved,,
Carmustine,DB00262,Malignant neoplasm of brain,C0153633,Approved,,
Carmustine,DB00262,Multiple Myeloma,C0026764,Approved,,
Carmustine,DB00262,Hodgkin Disease,C0019829,Approved,,
Carmustine,DB00262,Diffuse Large B-Cell Lymphoma,C0079744,Approved,,
Carmustine,DB00262,"Lymphoma, Non-Hodgkin",C0024305,Approved,,
Carmustine,DB00262,Malignant Glioma,C0555198,Approved,,
Carmustine,DB00262,Glioblastoma multiforme of brain,C0349543,Approved,,
Sulfisoxazole,DB00263,Chlamydial cervicitis,C0341834,Approved,,
Sulfisoxazole,DB00263,Infective otitis media,C0729586,Approved,,
Sulfisoxazole,DB00263,Chancroids,C0007947,Approved,,
Sulfisoxazole,DB00263,Meningococcal meningitis,C0025294,Approved,,
Sulfisoxazole,DB00263,Acute otitis media,C0271429,Approved,,
Sulfisoxazole,DB00263,Nocardia Infections,C0028242,Approved,,
Sulfisoxazole,DB00263,"Malaria, Falciparum",C0024535,Approved,,
Sulfisoxazole,DB00263,Trachoma,C0040592,Approved,,
Sulfisoxazole,DB00263,Inclusion conjunctivitis,C0009770,Approved,,
Sulfisoxazole,DB00263,Chlamydial urethritis,C1278807,Approved,,
Sulfisoxazole,DB00263,Urinary tract infection,C0042029,Approved,,
Metoprolol,DB00264,Hypertensive disease,C0020538,Approved,,
Metoprolol,DB00264,Myocardial Infarction,C0027051,Approved,,
Metoprolol,DB00264,Acute Coronary Syndrome,C0948089,Approved,,
Metoprolol,DB00264,Angina Pectoris,C0002962,Approved,,
Metoprolol,DB00264,Chronic heart failure,C0264716,Approved,,
Crotamiton,DB00265,Scabies <infestation>,C0036262,Approved,,
Crotamiton,DB00265,Pruritus,C0033774,Approved,,
Dicoumarol,DB00266,Myocardial Infarction,C0027051,Approved,,
Dicoumarol,DB00266,Thromboembolism,C0040038,Approved,,
Dicoumarol,DB00266,Thrombosis,C0040053,Approved,,
Dicoumarol,DB00266,Cerebral Embolism,C0007780,Approved,,
Ropinirole,DB00268,Parkinson Disease,C0030567,Approved,,
Ropinirole,DB00268,Restless Legs Syndrome,C0035258,Approved,,
Isradipine,DB00270,Hypertensive disease,C0020538,Approved,,
Topiramate,DB00273,Tonic-Clonic Epilepsy,C0014549,Approved,,
Topiramate,DB00273,Epilepsy characterized by intractable complex partial seizures,C2711653,Approved,,
Topiramate,DB00273,Lennox-Gastaut syndrome,C0238111,Approved,,
Topiramate,DB00273,Simple Partial Seizures,C0234974,Approved,,
Cefmetazole,DB00274,Pneumonia,C0032285,Approved,,
Cefmetazole,DB00274,Staphylococcal Pneumonia,C0032308,Approved,,
Cefmetazole,DB00274,Infection of skin AND/OR subcutaneous tissue,C0178299,Approved,,
Cefmetazole,DB00274,Pneumonia due to Escherichia coli,C0276089,Approved,,
Cefmetazole,DB00274,Urinary tract infection,C0042029,Approved,,
Cefmetazole,DB00274,Intraabdominal Infections,C1112209,Approved,,
Cefmetazole,DB00274,Haemophilus influenzae pneumonia,C0276026,Approved,,
Cefmetazole,DB00274,Lower respiratory tract infection,C0149725,Approved,,
Olmesartan,DB00275,Hypertensive disease,C0020538,Approved,,
Theophylline,DB00277,Lung diseases,C0024115,Approved,,
Theophylline,DB00277,Status Asthmaticus,C0038218,Approved,,
Theophylline,DB00277,Asthma night-time symptoms,C1273489,Approved,,
Theophylline,DB00277,Asthma,C0004096,Approved,,
Theophylline,DB00277,Bronchitis,C0006277,Approved,,
Theophylline,DB00277,Pulmonary Emphysema,C0034067,Approved,,
Theophylline,DB00277,Asthma-chronic obstructive pulmonary disease overlap syndrome,C4038730,Approved,,
Theophylline,DB00277,Bronchial Spasm,C0006266,Approved,,
Theophylline,DB00277,Asthma attack,C0347950,Approved,,
Argatroban,DB00278,Heparin-induced thrombocytopenia with thrombosis,C0272275,Approved,,
Liothyronine,DB00279,Malignant neoplasm of thyroid,C0007115,Approved,,
Liothyronine,DB00279,Endemic goiter,C0018022,Approved,,
Liothyronine,DB00279,Myxedema,C0027145,Approved,,
Liothyronine,DB00279,Congenital Hypothyroidism,C0010308,Approved,,
Liothyronine,DB00279,Goiter,C0018021,Approved,,
Liothyronine,DB00279,Hypothyroidism,C0020676,Approved,,
Liothyronine,DB00279,Myxedema coma,C0238298,Approved,,
Disopyramide,DB00280,Ventricular arrhythmia,C0085612,Approved,,
Lidocaine,DB00281,Ventricular arrhythmia,C0085612,Approved,,
Lidocaine,DB00281,Scabies <infestation>,C0036262,Approved,,
Lidocaine,DB00281,Infestation by Phthirus pubis,C0030759,Approved,,
Lidocaine,DB00281,Pruritus Ani,C0033775,Approved,,
Lidocaine,DB00281,Pruritus,C0033774,Approved,,
Lidocaine,DB00281,Postherpetic neuralgia,C0032768,Approved,,
Lidocaine,DB00281,Skin irritation,C0152030,Approved,,
Lidocaine,DB00281,Hemorrhoids,C0019112,Approved,,
Lidocaine,DB00281,Urethritis,C0041976,Approved,,
Lidocaine,DB00281,Pediculus capitis infestation,C0030757,Approved,,
Lidocaine,DB00281,Neuralgia,C0027796,Approved,,
Lidocaine,DB00281,Mouth irritation,C0235339,Approved,,
Lidocaine,DB00281,Premature Ejaculation,C0033038,Approved,,
Pamidronate,DB00282,Humoral hypercalcemia of malignancy (disorder),C0149911,Approved,,
Pamidronate,DB00282,Osteolytic Lesions of Multiple Myeloma,C3898069,Approved,,
Pamidronate,DB00282,Osteitis Deformans,C0029401,Approved,,
Clemastine,DB00283,Nasal congestion (finding),C0027424,Approved,,
Clemastine,DB00283,Symptomatic dermographism,C0343065,Approved,,
Clemastine,DB00283,Sneezing,C0037383,Approved,,
Clemastine,DB00283,Urticaria,C0042109,Approved,,
Clemastine,DB00283,Allergic rhinitis (disorder),C2607914,Approved,,
Clemastine,DB00283,Pruritus,C0033774,Approved,,
Clemastine,DB00283,Allergic Conjunctivitis,C0009766,Approved,,
Clemastine,DB00283,Rhinorrhea,C1260880,Approved,,
Clemastine,DB00283,"Rhinitis, Vasomotor",C0035460,Approved,,
Acarbose,DB00284,"Diabetes Mellitus, Non-Insulin-Dependent",C0011860,Approved,,
Venlafaxine,DB00285,"Phobia, Social",C0031572,Approved,,
Venlafaxine,DB00285,Major Depressive Disorder,C1269683,Approved,,
Venlafaxine,DB00285,Generalized Anxiety Disorder,C0270549,Approved,,
Venlafaxine,DB00285,Panic Disorder,C0030319,Approved,,
Conjugated Estrogens,DB00286,Hot flushes,C0600142,Approved,,
Conjugated Estrogens,DB00286,Dyspareunia,C1384606,Approved,,
Travoprost,DB00287,Ocular Hypertension,C0028840,Approved,,
Travoprost,DB00287,"Glaucoma, Open-Angle",C0017612,Approved,,
Amcinonide,DB00288,Granuloma Annulare,C0085074,Approved,,
Amcinonide,DB00288,Contact Dermatitis,C0011616,Approved,,
Amcinonide,DB00288,Pruritus Ani,C0033775,Approved,,
Amcinonide,DB00288,"Lymphoma, T-Cell, Cutaneous",C0079773,Approved,,
Amcinonide,DB00288,Scalp psoriasis,C0406326,Approved,,
Amcinonide,DB00288,Lichen Simplex Chronicus,C0149922,Approved,,
Amcinonide,DB00288,Chronic small plaque psoriasis,C0406317,Approved,,
Amcinonide,DB00288,Pruritus of genital organs,C0033777,Approved,,
Amcinonide,DB00288,"Dermatitis, Atopic",C0011615,Approved,,
Amcinonide,DB00288,Exanthema,C0015230,Approved,,
Amcinonide,DB00288,"Lupus Erythematosus, Discoid",C0024138,Approved,,
Amcinonide,DB00288,Seborrheic dermatitis,C0036508,Approved,,
Atomoxetine,DB00289,Attention deficit hyperactivity disorder,C1263846,Approved,,
Bleomycin,DB00290,Squamous cell carcinoma,C0007137,Approved,,
Bleomycin,DB00290,"Lymphoma, Non-Hodgkin",C0024305,Approved,,
Bleomycin,DB00290,Malignant tumor of cervix,C0007847,Approved,,
Bleomycin,DB00290,Diffuse Large B-Cell Lymphoma,C0079744,Approved,,
Bleomycin,DB00290,"Lymphoma, Follicular",C0024301,Approved,,
Bleomycin,DB00290,"Pleural Effusion, Malignant",C0080032,Approved,,
Bleomycin,DB00290,Cancer of Head and Neck,C0278996,Approved,,
Bleomycin,DB00290,Testicular Germ Cell Tumor,C1336708,Approved,,
Bleomycin,DB00290,Malignant neoplasm of penis,C0153601,Approved,,
Bleomycin,DB00290,FIGO stage finding for vulvar carcinoma,C1272826,Approved,,
Bleomycin,DB00290,Hodgkin Disease,C0019829,Approved,,
Chlorambucil,DB00291,"Lymphoma, Follicular",C0024301,Approved,,
Chlorambucil,DB00291,Hodgkin Disease,C0019829,Approved,,
Chlorambucil,DB00291,Chronic Lymphocytic Leukemia,C0023434,Approved,,
Morphine,DB00295,Chronic pain,C0150055,Approved,,
Morphine,DB00295,Acute postoperative pain,C2215257,Approved,,
Morphine,DB00295,Pain,C0030193,Approved,,
Morphine,DB00295,Severe pain,C0278140,Approved,,
Morphine,DB00295,Diarrhea,C0011991,Approved,,
Bupivacaine,DB00297,Skin irritation,C0152030,Approved,,
Bupivacaine,DB00297,Pruritus,C0033774,Approved,,
Penciclovir,DB00299,Herpes zoster disease,C0019360,Approved,,
Penciclovir,DB00299,Recurrent genital herpes simplex,C1274323,Approved,,
Penciclovir,DB00299,Recurrent herpes simplex labialis,C1274321,Approved,,
Penciclovir,DB00299,Herpes Labialis,C0019345,Approved,,
Tenofovir,DB00300,"Hepatitis B, Chronic",C0524909,Approved,,
Tenofovir,DB00300,HIV Infections,C0019693,Approved,,
Tranexamic Acid,DB00302,Female hypogonadism syndrome,C0271578,Approved,,
Tranexamic Acid,DB00302,Menorrhagia,C0025323,Approved,,
Tranexamic Acid,DB00302,Endometriosis,C0014175,Approved,,
Ertapenem,DB00303,Miscarriage with sepsis,C0269398,Approved,,
Ertapenem,DB00303,Acute bacterial peritonitis,C0275550,Approved,,
Ertapenem,DB00303,Diabetic foot infection,C0744130,Approved,,
Ertapenem,DB00303,Haemophilus influenzae pneumonia,C0276026,Approved,,
Ertapenem,DB00303,Peptostreptococcus infection,C1096562,Approved,,
Ertapenem,DB00303,Abdominal Abscess,C0243001,Approved,,
Ertapenem,DB00303,PYELONEPHRITIS E COLI,C0748196,Approved,,
Ertapenem,DB00303,Streptococcal pneumonia,C0155862,Approved,,
Ertapenem,DB00303,Intraabdominal Infections,C1112209,Approved,,
Ertapenem,DB00303,Female genital tract infection,C1263758,Approved,,
Ertapenem,DB00303,Moraxella catarrhalis pneumonia,C0857831,Approved,,
Ertapenem,DB00303,"Pneumonia, Bacterial",C0004626,Approved,,
Mitomycin,DB00305,Adenocarcinoma of pancreas,C0281361,Approved,,
Mitomycin,DB00305,Malignant neoplasm of stomach stage IV,C0278498,Approved,,
Talbutal,DB00306,Sleeplessness,C0917801,Approved,,
Bexarotene,DB00307,"Lymphoma, T-Cell, Cutaneous",C0079773,Approved,,
Vindesine,DB00309,Malignant neoplasm of lung,C0242379,Approved,,
Vindesine,DB00309,"Myeloid Leukemia, Chronic",C0023473,Approved,,
Vindesine,DB00309,melanoma,C0025202,Approved,,
Vindesine,DB00309,Acute lymphocytic leukemia,C0023449,Approved,,
Chlorthalidone,DB00310,Edema,C0013604,Approved,,
Chlorthalidone,DB00310,Hypertensive disease,C0020538,Approved,,
Pentobarbital,DB00312,Epilepsy,C0014544,Approved,,
Pentobarbital,DB00312,Status Epilepticus,C0038220,Approved,,
Pentobarbital,DB00312,Cerebral Ischemia,C0917798,Approved,,
Pentobarbital,DB00312,Sleeplessness,C0917801,Approved,,
Pentobarbital,DB00312,Severe anxiety (panic),C0231403,Approved,,
Valproic Acid,DB00313,"Bipolar affective disorder, current episode manic",C0338873,Approved,,
Valproic Acid,DB00313,Epilepsy characterized by intractable complex partial seizures,C2711653,Approved,,
Valproic Acid,DB00313,Epilepsy,C0014544,Approved,,
Valproic Acid,DB00313,Absence Epilepsy,C0014553,Approved,,
Capreomycin,DB00314,Acute tuberculosis,C0275959,Approved,,
Capreomycin,DB00314,"Tuberculosis, Pulmonary",C0041327,Approved,,
Zolmitriptan,DB00315,Migraine Disorders,C0149931,Approved,,
Acetaminophen,DB00316,Pain,C0030193,Approved,,
Acetaminophen,DB00316,Tension Headache,C0033893,Approved,,
Acetaminophen,DB00316,Back Pain,C0004604,Approved,,
Acetaminophen,DB00316,Migraine Disorders,C0149931,Approved,,
Acetaminophen,DB00316,Headache Disorders,C0393735,Approved,,
Acetaminophen,DB00316,Arthritic pains,C0857177,Approved,,
Acetaminophen,DB00316,Arthralgia,C0003862,Approved,,
Acetaminophen,DB00316,Fever,C0015967,Approved,,
Acetaminophen,DB00316,Allergic rhinitis (disorder),C2607914,Approved,,
Acetaminophen,DB00316,Sinus headache,C0037195,Approved,,
Acetaminophen,DB00316,Influenza-like symptoms,C0392171,Approved,,
Acetaminophen,DB00316,Toothache,C0040460,Approved,,
Acetaminophen,DB00316,Common Cold,C0009443,Approved,,
Gefitinib,DB00317,Non-Small Cell Lung Carcinoma,C0007131,Approved,,
Gefitinib,DB00317,Epidermal growth factor receptor positive non-small cell lung cancer,C1960925,Approved,,
Codeine,DB00318,Sneezing,C0037383,Approved,,
Codeine,DB00318,Coughing,C0010200,Approved,,
Codeine,DB00318,Common Cold,C0009443,Approved,,
Codeine,DB00318,Fever,C0015967,Approved,,
Codeine,DB00318,Nasal congestion (finding),C0027424,Approved,,
Codeine,DB00318,Sore Throat,C0242429,Approved,,
Codeine,DB00318,Rhinitis,C0035455,Approved,,
Codeine,DB00318,Headache Disorders,C0393735,Approved,,
Codeine,DB00318,Rhinorrhea,C1260880,Approved,,
Codeine,DB00318,Pain,C0030193,Approved,,
Codeine,DB00318,Influenza-like symptoms,C0392171,Approved,,
Codeine,DB00318,Tension Headache,C0033893,Approved,,
Codeine,DB00318,Allergic rhinitis (disorder),C2607914,Approved,,
Piperacillin,DB00319,Enterobacter pneumonia,C1096258,Approved,,
Piperacillin,DB00319,Infection due to Pseudomonas aeruginosa,C0276075,Approved,,
Piperacillin,DB00319,Proteus septicemia,C0577690,Approved,,
Piperacillin,DB00319,Acute gonococcal endometritis,C0153196,Approved,,
Piperacillin,DB00319,Staphylococcus aureus infection,C1318973,Approved,,
Piperacillin,DB00319,Bacterial sepsis,C0684256,Approved,,
Piperacillin,DB00319,Proteus urinary tract infection,C0577709,Approved,,
Piperacillin,DB00319,Acute gonococcal cervicitis,C0153195,Approved,,
Piperacillin,DB00319,Abdominal Abscess,C0243001,Approved,,
Piperacillin,DB00319,URINARY TRACT INFECTION ENTEROCOCCUS,C0749958,Approved,,
Piperacillin,DB00319,Escherichia coli septicemia,C0276088,Approved,,
Piperacillin,DB00319,Nosocomial pneumonia,C0949083,Approved,,
Piperacillin,DB00319,Lower respiratory tract infection,C0149725,Approved,,
Piperacillin,DB00319,Pneumonia due to Escherichia coli,C0276089,Approved,,
Piperacillin,DB00319,Infection of bone,C2242472,Approved,,
Piperacillin,DB00319,Arthropathy associated with infection,C0157749,Approved,,
Piperacillin,DB00319,Escherichia coli Infections,C0014836,Approved,,
Piperacillin,DB00319,Streptococcal sepsis,C0152964,Approved,,
Piperacillin,DB00319,Pelvic Inflammatory Disease,C0242172,Approved,,
Piperacillin,DB00319,Septicemia due to enterococcus,C0588233,Approved,,
Piperacillin,DB00319,Appendicitis,C0003615,Approved,,
Piperacillin,DB00319,Infection of skin AND/OR subcutaneous tissue,C0178299,Approved,,
Piperacillin,DB00319,Enterobacteriaceae Infections,C0014347,Approved,,
Piperacillin,DB00319,Sepsis due to Pseudomonas,C2887096,Approved,,
Piperacillin,DB00319,Postoperative infection,C0392618,Approved,,
Piperacillin,DB00319,Acute gonococcal urethritis,C0275652,Approved,,
Piperacillin,DB00319,Peritonitis,C0031154,Approved,,
Piperacillin,DB00319,Intraabdominal Infections,C1112209,Approved,,
Piperacillin,DB00319,Sepsis due to Gram negative bacteria,C3163829,Approved,,
Piperacillin,DB00319,Pneumonia due to Pseudomonas,C0155860,Approved,,
Piperacillin,DB00319,Rhinoscleroma,C0035468,Approved,,
Piperacillin,DB00319,Diabetic foot infection,C0744130,Approved,,
Piperacillin,DB00319,Bacterial infection due to Klebsiella pneumoniae,C0343402,Approved,,
Piperacillin,DB00319,Gonorrhea,C0018081,Approved,,
Piperacillin,DB00319,Serratia Infections,C0085394,Approved,,
Piperacillin,DB00319,Septicemia due to Bacteroides,C0276064,Approved,,
Piperacillin,DB00319,Serratia sepsis,C0152973,Approved,,
Piperacillin,DB00319,Urinary tract infection,C0042029,Approved,,
Piperacillin,DB00319,Escherichia coli urinary tract infection,C0577708,Approved,,
Piperacillin,DB00319,Haemophilus influenzae pneumonia,C0276026,Approved,,
Piperacillin,DB00319,"Pneumonia, Bacterial",C0004626,Approved,,
Piperacillin,DB00319,Klebsiella cystitis,C0520775,Approved,,
Piperacillin,DB00319,Female genital tract infection,C1263758,Approved,,
Dihydroergotamine,DB00320,Cluster Headache,C0009088,Approved,,
Dihydroergotamine,DB00320,Vascular Headaches,C0042376,Approved,,
Dihydroergotamine,DB00320,Migraine Disorders,C0149931,Approved,,
Amitriptyline,DB00321,Mixed anxiety and depressive disorder,C0338908,Approved,,
Amitriptyline,DB00321,Depressive disorder,C0011581,Approved,,
Floxuridine,DB00322,Malignant neoplasm of liver,C0345904,Approved,,
Floxuridine,DB00322,Primary malignant neoplasm of gastrointestinal tract,C1306632,Approved,,
Tolcapone,DB00323,Parkinson Disease,C0030567,Approved,,
Fluorometholone,DB00324,Uveitis,C0042164,Approved,,
Fluorometholone,DB00324,Herpes zoster keratitis,C1275687,Approved,,
Fluorometholone,DB00324,Cyclitis,C0010543,Approved,,
Fluorometholone,DB00324,Iridocyclitis,C0022073,Approved,,
Fluorometholone,DB00324,Punctate keratopathy,C0423234,Approved,,
Fluorometholone,DB00324,Corneal Ulcer,C0010043,Approved,,
Fluorometholone,DB00324,Corneal abrasion,C0010032,Approved,,
Fluorometholone,DB00324,Rosacea,C0035854,Approved,,
Fluorometholone,DB00324,Allergic Conjunctivitis,C0009766,Approved,,
Fluorometholone,DB00324,Iritis,C0022081,Approved,,
Nitroprusside,DB00325,Hypertensive urgency,C0745138,Approved,,
Nitroprusside,DB00325,Decompensated cardiac failure,C0581377,Approved,,
Nitroprusside,DB00325,Hypertensive disease,C0020538,Approved,,
Nitroprusside,DB00325,Malignant essential hypertension,C0024588,Approved,,
Calcium Gluceptate,DB00326,Hypermagnesemia,C0151714,Approved,,
Calcium Gluceptate,DB00326,Hyperkalemia,C0020461,Approved,,
Calcium Gluceptate,DB00326,Hypocalcemia,C0020598,Approved,,
Calcium Gluceptate,DB00326,Disorder of electrolytes,C1704431,Approved,,
Calcium Gluceptate,DB00326,Hypocalcemic tetany,C0151940,Approved,,
Calcium Gluceptate,DB00326,Cardiac Arrest,C0018790,Approved,,
Hydromorphone,DB00327,Common Cold,C0009443,Approved,,
Hydromorphone,DB00327,Coughing,C0010200,Approved,,
Hydromorphone,DB00327,Acute postoperative pain,C2215257,Approved,,
Hydromorphone,DB00327,Pain,C0030193,Approved,,
Hydromorphone,DB00327,Severe pain,C0278140,Approved,,
Indomethacin,DB00328,Tenosynovitis,C0039520,Approved,,
Indomethacin,DB00328,Bursitis,C0006444,Approved,,
Indomethacin,DB00328,shoulder bursitis,C0262399,Approved,,
Indomethacin,DB00328,Rheumatoid Arthritis,C0003873,Approved,,
Indomethacin,DB00328,Ankylosing spondylitis,C0038013,Approved,,
Indomethacin,DB00328,Patent ductus arteriosus,C0013274,Approved,,
Indomethacin,DB00328,Shoulder tendinitis,C0262633,Approved,,
Indomethacin,DB00328,Synovitis,C0039103,Approved,,
Indomethacin,DB00328,Degenerative polyarthritis,C0029408,Approved,,
Indomethacin,DB00328,Tendinitis,C0039503,Approved,,
Indomethacin,DB00328,Gout,C0018099,Approved,,
Indomethacin,DB00328,Rheumatism,C0035435,Approved,,
Ethambutol,DB00330,Acute tuberculosis,C0275959,Approved,,
Ethambutol,DB00330,"Tuberculosis, Pulmonary",C0041327,Approved,,
Metformin,DB00331,"Diabetes Mellitus, Non-Insulin-Dependent",C0011860,Approved,,
Ipratropium bromide,DB00332,Bronchial Spasm,C0006266,Approved,,
Ipratropium bromide,DB00332,Rhinorrhea,C1260880,Approved,,
Ipratropium bromide,DB00332,Allergic rhinitis (disorder),C2607914,Approved,,
Ipratropium bromide,DB00332,Chronic Obstructive Airway Disease,C0024117,Approved,,
Ipratropium bromide,DB00332,Pulmonary Emphysema,C0034067,Approved,,
Ipratropium bromide,DB00332,Bronchitis,C0006277,Approved,,
Methadone,DB00333,Opioid withdrawal,C0029104,Approved,,
Methadone,DB00333,Severe pain,C0278140,Approved,,
Olanzapine,DB00334,"Depression, Bipolar",C0005587,Approved,,
Olanzapine,DB00334,Bipolar disorder in remission,C0270425,Approved,,
Olanzapine,DB00334,Major Depressive Disorder,C1269683,Approved,,
Olanzapine,DB00334,Mixed bipolar I disorder,C0236780,Approved,,
Olanzapine,DB00334,"Bipolar affective disorder, current episode manic",C0338873,Approved,,
Olanzapine,DB00334,Schizophrenia,C0036341,Approved,,
Atenolol,DB00335,Myocardial Infarction,C0027051,Approved,,
Atenolol,DB00335,Angina Pectoris,C0002962,Approved,,
Atenolol,DB00335,Hypertensive disease,C0020538,Approved,,
Nitrofural,DB00336,Escherichia coli urinary tract infection,C0577708,Approved,,
Nitrofural,DB00336,Klebsiella cystitis,C0520775,Approved,,
Nitrofural,DB00336,URINARY TRACT INFECTION ENTEROCOCCUS,C0749958,Approved,,
Omeprazole,DB00338,Erosive esophagitis,C0267055,Approved,,
Omeprazole,DB00338,Zollinger-Ellison syndrome,C0043515,Approved,,
Omeprazole,DB00338,Peptic Esophagitis,C0014869,Approved,,
Omeprazole,DB00338,Gastroesophageal reflux disease,C0017168,Approved,,
Omeprazole,DB00338,Peptic Ulcer,C0030920,Approved,,
Omeprazole,DB00338,Gastric ulcer,C0038358,Approved,,
Omeprazole,DB00338,Duodenal Ulcer,C0013295,Approved,,
Pyrazinamide,DB00339,Acute tuberculosis,C0275959,Approved,,
Pyrazinamide,DB00339,"Tuberculosis, Pulmonary",C0041327,Approved,,
Pyrazinamide,DB00339,"Tuberculosis, Meningeal",C0041318,Approved,,
Metixene,DB00340,Parkinsonian Disorders,C0242422,Approved,,
Cetirizine,DB00341,Allergic Conjunctivitis,C0009766,Approved,,
Cetirizine,DB00341,Hay fever,C0018621,Approved,,
Cetirizine,DB00341,Rhinorrhea,C1260880,Approved,,
Cetirizine,DB00341,Common Cold,C0009443,Approved,,
Cetirizine,DB00341,Chronic idiopathic urticaria,C0578870,Approved,,
Cetirizine,DB00341,Allergic rhinitis (disorder),C2607914,Approved,,
Cetirizine,DB00341,Nasal congestion (finding),C0027424,Approved,,
Cetirizine,DB00341,"Rhinitis, Vasomotor",C0035460,Approved,,
Cetirizine,DB00341,Sneezing,C0037383,Approved,,
Diltiazem,DB00343,"Angina Pectoris, Variant",C0002963,Approved,,
Diltiazem,DB00343,Hypertensive disease,C0020538,Approved,,
Diltiazem,DB00343,Paroxysmal supraventricular tachycardia,C0030590,Approved,,
Diltiazem,DB00343,Angina Pectoris,C0002962,Approved,,
Diltiazem,DB00343,Atrial Fibrillation,C0004238,Approved,,
Protriptyline,DB00344,Depressive disorder,C0011581,Approved,,
Alfuzosin,DB00346,Prostatic Hypertrophy,C1739363,Approved,,
Trimethadione,DB00347,Epilepsy,C0014544,Approved,,
Trimethadione,DB00347,Absence Epilepsy,C0014553,Approved,,
Nitisinone,DB00348,"Tyrosinemia, Type I",C0268490,Approved,,
Clobazam,DB00349,Lennox-Gastaut syndrome,C0238111,Approved,,
Minoxidil,DB00350,Hypertensive disease,C0020538,Approved,,
Minoxidil,DB00350,Alopecia,C0002170,Approved,,
Megestrol acetate,DB00351,Nutritional deficiency associated with AIDS,C0276587,Approved,,
Megestrol acetate,DB00351,Endometrial Carcinoma,C0476089,Approved,,
Megestrol acetate,DB00351,Hormone receptor positive malignant neoplasm of breast,C1562029,Approved,,
Tioguanine,DB00352,"Leukemia, Myelocytic, Acute",C0023467,Approved,,
Methylergometrine,DB00353,Postpartum Hemorrhage,C0032797,Approved,,
Buclizine,DB00354,Motion Sickness,C0026603,Approved,,
Aztreonam,DB00355,Intraabdominal Infections,C1112209,Approved,,
Aztreonam,DB00355,Serratia Infections,C0085394,Approved,,
Aztreonam,DB00355,Enterobacter pneumonia,C1096258,Approved,,
Aztreonam,DB00355,URINARY TRACT INFECTION CITROBACTER,C0749955,Approved,,
Aztreonam,DB00355,Bacterial urinary infection,C0729524,Approved,,
Aztreonam,DB00355,Klebsiella cystitis,C0520775,Approved,,
Aztreonam,DB00355,Sepsis due to Pseudomonas,C2887096,Approved,,
Aztreonam,DB00355,Pelvic Inflammatory Disease,C0242172,Approved,,
Aztreonam,DB00355,Rhinoscleroma,C0035468,Approved,,
Aztreonam,DB00355,Infection due to Pseudomonas aeruginosa,C0276075,Approved,,
Aztreonam,DB00355,Haemophilus influenzae pneumonia,C0276026,Approved,,
Aztreonam,DB00355,Proteus urinary tract infection,C0577709,Approved,,
Aztreonam,DB00355,Enterobacteriaceae Infections,C0014347,Approved,,
Aztreonam,DB00355,Bacterial peritonitis,C0341503,Approved,,
Aztreonam,DB00355,Pneumonia due to Escherichia coli,C0276089,Approved,,
Aztreonam,DB00355,Escherichia coli Infections,C0014836,Approved,,
Aztreonam,DB00355,Peritonitis,C0031154,Approved,,
Aztreonam,DB00355,Endometritis,C0014179,Approved,,
Aztreonam,DB00355,Escherichia coli urinary tract infection,C0577708,Approved,,
Aztreonam,DB00355,Escherichia coli septicemia,C0276088,Approved,,
Aztreonam,DB00355,Female genital tract infection,C1263758,Approved,,
Aztreonam,DB00355,Infection of skin AND/OR subcutaneous tissue,C0178299,Approved,,
Aztreonam,DB00355,Serratia sepsis,C0152973,Approved,,
Aztreonam,DB00355,Pneumonia due to Pseudomonas,C0155860,Approved,,
Aztreonam,DB00355,Bacterial infection due to Klebsiella pneumoniae,C0343402,Approved,,
Aztreonam,DB00355,Proteus septicemia,C0577690,Approved,,
Aztreonam,DB00355,Lower respiratory tract infection,C0149725,Approved,,
Aztreonam,DB00355,Sepsis due to Gram negative bacteria,C3163829,Approved,,
Aztreonam,DB00355,Urinary tract infection,C0042029,Approved,,
Aztreonam,DB00355,Proteus pneumonia,C1260917,Approved,,
Chlorzoxazone,DB00356,Muscle Spasticity,C0026838,Approved,,
Aminoglutethimide,DB00357,Secondary malignant neoplasm of female breast,C0346993,Approved,,
Mefloquine,DB00358,"Malaria, Vivax",C0024537,Approved,,
Sulfadiazine,DB00359,Toxoplasmosis,C0040558,Approved,,
Sulfadiazine,DB00359,Chorioretinitis,C0008513,Approved,,
Sulfadiazine,DB00359,Ulcerative Colitis,C0009324,Approved,,
Sulfadiazine,DB00359,Toxoplasmosis associated with AIDS,C1720498,Approved,,
Sulfadiazine,DB00359,Skin Ulcer,C0037299,Approved,,
Sulfadiazine,DB00359,"Toxoplasmosis, Congenital",C0040560,Approved,,
Sapropterin,DB00360,Classical phenylketonuria,C0751434,Approved,,
Vinorelbine,DB00361,Non-Small Cell Lung Carcinoma,C0007131,Approved,,
Anidulafungin,DB00362,Candidiasis of the esophagus,C0239295,Approved,,
Anidulafungin,DB00362,candidal peritonitis,C2062982,Approved,,
Anidulafungin,DB00362,Candidemia,C0877445,Approved,,
Clozapine,DB00363,Treatment-resistant schizophrenia,C3544321,Approved,,
Sucralfate,DB00364,Duodenal Ulcer,C0013295,Approved,,
Doxylamine,DB00366,Pruritus,C0033774,Approved,,
Doxylamine,DB00366,Influenza-like symptoms,C0392171,Approved,,
Doxylamine,DB00366,Allergic Conjunctivitis,C0009766,Approved,,
Doxylamine,DB00366,"Rhinitis, Vasomotor",C0035460,Approved,,
Doxylamine,DB00366,Common Cold,C0009443,Approved,,
Doxylamine,DB00366,Hay fever,C0018621,Approved,,
Doxylamine,DB00366,Sneezing,C0037383,Approved,,
Doxylamine,DB00366,Nasal congestion (finding),C0027424,Approved,,
Doxylamine,DB00366,Urticaria,C0042109,Approved,,
Doxylamine,DB00366,Allergic rhinitis (disorder),C2607914,Approved,,
Doxylamine,DB00366,Rhinorrhea,C1260880,Approved,,
Doxylamine,DB00366,Symptomatic dermographism,C0343065,Approved,,
Levonorgestrel,DB00367,Menorrhagia,C0025323,Approved,,
Levonorgestrel,DB00367,Hot flushes,C0600142,Approved,,
Norepinephrine,DB00368,Asthma attack,C0347950,Approved,,
Norepinephrine,DB00368,Bronchitis,C0006277,Approved,,
Norepinephrine,DB00368,Asthma,C0004096,Approved,,
Norepinephrine,DB00368,Hypotension,C0020649,Approved,,
Norepinephrine,DB00368,Bronchiectasis,C0006267,Approved,,
Norepinephrine,DB00368,Pulmonary Emphysema,C0034067,Approved,,
Norepinephrine,DB00368,Parkinson Disease,C0030567,Approved,,
Mirtazapine,DB00370,Major Depressive Disorder,C1269683,Approved,,
Meprobamate,DB00371,Anxiety,C0003467,Approved,,
Timolol,DB00373,Ocular Hypertension,C0028840,Approved,,
Timolol,DB00373,"Glaucoma, Open-Angle",C0017612,Approved,,
Timolol,DB00373,Hypertensive disease,C0020538,Approved,,
Treprostinil,DB00374,Pulmonary arterial hypertension,C2973725,Approved,,
Colestipol,DB00375,Hypercholesterolemia,C0020443,Approved,,
Colestipol,DB00375,Hyperlipidemia,C0020473,Approved,,
Trihexyphenidyl,DB00376,Extrapyramidal Disorders,C0015371,Approved,,
Trihexyphenidyl,DB00376,Parkinsonian Disorders,C0242422,Approved,,
Trihexyphenidyl,DB00376,Parkinson Disease,C0030567,Approved,,
Trihexyphenidyl,DB00376,"Parkinson Disease, Postencephalitic",C0030568,Approved,,
Palonosetron,DB00377,Chemotherapy-induced nausea and vomiting,C0401160,Approved,,
Mexiletine,DB00379,Ventricular arrhythmia,C0085612,Approved,,
Amlodipine,DB00381,"Angina Pectoris, Variant",C0002963,Approved,,
Amlodipine,DB00381,Cerebrovascular accident,C0038454,Approved,,
Amlodipine,DB00381,Hypertensive disease,C0020538,Approved,,
Amlodipine,DB00381,Angina Pectoris,C0002962,Approved,,
Oxyphencyclimine,DB00383,Peptic Ulcer,C0030920,Approved,,
Triamterene,DB00384,Hypertensive disease,C0020538,Approved,,
Triamterene,DB00384,Edema,C0013604,Approved,,
Valrubicin,DB00385,Malignant neoplasm of urinary bladder,C0005684,Approved,,
Procyclidine,DB00387,Parkinson Disease,C0030567,Approved,,
Procyclidine,DB00387,Parkinsonian Disorders,C0242422,Approved,,
Procyclidine,DB00387,Extrapyramidal Disorders,C0015371,Approved,,
Procyclidine,DB00387,"Parkinson Disease, Postencephalitic",C0030568,Approved,,
Phenylephrine,DB00388,Coughing,C0010200,Approved,,
Phenylephrine,DB00388,Sneezing,C0037383,Approved,,
Phenylephrine,DB00388,Rhinorrhea,C1260880,Approved,,
Phenylephrine,DB00388,Fever,C0015967,Approved,,
Phenylephrine,DB00388,Redness of eye,C0235267,Approved,,
Phenylephrine,DB00388,Rectal pain,C0034886,Approved,,
Phenylephrine,DB00388,Allergic Conjunctivitis,C0009766,Approved,,
Phenylephrine,DB00388,Headache Disorders,C0393735,Approved,,
Phenylephrine,DB00388,Rhinitis,C0035455,Approved,,
Phenylephrine,DB00388,Sinus headache,C0037195,Approved,,
Phenylephrine,DB00388,Proctitis,C0033246,Approved,,
Phenylephrine,DB00388,Nasal congestion (finding),C0027424,Approved,,
Phenylephrine,DB00388,Allergic rhinitis (disorder),C2607914,Approved,,
Phenylephrine,DB00388,Hemorrhoids,C0019112,Approved,,
Phenylephrine,DB00388,Hay fever,C0018621,Approved,,
Phenylephrine,DB00388,"Rhinitis, Vasomotor",C0035460,Approved,,
Phenylephrine,DB00388,Influenza-like symptoms,C0392171,Approved,,
Phenylephrine,DB00388,Mydriasis,C0026961,Approved,,
Phenylephrine,DB00388,Common Cold,C0009443,Approved,,
Phenylephrine,DB00388,Pruritus Ani,C0033775,Approved,,
Carbimazole,DB00389,Hyperthyroidism,C0020550,Approved,,
Carbimazole,DB00389,Graves Disease,C0018213,Approved,,
Digoxin,DB00390,Atrial Fibrillation,C0004238,Approved,,
Digoxin,DB00390,Poisoning by digitalis glycoside,C0274726,Approved,,
Digoxin,DB00390,Chronic heart failure,C0264716,Approved,,
Sulpiride,DB00391,Schizophrenia,C0036341,Approved,,
Nimodipine,DB00393,Subarachnoid Hemorrhage,C0038525,Approved,,
Beclomethasone dipropionate,DB00394,Rhinitis,C0035455,Approved,,
Beclomethasone dipropionate,DB00394,Nasal Polyps,C0027430,Approved,,
Beclomethasone dipropionate,DB00394,Asthma,C0004096,Approved,,
Beclomethasone dipropionate,DB00394,Allergic rhinitis (disorder),C2607914,Approved,,
Beclomethasone dipropionate,DB00394,"Rhinitis, Vasomotor",C0035460,Approved,,
Carisoprodol,DB00395,Back Pain,C0004604,Approved,,
Carisoprodol,DB00395,Muscle Spasticity,C0026838,Approved,,
Progesterone,DB00396,Hot flushes,C0600142,Approved,,
Progesterone,DB00396,Endometrial Carcinoma,C0476089,Approved,,
Progesterone,DB00396,Secondary malignant neoplasm of kidney,C0153685,Approved,,
Progesterone,DB00396,Endometriosis,C0014175,Approved,,
Progesterone,DB00396,Metrorrhagia,C0025874,Approved,,
Progesterone,DB00396,Atrophic Vaginitis,C0221392,Approved,,
Progesterone,DB00396,Secondary physiologic amenorrhea,C0232940,Approved,,
Phenylpropanolamine,DB00397,Influenza-like symptoms,C0392171,Approved,,
Phenylpropanolamine,DB00397,Allergic rhinitis (disorder),C2607914,Approved,,
Phenylpropanolamine,DB00397,"Rhinitis, Vasomotor",C0035460,Approved,,
Phenylpropanolamine,DB00397,Nasal congestion (finding),C0027424,Approved,,
Phenylpropanolamine,DB00397,Coughing,C0010200,Approved,,
Phenylpropanolamine,DB00397,Hay fever,C0018621,Approved,,
Phenylpropanolamine,DB00397,Rhinorrhea,C1260880,Approved,,
Phenylpropanolamine,DB00397,Common Cold,C0009443,Approved,,
Phenylpropanolamine,DB00397,Sneezing,C0037383,Approved,,
Phenylpropanolamine,DB00397,Allergic Conjunctivitis,C0009766,Approved,,
Phenylpropanolamine,DB00397,Sinus headache,C0037195,Approved,,
Phenylpropanolamine,DB00397,Rhinitis,C0035455,Approved,,
Sorafenib,DB00398,Renal Cell Carcinoma,C0007134,Approved,,
Sorafenib,DB00398,Liver carcinoma,C2239176,Approved,,
Sorafenib,DB00398,Malignant epithelial neoplasm of thyroid,C3163939,Approved,,
Zoledronic acid,DB00399,Osteoporosis,C0029456,Approved,,
Zoledronic acid,DB00399,Humoral hypercalcemia of malignancy (disorder),C0149911,Approved,,
Zoledronic acid,DB00399,Osteitis Deformans,C0029401,Approved,,
Zoledronic acid,DB00399,Osteolytic Lesions of Multiple Myeloma,C3898069,Approved,,
Zoledronic acid,DB00399,"Osteoporosis, Postmenopausal",C0029458,Approved,,
Griseofulvin,DB00400,Tinea corporis (disorder),C0040252,Approved,,
Griseofulvin,DB00400,Tinea cruris,C1384589,Approved,,
Griseofulvin,DB00400,Tinea Capitis,C0040250,Approved,,
Griseofulvin,DB00400,Onychomycosis,C0040261,Approved,,
Griseofulvin,DB00400,Tinea barbae,C2349994,Approved,,
Griseofulvin,DB00400,Tinea Pedis,C0040259,Approved,,
Nisoldipine,DB00401,Hypertensive disease,C0020538,Approved,,
Eszopiclone,DB00402,Sleeplessness,C0917801,Approved,,
Alprazolam,DB00404,Anxiety,C0003467,Approved,,
Alprazolam,DB00404,Mixed anxiety and depressive disorder,C0338908,Approved,,
Alprazolam,DB00404,Generalized Anxiety Disorder,C0270549,Approved,,
Alprazolam,DB00404,Panic Disorder,C0030319,Approved,,
Dexbrompheniramine,DB00405,Symptomatic dermographism,C0343065,Approved,,
Dexbrompheniramine,DB00405,"Rhinitis, Vasomotor",C0035460,Approved,,
Dexbrompheniramine,DB00405,Influenza-like symptoms,C0392171,Approved,,
Dexbrompheniramine,DB00405,Hay fever,C0018621,Approved,,
Dexbrompheniramine,DB00405,Allergic Conjunctivitis,C0009766,Approved,,
Dexbrompheniramine,DB00405,Pruritus,C0033774,Approved,,
Dexbrompheniramine,DB00405,Urticaria,C0042109,Approved,,
Dexbrompheniramine,DB00405,Allergic rhinitis (disorder),C2607914,Approved,,
Gentian Violet,DB00406,"Candidiasis, Vulvovaginal",C0700345,Approved,,
Loxapine,DB00408,Schizophrenia,C0036341,Approved,,
Loxapine,DB00408,Bipolar Disorder,C0005586,Approved,,
Mupirocin,DB00410,Impetigo,C0021099,Approved,,
Carbachol,DB00411,"Glaucoma, Open-Angle",C0017612,Approved,,
Pramipexole,DB00413,Restless Legs Syndrome,C0035258,Approved,,
Pramipexole,DB00413,Parkinson Disease,C0030567,Approved,,
Ampicillin,DB00415,Acute otitis media,C0271429,Approved,,
Ampicillin,DB00415,Acute bacterial epiglottitis,C0275555,Approved,,
Ampicillin,DB00415,Escherichia coli septicemia,C0276088,Approved,,
Ampicillin,DB00415,Cholangitis,C0008311,Approved,,
Ampicillin,DB00415,"Pneumonia, Bacterial",C0004626,Approved,,
Ampicillin,DB00415,"Meningitis, Escherichia coli",C0338395,Approved,,
Ampicillin,DB00415,Acute exacerbation of chronic bronchitis,C0856695,Approved,,
Ampicillin,DB00415,Acute epiglottitis,C0155814,Approved,,
Ampicillin,DB00415,pharyngitis due to Haemophilus influenzae,C2062475,Approved,,
Ampicillin,DB00415,Septicemia due to enterococcus,C0588233,Approved,,
Ampicillin,DB00415,Streptococcal pneumonia,C0155862,Approved,,
Ampicillin,DB00415,Acute gonococcal cervicitis,C0153195,Approved,,
Ampicillin,DB00415,Gonorrhea of rectum,C0275665,Approved,,
Ampicillin,DB00415,Bacterial peritonitis,C0341503,Approved,,
Ampicillin,DB00415,Female genital tract infection,C1263758,Approved,,
Ampicillin,DB00415,Bacterial Endocarditis,C0014121,Approved,,
Ampicillin,DB00415,Staphylococcus aureus infection,C1318973,Approved,,
Ampicillin,DB00415,Infective otitis media,C0729586,Approved,,
Ampicillin,DB00415,Sepsis due to Staphylococcus aureus,C2887088,Approved,,
Ampicillin,DB00415,Salmonella sepsis,C0152486,Approved,,
Ampicillin,DB00415,Staphylococcal endocarditis,C0520767,Approved,,
Ampicillin,DB00415,Streptococcal endocarditis,C3665800,Approved,,
Ampicillin,DB00415,Bacterial sepsis,C0684256,Approved,,
Ampicillin,DB00415,Streptococcal sepsis,C0152964,Approved,,
Ampicillin,DB00415,Sinusitis,C0037199,Approved,,
Ampicillin,DB00415,Staphylococcal Pneumonia,C0032308,Approved,,
Ampicillin,DB00415,Infection of skin AND/OR subcutaneous tissue,C0178299,Approved,,
Ampicillin,DB00415,Acute gonococcal urethritis,C0275652,Approved,,
Ampicillin,DB00415,"Meningitis, Bacterial",C0085437,Approved,,
Ampicillin,DB00415,Dysentery,C0013369,Approved,,
Ampicillin,DB00415,Gonorrhea,C0018081,Approved,,
Ampicillin,DB00415,Acute gonococcal endometritis,C0153196,Approved,,
Ampicillin,DB00415,"Meningitis, Pneumococcal",C0025295,Approved,,
Ampicillin,DB00415,Shigella Infections,C0013371,Approved,,
Ampicillin,DB00415,Meningococcal meningitis,C0025294,Approved,,
Ampicillin,DB00415,Acute bacterial sinusitis,C0275556,Approved,,
Ampicillin,DB00415,URINARY TRACT INFECTION ENTEROCOCCUS,C0749958,Approved,,
Ampicillin,DB00415,Pharyngitis,C0031350,Approved,,
Ampicillin,DB00415,Urinary tract infection,C0042029,Approved,,
Ampicillin,DB00415,Proteus septicemia,C0577690,Approved,,
Ampicillin,DB00415,Pneumococcal pharyngitis,C0275761,Approved,,
Ampicillin,DB00415,Escherichia coli Infections,C0014836,Approved,,
Ampicillin,DB00415,Proteus urinary tract infection,C0577709,Approved,,
Ampicillin,DB00415,Streptococcal tonsillitis,C0275804,Approved,,
Ampicillin,DB00415,Genitourinary tract infection,C1279247,Approved,,
Ampicillin,DB00415,Intraabdominal Infections,C1112209,Approved,,
Ampicillin,DB00415,Pelvic Inflammatory Disease,C0242172,Approved,,
Ampicillin,DB00415,Enterobacteriaceae Infections,C0014347,Approved,,
Ampicillin,DB00415,Paratyphoid Fever,C0030528,Approved,,
Ampicillin,DB00415,Rhinoscleroma,C0035468,Approved,,
Ampicillin,DB00415,Haemophilus influenzae pneumonia,C0276026,Approved,,
Phenoxymethylpenicillin,DB00417,Pharyngitis,C0031350,Approved,,
Phenoxymethylpenicillin,DB00417,Staphylococcus aureus infection,C1318973,Approved,,
Phenoxymethylpenicillin,DB00417,Fusospirochetal pharyngitis,C1318559,Approved,,
Phenoxymethylpenicillin,DB00417,Acute otitis media,C0271429,Approved,,
Phenoxymethylpenicillin,DB00417,Erysipelas,C0014733,Approved,,
Phenoxymethylpenicillin,DB00417,Infective otitis media,C0729586,Approved,,
Phenoxymethylpenicillin,DB00417,Upper Respiratory Infections,C0041912,Approved,,
Phenoxymethylpenicillin,DB00417,Gingivostomatitis,C0149704,Approved,,
Phenoxymethylpenicillin,DB00417,Streptococcal tonsillitis,C0275804,Approved,,
Phenoxymethylpenicillin,DB00417,Scarlet Fever,C0036285,Approved,,
Phenoxymethylpenicillin,DB00417,Infection of skin AND/OR subcutaneous tissue,C0178299,Approved,,
Secobarbital,DB00418,Epilepsy,C0014544,Approved,,
Secobarbital,DB00418,Status Epilepticus,C0038220,Approved,,
Secobarbital,DB00418,Severe anxiety (panic),C0231403,Approved,,
Secobarbital,DB00418,Sleeplessness,C0917801,Approved,,
Miglustat,DB00419,Gaucher Disease,C0017205,Approved,,
Miglustat,DB00419,"Niemann-Pick Disease, Type C",C0220756,Approved,,
Promazine,DB00420,"Bipolar affective disorder, current episode manic",C0338873,Approved,,
Promazine,DB00420,Angioedema,C0002994,Approved,,
Promazine,DB00420,Vomiting,C0042963,Approved,,
Promazine,DB00420,Symptomatic dermographism,C0343065,Approved,,
Promazine,DB00420,Allergic rhinitis (disorder),C2607914,Approved,,
Promazine,DB00420,Pruritus,C0033774,Approved,,
Promazine,DB00420,Urticaria,C0042109,Approved,,
Promazine,DB00420,Nausea and vomiting,C0027498,Approved,,
Promazine,DB00420,Intractable hiccups,C0744896,Approved,,
Promazine,DB00420,Acute intermittent porphyria,C0162565,Approved,,
Promazine,DB00420,Sneezing,C0037383,Approved,,
Promazine,DB00420,Disruptive Behavior Disorder,C0012734,Approved,,
Promazine,DB00420,Psychotic Disorders,C0033975,Approved,,
Promazine,DB00420,Rhinorrhea,C1260880,Approved,,
Promazine,DB00420,Nasal congestion (finding),C0027424,Approved,,
Promazine,DB00420,Allergic Conjunctivitis,C0009766,Approved,,
Promazine,DB00420,Nausea,C0027497,Approved,,
Promazine,DB00420,Schizophrenia,C0036341,Approved,,
Spironolactone,DB00421,Hypertensive disease,C0020538,Approved,,
Spironolactone,DB00421,Ascites,C0003962,Approved,,
Spironolactone,DB00421,Edema,C0013604,Approved,,
Spironolactone,DB00421,Chronic heart failure,C0264716,Approved,,
Spironolactone,DB00421,Hyperaldosteronism,C0020428,Approved,,
Methylphenidate,DB00422,Attention deficit hyperactivity disorder,C1263846,Approved,,
Methylphenidate,DB00422,Narcolepsy,C0027404,Approved,,
Methocarbamol,DB00423,Muscle Spasticity,C0026838,Approved,,
Hyoscyamine,DB00424,Sinus bradycardia,C0085610,Approved,,
Hyoscyamine,DB00424,Sialorrhea,C0037036,Approved,,
Hyoscyamine,DB00424,Dysuria,C0013428,Approved,,
Hyoscyamine,DB00424,Peptic Ulcer,C0030920,Approved,,
Zolpidem,DB00425,Sleeplessness,C0917801,Approved,,
Zolpidem,DB00425,Initial insomnia,C0393760,Approved,,
Famciclovir,DB00426,Herpes zoster disease,C0019360,Approved,,
Famciclovir,DB00426,Recurrent genital herpes simplex,C1274323,Approved,,
Famciclovir,DB00426,Recurrent herpes simplex labialis,C1274321,Approved,,
Triprolidine,DB00427,Hay fever,C0018621,Approved,,
Triprolidine,DB00427,Rhinorrhea,C1260880,Approved,,
Triprolidine,DB00427,"Rhinitis, Vasomotor",C0035460,Approved,,
Triprolidine,DB00427,Common Cold,C0009443,Approved,,
Triprolidine,DB00427,Urticaria,C0042109,Approved,,
Triprolidine,DB00427,Pruritus,C0033774,Approved,,
Triprolidine,DB00427,Allergic Conjunctivitis,C0009766,Approved,,
Triprolidine,DB00427,Symptomatic dermographism,C0343065,Approved,,
Triprolidine,DB00427,Allergic rhinitis (disorder),C2607914,Approved,,
Carboprost Tromethamine,DB00429,Postpartum Hemorrhage,C0032797,Approved,,
Carboprost Tromethamine,DB00429,Unspecified Abortion,C0156543,Approved,,
Lindane,DB00431,Scabies <infestation>,C0036262,Approved,,
Lindane,DB00431,Pediculus capitis infestation,C0030757,Approved,,
Lindane,DB00431,Infestation by Phthirus pubis,C0030759,Approved,,
Trifluridine,DB00432,Herpes simplex keratoconjunctivitis,C0276228,Approved,,
Trifluridine,DB00432,"Keratitis, Herpetic",C0019357,Approved,,
Trifluridine,DB00432,Malignant tumor of colon,C0007102,Approved,,
Prochlorperazine,DB00433,Schizophrenia,C0036341,Approved,,
Prochlorperazine,DB00433,Nausea and vomiting,C0027498,Approved,,
Cyproheptadine,DB00434,Rhinorrhea,C1260880,Approved,,
Cyproheptadine,DB00434,Allergic Conjunctivitis,C0009766,Approved,,
Cyproheptadine,DB00434,Nasal congestion (finding),C0027424,Approved,,
Cyproheptadine,DB00434,Urticaria,C0042109,Approved,,
Cyproheptadine,DB00434,Sneezing,C0037383,Approved,,
Cyproheptadine,DB00434,Symptomatic dermographism,C0343065,Approved,,
Cyproheptadine,DB00434,Allergic rhinitis (disorder),C2607914,Approved,,
Cyproheptadine,DB00434,Pruritus,C0033774,Approved,,
Nitric Oxide,DB00435,Persistent Fetal Circulation Syndrome,C0031190,Approved,,
Nitric Oxide,DB00435,Pulmonary Hypertension,C0020542,Approved,,
Bendroflumethiazide,DB00436,Hypertensive disease,C0020538,Approved,,
Allopurinol,DB00437,Calcium renal calculus,C1959799,Approved,,
Allopurinol,DB00437,Gout,C0018099,Approved,,
Allopurinol,DB00437,"Arthritis, Gouty",C0003868,Approved,,
Allopurinol,DB00437,Hyperuricemia,C0740394,Approved,,
Allopurinol,DB00437,Uric acid renal calculus,C0558595,Approved,,
Ceftazidime,DB00438,Sepsis due to Pseudomonas,C2887096,Approved,,
Ceftazidime,DB00438,Infection of bone,C2242472,Approved,,
Ceftazidime,DB00438,Meningococcal meningitis,C0025294,Approved,,
Ceftazidime,DB00438,Pneumonia due to Pseudomonas,C0155860,Approved,,
Ceftazidime,DB00438,Proteus urinary tract infection,C0577709,Approved,,
Ceftazidime,DB00438,Bacterial infection due to Klebsiella pneumoniae,C0343402,Approved,,
Ceftazidime,DB00438,Escherichia coli Infections,C0014836,Approved,,
Ceftazidime,DB00438,Escherichia coli septicemia,C0276088,Approved,,
Ceftazidime,DB00438,Infection of skin AND/OR subcutaneous tissue,C0178299,Approved,,
Ceftazidime,DB00438,Peritonitis,C0031154,Approved,,
Ceftazidime,DB00438,Arthropathy associated with infection,C0157749,Approved,,
Ceftazidime,DB00438,Proteus pneumonia,C1260917,Approved,,
Ceftazidime,DB00438,Ecthyma gangrenosum,C0276085,Approved,,
Ceftazidime,DB00438,Staphylococcus aureus infection,C1318973,Approved,,
Ceftazidime,DB00438,Enterobacter pneumonia,C1096258,Approved,,
Ceftazidime,DB00438,Staphylococcal Pneumonia,C0032308,Approved,,
Ceftazidime,DB00438,Bacterial urinary infection,C0729524,Approved,,
Ceftazidime,DB00438,Sepsis due to Staphylococcus aureus,C2887088,Approved,,
Ceftazidime,DB00438,Osteomyelitis due to Staphylococcus aureus,C1997728,Approved,,
Ceftazidime,DB00438,"Pneumonia, Bacterial",C0004626,Approved,,
Ceftazidime,DB00438,Neonatal meningitis,C0456107,Approved,,
Ceftazidime,DB00438,"Meningitis, Bacterial",C0085437,Approved,,
Ceftazidime,DB00438,Haemophilus influenzae pneumonia,C0276026,Approved,,
Ceftazidime,DB00438,Escherichia coli urinary tract infection,C0577708,Approved,,
Ceftazidime,DB00438,Bacterial sepsis,C0684256,Approved,,
Ceftazidime,DB00438,Lower respiratory tract infection,C0149725,Approved,,
Ceftazidime,DB00438,Endometritis,C0014179,Approved,,
Ceftazidime,DB00438,Intraabdominal Infections,C1112209,Approved,,
Ceftazidime,DB00438,Serratia sepsis,C0152973,Approved,,
Ceftazidime,DB00438,Rhinoscleroma,C0035468,Approved,,
Ceftazidime,DB00438,Streptococcus pyogenes infection,C0554628,Approved,,
Ceftazidime,DB00438,Pneumonia due to Escherichia coli,C0276089,Approved,,
Ceftazidime,DB00438,Enterobacteriaceae Infections,C0014347,Approved,,
Ceftazidime,DB00438,Klebsiella cystitis,C0520775,Approved,,
Ceftazidime,DB00438,Haemophilus sepsis,C0854324,Approved,,
Ceftazidime,DB00438,Gonococcal meningitis,C0153225,Approved,,
Ceftazidime,DB00438,Pelvic Inflammatory Disease,C0242172,Approved,,
Ceftazidime,DB00438,Streptococcal sepsis,C0152964,Approved,,
Trimethoprim,DB00440,Urinary tract infection,C0042029,Approved,,
Trimethoprim,DB00440,Bacterial conjunctivitis,C0009768,Approved,,
Trimethoprim,DB00440,Proteus urinary tract infection,C0577709,Approved,,
Trimethoprim,DB00440,Shigella Infections,C0013371,Approved,,
Trimethoprim,DB00440,Blepharoconjunctivitis,C0005743,Approved,,
Trimethoprim,DB00440,Escherichia coli urinary tract infection,C0577708,Approved,,
Trimethoprim,DB00440,Klebsiella cystitis,C0520775,Approved,,
Trimethoprim,DB00440,Bacterial urinary infection,C0729524,Approved,,
Trimethoprim,DB00440,Acute exacerbation of chronic bronchitis,C0856695,Approved,,
Trimethoprim,DB00440,Infective otitis media,C0729586,Approved,,
Trimethoprim,DB00440,Acute otitis media,C0271429,Approved,,
Gemcitabine,DB00441,Non-Small Cell Lung Carcinoma,C0007131,Approved,,
Gemcitabine,DB00441,Adenocarcinoma of pancreas,C0281361,Approved,,
Gemcitabine,DB00441,Malignant neoplasm of ovary,C1140680,Approved,,
Gemcitabine,DB00441,Carcinoma breast stage IV,C0278488,Approved,,
Entecavir,DB00442,"Hepatitis B, Chronic",C0524909,Approved,,
Betamethasone,DB00443,Transplanted organ rejection,C0345468,Approved,,
Betamethasone,DB00443,Chronic small plaque psoriasis,C0406317,Approved,,
Betamethasone,DB00443,Disorder of eye,C0015397,Approved,,
Betamethasone,DB00443,Nephrotic Syndrome,C0027726,Approved,,
Betamethasone,DB00443,"Lupus Erythematosus, Systemic",C0024141,Approved,,
Betamethasone,DB00443,Sarcoidosis,C0036202,Approved,,
Betamethasone,DB00443,Inflammatory Bowel Diseases,C0021390,Approved,,
Betamethasone,DB00443,Cerebral Edema,C0006114,Approved,,
Betamethasone,DB00443,Serum Sickness,C0036830,Approved,,
Betamethasone,DB00443,Seborrheic dermatitis,C0036508,Approved,,
Betamethasone,DB00443,Hodgkin Disease,C0019829,Approved,,
Betamethasone,DB00443,Congenital adrenal hyperplasia,C0001627,Approved,,
Betamethasone,DB00443,Bursitis,C0006444,Approved,,
Betamethasone,DB00443,Asthma,C0004096,Approved,,
Betamethasone,DB00443,Erythema Multiforme,C0014742,Approved,,
Betamethasone,DB00443,Dermatologic disorders,C0037274,Approved,,
Betamethasone,DB00443,Angioedema,C0002994,Approved,,
Betamethasone,DB00443,Crohn Disease,C0010346,Approved,,
Betamethasone,DB00443,Rheumatoid Arthritis,C0003873,Approved,,
Betamethasone,DB00443,Status Asthmaticus,C0038218,Approved,,
Betamethasone,DB00443,Adrenal cortical hypofunction,C0405580,Approved,,
Betamethasone,DB00443,Acquired thrombocytopenia,C0154301,Approved,,
Betamethasone,DB00443,"Lymphoma, Follicular",C0024301,Approved,,
Betamethasone,DB00443,Humoral hypercalcemia of malignancy (disorder),C0149911,Approved,,
Betamethasone,DB00443,Tendinitis,C0039503,Approved,,
Betamethasone,DB00443,Exfoliative dermatitis,C0011606,Approved,,
Betamethasone,DB00443,Synovitis,C0039103,Approved,,
Betamethasone,DB00443,Laryngeal Edema,C0023052,Approved,,
Betamethasone,DB00443,"Lymphoma, T-Cell, Cutaneous",C0079773,Approved,,
Betamethasone,DB00443,Cooley's anemia,C0002875,Approved,,
Betamethasone,DB00443,Scalp psoriasis,C0406326,Approved,,
Betamethasone,DB00443,Allergic rhinitis (disorder),C2607914,Approved,,
Betamethasone,DB00443,Tinea Pedis,C0040259,Approved,,
Betamethasone,DB00443,Lichen Simplex Chronicus,C0149922,Approved,,
Betamethasone,DB00443,Pemphigus,C0030807,Approved,,
Betamethasone,DB00443,Contact Dermatitis,C0011616,Approved,,
Betamethasone,DB00443,Mycosis Fungoides,C0026948,Approved,,
Betamethasone,DB00443,Autoimmune Diseases,C0004364,Approved,,
Betamethasone,DB00443,"Dermatitis, Atopic",C0011615,Approved,,
Betamethasone,DB00443,Multiple Sclerosis,C0026769,Approved,,
Betamethasone,DB00443,Simple Pulmonary Eosinophilia,C0242459,Approved,,
Betamethasone,DB00443,"Lupus Erythematosus, Discoid",C0024138,Approved,,
Betamethasone,DB00443,Epicondylitis,C0014488,Approved,,
Betamethasone,DB00443,Trichinellosis,C0040896,Approved,,
Betamethasone,DB00443,Autoimmune hemolytic anemia,C0002880,Approved,,
Betamethasone,DB00443,Acute lymphocytic leukemia,C0023449,Approved,,
Betamethasone,DB00443,Addisonian crisis,C0151467,Approved,,
Betamethasone,DB00443,Pruritus Ani,C0033775,Approved,,
Betamethasone,DB00443,"Tuberculosis, Miliary",C0041321,Approved,,
Betamethasone,DB00443,Scalp Dermatoses,C0036271,Approved,,
Betamethasone,DB00443,Addison Disease,C0001403,Approved,,
Betamethasone,DB00443,"Arthritis, Psoriatic",C0003872,Approved,,
Betamethasone,DB00443,Tinea cruris,C1384589,Approved,,
Betamethasone,DB00443,Rheumatic Heart Disease,C0035439,Approved,,
Betamethasone,DB00443,"Anemia, Diamond-Blackfan",C1260899,Approved,,
Betamethasone,DB00443,Aspiration pneumonitis,C1761609,Approved,,
Betamethasone,DB00443,Psoriasis,C0033860,Approved,,
Betamethasone,DB00443,Dermatitis Herpetiformis,C0011608,Approved,,
Betamethasone,DB00443,Post traumatic osteoarthritis,C2894027,Approved,,
Betamethasone,DB00443,"Arthritis, Gouty",C0003868,Approved,,
Betamethasone,DB00443,Tinea corporis (disorder),C0040252,Approved,,
Betamethasone,DB00443,Granuloma Annulare,C0085074,Approved,,
Betamethasone,DB00443,Berylliosis,C0005138,Approved,,
Betamethasone,DB00443,Ankylosing spondylitis,C0038013,Approved,,
Betamethasone,DB00443,Adrenogenital disorder,C0701163,Approved,,
Betamethasone,DB00443,Musculoskeletal Diseases,C0026857,Approved,,
Betamethasone,DB00443,Thyroiditis,C0040147,Approved,,
Betamethasone,DB00443,"Lymphoma, Non-Hodgkin",C0024305,Approved,,
Betamethasone,DB00443,Exanthema,C0015230,Approved,,
Betamethasone,DB00443,Tenosynovitis,C0039520,Approved,,
Betamethasone,DB00443,Pruritus of genital organs,C0033777,Approved,,
Teniposide,DB00444,Acute lymphocytic leukemia,C0023449,Approved,,
Epirubicin,DB00445,Breast Carcinoma,C0678222,Approved,,
Chloramphenicol,DB00446,Meningococcal meningitis,C0025294,Approved,,
Chloramphenicol,DB00446,Streptococcal meningitis,C0154639,Approved,,
Chloramphenicol,DB00446,Rickettsia Infections,C0035585,Approved,,
Chloramphenicol,DB00446,Boutonneuse Fever,C0006060,Approved,,
Chloramphenicol,DB00446,Typhoid Fever,C0041466,Approved,,
Chloramphenicol,DB00446,Otitis Externa,C0029878,Approved,,
Chloramphenicol,DB00446,Paratyphoid Fever,C0030528,Approved,,
Chloramphenicol,DB00446,Salmonella infections,C0036117,Approved,,
Lansoprazole,DB00448,Duodenal Ulcer,C0013295,Approved,,
Lansoprazole,DB00448,Gastric ulcer,C0038358,Approved,,
Lansoprazole,DB00448,Zollinger-Ellison syndrome,C0043515,Approved,,
Lansoprazole,DB00448,Erosive esophagitis,C0267055,Approved,,
Lansoprazole,DB00448,Gastroesophageal reflux disease,C0017168,Approved,,
Lansoprazole,DB00448,Peptic Ulcer,C0030920,Approved,,
Dipivefrin,DB00449,"Glaucoma, Open-Angle",C0017612,Approved,,
Levothyroxine,DB00451,Myxedema,C0027145,Approved,,
Levothyroxine,DB00451,Malignant neoplasm of thyroid,C0007115,Approved,,
Levothyroxine,DB00451,Hyperlipidemia,C0020473,Approved,,
Levothyroxine,DB00451,Congenital Hypothyroidism,C0010308,Approved,,
Levothyroxine,DB00451,Hypothyroidism,C0020676,Approved,,
Levothyroxine,DB00451,Hashimoto Disease,C0677607,Approved,,
Levothyroxine,DB00451,Goiter,C0018021,Approved,,
Pethidine,DB00454,Severe pain,C0278140,Approved,,
Pethidine,DB00454,Pain,C0030193,Approved,,
Pethidine,DB00454,Labor Pain,C0474368,Approved,,
Loratadine,DB00455,Sneezing,C0037383,Approved,,
Loratadine,DB00455,Rhinorrhea,C1260880,Approved,,
Loratadine,DB00455,"Rhinitis, Vasomotor",C0035460,Approved,,
Loratadine,DB00455,Hay fever,C0018621,Approved,,
Loratadine,DB00455,Nasal congestion (finding),C0027424,Approved,,
Loratadine,DB00455,Common Cold,C0009443,Approved,,
Loratadine,DB00455,Allergic Conjunctivitis,C0009766,Approved,,
Loratadine,DB00455,Allergic rhinitis (disorder),C2607914,Approved,,
Loratadine,DB00455,Chronic idiopathic urticaria,C0578870,Approved,,
Cefalotin,DB00456,Haemophilus influenzae pneumonia,C0276026,Approved,,
Cefalotin,DB00456,Bacterial infection due to Klebsiella pneumoniae,C0343402,Approved,,
Cefalotin,DB00456,Infection of bone,C2242472,Approved,,
Cefalotin,DB00456,Arthropathy associated with infection,C0157749,Approved,,
Cefalotin,DB00456,Female genital tract infection,C1263758,Approved,,
Cefalotin,DB00456,Infection of skin AND/OR subcutaneous tissue,C0178299,Approved,,
Cefalotin,DB00456,Genitourinary tract infection,C1279247,Approved,,
Cefalotin,DB00456,Pneumonia,C0032285,Approved,,
Cefalotin,DB00456,Urinary tract infection,C0042029,Approved,,
Cefalotin,DB00456,Lower respiratory tract infection,C0149725,Approved,,
Cefalotin,DB00456,Bacterial sepsis,C0684256,Approved,,
Prazosin,DB00457,Hypertensive disease,C0020538,Approved,,
Imipramine,DB00458,Depressive disorder,C0011581,Approved,,
Imipramine,DB00458,Bedwetting,C0270327,Approved,,
Acitretin,DB00459,Psoriasis,C0033860,Approved,,
Verteporfin,DB00460,Choroidal retinal neovascularization,C0271066,Approved,,
Verteporfin,DB00460,Choroidal Neovascularization,C0600518,Approved,,
Verteporfin,DB00460,Ocular histoplasmosis syndrome,C1562543,Approved,,
Verteporfin,DB00460,Exudative age-related macular degeneration,C0271084,Approved,,
Nabumetone,DB00461,Degenerative polyarthritis,C0029408,Approved,,
Nabumetone,DB00461,Rheumatoid Arthritis,C0003873,Approved,,
Methylscopolamine bromide,DB00462,Coughing,C0010200,Approved,,
Methylscopolamine bromide,DB00462,Peptic Ulcer,C0030920,Approved,,
Methylscopolamine bromide,DB00462,Nasal congestion (finding),C0027424,Approved,,
Methylscopolamine bromide,DB00462,Common Cold,C0009443,Approved,,
Methylscopolamine bromide,DB00462,Rhinorrhea,C1260880,Approved,,
Methylscopolamine bromide,DB00462,Irritable Bowel Syndrome,C0022104,Approved,,
Methylscopolamine bromide,DB00462,Allergic rhinitis (disorder),C2607914,Approved,,
Methylscopolamine bromide,DB00462,"Rhinitis, Vasomotor",C0035460,Approved,,
Sodium Tetradecyl Sulfate,DB00464,Varicosity,C0042345,Approved,,
Ketorolac,DB00465,Acute postoperative pain,C2215257,Approved,,
Ketorolac,DB00465,Allergic Conjunctivitis,C0009766,Approved,,
Ketorolac,DB00465,Severe pain,C0278140,Approved,,
Enoxacin,DB00467,Acute gonococcal cervicitis,C0153195,Approved,,
Enoxacin,DB00467,Gonorrhea,C0018081,Approved,,
Enoxacin,DB00467,Acute gonococcal urethritis,C0275652,Approved,,
Enoxacin,DB00467,Gonorrhea of rectum,C0275665,Approved,,
Enoxacin,DB00467,Gonorrhea of pharynx,C0149966,Approved,,
Enoxacin,DB00467,Urinary tract infection,C0042029,Approved,,
Quinine,DB00468,"Malaria, Falciparum",C0024535,Approved,,
Tenoxicam,DB00469,Arthritis,C0003864,Approved,,
Montelukast,DB00471,Allergic rhinitis (disorder),C2607914,Approved,,
Montelukast,DB00471,Allergic asthma,C0155877,Approved,,
Montelukast,DB00471,Intrinsic asthma,C0155880,Approved,,
Fluoxetine,DB00472,Depressive disorder,C0011581,Approved,,
Fluoxetine,DB00472,Bulimia Nervosa,C2267227,Approved,,
Fluoxetine,DB00472,Obsessive-Compulsive Disorder,C0028768,Approved,,
Fluoxetine,DB00472,Major Depressive Disorder,C1269683,Approved,,
Fluoxetine,DB00472,Premenstrual Dysphoric Disorder,C0520676,Approved,,
Fluoxetine,DB00472,Panic Disorder,C0030319,Approved,,
Fluoxetine,DB00472,"Depression, Bipolar",C0005587,Approved,,
Chlordiazepoxide,DB00475,Anxiety,C0003467,Approved,,
Chlordiazepoxide,DB00475,Severe anxiety (panic),C0231403,Approved,,
Chlordiazepoxide,DB00475,Alcohol Withdrawal Delirium,C0001957,Approved,,
Chlordiazepoxide,DB00475,Peptic Ulcer,C0030920,Approved,,
Chlordiazepoxide,DB00475,Irritable Bowel Syndrome,C0022104,Approved,,
Chlordiazepoxide,DB00475,Mixed anxiety and depressive disorder,C0338908,Approved,,
Chlordiazepoxide,DB00475,Alcohol withdrawal syndrome,C0236663,Approved,,
Duloxetine,DB00476,Generalized Anxiety Disorder,C0270549,Approved,,
Duloxetine,DB00476,Diabetic peripheral neuropathy,C0740447,Approved,,
Duloxetine,DB00476,MUSCULOSKELETAL PAIN CHRONIC,C0746683,Approved,,
Duloxetine,DB00476,Fibromyalgia,C0016053,Approved,,
Duloxetine,DB00476,Major Depressive Disorder,C1269683,Approved,,
Duloxetine,DB00476,Female stress incontinence,C0038437,Approved,,
Chlorpromazine,DB00477,Schizophrenia,C0036341,Approved,,
Chlorpromazine,DB00477,"Bipolar affective disorder, current episode manic",C0338873,Approved,,
Chlorpromazine,DB00477,Nausea and vomiting,C0027498,Approved,,
Chlorpromazine,DB00477,Acute intermittent porphyria,C0162565,Approved,,
Chlorpromazine,DB00477,Intractable hiccups,C0744896,Approved,,
Chlorpromazine,DB00477,Psychotic Disorders,C0033975,Approved,,
Chlorpromazine,DB00477,Disruptive Behavior Disorder,C0012734,Approved,,
Rimantadine,DB00478,Influenza due to Influenza A virus,C2711180,Approved,,
Amikacin,DB00479,Enterobacteriaceae Infections,C0014347,Approved,,
Amikacin,DB00479,Diverticulitis of gastrointestinal tract,C0349774,Approved,,
Amikacin,DB00479,Infection due to Pseudomonas aeruginosa,C0276075,Approved,,
Amikacin,DB00479,Proteus septicemia,C0577690,Approved,,
Amikacin,DB00479,Escherichia coli septicemia,C0276088,Approved,,
Amikacin,DB00479,Neonatal pneumonia,C0339968,Approved,,
Amikacin,DB00479,Klebsiella sepsis,C0745528,Approved,,
Amikacin,DB00479,Nosocomial pneumonia,C0949083,Approved,,
Amikacin,DB00479,Bacterial infection due to Klebsiella pneumoniae,C0343402,Approved,,
Amikacin,DB00479,"Meningitis, Bacterial",C0085437,Approved,,
Amikacin,DB00479,Infection of bone,C2242472,Approved,,
Amikacin,DB00479,Staphylococcal Pneumonia,C0032308,Approved,,
Amikacin,DB00479,Pseudomonas aeruginosa meningitis,C3665869,Approved,,
Amikacin,DB00479,Neonatal meningitis,C0456107,Approved,,
Amikacin,DB00479,Arthropathy associated with infection,C0157749,Approved,,
Amikacin,DB00479,"Pneumonia, Bacterial",C0004626,Approved,,
Amikacin,DB00479,Rhinoscleroma,C0035468,Approved,,
Amikacin,DB00479,Cholangitis,C0008311,Approved,,
Amikacin,DB00479,Staphylococcal bacteraemia,C0152965,Approved,,
Amikacin,DB00479,Osteomyelitis,C0029443,Approved,,
Amikacin,DB00479,Pneumonia due to Pseudomonas,C0155860,Approved,,
Amikacin,DB00479,Intraabdominal Infections,C1112209,Approved,,
Amikacin,DB00479,Sepsis due to Pseudomonas,C2887096,Approved,,
Amikacin,DB00479,Meningitis due to Klebsiella mobilis,C1719906,Approved,,
Amikacin,DB00479,Infection of skin AND/OR subcutaneous tissue,C0178299,Approved,,
Amikacin,DB00479,Pneumonia due to Escherichia coli,C0276089,Approved,,
Amikacin,DB00479,Staphylococcal meningitis,C0154640,Approved,,
Amikacin,DB00479,Serratia Infections,C0085394,Approved,,
Amikacin,DB00479,Escherichia coli Infections,C0014836,Approved,,
Amikacin,DB00479,Sepsis due to Gram negative bacteria,C3163829,Approved,,
Amikacin,DB00479,Proteus pneumonia,C1260917,Approved,,
Amikacin,DB00479,Proteus meningitis,C0338396,Approved,,
Amikacin,DB00479,"Meningitis, Escherichia coli",C0338395,Approved,,
Amikacin,DB00479,Serratia sepsis,C0152973,Approved,,
Amikacin,DB00479,Sepsis of the newborn,C0456103,Approved,,
Amikacin,DB00479,Bacterial meningitis due to Gram-negative bacteria,C0854215,Approved,,
Amikacin,DB00479,Pneumonia due to Gram negative bacteria,C0854248,Approved,,
Amikacin,DB00479,Enterobacter pneumonia,C1096258,Approved,,
Amikacin,DB00479,Bacterial sepsis,C0684256,Approved,,
Lenalidomide,DB00480,Multiple Myeloma,C0026764,Approved,,
Lenalidomide,DB00480,"Malignant lymphoma, lymphocytic, intermediate differentiation, diffuse",C0334634,Approved,,
Raloxifene,DB00481,"Osteoporosis, Postmenopausal",C0029458,Approved,,
Celecoxib,DB00482,Acute postoperative pain,C2215257,Approved,,
Celecoxib,DB00482,Dysmenorrhea,C0013390,Approved,,
Celecoxib,DB00482,Rheumatoid Arthritis,C0003873,Approved,,
Celecoxib,DB00482,Ankylosing spondylitis,C0038013,Approved,,
Celecoxib,DB00482,Degenerative polyarthritis,C0029408,Approved,,
Brimonidine,DB00484,"Glaucoma, Open-Angle",C0017612,Approved,,
Brimonidine,DB00484,Ocular Hypertension,C0028840,Approved,,
Dicloxacillin,DB00485,Staphylococcal Pneumonia,C0032308,Approved,,
Dicloxacillin,DB00485,Infection of skin AND/OR subcutaneous tissue,C0178299,Approved,,
Dicloxacillin,DB00485,Staphylococcus aureus infection,C1318973,Approved,,
Altretamine,DB00488,Malignant neoplasm of ovary,C1140680,Approved,,
Buspirone,DB00490,Generalized Anxiety Disorder,C0270549,Approved,,
Miglitol,DB00491,"Diabetes Mellitus, Non-Insulin-Dependent",C0011860,Approved,,
Fosinopril,DB00492,Chronic heart failure,C0264716,Approved,,
Fosinopril,DB00492,Hypertensive disease,C0020538,Approved,,
Cefotaxime,DB00493,Sepsis due to Staphylococcus aureus,C2887088,Approved,,
Cefotaxime,DB00493,Ophthalmia Neonatorum,C0029076,Approved,,
Cefotaxime,DB00493,Neonatal meningitis,C0456107,Approved,,
Cefotaxime,DB00493,Streptococcal meningitis,C0154639,Approved,,
Cefotaxime,DB00493,Infection of bone,C2242472,Approved,,
Cefotaxime,DB00493,Intraabdominal Infections,C1112209,Approved,,
Cefotaxime,DB00493,Haemophilus influenzae type b infection,C2028293,Approved,,
Cefotaxime,DB00493,Haemophilus influenzae pneumonia,C0276026,Approved,,
Cefotaxime,DB00493,Pneumonia due to Pseudomonas,C0155860,Approved,,
Cefotaxime,DB00493,Proteus urinary tract infection,C0577709,Approved,,
Cefotaxime,DB00493,Klebsiella cystitis,C0520775,Approved,,
Cefotaxime,DB00493,Infection of skin AND/OR subcutaneous tissue,C0178299,Approved,,
Cefotaxime,DB00493,Serratia sepsis,C0152973,Approved,,
Cefotaxime,DB00493,Sepsis of the newborn,C0456103,Approved,,
Cefotaxime,DB00493,"Meningitis, Bacterial",C0085437,Approved,,
Cefotaxime,DB00493,Serratia Infections,C0085394,Approved,,
Cefotaxime,DB00493,Bacterial urinary infection,C0729524,Approved,,
Cefotaxime,DB00493,Escherichia coli septicemia,C0276088,Approved,,
Cefotaxime,DB00493,Haemophilus parainfluenzae pneumonia,C0877633,Approved,,
Cefotaxime,DB00493,Female genital tract infection,C1263758,Approved,,
Cefotaxime,DB00493,Peritonitis,C0031154,Approved,,
Cefotaxime,DB00493,Staphylococcal Pneumonia,C0032308,Approved,,
Cefotaxime,DB00493,Bacterial sepsis,C0684256,Approved,,
Cefotaxime,DB00493,Proteus pneumonia,C1260917,Approved,,
Cefotaxime,DB00493,Meningitis due to Klebsiella mobilis,C1719906,Approved,,
Cefotaxime,DB00493,URINARY TRACT INFECTION ENTEROCOCCUS,C0749958,Approved,,
Cefotaxime,DB00493,Escherichia coli urinary tract infection,C0577708,Approved,,
Cefotaxime,DB00493,Enterobacter pneumonia,C1096258,Approved,,
Cefotaxime,DB00493,"Arthritis, Bacterial",C1692886,Approved,,
Cefotaxime,DB00493,Lower respiratory tract infection,C0149725,Approved,,
Cefotaxime,DB00493,Bacterial infection due to Klebsiella pneumoniae,C0343402,Approved,,
Cefotaxime,DB00493,URINARY TRACT INFECTION CITROBACTER,C0749955,Approved,,
Cefotaxime,DB00493,"Meningitis, Escherichia coli",C0338395,Approved,,
Cefotaxime,DB00493,"Pneumonia, Bacterial",C0004626,Approved,,
Cefotaxime,DB00493,Neonatal pneumonia,C0339968,Approved,,
Cefotaxime,DB00493,Streptococcal sepsis,C0152964,Approved,,
Cefotaxime,DB00493,Meningococcal meningitis,C0025294,Approved,,
Cefotaxime,DB00493,Pneumonia due to Escherichia coli,C0276089,Approved,,
Entacapone,DB00494,Parkinson Disease,C0030567,Approved,,
Zidovudine,DB00495,HIV Infections,C0019693,Approved,,
Darifenacin,DB00496,Bladder muscle dysfunction - overactive,C0403643,Approved,,
Darifenacin,DB00496,Urge Incontinence,C0150045,Approved,,
Darifenacin,DB00496,Urgency of micturition,C0085606,Approved,,
Darifenacin,DB00496,Increased frequency of micturition,C0042023,Approved,,
Oxycodone,DB00497,Acute postoperative pain,C2215257,Approved,,
Oxycodone,DB00497,Severe pain,C0278140,Approved,,
Flutamide,DB00499,Prostatic Neoplasms,C0033578,Approved,,
Tolmetin,DB00500,Degenerative polyarthritis,C0029408,Approved,,
Tolmetin,DB00500,Rheumatoid Arthritis,C0003873,Approved,,
Cimetidine,DB00501,Duodenal Ulcer,C0013295,Approved,,
Cimetidine,DB00501,Upper gastrointestinal hemorrhage,C0041909,Approved,,
Cimetidine,DB00501,Dyspepsia,C0013395,Approved,,
Cimetidine,DB00501,Gastroesophageal reflux disease,C0017168,Approved,,
Cimetidine,DB00501,Zollinger-Ellison syndrome,C0043515,Approved,,
Cimetidine,DB00501,Heartburn,C0018834,Approved,,
Cimetidine,DB00501,"Mastocytosis, Systemic",C0221013,Approved,,
Cimetidine,DB00501,Multiple Endocrine Neoplasia,C0027662,Approved,,
Cimetidine,DB00501,Gastric ulcer,C0038358,Approved,,
Haloperidol,DB00502,Chronic schizophrenia,C0221765,Approved,,
Haloperidol,DB00502,Gilles de la Tourette syndrome,C0040517,Approved,,
Haloperidol,DB00502,Schizophrenia,C0036341,Approved,,
Haloperidol,DB00502,Psychotic Disorders,C0033975,Approved,,
Ritonavir,DB00503,HIV Infections,C0019693,Approved,,
Ritonavir,DB00503,"Hepatitis C, Chronic",C0524910,Approved,,
Nitazoxanide,DB00507,Giardiasis,C0017536,Approved,,
Nitazoxanide,DB00507,Cryptosporidiosis,C0010418,Approved,,
Triflupromazine,DB00508,Psychotic Disorders,C0033975,Approved,,
Triflupromazine,DB00508,Nausea,C0027497,Approved,,
Triflupromazine,DB00508,Vomiting,C0042963,Approved,,
Triflupromazine,DB00508,Nausea and vomiting,C0027498,Approved,,
Dextrothyroxine,DB00509,Hyperlipidemia,C0020473,Approved,,
Vancomycin,DB00512,Bacterial Endocarditis,C0014121,Approved,,
Vancomycin,DB00512,Neonatal pneumonia,C0339968,Approved,,
Vancomycin,DB00512,Bacterial sepsis,C0684256,Approved,,
Vancomycin,DB00512,Staphylococcal Pneumonia,C0032308,Approved,,
Vancomycin,DB00512,Sepsis of the newborn,C0456103,Approved,,
Vancomycin,DB00512,Staphylococcus aureus infection,C1318973,Approved,,
Vancomycin,DB00512,Streptococcal endocarditis,C3665800,Approved,,
Vancomycin,DB00512,Staphylococcal bacteraemia,C0152965,Approved,,
Vancomycin,DB00512,Staphylococcal Infections,C0038160,Approved,,
Vancomycin,DB00512,"Enterocolitis, Pseudomembranous",C0014358,Approved,,
Vancomycin,DB00512,Staphylococcal enterocolitis,C0038157,Approved,,
Vancomycin,DB00512,Infection of bone,C2242472,Approved,,
Vancomycin,DB00512,Arthropathy associated with infection,C0157749,Approved,,
Vancomycin,DB00512,Staphylococcal endocarditis,C0520767,Approved,,
Vancomycin,DB00512,Osteomyelitis due to Staphylococcus aureus,C1997728,Approved,,
Dextromethorphan,DB00514,Sneezing,C0037383,Approved,,
Dextromethorphan,DB00514,Mouth irritation,C0235339,Approved,,
Dextromethorphan,DB00514,Headache Disorders,C0393735,Approved,,
Dextromethorphan,DB00514,Influenza-like symptoms,C0392171,Approved,,
Dextromethorphan,DB00514,Pseudobulbar affect,C2316460,Approved,,
Dextromethorphan,DB00514,Allergic rhinitis (disorder),C2607914,Approved,,
Dextromethorphan,DB00514,"Rhinitis, Vasomotor",C0035460,Approved,,
Dextromethorphan,DB00514,Coughing,C0010200,Approved,,
Dextromethorphan,DB00514,Common Cold,C0009443,Approved,,
Dextromethorphan,DB00514,Fever,C0015967,Approved,,
Dextromethorphan,DB00514,Sore Throat,C0242429,Approved,,
Dextromethorphan,DB00514,Rhinorrhea,C1260880,Approved,,
Dextromethorphan,DB00514,Nasal congestion (finding),C0027424,Approved,,
Dextromethorphan,DB00514,Rhinitis,C0035455,Approved,,
Cisplatin,DB00515,Malignant neoplasm of ovary,C1140680,Approved,,
Cisplatin,DB00515,Testicular Germ Cell Tumor,C1336708,Approved,,
Anisotropine Methylbromide,DB00517,Gastric ulcer,C0038358,Approved,,
Anisotropine Methylbromide,DB00517,Peptic Ulcer,C0030920,Approved,,
Albendazole,DB00518,Echinococcus granulosus infection of liver,C0153289,Approved,,
Albendazole,DB00518,Echinococcus granulosus infection of lung,C0153290,Approved,,
Albendazole,DB00518,Neurocysticercosis,C0338437,Approved,,
Albendazole,DB00518,Echinococcus granulosus infection,C0152068,Approved,,
Trandolapril,DB00519,Chronic heart failure,C0264716,Approved,,
Trandolapril,DB00519,Hypertensive disease,C0020538,Approved,,
Caspofungin,DB00520,candidal peritonitis,C2062982,Approved,,
Caspofungin,DB00520,Candidiasis of the esophagus,C0239295,Approved,,
Caspofungin,DB00520,Candidemia,C0877445,Approved,,
Carteolol,DB00521,"Glaucoma, Open-Angle",C0017612,Approved,,
Carteolol,DB00521,Hypertensive disease,C0020538,Approved,,
Carteolol,DB00521,Ocular Hypertension,C0028840,Approved,,
Metolazone,DB00524,Hypertensive disease,C0020538,Approved,,
Metolazone,DB00524,Renal disease with edema NOS,C0866125,Approved,,
Tolnaftate,DB00525,Tinea cruris,C1384589,Approved,,
Tolnaftate,DB00525,Tinea manus,C0153246,Approved,,
Tolnaftate,DB00525,Tinea Versicolor,C0040262,Approved,,
Tolnaftate,DB00525,Tinea corporis (disorder),C0040252,Approved,,
Tolnaftate,DB00525,Tinea Capitis,C0040250,Approved,,
Tolnaftate,DB00525,Tinea Pedis,C0040259,Approved,,
Tolnaftate,DB00525,Tinea barbae,C2349994,Approved,,
Oxaliplatin,DB00526,Metastasis from malignant tumor of colon,C1282500,Approved,,
Cinchocaine,DB00527,Skin irritation,C0152030,Approved,,
Cinchocaine,DB00527,Pruritus,C0033774,Approved,,
Lercanidipine,DB00528,Hypertensive disease,C0020538,Approved,,
Erlotinib,DB00530,Non-Small Cell Lung Carcinoma,C0007131,Approved,,
Erlotinib,DB00530,Adenocarcinoma of pancreas,C0281361,Approved,,
Cyclophosphamide,DB00531,Lymphoma,C0024299,Approved,,
Cyclophosphamide,DB00531,Multiple Myeloma,C0026764,Approved,,
Cyclophosphamide,DB00531,Mycosis Fungoides,C0026948,Approved,,
Cyclophosphamide,DB00531,Neuroblastoma,C0027819,Approved,,
Cyclophosphamide,DB00531,Retinoblastoma,C0035335,Approved,,
Cefdinir,DB00535,Moraxella catarrhalis pneumonia,C0857831,Approved,,
Cefdinir,DB00535,Streptococcus pyogenes infection,C0554628,Approved,,
Cefdinir,DB00535,Haemophilus influenzae pneumonia,C0276026,Approved,,
Cefdinir,DB00535,Acute Moraxella catarrhalis bronchitis,C0339932,Approved,,
Cefdinir,DB00535,Streptococcal tonsillitis,C0275804,Approved,,
Cefdinir,DB00535,Staphylococcus aureus infection,C1318973,Approved,,
Cefdinir,DB00535,Haemophilus parainfluenzae pneumonia,C0877633,Approved,,
Cefdinir,DB00535,Infective otitis media,C0729586,Approved,,
Guanidine,DB00536,Lambert-Eaton Myasthenic Syndrome,C0022972,Approved,,
Ciprofloxacin,DB00537,Acute gonococcal urethritis,C0275652,Approved,,
Ciprofloxacin,DB00537,Infective otitis externa,C0021355,Approved,,
Ciprofloxacin,DB00537,Enterobacteriaceae Infections,C0014347,Approved,,
Ciprofloxacin,DB00537,Acute Moraxella catarrhalis bronchitis,C0339932,Approved,,
Ciprofloxacin,DB00537,Escherichia coli septicemia,C0276088,Approved,,
Ciprofloxacin,DB00537,Typhoid Fever,C0041466,Approved,,
Ciprofloxacin,DB00537,Bacterial conjunctivitis,C0009768,Approved,,
Ciprofloxacin,DB00537,Streptococcus pyogenes infection,C0554628,Approved,,
Ciprofloxacin,DB00537,Pneumonia due to Pseudomonas,C0155860,Approved,,
Ciprofloxacin,DB00537,Staphylococcus aureus infection,C1318973,Approved,,
Ciprofloxacin,DB00537,Infection of bone,C2242472,Approved,,
Ciprofloxacin,DB00537,Anthrax disease,C0003175,Approved,,
Ciprofloxacin,DB00537,"Pneumonia, Bacterial",C0004626,Approved,,
Ciprofloxacin,DB00537,Infective cystitis,C0600041,Approved,,
Ciprofloxacin,DB00537,Haemophilus parainfluenzae pneumonia,C0877633,Approved,,
Ciprofloxacin,DB00537,Malignant otitis externa due to Pseudomonas aeruginosa,C0395818,Approved,,
Ciprofloxacin,DB00537,Enterobacter pneumonia,C1096258,Approved,,
Ciprofloxacin,DB00537,Rhinoscleroma,C0035468,Approved,,
Ciprofloxacin,DB00537,Nosocomial pneumonia,C0949083,Approved,,
Ciprofloxacin,DB00537,Arthropathy associated with infection,C0157749,Approved,,
Ciprofloxacin,DB00537,URINARY TRACT INFECTION CITROBACTER,C0749955,Approved,,
Ciprofloxacin,DB00537,Acute gonococcal cervicitis,C0153195,Approved,,
Ciprofloxacin,DB00537,Chancroids,C0007947,Approved,,
Ciprofloxacin,DB00537,Haemophilus influenzae pneumonia,C0276026,Approved,,
Ciprofloxacin,DB00537,Escherichia coli urinary tract infection,C0577708,Approved,,
Ciprofloxacin,DB00537,URINARY TRACT INFECTION ENTEROCOCCUS,C0749958,Approved,,
Ciprofloxacin,DB00537,Cystitis,C0010692,Approved,,
Ciprofloxacin,DB00537,Traveler's diarrhea,C0277528,Approved,,
Ciprofloxacin,DB00537,Acute osteomyelitis,C0158371,Approved,,
Ciprofloxacin,DB00537,prostatitis,C0033581,Approved,,
Ciprofloxacin,DB00537,Proteus urinary tract infection,C0577709,Approved,,
Ciprofloxacin,DB00537,Lower respiratory tract infection,C0149725,Approved,,
Ciprofloxacin,DB00537,Bacterial urinary infection,C0729524,Approved,,
Ciprofloxacin,DB00537,Cystitis escherichia,C0853852,Approved,,
Ciprofloxacin,DB00537,Klebsiella cystitis,C0520775,Approved,,
Ciprofloxacin,DB00537,Escherichia coli Infections,C0014836,Approved,,
Ciprofloxacin,DB00537,Intraabdominal Infections,C1112209,Approved,,
Ciprofloxacin,DB00537,Abdominal Abscess,C0243001,Approved,,
Ciprofloxacin,DB00537,Chronic Bacterial Prostatitis,C1720797,Approved,,
Ciprofloxacin,DB00537,Shigella Infections,C0013371,Approved,,
Ciprofloxacin,DB00537,Infection of skin AND/OR subcutaneous tissue,C0178299,Approved,,
Ciprofloxacin,DB00537,Acute maxillary sinusitis,C0155804,Approved,,
Ciprofloxacin,DB00537,Pneumonia due to Escherichia coli,C0276089,Approved,,
Ciprofloxacin,DB00537,Otitis Externa,C0029878,Approved,,
Ciprofloxacin,DB00537,PYELONEPHRITIS E COLI,C0748196,Approved,,
Ciprofloxacin,DB00537,Proteus pneumonia,C1260917,Approved,,
Ciprofloxacin,DB00537,Bacterial infection due to Klebsiella pneumoniae,C0343402,Approved,,
Ciprofloxacin,DB00537,Enteric campylobacteriosis,C0275982,Approved,,
Toremifene,DB00539,Carcinoma breast stage IV,C0278488,Approved,,
Nortriptyline,DB00540,Depressive disorder,C0011581,Approved,,
Vincristine,DB00541,Rhabdomyosarcoma,C0035412,Approved,,
Vincristine,DB00541,Nephroblastoma,C0027708,Approved,,
Vincristine,DB00541,"Lymphoma, Follicular",C0024301,Approved,,
Vincristine,DB00541,Acute lymphocytic leukemia,C0023449,Approved,,
Vincristine,DB00541,Diffuse Large B-Cell Lymphoma,C0079744,Approved,,
Vincristine,DB00541,Burkitt Lymphoma,C0006413,Approved,,
Vincristine,DB00541,Hodgkin Disease,C0019829,Approved,,
Vincristine,DB00541,Neuroblastoma,C0027819,Approved,,
Vincristine,DB00541,"Lymphoma, Non-Hodgkin",C0024305,Approved,,
Benazepril,DB00542,Hypertensive disease,C0020538,Approved,,
Amoxapine,DB00543,Depressive disorder,C0011581,Approved,,
Fluorouracil,DB00544,Adenocarcinoma of pancreas,C0281361,Approved,,
Fluorouracil,DB00544,Malignant tumor of colon,C0007102,Approved,,
Fluorouracil,DB00544,Superficial basal cell carcinoma,C0862889,Approved,,
Fluorouracil,DB00544,Metastasis from malignant tumor of colon,C1282500,Approved,,
Fluorouracil,DB00544,Actinic keratosis,C0022602,Approved,,
Fluorouracil,DB00544,Carcinoma breast stage IV,C0278488,Approved,,
Fluorouracil,DB00544,Malignant neoplasm of stomach,C0024623,Approved,,
Pyridostigmine,DB00545,Myasthenia Gravis,C0026896,Approved,,
Desoximetasone,DB00547,Chronic small plaque psoriasis,C0406317,Approved,,
Desoximetasone,DB00547,Pruritus of genital organs,C0033777,Approved,,
Desoximetasone,DB00547,Contact Dermatitis,C0011616,Approved,,
Desoximetasone,DB00547,Granuloma Annulare,C0085074,Approved,,
Desoximetasone,DB00547,Exanthema,C0015230,Approved,,
Desoximetasone,DB00547,"Lymphoma, T-Cell, Cutaneous",C0079773,Approved,,
Desoximetasone,DB00547,Seborrheic dermatitis,C0036508,Approved,,
Desoximetasone,DB00547,Pruritus Ani,C0033775,Approved,,
Desoximetasone,DB00547,Scalp psoriasis,C0406326,Approved,,
Desoximetasone,DB00547,"Lupus Erythematosus, Discoid",C0024138,Approved,,
Desoximetasone,DB00547,"Dermatitis, Atopic",C0011615,Approved,,
Desoximetasone,DB00547,Lichen Simplex Chronicus,C0149922,Approved,,
Azelaic Acid,DB00548,Acne Vulgaris,C0001144,Approved,,
Zafirlukast,DB00549,Asthma,C0004096,Approved,,
Propylthiouracil,DB00550,Thyroid Crisis,C0040127,Approved,,
Propylthiouracil,DB00550,Hyperthyroidism,C0020550,Approved,,
Acetohydroxamic Acid,DB00551,Urinary tract infection,C0042029,Approved,,
Pentostatin,DB00552,Hairy Cell Leukemia,C0023443,Approved,,
Methoxsalen,DB00553,"Lymphoma, T-Cell, Cutaneous",C0079773,Approved,,
Methoxsalen,DB00553,Vitiligo,C0042900,Approved,,
Piroxicam,DB00554,Degenerative polyarthritis,C0029408,Approved,,
Piroxicam,DB00554,Rheumatoid Arthritis,C0003873,Approved,,
Lamotrigine,DB00555,Epilepsy,C0014544,Approved,,
Lamotrigine,DB00555,Lennox-Gastaut syndrome,C0238111,Approved,,
Lamotrigine,DB00555,Simple Partial Seizures,C0234974,Approved,,
Lamotrigine,DB00555,Epilepsy characterized by intractable complex partial seizures,C2711653,Approved,,
Lamotrigine,DB00555,Tonic - clonic seizures,C0494475,Approved,,
Lamotrigine,DB00555,Bipolar disorder in remission,C0270425,Approved,,
Hydroxyzine,DB00557,Allergic Conjunctivitis,C0009766,Approved,,
Hydroxyzine,DB00557,Rhinorrhea,C1260880,Approved,,
Hydroxyzine,DB00557,Urticaria,C0042109,Approved,,
Hydroxyzine,DB00557,Symptomatic dermographism,C0343065,Approved,,
Hydroxyzine,DB00557,Pruritus,C0033774,Approved,,
Hydroxyzine,DB00557,"Dermatitis, Atopic",C0011615,Approved,,
Hydroxyzine,DB00557,Allergic rhinitis (disorder),C2607914,Approved,,
Zanamivir,DB00558,Influenza,C0021400,Approved,,
Bosentan,DB00559,Pulmonary arterial hypertension,C2973725,Approved,,
Bosentan,DB00559,Pulmonary Hypertension,C0020542,Approved,,
Bosentan,DB00559,Scleroderma,C0011644,Approved,,
Tigecycline,DB00560,Complicated appendicitis,C1632842,Approved,,
Tigecycline,DB00560,Haemophilus influenzae pneumonia,C0276026,Approved,,
Tigecycline,DB00560,Abdominal Abscess,C0243001,Approved,,
Tigecycline,DB00560,Intraabdominal Infections,C1112209,Approved,,
Tigecycline,DB00560,Legionella pneumophila pneumonia,C0857846,Approved,,
Doxapram,DB00561,Respiratory Depression,C0235063,Approved,,
Methotrexate,DB00563,Psoriasis,C0033860,Approved,,
Methotrexate,DB00563,Malignant epithelial neoplasm of female breast,C3163805,Approved,,
Methotrexate,DB00563,Cancer of Head and Neck,C0278996,Approved,,
Methotrexate,DB00563,Gestational Trophoblastic Neoplasms,C1135868,Approved,,
Methotrexate,DB00563,Mycosis Fungoides,C0026948,Approved,,
Methotrexate,DB00563,"Lymphoma, Non-Hodgkin",C0024305,Approved,,
Methotrexate,DB00563,Meningeal Leukemia,C0948840,Approved,,
Methotrexate,DB00563,Acute lymphocytic leukemia,C0023449,Approved,,
Methotrexate,DB00563,Malignant neoplasm of lung,C0242379,Approved,,
Methotrexate,DB00563,Burkitt Lymphoma,C0006413,Approved,,
Methotrexate,DB00563,Rheumatoid Arthritis,C0003873,Approved,,
Methotrexate,DB00563,Osteosarcoma of bone,C0585442,Approved,,
Carbamazepine,DB00564,Epilepsy,C0014544,Approved,,
Carbamazepine,DB00564,Tonic - clonic seizures,C0494475,Approved,,
Carbamazepine,DB00564,Epilepsy characterized by intractable complex partial seizures,C2711653,Approved,,
Carbamazepine,DB00564,Simple Partial Seizures,C0234974,Approved,,
Carbamazepine,DB00564,Lennox-Gastaut syndrome,C0238111,Approved,,
Carbamazepine,DB00564,Glossopharyngeal Neuralgia,C0154731,Approved,,
Carbamazepine,DB00564,Mixed bipolar I disorder,C0236780,Approved,,
Carbamazepine,DB00564,Tonic-Clonic Epilepsy,C0014549,Approved,,
Carbamazepine,DB00564,"Bipolar affective disorder, current episode manic",C0338873,Approved,,
Carbamazepine,DB00564,Bipolar disorder in remission,C0270425,Approved,,
Carbamazepine,DB00564,"Epilepsies, Partial",C0014547,Approved,,
Carbamazepine,DB00564,mixed; epileptic,C1398376,Approved,,
Carbamazepine,DB00564,Trigeminal Neuralgia,C0040997,Approved,,
Succimer,DB00566,Accidental poisoning by lead and its compounds and fumes,C0261486,Approved,,
Cephalexin,DB00567,Infective otitis media,C0729586,Approved,,
Cephalexin,DB00567,prostatitis,C0033581,Approved,,
Cephalexin,DB00567,Klebsiella cystitis,C0520775,Approved,,
Cephalexin,DB00567,Infection of skin AND/OR subcutaneous tissue,C0178299,Approved,,
Cephalexin,DB00567,Arthropathy associated with infection,C0157749,Approved,,
Cephalexin,DB00567,Acute otitis media,C0271429,Approved,,
Cephalexin,DB00567,Streptococcus pyogenes infection,C0554628,Approved,,
Cephalexin,DB00567,Proteus urinary tract infection,C0577709,Approved,,
Cephalexin,DB00567,Osteomyelitis due to Staphylococcus aureus,C1997728,Approved,,
Cephalexin,DB00567,Streptococcal tonsillitis,C0275804,Approved,,
Cephalexin,DB00567,Infection of bone,C2242472,Approved,,
Cephalexin,DB00567,Escherichia coli urinary tract infection,C0577708,Approved,,
Cephalexin,DB00567,Staphylococcus aureus infection,C1318973,Approved,,
Cinnarizine,DB00568,Vertigo,C0042571,Approved,,
Cinnarizine,DB00568,Nausea,C0027497,Approved,,
Cinnarizine,DB00568,Motion Sickness,C0026603,Approved,,
Fondaparinux sodium,DB00569,Pulmonary Thromboembolisms,C0524702,Approved,,
Fondaparinux sodium,DB00569,Deep Vein Thrombosis,C0149871,Approved,,
Vinblastine,DB00570,Gestational Trophoblastic Neoplasms,C1135868,Approved,,
Vinblastine,DB00570,Hodgkin Disease,C0019829,Approved,,
Vinblastine,DB00570,Carcinoma breast stage IV,C0278488,Approved,,
Vinblastine,DB00570,Letterer-Siwe Disease,C0023381,Approved,,
Vinblastine,DB00570,Malignant neoplasm of testis,C0153594,Approved,,
Vinblastine,DB00570,"Lymphoma, Non-Hodgkin",C0024305,Approved,,
Vinblastine,DB00570,Mycosis Fungoides,C0026948,Approved,,
Vinblastine,DB00570,Kaposi Sarcoma,C0036220,Approved,,
Vinblastine,DB00570,Malignant epithelial neoplasm of female breast,C3163805,Approved,,
Propranolol,DB00571,Idiopathic hypertrophic subaortic stenosis,C0700053,Approved,,
Propranolol,DB00571,Atrial Fibrillation,C0004238,Approved,,
Propranolol,DB00571,Supraventricular tachycardia,C0039240,Approved,,
Propranolol,DB00571,Angina Pectoris,C0002962,Approved,,
Propranolol,DB00571,Hypertrophic Cardiomyopathy,C0007194,Approved,,
Propranolol,DB00571,Hypertensive disease,C0020538,Approved,,
Propranolol,DB00571,Hemangioma,C0018916,Approved,,
Fenoprofen,DB00573,Rheumatoid Arthritis,C0003873,Approved,,
Fenoprofen,DB00573,Degenerative polyarthritis,C0029408,Approved,,
Fenoprofen,DB00573,Pain,C0030193,Approved,,
Clonidine,DB00575,"Glaucoma, Open-Angle",C0017612,Approved,,
Clonidine,DB00575,Attention deficit hyperactivity disorder,C1263846,Approved,,
Clonidine,DB00575,Hypertensive disease,C0020538,Approved,,
Clonidine,DB00575,Severe pain,C0278140,Approved,,
Sulfamethizole,DB00576,Proteus urinary tract infection,C0577709,Approved,,
Sulfamethizole,DB00576,Klebsiella cystitis,C0520775,Approved,,
Sulfamethizole,DB00576,Escherichia coli urinary tract infection,C0577708,Approved,,
Sulfamethizole,DB00576,Bacterial urinary infection,C0729524,Approved,,
Sulfamethizole,DB00576,Infective otitis media,C0729586,Approved,,
Sulfamethizole,DB00576,Acute otitis media,C0271429,Approved,,
Sulfamethizole,DB00576,Shigella Infections,C0013371,Approved,,
Valaciclovir,DB00577,Herpes zoster disease,C0019360,Approved,,
Valaciclovir,DB00577,Recurrent genital herpes simplex,C1274323,Approved,,
Valaciclovir,DB00577,Herpes Labialis,C0019345,Approved,,
Valaciclovir,DB00577,Chickenpox,C0008049,Approved,,
Valaciclovir,DB00577,Genital Herpes,C0019342,Approved,,
Carbenicillin,DB00578,prostatitis,C0033581,Approved,,
Carbenicillin,DB00578,Escherichia coli urinary tract infection,C0577708,Approved,,
Carbenicillin,DB00578,Proteus urinary tract infection,C0577709,Approved,,
Carbenicillin,DB00578,Urinary tract infection,C0042029,Approved,,
Carbenicillin,DB00578,URINARY TRACT INFECTION ENTEROCOCCUS,C0749958,Approved,,
Carbenicillin,DB00578,Bacterial urinary infection,C0729524,Approved,,
Mazindol,DB00579,Obesity,C0028754,Approved,,
Lactulose,DB00581,Hepatic Encephalopathy,C0019151,Approved,,
Lactulose,DB00581,Hyperammonemia,C0220994,Approved,,
Lactulose,DB00581,Constipation,C0009806,Approved,,
Voriconazole,DB00582,Fusariosis,C0276758,Approved,,
Voriconazole,DB00582,Systemic candidiasis,C0153252,Approved,,
Voriconazole,DB00582,Candidiasis of the esophagus,C0239295,Approved,,
Voriconazole,DB00582,Invasive Pulmonary Aspergillosis,C0276653,Approved,,
Voriconazole,DB00582,Candidemia,C0877445,Approved,,
L-Carnitine,DB00583,Carnitine deficiency,C1142132,Approved,,
Enalapril,DB00584,Asymptomatic left ventricular systolic dysfunction,C3698411,Approved,,
Enalapril,DB00584,Hypertensive disease,C0020538,Approved,,
Enalapril,DB00584,Congestive heart failure,C0018802,Approved,,
Nizatidine,DB00585,Erosive esophagitis,C0267055,Approved,,
Nizatidine,DB00585,Peptic Esophagitis,C0014869,Approved,,
Nizatidine,DB00585,Dyspepsia,C0013395,Approved,,
Nizatidine,DB00585,Duodenal Ulcer,C0013295,Approved,,
Nizatidine,DB00585,Peptic Ulcer,C0030920,Approved,,
Nizatidine,DB00585,Heartburn,C0018834,Approved,,
Nizatidine,DB00585,Gastroesophageal reflux disease,C0017168,Approved,,
Nizatidine,DB00585,Gastric ulcer,C0038358,Approved,,
Diclofenac,DB00586,Degenerative polyarthritis,C0029408,Approved,,
Diclofenac,DB00586,Actinic keratosis,C0022602,Approved,,
Diclofenac,DB00586,"Osteoarthritis, Knee",C0409959,Approved,,
Diclofenac,DB00586,Rheumatoid Arthritis,C0003873,Approved,,
Diclofenac,DB00586,Dysmenorrhea,C0013390,Approved,,
Diclofenac,DB00586,Sprains and Strains,C0038048,Approved,,
Diclofenac,DB00586,Ankylosing spondylitis,C0038013,Approved,,
Diclofenac,DB00586,Pain,C0030193,Approved,,
Fluticasone Propionate,DB00588,Seborrheic dermatitis,C0036508,Approved,,
Fluticasone Propionate,DB00588,Pruritus of genital organs,C0033777,Approved,,
Fluticasone Propionate,DB00588,Exanthema,C0015230,Approved,,
Fluticasone Propionate,DB00588,Allergic rhinitis (disorder),C2607914,Approved,,
Fluticasone Propionate,DB00588,Allergic asthma,C0155877,Approved,,
Fluticasone Propionate,DB00588,Granuloma Annulare,C0085074,Approved,,
Fluticasone Propionate,DB00588,Chronic small plaque psoriasis,C0406317,Approved,,
Fluticasone Propionate,DB00588,"Lymphoma, T-Cell, Cutaneous",C0079773,Approved,,
Fluticasone Propionate,DB00588,Lichen Simplex Chronicus,C0149922,Approved,,
Fluticasone Propionate,DB00588,Intrinsic asthma,C0155880,Approved,,
Fluticasone Propionate,DB00588,Scalp psoriasis,C0406326,Approved,,
Fluticasone Propionate,DB00588,"Lupus Erythematosus, Discoid",C0024138,Approved,,
Fluticasone Propionate,DB00588,Pruritus Ani,C0033775,Approved,,
Fluticasone Propionate,DB00588,Contact Dermatitis,C0011616,Approved,,
Fluticasone Propionate,DB00588,Pulmonary Emphysema,C0034067,Approved,,
Fluticasone Propionate,DB00588,"Dermatitis, Atopic",C0011615,Approved,,
Lisuride,DB00589,Migraine Disorders,C0149931,Approved,,
Lisuride,DB00589,Amenorrhea,C0002453,Approved,,
Lisuride,DB00589,Acromegaly,C0001206,Approved,,
Doxazosin,DB00590,Hypertensive disease,C0020538,Approved,,
Doxazosin,DB00590,Prostatic Hypertrophy,C1739363,Approved,,
Fluocinolone Acetonide,DB00591,"Lymphoma, T-Cell, Cutaneous",C0079773,Approved,,
Fluocinolone Acetonide,DB00591,Exanthema,C0015230,Approved,,
Fluocinolone Acetonide,DB00591,Pruritus Ani,C0033775,Approved,,
Fluocinolone Acetonide,DB00591,"Lupus Erythematosus, Discoid",C0024138,Approved,,
Fluocinolone Acetonide,DB00591,Contact Dermatitis,C0011616,Approved,,
Fluocinolone Acetonide,DB00591,Lichen Simplex Chronicus,C0149922,Approved,,
Fluocinolone Acetonide,DB00591,Granuloma Annulare,C0085074,Approved,,
Fluocinolone Acetonide,DB00591,Chloasma,C0025218,Approved,,
Fluocinolone Acetonide,DB00591,"Dermatitis, Atopic",C0011615,Approved,,
Fluocinolone Acetonide,DB00591,Chronic small plaque psoriasis,C0406317,Approved,,
Fluocinolone Acetonide,DB00591,Scalp psoriasis,C0406326,Approved,,
Fluocinolone Acetonide,DB00591,Choroiditis,C0008526,Approved,,
Fluocinolone Acetonide,DB00591,Seborrheic dermatitis,C0036508,Approved,,
Fluocinolone Acetonide,DB00591,Pruritus of genital organs,C0033777,Approved,,
Fluocinolone Acetonide,DB00591,Scurfiness of scalp,C0423775,Approved,,
Piperazine,DB00592,Enterobiasis,C0086227,Approved,,
Piperazine,DB00592,Ascariasis,C0003950,Approved,,
Ethosuximide,DB00593,Absence Epilepsy,C0014553,Approved,,
Amiloride,DB00594,Edema,C0013604,Approved,,
Amiloride,DB00594,Hypertensive disease,C0020538,Approved,,
Oxytetracycline,DB00595,Bacterial keratitis,C0854211,Approved,,
Oxytetracycline,DB00595,Rocky Mountain Spotted Fever,C0035793,Approved,,
Oxytetracycline,DB00595,Lymphogranuloma Venereum,C0024286,Approved,,
Oxytetracycline,DB00595,TYPHUS,C0041471,Approved,,
Oxytetracycline,DB00595,Acute gonococcal urethritis,C0275652,Approved,,
Oxytetracycline,DB00595,Bacterial conjunctivitis,C0009768,Approved,,
Oxytetracycline,DB00595,Brucellosis,C0006309,Approved,,
Oxytetracycline,DB00595,Relapsing Fever,C0035021,Approved,,
Oxytetracycline,DB00595,Actinomycosis,C0001261,Approved,,
Oxytetracycline,DB00595,Chlamydia trachomatis infection of genital structure,C1997322,Approved,,
Oxytetracycline,DB00595,Syphilis,C0039128,Approved,,
Oxytetracycline,DB00595,Acute gonococcal cervicitis,C0153195,Approved,,
Oxytetracycline,DB00595,Infective otitis media,C0729586,Approved,,
Oxytetracycline,DB00595,Pharyngitis,C0031350,Approved,,
Oxytetracycline,DB00595,Psittacosis,C0029291,Approved,,
Oxytetracycline,DB00595,Trachoma,C0040592,Approved,,
Oxytetracycline,DB00595,Gingivostomatitis,C0149704,Approved,,
Oxytetracycline,DB00595,Bronchitis,C0006277,Approved,,
Oxytetracycline,DB00595,Granuloma Inguinale,C0018190,Approved,,
Oxytetracycline,DB00595,Sinusitis,C0037199,Approved,,
Oxytetracycline,DB00595,Acute gonococcal epididymo-orchitis,C0153193,Approved,,
Oxytetracycline,DB00595,Gonorrhea of rectum,C0275665,Approved,,
Oxytetracycline,DB00595,Gonorrhea of pharynx,C0149966,Approved,,
Oxytetracycline,DB00595,Acute gonococcal endometritis,C0153196,Approved,,
Oxytetracycline,DB00595,Infection of skin AND/OR subcutaneous tissue,C0178299,Approved,,
Oxytetracycline,DB00595,Rickettsialpox,C0035597,Approved,,
Oxytetracycline,DB00595,Pneumonia,C0032285,Approved,,
Oxytetracycline,DB00595,Urinary tract infection,C0042029,Approved,,
Oxytetracycline,DB00595,Q Fever,C0034362,Approved,,
Oxytetracycline,DB00595,Yaws,C0043388,Approved,,
Ulobetasol,DB00596,Granuloma Annulare,C0085074,Approved,,
Ulobetasol,DB00596,Seborrheic dermatitis,C0036508,Approved,,
Ulobetasol,DB00596,Lichen Simplex Chronicus,C0149922,Approved,,
Ulobetasol,DB00596,Chronic small plaque psoriasis,C0406317,Approved,,
Ulobetasol,DB00596,Scalp psoriasis,C0406326,Approved,,
Ulobetasol,DB00596,"Lupus Erythematosus, Discoid",C0024138,Approved,,
Ulobetasol,DB00596,"Lymphoma, T-Cell, Cutaneous",C0079773,Approved,,
Ulobetasol,DB00596,Pruritus of genital organs,C0033777,Approved,,
Ulobetasol,DB00596,Contact Dermatitis,C0011616,Approved,,
Ulobetasol,DB00596,Exanthema,C0015230,Approved,,
Ulobetasol,DB00596,Pruritus Ani,C0033775,Approved,,
Labetalol,DB00598,Hypertensive disease,C0020538,Approved,,
Thiopental,DB00599,Epilepsy,C0014544,Approved,,
Thiopental,DB00599,Pseudotumor Cerebri,C0033845,Approved,,
Linezolid,DB00601,Streptococcus pyogenes infection,C0554628,Approved,,
Linezolid,DB00601,Staphylococcus aureus infection,C1318973,Approved,,
Linezolid,DB00601,Staphylococcal Pneumonia,C0032308,Approved,,
Ivermectin,DB00602,Onchocerciasis,C0029001,Approved,,
Ivermectin,DB00602,Strongyloidiasis,C0038463,Approved,,
Medroxyprogesterone acetate,DB00603,Secondary malignant neoplasm of kidney,C0153685,Approved,,
Medroxyprogesterone acetate,DB00603,Metrorrhagia,C0025874,Approved,,
Medroxyprogesterone acetate,DB00603,Endometriosis,C0014175,Approved,,
Medroxyprogesterone acetate,DB00603,Endometrial Carcinoma,C0476089,Approved,,
Medroxyprogesterone acetate,DB00603,Hot flushes,C0600142,Approved,,
Medroxyprogesterone acetate,DB00603,Secondary physiologic amenorrhea,C0232940,Approved,,
Medroxyprogesterone acetate,DB00603,Atrophic Vaginitis,C0221392,Approved,,
Cisapride,DB00604,Gastroesophageal reflux disease,C0017168,Approved,,
Sulindac,DB00605,Ankylosing spondylitis,C0038013,Approved,,
Sulindac,DB00605,Rheumatoid Arthritis,C0003873,Approved,,
Sulindac,DB00605,Degenerative polyarthritis,C0029408,Approved,,
Sulindac,DB00605,"Arthritis, Gouty",C0003868,Approved,,
Sulindac,DB00605,Bursitis,C0006444,Approved,,
Sulindac,DB00605,Tendinitis,C0039503,Approved,,
Nafcillin,DB00607,Infection of skin AND/OR subcutaneous tissue,C0178299,Approved,,
Nafcillin,DB00607,Sepsis due to Staphylococcus aureus,C2887088,Approved,,
Nafcillin,DB00607,Osteomyelitis due to Staphylococcus aureus,C1997728,Approved,,
Nafcillin,DB00607,Staphylococcal meningitis,C0154640,Approved,,
Nafcillin,DB00607,Staphylococcus aureus infection,C1318973,Approved,,
Nafcillin,DB00607,Staphylococcal Pneumonia,C0032308,Approved,,
Nafcillin,DB00607,Staphylococcal Infections,C0038160,Approved,,
Nafcillin,DB00607,Infection of bone,C2242472,Approved,,
Nafcillin,DB00607,Staphylococcal endocarditis,C0520767,Approved,,
Chloroquine,DB00608,Quartan malaria,C0024536,Approved,,
Chloroquine,DB00608,Rheumatoid Arthritis,C0003873,Approved,,
Chloroquine,DB00608,"Malaria, Falciparum",C0024535,Approved,,
Chloroquine,DB00608,"Lupus Erythematosus, Systemic",C0024141,Approved,,
Chloroquine,DB00608,"Lupus Erythematosus, Discoid",C0024138,Approved,,
Chloroquine,DB00608,Ovale malaria,C0152072,Approved,,
Chloroquine,DB00608,"Malaria, Vivax",C0024537,Approved,,
Ethionamide,DB00609,Acute tuberculosis,C0275959,Approved,,
Ethionamide,DB00609,"Tuberculosis, Pulmonary",C0041327,Approved,,
Butorphanol,DB00611,Pain,C0030193,Approved,,
Butorphanol,DB00611,Labor Pain,C0474368,Approved,,
Bisoprolol,DB00612,Hypertensive disease,C0020538,Approved,,
Rifabutin,DB00615,Pulmonary Mycobacterium avium complex infection,C2733595,Approved,,
Paramethadione,DB00617,Epilepsy,C0014544,Approved,,
Paramethadione,DB00617,Absence Epilepsy,C0014553,Approved,,
Demeclocycline,DB00618,Trachoma,C0040592,Approved,,
Demeclocycline,DB00618,Gonorrhea,C0018081,Approved,,
Demeclocycline,DB00618,Infection of skin AND/OR subcutaneous tissue,C0178299,Approved,,
Demeclocycline,DB00618,Chancroids,C0007947,Approved,,
Demeclocycline,DB00618,Acute gonococcal urethritis,C0275652,Approved,,
Demeclocycline,DB00618,Sinusitis,C0037199,Approved,,
Demeclocycline,DB00618,Urinary tract infection,C0042029,Approved,,
Demeclocycline,DB00618,Infective otitis media,C0729586,Approved,,
Demeclocycline,DB00618,Acute gonococcal endometritis,C0153196,Approved,,
Demeclocycline,DB00618,Actinomycosis,C0001261,Approved,,
Demeclocycline,DB00618,Q Fever,C0034362,Approved,,
Demeclocycline,DB00618,Gonorrhea of pharynx,C0149966,Approved,,
Demeclocycline,DB00618,Yaws,C0043388,Approved,,
Demeclocycline,DB00618,Lymphogranuloma Venereum,C0024286,Approved,,
Demeclocycline,DB00618,Pharyngitis,C0031350,Approved,,
Demeclocycline,DB00618,Rocky Mountain Spotted Fever,C0035793,Approved,,
Demeclocycline,DB00618,Rickettsialpox,C0035597,Approved,,
Demeclocycline,DB00618,Brucellosis,C0006309,Approved,,
Demeclocycline,DB00618,Psittacosis,C0029291,Approved,,
Demeclocycline,DB00618,TYPHUS,C0041471,Approved,,
Demeclocycline,DB00618,Gingivostomatitis,C0149704,Approved,,
Demeclocycline,DB00618,Gonorrhea of rectum,C0275665,Approved,,
Demeclocycline,DB00618,Syphilis,C0039128,Approved,,
Demeclocycline,DB00618,Acute gonococcal cervicitis,C0153195,Approved,,
Demeclocycline,DB00618,Klebsiella cystitis,C0520775,Approved,,
Demeclocycline,DB00618,Pneumonia,C0032285,Approved,,
Demeclocycline,DB00618,Staphylococcus aureus infection,C1318973,Approved,,
Demeclocycline,DB00618,Bronchitis,C0006277,Approved,,
Demeclocycline,DB00618,pharyngitis due to Haemophilus influenzae,C2062475,Approved,,
Demeclocycline,DB00618,Relapsing Fever,C0035021,Approved,,
Demeclocycline,DB00618,Granuloma Inguinale,C0018190,Approved,,
Imatinib,DB00619,"Leukemia, Myeloid, Accelerated Phase",C0023472,Approved,,
Imatinib,DB00619,"Mastocytosis, Systemic",C0221013,Approved,,
Imatinib,DB00619,"Leukemia, Myeloid, Chronic-Phase",C0023474,Approved,,
Imatinib,DB00619,Blast Phase,C0005699,Approved,,
Imatinib,DB00619,Philadelphia chromosome positive chronic myelogenous leukemia,C0279543,Approved,,
Imatinib,DB00619,Chronic eosinophilic leukemia,C0346421,Approved,,
Imatinib,DB00619,Philadelphia chromosome-positive acute lymphoblastic leukemia,C1960397,Approved,,
Imatinib,DB00619,Dermatofibrosarcoma Protuberans,C0392784,Approved,,
Imatinib,DB00619,Idiopathic Hypereosinophilic Syndrome,C0206141,Approved,,
Imatinib,DB00619,Gastrointestinal Stromal Tumors,C0238198,Approved,,
Triamcinolone,DB00620,Scalp psoriasis,C0406326,Approved,,
Triamcinolone,DB00620,Tendinitis,C0039503,Approved,,
Triamcinolone,DB00620,"Lymphoma, Non-Hodgkin",C0024305,Approved,,
Triamcinolone,DB00620,Inflammatory Bowel Diseases,C0021390,Approved,,
Triamcinolone,DB00620,Giant Cell Arteritis,C0039483,Approved,,
Triamcinolone,DB00620,Granuloma Annulare,C0085074,Approved,,
Triamcinolone,DB00620,Uveitis,C0042164,Approved,,
Triamcinolone,DB00620,Aphthous Stomatitis,C0038363,Approved,,
Triamcinolone,DB00620,Keloid,C0022548,Approved,,
Triamcinolone,DB00620,Cooley's anemia,C0002875,Approved,,
Triamcinolone,DB00620,Gingival Diseases,C0017563,Approved,,
Triamcinolone,DB00620,Status Asthmaticus,C0038218,Approved,,
Triamcinolone,DB00620,Simple Pulmonary Eosinophilia,C0242459,Approved,,
Triamcinolone,DB00620,Exanthema,C0015230,Approved,,
Triamcinolone,DB00620,Erythema Multiforme,C0014742,Approved,,
Triamcinolone,DB00620,Contact Dermatitis,C0011616,Approved,,
Triamcinolone,DB00620,"Arthritis, Gouty",C0003868,Approved,,
Triamcinolone,DB00620,Autoimmune Diseases,C0004364,Approved,,
Triamcinolone,DB00620,Post traumatic osteoarthritis,C2894027,Approved,,
Triamcinolone,DB00620,Lichen Simplex Chronicus,C0149922,Approved,,
Triamcinolone,DB00620,Laryngeal Edema,C0023052,Approved,,
Triamcinolone,DB00620,Autoimmune hemolytic anemia,C0002880,Approved,,
Triamcinolone,DB00620,Bursitis,C0006444,Approved,,
Triamcinolone,DB00620,Exfoliative dermatitis,C0011606,Approved,,
Triamcinolone,DB00620,Chronic small plaque psoriasis,C0406317,Approved,,
Triamcinolone,DB00620,Crohn Disease,C0010346,Approved,,
Triamcinolone,DB00620,Asthma,C0004096,Approved,,
Triamcinolone,DB00620,Acute lymphocytic leukemia,C0023449,Approved,,
Triamcinolone,DB00620,Adrenogenital disorder,C0701163,Approved,,
Triamcinolone,DB00620,Disorder of eye,C0015397,Approved,,
Triamcinolone,DB00620,Thyroiditis,C0040147,Approved,,
Triamcinolone,DB00620,Pemphigus,C0030807,Approved,,
Triamcinolone,DB00620,Aspiration pneumonitis,C1761609,Approved,,
Triamcinolone,DB00620,Sarcoidosis,C0036202,Approved,,
Triamcinolone,DB00620,Pruritus Ani,C0033775,Approved,,
Triamcinolone,DB00620,Multiple Sclerosis,C0026769,Approved,,
Triamcinolone,DB00620,Alopecia Areata,C0002171,Approved,,
Triamcinolone,DB00620,"Arthritis, Psoriatic",C0003872,Approved,,
Triamcinolone,DB00620,Cutaneous Candidiasis,C0006846,Approved,,
Triamcinolone,DB00620,Epicondylitis,C0014488,Approved,,
Triamcinolone,DB00620,Trichinellosis,C0040896,Approved,,
Triamcinolone,DB00620,Addisonian crisis,C0151467,Approved,,
Triamcinolone,DB00620,Berylliosis,C0005138,Approved,,
Triamcinolone,DB00620,Lichen Planus,C0023646,Approved,,
Triamcinolone,DB00620,"Ophthalmia, Sympathetic",C0029077,Approved,,
Triamcinolone,DB00620,Acquired thrombocytopenia,C0154301,Approved,,
Triamcinolone,DB00620,Mycosis Fungoides,C0026948,Approved,,
Triamcinolone,DB00620,Synovitis,C0039103,Approved,,
Triamcinolone,DB00620,Serum Sickness,C0036830,Approved,,
Triamcinolone,DB00620,"Dermatitis, Atopic",C0011615,Approved,,
Triamcinolone,DB00620,"Lupus Erythematosus, Systemic",C0024141,Approved,,
Triamcinolone,DB00620,Allergic rhinitis (disorder),C2607914,Approved,,
Triamcinolone,DB00620,Nephrotic Syndrome,C0027726,Approved,,
Triamcinolone,DB00620,Rheumatic Heart Disease,C0035439,Approved,,
Triamcinolone,DB00620,Pruritus of genital organs,C0033777,Approved,,
Triamcinolone,DB00620,Seborrheic dermatitis,C0036508,Approved,,
Triamcinolone,DB00620,Tenosynovitis,C0039520,Approved,,
Triamcinolone,DB00620,"Lymphoma, T-Cell, Cutaneous",C0079773,Approved,,
Triamcinolone,DB00620,Transplanted organ rejection,C0345468,Approved,,
Triamcinolone,DB00620,Rheumatoid Arthritis,C0003873,Approved,,
Triamcinolone,DB00620,Humoral hypercalcemia of malignancy (disorder),C0149911,Approved,,
Triamcinolone,DB00620,Hodgkin Disease,C0019829,Approved,,
Triamcinolone,DB00620,Dermatitis Herpetiformis,C0011608,Approved,,
Triamcinolone,DB00620,Psoriasis,C0033860,Approved,,
Triamcinolone,DB00620,Angioedema,C0002994,Approved,,
Triamcinolone,DB00620,"Lupus Erythematosus, Discoid",C0024138,Approved,,
Triamcinolone,DB00620,Adrenal cortical hypofunction,C0405580,Approved,,
Triamcinolone,DB00620,Ankylosing spondylitis,C0038013,Approved,,
Triamcinolone,DB00620,Cerebral Edema,C0006114,Approved,,
Triamcinolone,DB00620,Subacute bursitis,C1290159,Approved,,
Triamcinolone,DB00620,Hay fever,C0018621,Approved,,
Triamcinolone,DB00620,"Tuberculosis, Miliary",C0041321,Approved,,
Triamcinolone,DB00620,Dermatologic disorders,C0037274,Approved,,
Triamcinolone,DB00620,"Anemia, Diamond-Blackfan",C1260899,Approved,,
Triamcinolone,DB00620,Addison Disease,C0001403,Approved,,
Triamcinolone,DB00620,Congenital adrenal hyperplasia,C0001627,Approved,,
Triamcinolone,DB00620,Musculoskeletal Diseases,C0026857,Approved,,
Triamcinolone,DB00620,"Lymphoma, Follicular",C0024301,Approved,,
Triamcinolone,DB00620,Necrobiosis Lipoidica Diabeticorum,C0392445,Approved,,
Nicardipine,DB00622,Hypertensive disease,C0020538,Approved,,
Fluphenazine,DB00623,Schizophrenia,C0036341,Approved,,
Fluphenazine,DB00623,Psychotic Disorders,C0033975,Approved,,
Testosterone,DB00624,Primary hypogonadism,C0948896,Approved,,
Testosterone,DB00624,Hypogonadotropic hypogonadism,C0271623,Approved,,
Testosterone,DB00624,Cryptorchidism,C0010417,Approved,,
Testosterone,DB00624,Klinefelter Syndrome,C0022735,Approved,,
Testosterone,DB00624,Delayed Puberty,C0034012,Approved,,
Testosterone,DB00624,Testicular hypogonadism,C0151721,Approved,,
Testosterone,DB00624,Deficiency of testosterone biosynthesis,C0342527,Approved,,
Testosterone,DB00624,Hormone receptor positive malignant neoplasm of breast,C1562029,Approved,,
Testosterone,DB00624,Hot flushes,C0600142,Approved,,
Testosterone,DB00624,Hypopituitarism,C0020635,Approved,,
Efavirenz,DB00625,HIV Infections,C0019693,Approved,,
Bacitracin,DB00626,Corneal abrasion,C0010032,Approved,,
Bacitracin,DB00626,Bacterial keratitis,C0854211,Approved,,
Bacitracin,DB00626,Keratitis,C0022568,Approved,,
Bacitracin,DB00626,Blepharoconjunctivitis,C0005743,Approved,,
Bacitracin,DB00626,Infective blepharitis,C0729587,Approved,,
Niacin,DB00627,Hypercholesterolemia,C0020443,Approved,,
Niacin,DB00627,Hypertriglyceridemia,C0020557,Approved,,
Niacin,DB00627,Familial hypercholesterolemia - heterozygous,C0342882,Approved,,
Niacin,DB00627,"Hyperlipidemia, Familial Combined",C0020474,Approved,,
Niacin,DB00627,Vitamin Deficiency,C1510471,Approved,,
Niacin,DB00627,Hyperlipidemia,C0020473,Approved,,
Clorazepate,DB00628,Anxiety,C0003467,Approved,,
Clorazepate,DB00628,Alcohol withdrawal syndrome,C0236663,Approved,,
Guanabenz,DB00629,Hypertensive disease,C0020538,Approved,,
Alendronic acid,DB00630,"Osteoporosis, Postmenopausal",C0029458,Approved,,
Alendronic acid,DB00630,Osteitis Deformans,C0029401,Approved,,
Clofarabine,DB00631,Acute lymphocytic leukemia,C0023449,Approved,,
Docosanol,DB00632,Herpes Labialis,C0019345,Approved,,
Sulfacetamide,DB00634,Trachoma,C0040592,Approved,,
Sulfacetamide,DB00634,Blepharoconjunctivitis,C0005743,Approved,,
Sulfacetamide,DB00634,Infective blepharitis,C0729587,Approved,,
Sulfacetamide,DB00634,Acne Vulgaris,C0001144,Approved,,
Sulfacetamide,DB00634,Inclusion conjunctivitis,C0009770,Approved,,
Sulfacetamide,DB00634,Bacterial conjunctivitis,C0009768,Approved,,
Sulfacetamide,DB00634,Amebiasis,C0002438,Approved,,
Sulfacetamide,DB00634,Iridocyclitis,C0022073,Approved,,
Sulfacetamide,DB00634,Vulvovaginitis,C0042998,Approved,,
Sulfacetamide,DB00634,Seborrheic dermatitis,C0036508,Approved,,
Sulfacetamide,DB00634,Scurfiness of scalp,C0423775,Approved,,
Prednisone,DB00635,Exfoliative dermatitis,C0011606,Approved,,
Prednisone,DB00635,Acute lymphocytic leukemia,C0023449,Approved,,
Prednisone,DB00635,Crohn Disease,C0010346,Approved,,
Prednisone,DB00635,"Lymphoma, Non-Hodgkin",C0024305,Approved,,
Prednisone,DB00635,Mycosis Fungoides,C0026948,Approved,,
Prednisone,DB00635,Contact Dermatitis,C0011616,Approved,,
Prednisone,DB00635,Simple Pulmonary Eosinophilia,C0242459,Approved,,
Prednisone,DB00635,Pemphigus,C0030807,Approved,,
Prednisone,DB00635,Nephrotic Syndrome,C0027726,Approved,,
Prednisone,DB00635,Trichinellosis,C0040896,Approved,,
Prednisone,DB00635,Allergic rhinitis (disorder),C2607914,Approved,,
Prednisone,DB00635,Autoimmune hemolytic anemia,C0002880,Approved,,
Prednisone,DB00635,"Lymphoma, Follicular",C0024301,Approved,,
Prednisone,DB00635,Asthma,C0004096,Approved,,
Prednisone,DB00635,Berylliosis,C0005138,Approved,,
Prednisone,DB00635,Laryngeal Edema,C0023052,Approved,,
Prednisone,DB00635,Chronic Lymphocytic Leukemia,C0023434,Approved,,
Prednisone,DB00635,Thyroiditis,C0040147,Approved,,
Prednisone,DB00635,Hodgkin Disease,C0019829,Approved,,
Prednisone,DB00635,"Lupus Erythematosus, Systemic",C0024141,Approved,,
Prednisone,DB00635,Erythema Multiforme,C0014742,Approved,,
Prednisone,DB00635,Adrenogenital disorder,C0701163,Approved,,
Prednisone,DB00635,Transplanted organ rejection,C0345468,Approved,,
Prednisone,DB00635,Humoral hypercalcemia of malignancy (disorder),C0149911,Approved,,
Prednisone,DB00635,Adrenal cortical hypofunction,C0405580,Approved,,
Prednisone,DB00635,Dermatologic disorders,C0037274,Approved,,
Prednisone,DB00635,Angioedema,C0002994,Approved,,
Prednisone,DB00635,Musculoskeletal Diseases,C0026857,Approved,,
Prednisone,DB00635,"Lymphoma, T-Cell, Cutaneous",C0079773,Approved,,
Prednisone,DB00635,Dermatitis Herpetiformis,C0011608,Approved,,
Prednisone,DB00635,Rheumatic Heart Disease,C0035439,Approved,,
Prednisone,DB00635,Psoriasis,C0033860,Approved,,
Prednisone,DB00635,Multiple Sclerosis,C0026769,Approved,,
Prednisone,DB00635,"Anemia, Diamond-Blackfan",C1260899,Approved,,
Prednisone,DB00635,Cooley's anemia,C0002875,Approved,,
Prednisone,DB00635,Addison Disease,C0001403,Approved,,
Prednisone,DB00635,Exacerbation of asthma,C0349790,Approved,,
Prednisone,DB00635,Diffuse Large B-Cell Lymphoma,C0079744,Approved,,
Prednisone,DB00635,"Arthritis, Psoriatic",C0003872,Approved,,
Prednisone,DB00635,Serum Sickness,C0036830,Approved,,
Prednisone,DB00635,Acquired thrombocytopenia,C0154301,Approved,,
Prednisone,DB00635,Sarcoidosis,C0036202,Approved,,
Prednisone,DB00635,Rheumatoid Arthritis,C0003873,Approved,,
Prednisone,DB00635,Ankylosing spondylitis,C0038013,Approved,,
Prednisone,DB00635,"Arthritis, Gouty",C0003868,Approved,,
Prednisone,DB00635,Epicondylitis,C0014488,Approved,,
Prednisone,DB00635,Autoimmune Diseases,C0004364,Approved,,
Prednisone,DB00635,Inflammatory Bowel Diseases,C0021390,Approved,,
Clofibrate,DB00636,Hyperlipidemia,C0020473,Approved,,
Astemizole,DB00637,Sneezing,C0037383,Approved,,
Astemizole,DB00637,Allergic Conjunctivitis,C0009766,Approved,,
Astemizole,DB00637,Chronic idiopathic urticaria,C0578870,Approved,,
Astemizole,DB00637,Allergic rhinitis (disorder),C2607914,Approved,,
Butoconazole,DB00639,"Candidiasis, Vulvovaginal",C0700345,Approved,,
Adenosine,DB00640,Pulmonary Cystic Fibrosis,C0392164,Approved,,
Adenosine,DB00640,Paroxysmal supraventricular tachycardia,C0030590,Approved,,
Simvastatin,DB00641,Hypoalphalipoproteinemias,C0473527,Approved,,
Simvastatin,DB00641,Hyperlipoproteinemia Type III,C0020479,Approved,,
Simvastatin,DB00641,Cerebrovascular accident,C0038454,Approved,,
Simvastatin,DB00641,Arteriosclerosis,C0003850,Approved,,
Simvastatin,DB00641,Familial hypercholesterolemia - heterozygous,C0342882,Approved,,
Simvastatin,DB00641,Hypercholesterolemia,C0020443,Approved,,
Simvastatin,DB00641,Familial hypercholesterolemia - homozygous,C0342881,Approved,,
Simvastatin,DB00641,Hypertriglyceridemia,C0020557,Approved,,
Simvastatin,DB00641,"Hyperlipidemia, Familial Combined",C0020474,Approved,,
Pemetrexed,DB00642,Malignant Pleural Mesothelioma,C0812413,Approved,,
Pemetrexed,DB00642,Non-Small Cell Lung Carcinoma,C0007131,Approved,,
Mebendazole,DB00643,Enterobiasis,C0086227,Approved,,
Mebendazole,DB00643,Ascariasis,C0003950,Approved,,
Mebendazole,DB00643,Infection by Trichuris trichiura,C0040954,Approved,,
Gonadorelin,DB00644,Amenorrhea,C0002453,Approved,,
Dyclonine,DB00645,Skin irritation,C0152030,Approved,,
Dyclonine,DB00645,Pruritus,C0033774,Approved,,
Dyclonine,DB00645,Mouth irritation,C0235339,Approved,,
Nystatin,DB00646,"Candidiasis, Vulvovaginal",C0700345,Approved,,
Nystatin,DB00646,Mucocutaneous candidiasis,C0006848,Approved,,
Nystatin,DB00646,Gastrointestinal candidiasis,C0343886,Approved,,
Nystatin,DB00646,Oral candidiasis,C0006849,Approved,,
Nystatin,DB00646,Cutaneous Candidiasis,C0006846,Approved,,
Dextropropoxyphene,DB00647,Pain,C0030193,Approved,,
Mitotane,DB00648,Carcinoma in situ of adrenal cortex,C0686510,Approved,,
Stavudine,DB00649,HIV Infections,C0019693,Approved,,
Leucovorin,DB00650,Poisoning by pyrimethamine,C0274478,Approved,,
Leucovorin,DB00650,Methotrexate poisoning,C0568062,Approved,,
Leucovorin,DB00650,"Anemia, Megaloblastic",C0002888,Approved,,
Leucovorin,DB00650,Folic Acid Deficiency,C0016412,Approved,,
Leucovorin,DB00650,Poisoning by sulfadiazine,C0274462,Approved,,
Dyphylline,DB00651,Pulmonary Emphysema,C0034067,Approved,,
Dyphylline,DB00651,Asthma,C0004096,Approved,,
Dyphylline,DB00651,Bronchial Spasm,C0006266,Approved,,
Dyphylline,DB00651,Asthma night-time symptoms,C1273489,Approved,,
Dyphylline,DB00651,"Bronchitis, Chronic",C0008677,Approved,,
Dyphylline,DB00651,Asthma-chronic obstructive pulmonary disease overlap syndrome,C4038730,Approved,,
Pentazocine,DB00652,Labor Pain,C0474368,Approved,,
Pentazocine,DB00652,Pain,C0030193,Approved,,
Magnesium Sulfate,DB00653,Eclampsia in pregnancy,C0156677,Approved,,
Magnesium Sulfate,DB00653,Hypomagnesemia,C0151723,Approved,,
Magnesium Sulfate,DB00653,Mild pre-eclampsia,C0269658,Approved,,
Magnesium Sulfate,DB00653,Severe pre-eclampsia,C0341950,Approved,,
Magnesium Sulfate,DB00653,Incomplete passage of stool,C0426639,Approved,,
Magnesium Sulfate,DB00653,Constipation,C0009806,Approved,,
Latanoprost,DB00654,Ocular Hypertension,C0028840,Approved,,
Latanoprost,DB00654,"Glaucoma, Open-Angle",C0017612,Approved,,
Estrone,DB00655,Acne Vulgaris,C0001144,Approved,,
Estrone,DB00655,Chemotherapy-induced nausea and vomiting,C0401160,Approved,,
Estrone,DB00655,Atrophic Vaginitis,C0221392,Approved,,
Trazodone,DB00656,Major Depressive Disorder,C1269683,Approved,,
Mecamylamine,DB00657,Hypertensive disease,C0020538,Approved,,
Acamprosate,DB00659,"Alcoholic Intoxication, Chronic",C0001973,Approved,,
Metaxalone,DB00660,Muscle Spasticity,C0026838,Approved,,
Verapamil,DB00661,Atrial Fibrillation,C0004238,Approved,,
Verapamil,DB00661,Hypertensive disease,C0020538,Approved,,
Verapamil,DB00661,"Angina Pectoris, Variant",C0002963,Approved,,
Verapamil,DB00661,Paroxysmal supraventricular tachycardia,C0030590,Approved,,
Verapamil,DB00661,Angina Pectoris,C0002962,Approved,,
Trimethobenzamide,DB00662,Vomiting,C0042963,Approved,,
Trimethobenzamide,DB00662,Nausea,C0027497,Approved,,
Trimethobenzamide,DB00662,Nausea and vomiting,C0027498,Approved,,
Flumethasone,DB00663,Seborrheic dermatitis,C0036508,Approved,,
Flumethasone,DB00663,Chronic small plaque psoriasis,C0406317,Approved,,
Flumethasone,DB00663,"Lupus Erythematosus, Discoid",C0024138,Approved,,
Flumethasone,DB00663,Pruritus of genital organs,C0033777,Approved,,
Flumethasone,DB00663,Exanthema,C0015230,Approved,,
Flumethasone,DB00663,"Lymphoma, T-Cell, Cutaneous",C0079773,Approved,,
Flumethasone,DB00663,Granuloma Annulare,C0085074,Approved,,
Flumethasone,DB00663,Scalp psoriasis,C0406326,Approved,,
Flumethasone,DB00663,Contact Dermatitis,C0011616,Approved,,
Flumethasone,DB00663,Lichen Simplex Chronicus,C0149922,Approved,,
Flumethasone,DB00663,Pruritus Ani,C0033775,Approved,,
Flumethasone,DB00663,"Dermatitis, Atopic",C0011615,Approved,,
Nilutamide,DB00665,Metastatic Prostate Carcinoma,C0936223,Approved,,
Nafarelin,DB00666,Precocious Puberty,C0034013,Approved,,
Nafarelin,DB00666,Endometriosis,C0014175,Approved,,
Histamine Phosphate,DB00667,Degenerative polyarthritis,C0029408,Approved,,
Epinephrine,DB00668,anaphylaxis,C0002792,Approved,,
Epinephrine,DB00668,Hypotension,C0020649,Approved,,
Epinephrine,DB00668,Bronchiectasis,C0006267,Approved,,
Epinephrine,DB00668,Asthma attack,C0347950,Approved,,
Epinephrine,DB00668,"Glaucoma, Open-Angle",C0017612,Approved,,
Epinephrine,DB00668,Dyspnea,C0013404,Approved,,
Epinephrine,DB00668,Bronchitis,C0006277,Approved,,
Epinephrine,DB00668,Wheezing,C0043144,Approved,,
Epinephrine,DB00668,Exacerbation of asthma,C0349790,Approved,,
Epinephrine,DB00668,Asthma,C0004096,Approved,,
Epinephrine,DB00668,Pulmonary Emphysema,C0034067,Approved,,
Sumatriptan,DB00669,Migraine Disorders,C0149931,Approved,,
Sumatriptan,DB00669,Cluster Headache,C0009088,Approved,,
Pirenzepine,DB00670,Peptic Ulcer,C0030920,Approved,,
Cefixime,DB00671,Acute otitis media,C0271429,Approved,,
Cefixime,DB00671,Acute exacerbation of chronic bronchitis,C0856695,Approved,,
Cefixime,DB00671,Upper Respiratory Infections,C0041912,Approved,,
Cefixime,DB00671,Acute gonococcal urethritis,C0275652,Approved,,
Cefixime,DB00671,Streptococcal tonsillitis,C0275804,Approved,,
Cefixime,DB00671,Pharyngitis,C0031350,Approved,,
Cefixime,DB00671,Proteus urinary tract infection,C0577709,Approved,,
Cefixime,DB00671,Acute gonococcal cervicitis,C0153195,Approved,,
Cefixime,DB00671,Escherichia coli urinary tract infection,C0577708,Approved,,
Cefixime,DB00671,Infective otitis media,C0729586,Approved,,
Cefixime,DB00671,Bronchitis,C0006277,Approved,,
Cefixime,DB00671,Urinary tract infection,C0042029,Approved,,
Cefixime,DB00671,Tonsillitis,C0040425,Approved,,
Cefixime,DB00671,Gonorrhea,C0018081,Approved,,
Chlorpropamide,DB00672,"Diabetes Mellitus, Non-Insulin-Dependent",C0011860,Approved,,
Aprepitant,DB00673,Chemotherapy-induced nausea and vomiting,C0401160,Approved,,
Galantamine,DB00674,Alzheimer's Disease,C0002395,Approved,,
Tamoxifen,DB00675,Malignant epithelial neoplasm of female breast,C3163805,Approved,,
Tamoxifen,DB00675,Invasive Ductal Breast Carcinoma,C1134719,Approved,,
Losartan,DB00678,Diabetic Nephropathy,C0011881,Approved,,
Losartan,DB00678,Hypertensive urgency,C0745138,Approved,,
Losartan,DB00678,Hypertensive disease,C0020538,Approved,,
Thioridazine,DB00679,Treatment-resistant schizophrenia,C3544321,Approved,,
Moricizine,DB00680,Ventricular arrhythmia,C0085612,Approved,,
Amphotericin B,DB00681,Aspergillosis,C0004030,Approved,,
Amphotericin B,DB00681,Candidiasis of the esophagus,C0239295,Approved,,
Amphotericin B,DB00681,Yaws,C0043388,Approved,,
Amphotericin B,DB00681,Brucellosis,C0006309,Approved,,
Amphotericin B,DB00681,Rhinocerebral phycomycosis,C1636205,Approved,,
Amphotericin B,DB00681,Invasive Pulmonary Aspergillosis,C0276653,Approved,,
Amphotericin B,DB00681,Coccidioidomycosis,C0009186,Approved,,
Amphotericin B,DB00681,Infective otitis media,C0729586,Approved,,
Amphotericin B,DB00681,Fungal infection of lung,C0151874,Approved,,
Amphotericin B,DB00681,"Meningitis, Fungal",C0085438,Approved,,
Amphotericin B,DB00681,Acute gonococcal cervicitis,C0153195,Approved,,
Amphotericin B,DB00681,Gonorrhea of rectum,C0275665,Approved,,
Amphotericin B,DB00681,Histoplasmosis,C0019655,Approved,,
Amphotericin B,DB00681,Mucormycosis,C0026718,Approved,,
Amphotericin B,DB00681,Relapsing Fever,C0035021,Approved,,
Amphotericin B,DB00681,Granuloma Inguinale,C0018190,Approved,,
Amphotericin B,DB00681,Gonorrhea of pharynx,C0149966,Approved,,
Amphotericin B,DB00681,Bronchitis,C0006277,Approved,,
Amphotericin B,DB00681,Psittacosis,C0029291,Approved,,
Amphotericin B,DB00681,Rocky Mountain Spotted Fever,C0035793,Approved,,
Amphotericin B,DB00681,Pulmonary cryptococcosis,C0276688,Approved,,
Amphotericin B,DB00681,Infection of skin AND/OR subcutaneous tissue,C0178299,Approved,,
Amphotericin B,DB00681,Sinusitis,C0037199,Approved,,
Amphotericin B,DB00681,"Leishmaniasis, Visceral",C0023290,Approved,,
Amphotericin B,DB00681,Intraabdominal Infections,C1112209,Approved,,
Amphotericin B,DB00681,Q Fever,C0034362,Approved,,
Amphotericin B,DB00681,Gonorrhea,C0018081,Approved,,
Amphotericin B,DB00681,Chlamydia trachomatis infection of genital structure,C1997322,Approved,,
Amphotericin B,DB00681,Syphilis,C0039128,Approved,,
Amphotericin B,DB00681,Septicemia candida,C0349009,Approved,,
Amphotericin B,DB00681,Fungal septicemia,C2960008,Approved,,
Amphotericin B,DB00681,Cutaneous Candidiasis,C0006846,Approved,,
Amphotericin B,DB00681,Infection by Cryptococcus neoformans,C0010414,Approved,,
Amphotericin B,DB00681,Blastomycosis,C0005716,Approved,,
Amphotericin B,DB00681,Lymphogranuloma Venereum,C0024286,Approved,,
Amphotericin B,DB00681,Systemic candidiasis,C0153252,Approved,,
Amphotericin B,DB00681,Candidal meningitis,C0153256,Approved,,
Amphotericin B,DB00681,Candidal endocarditis,C0153254,Approved,,
Amphotericin B,DB00681,Candidiasis,C0006840,Approved,,
Amphotericin B,DB00681,Disseminated sporotrichosis,C0276725,Approved,,
Amphotericin B,DB00681,Acne Vulgaris,C0001144,Approved,,
Amphotericin B,DB00681,Mycotic endocarditis,C0276648,Approved,,
Amphotericin B,DB00681,Urinary tract infection,C0042029,Approved,,
Amphotericin B,DB00681,Pharyngitis,C0031350,Approved,,
Amphotericin B,DB00681,Pelvic Inflammatory Disease,C0242172,Approved,,
Amphotericin B,DB00681,Pneumonia,C0032285,Approved,,
Amphotericin B,DB00681,Acute gonococcal urethritis,C0275652,Approved,,
Amphotericin B,DB00681,Candidemia,C0877445,Approved,,
Amphotericin B,DB00681,Diaper Rash,C0011974,Approved,,
Amphotericin B,DB00681,Actinomycosis,C0001261,Approved,,
Amphotericin B,DB00681,Leishmaniasis,C0023281,Approved,,
Amphotericin B,DB00681,candidal peritonitis,C2062982,Approved,,
Amphotericin B,DB00681,Urinary tract infection fungal,C0877131,Approved,,
Amphotericin B,DB00681,TYPHUS,C0041471,Approved,,
Amphotericin B,DB00681,Oral candidiasis,C0006849,Approved,,
Amphotericin B,DB00681,Trachoma,C0040592,Approved,,
Amphotericin B,DB00681,Gingivostomatitis,C0149704,Approved,,
Amphotericin B,DB00681,Rickettsialpox,C0035597,Approved,,
Warfarin,DB00682,Thrombosis,C0040053,Approved,,
Warfarin,DB00682,Thromboembolism,C0040038,Approved,,
Warfarin,DB00682,Cerebral Embolism,C0007780,Approved,,
Warfarin,DB00682,Deep Vein Thrombosis,C0149871,Approved,,
Midazolam,DB00683,Agitation,C0085631,Approved,,
Midazolam,DB00683,Anxiety,C0003467,Approved,,
Tobramycin,DB00684,Enterobacteriaceae Infections,C0014347,Approved,,
Tobramycin,DB00684,Bacterial infection due to Klebsiella pneumoniae,C0343402,Approved,,
Tobramycin,DB00684,Pneumonia due to Pseudomonas,C0155860,Approved,,
Tobramycin,DB00684,Bacterial sepsis,C0684256,Approved,,
Tobramycin,DB00684,Punctate keratitis,C0259799,Approved,,
Tobramycin,DB00684,Serratia Infections,C0085394,Approved,,
Tobramycin,DB00684,Dacryocystitis,C0010930,Approved,,
Tobramycin,DB00684,Anterior uveitis,C0042165,Approved,,
Tobramycin,DB00684,Bacterial conjunctivitis,C0009768,Approved,,
Tobramycin,DB00684,Sepsis due to Pseudomonas,C2887096,Approved,,
Tobramycin,DB00684,Escherichia coli septicemia,C0276088,Approved,,
Tobramycin,DB00684,Neonatal meningitis,C0456107,Approved,,
Tobramycin,DB00684,Osteomyelitis due to Staphylococcus aureus,C1997728,Approved,,
Tobramycin,DB00684,Corneal Perforation,C0339293,Approved,,
Tobramycin,DB00684,Bacterial peritonitis,C0341503,Approved,,
Tobramycin,DB00684,"Meningitis, Bacterial",C0085437,Approved,,
Tobramycin,DB00684,Allergic Conjunctivitis,C0009766,Approved,,
Tobramycin,DB00684,Rhinoscleroma,C0035468,Approved,,
Tobramycin,DB00684,Staphylococcus aureus infection,C1318973,Approved,,
Tobramycin,DB00684,Herpes zoster keratitis,C1275687,Approved,,
Tobramycin,DB00684,Blepharoconjunctivitis,C0005743,Approved,,
Tobramycin,DB00684,Infection of bone,C2242472,Approved,,
Tobramycin,DB00684,Sepsis of the newborn,C0456103,Approved,,
Tobramycin,DB00684,Rosacea,C0035854,Approved,,
Tobramycin,DB00684,Meibomianitis,C0549398,Approved,,
Tobramycin,DB00684,Pneumonia due to Escherichia coli,C0276089,Approved,,
Tobramycin,DB00684,Enterobacter pneumonia,C1096258,Approved,,
Tobramycin,DB00684,Escherichia coli Infections,C0014836,Approved,,
Tobramycin,DB00684,Keratoconjunctivitis,C0022573,Approved,,
Tobramycin,DB00684,Corneal abrasion,C0010032,Approved,,
Tobramycin,DB00684,Staphylococcal Pneumonia,C0032308,Approved,,
Tobramycin,DB00684,Nosocomial pneumonia,C0949083,Approved,,
Tobramycin,DB00684,Infective blepharitis,C0729587,Approved,,
Trovafloxacin,DB00685,Female genital tract infection,C1263758,Approved,,
Trovafloxacin,DB00685,Postoperative infection,C0392618,Approved,,
Trovafloxacin,DB00685,Urinary tract infection,C0042029,Approved,,
Trovafloxacin,DB00685,Intraabdominal Infections,C1112209,Approved,,
Trovafloxacin,DB00685,Haemophilus influenzae pneumonia,C0276026,Approved,,
Trovafloxacin,DB00685,Pneumonia due to Pseudomonas,C0155860,Approved,,
Trovafloxacin,DB00685,Acute Moraxella catarrhalis bronchitis,C0339932,Approved,,
Trovafloxacin,DB00685,Mycoplasma pneumonia,C0032302,Approved,,
Trovafloxacin,DB00685,Acute gonococcal cervicitis,C0153195,Approved,,
Trovafloxacin,DB00685,Gonorrhea of rectum,C0275665,Approved,,
Trovafloxacin,DB00685,Acute gonococcal urethritis,C0275652,Approved,,
Trovafloxacin,DB00685,Chronic Bacterial Prostatitis,C1720797,Approved,,
Trovafloxacin,DB00685,Staphylococcal Pneumonia,C0032308,Approved,,
Trovafloxacin,DB00685,Acute gonococcal endometritis,C0153196,Approved,,
Trovafloxacin,DB00685,Bacterial infection due to Klebsiella pneumoniae,C0343402,Approved,,
Trovafloxacin,DB00685,Legionella pneumophila pneumonia,C0857846,Approved,,
Trovafloxacin,DB00685,Infection of skin AND/OR subcutaneous tissue,C0178299,Approved,,
Trovafloxacin,DB00685,Moraxella catarrhalis pneumonia,C0857831,Approved,,
Trovafloxacin,DB00685,Acute bacterial sinusitis,C0275556,Approved,,
Trovafloxacin,DB00685,Pneumonia due to Escherichia coli,C0276089,Approved,,
Trovafloxacin,DB00685,Chlamydial pneumonia,C0339959,Approved,,
Trovafloxacin,DB00685,Chlamydial cervicitis,C0341834,Approved,,
Trovafloxacin,DB00685,Chlamydial pelvic inflammatory disease,C0520777,Approved,,
Trovafloxacin,DB00685,Endomyometritis,C0269050,Approved,,
Trovafloxacin,DB00685,Female pelvic cellulitis,C0349734,Approved,,
Trovafloxacin,DB00685,Miscarriage with sepsis,C0269398,Approved,,
Trovafloxacin,DB00685,Postnatal infection,C1278797,Approved,,
Pentosan Polysulfate,DB00686,Bladder pain,C0232849,Approved,,
Pentosan Polysulfate,DB00686,Interstitial Cystitis,C0282488,Approved,,
Fludrocortisone,DB00687,Adrenogenital disorder,C0701163,Approved,,
Fludrocortisone,DB00687,Addison Disease,C0001403,Approved,,
Flurazepam,DB00690,Sleeplessness,C0917801,Approved,,
Moexipril,DB00691,Hypertensive disease,C0020538,Approved,,
Phentolamine,DB00692,Peripheral Vascular Diseases,C0085096,Approved,,
Phentolamine,DB00692,Hypertensive emergency,C0745136,Approved,,
Phentolamine,DB00692,Pheochromocytoma,C0031511,Approved,,
Phentolamine,DB00692,Cerebral Ischemia,C0917798,Approved,,
Phentolamine,DB00692,Paroxysmal hypertension,C0221154,Approved,,
Daunorubicin,DB00694,Acute lymphocytic leukemia,C0023449,Approved,,
Daunorubicin,DB00694,Acute Promyelocytic Leukemia,C0023487,Approved,,
Daunorubicin,DB00694,Acute monocytic leukemia,C0023465,Approved,,
Daunorubicin,DB00694,"Leukemia, Myelocytic, Acute",C0023467,Approved,,
Daunorubicin,DB00694,Acute Erythroblastic Leukemia,C0023440,Approved,,
Daunorubicin,DB00694,Kaposi Sarcoma,C0036220,Approved,,
Furosemide,DB00695,Decompensated cardiac failure,C0581377,Approved,,
Furosemide,DB00695,Edema,C0013604,Approved,,
Furosemide,DB00695,Acute pulmonary edema,C0155919,Approved,,
Furosemide,DB00695,Hypertensive disease,C0020538,Approved,,
Ergotamine,DB00696,Migraine Disorders,C0149931,Approved,,
Ergotamine,DB00696,Vascular Headaches,C0042376,Approved,,
Ergotamine,DB00696,Cluster Headache,C0009088,Approved,,
Tizanidine,DB00697,Muscle spasticity of spinal origin,C1562430,Approved,,
Tizanidine,DB00697,Muscle Spasticity,C0026838,Approved,,
Nitrofurantoin,DB00698,Escherichia coli urinary tract infection,C0577708,Approved,,
Nitrofurantoin,DB00698,Klebsiella cystitis,C0520775,Approved,,
Nitrofurantoin,DB00698,URINARY TRACT INFECTION ENTEROCOCCUS,C0749958,Approved,,
Eplerenone,DB00700,Hypertensive disease,C0020538,Approved,,
Amprenavir,DB00701,HIV Infections,C0019693,Approved,,
Methazolamide,DB00703,Angle Closure Glaucoma,C0017605,Approved,,
Methazolamide,DB00703,Secondary glaucoma,C0149893,Approved,,
Methazolamide,DB00703,"Glaucoma, Open-Angle",C0017612,Approved,,
Naltrexone,DB00704,Drug-induced constipation,C0267511,Approved,,
Naltrexone,DB00704,Chronic pain,C0150055,Approved,,
Naltrexone,DB00704,"Alcoholic Intoxication, Chronic",C0001973,Approved,,
Naltrexone,DB00704,Severe pain,C0278140,Approved,,
Naltrexone,DB00704,Obesity,C0028754,Approved,,
Delavirdine,DB00705,HIV Infections,C0019693,Approved,,
Tamsulosin,DB00706,Prostatic Hypertrophy,C1739363,Approved,,
Porfimer,DB00707,Non-Small Cell Lung Carcinoma,C0007131,Approved,,
Porfimer,DB00707,Malignant neoplasm of esophagus,C0546837,Approved,,
Sufentanil,DB00708,"Pain, Postoperative",C0030201,Approved,,
Lamivudine,DB00709,HIV Infections,C0019693,Approved,,
Lamivudine,DB00709,"Hepatitis B, Chronic",C0524909,Approved,,
Ibandronate,DB00710,"Osteoporosis, Postmenopausal",C0029458,Approved,,
Ibandronate,DB00710,Hypercalcemia,C0020437,Approved,,
Diethylcarbamazine,DB00711,Eosinophilic Pneumonia,C1527407,Approved,,
Diethylcarbamazine,DB00711,Filarial Elephantiases,C0013884,Approved,,
Diethylcarbamazine,DB00711,Loiasis,C0023968,Approved,,
Diethylcarbamazine,DB00711,Onchocerciasis,C0029001,Approved,,
Diethylcarbamazine,DB00711,Elephantiasis,C0013882,Approved,,
Flurbiprofen,DB00712,Degenerative polyarthritis,C0029408,Approved,,
Flurbiprofen,DB00712,Rheumatoid Arthritis,C0003873,Approved,,
Oxacillin,DB00713,Staphylococcal Pneumonia,C0032308,Approved,,
Oxacillin,DB00713,Staphylococcal Infections,C0038160,Approved,,
Oxacillin,DB00713,Infection of bone,C2242472,Approved,,
Oxacillin,DB00713,Sepsis due to Staphylococcus aureus,C2887088,Approved,,
Oxacillin,DB00713,Lower respiratory tract infection,C0149725,Approved,,
Oxacillin,DB00713,Osteomyelitis due to Staphylococcus aureus,C1997728,Approved,,
Oxacillin,DB00713,Infection of skin AND/OR subcutaneous tissue,C0178299,Approved,,
Oxacillin,DB00713,Staphylococcus aureus infection,C1318973,Approved,,
Oxacillin,DB00713,Staphylococcal endocarditis,C0520767,Approved,,
Oxacillin,DB00713,Sinusitis,C0037199,Approved,,
Oxacillin,DB00713,Staphylococcal meningitis,C0154640,Approved,,
Oxacillin,DB00713,Pharyngitis,C0031350,Approved,,
Oxacillin,DB00713,Staphylococcal bacteraemia,C0152965,Approved,,
Apomorphine,DB00714,Parkinson Disease,C0030567,Approved,,
Paroxetine,DB00715,Major Depressive Disorder,C1269683,Approved,,
Paroxetine,DB00715,Obsessive-Compulsive Disorder,C0028768,Approved,,
Paroxetine,DB00715,Panic Disorder,C0030319,Approved,,
Paroxetine,DB00715,"Phobia, Social",C0031572,Approved,,
Paroxetine,DB00715,Post-Traumatic Stress Disorder,C0038436,Approved,,
Paroxetine,DB00715,Premenstrual Dysphoric Disorder,C0520676,Approved,,
Paroxetine,DB00715,Generalized Anxiety Disorder,C0270549,Approved,,
Paroxetine,DB00715,Depressive disorder,C0011581,Approved,,
Paroxetine,DB00715,Hot flushes,C0600142,Approved,,
Nedocromil,DB00716,Allergic Conjunctivitis,C0009766,Approved,,
Nedocromil,DB00716,Asthma,C0004096,Approved,,
Nedocromil,DB00716,Itching of eye,C0022281,Approved,,
Norethisterone,DB00717,Atrophic Vaginitis,C0221392,Approved,,
Norethisterone,DB00717,Secondary physiologic amenorrhea,C0232940,Approved,,
Norethisterone,DB00717,Menorrhagia,C0025323,Approved,,
Norethisterone,DB00717,Female hypogonadism syndrome,C0271578,Approved,,
Norethisterone,DB00717,Hot flushes,C0600142,Approved,,
Norethisterone,DB00717,Atrophy of vulva,C0156393,Approved,,
Norethisterone,DB00717,Metrorrhagia,C0025874,Approved,,
Norethisterone,DB00717,Acne Vulgaris,C0001144,Approved,,
Norethisterone,DB00717,Endometriosis,C0014175,Approved,,
Adefovir Dipivoxil,DB00718,"Hepatitis B, Chronic",C0524909,Approved,,
Azatadine,DB00719,Pruritus,C0033774,Approved,,
Azatadine,DB00719,Nasal congestion (finding),C0027424,Approved,,
Azatadine,DB00719,Sneezing,C0037383,Approved,,
Azatadine,DB00719,Common Cold,C0009443,Approved,,
Azatadine,DB00719,Urticaria,C0042109,Approved,,
Azatadine,DB00719,"Rhinitis, Vasomotor",C0035460,Approved,,
Azatadine,DB00719,Allergic rhinitis (disorder),C2607914,Approved,,
Azatadine,DB00719,Allergic Conjunctivitis,C0009766,Approved,,
Azatadine,DB00719,Rhinorrhea,C1260880,Approved,,
Azatadine,DB00719,Hay fever,C0018621,Approved,,
Azatadine,DB00719,Symptomatic dermographism,C0343065,Approved,,
Lisinopril,DB00722,Myocardial Infarction,C0027051,Approved,,
Lisinopril,DB00722,Chronic heart failure,C0264716,Approved,,
Lisinopril,DB00722,Hypertensive disease,C0020538,Approved,,
Methoxamine,DB00723,Paroxysmal supraventricular tachycardia,C0030590,Approved,,
Imiquimod,DB00724,Condylomata Acuminata,C0009663,Approved,,
Imiquimod,DB00724,Superficial basal cell carcinoma,C0862889,Approved,,
Imiquimod,DB00724,Actinic keratosis,C0022602,Approved,,
Imiquimod,DB00724,Common wart,C0043037,Approved,,
Homatropine Methylbromide,DB00725,Coughing,C0010200,Approved,,
Homatropine Methylbromide,DB00725,Irritable Bowel Syndrome,C0022104,Approved,,
Homatropine Methylbromide,DB00725,Peptic Ulcer,C0030920,Approved,,
Trimipramine,DB00726,Depressive disorder,C0011581,Approved,,
Nitroglycerin,DB00727,Perioperative hypertension,C3661921,Approved,,
Thiabendazole,DB00730,"Larva Migrans, Cutaneous",C0546999,Approved,,
Thiabendazole,DB00730,Infection by Uncinaria,C0041648,Approved,,
Thiabendazole,DB00730,Toxocariasis,C0040553,Approved,,
Thiabendazole,DB00730,Enterobiasis,C0086227,Approved,,
Thiabendazole,DB00730,Trichinellosis,C0040896,Approved,,
Thiabendazole,DB00730,Ascariasis,C0003950,Approved,,
Thiabendazole,DB00730,Infection by Trichuris trichiura,C0040954,Approved,,
Thiabendazole,DB00730,Strongyloidiasis,C0038463,Approved,,
Nateglinide,DB00731,"Diabetes Mellitus, Non-Insulin-Dependent",C0011860,Approved,,
Pralidoxime,DB00733,Organophosphate poisoning,C0700359,Approved,,
Risperidone,DB00734,Schizophrenia,C0036341,Approved,,
Risperidone,DB00734,Bipolar disorder in remission,C0270425,Approved,,
Risperidone,DB00734,Autistic Disorder,C0004352,Approved,,
Risperidone,DB00734,Mixed bipolar I disorder,C0236780,Approved,,
Risperidone,DB00734,"Bipolar affective disorder, current episode manic",C0338873,Approved,,
Naftifine,DB00735,Tinea Pedis,C0040259,Approved,,
Naftifine,DB00735,Tinea corporis (disorder),C0040252,Approved,,
Naftifine,DB00735,Tinea cruris,C1384589,Approved,,
Esomeprazole,DB00736,Erosive esophagitis,C0267055,Approved,,
Esomeprazole,DB00736,Zollinger-Ellison syndrome,C0043515,Approved,,
Esomeprazole,DB00736,Peptic Esophagitis,C0014869,Approved,,
Esomeprazole,DB00736,Gastroesophageal reflux disease,C0017168,Approved,,
Esomeprazole,DB00736,Peptic Ulcer,C0030920,Approved,,
Meclizine,DB00737,Vertigo,C0042571,Approved,,
Meclizine,DB00737,Motion Sickness,C0026603,Approved,,
Pentamidine,DB00738,African Trypanosomiasis,C0041228,Approved,,
Riluzole,DB00740,Amyotrophic Lateral Sclerosis,C0002736,Approved,,
Hydrocortisone,DB00741,Blepharoconjunctivitis,C0005743,Approved,,
Hydrocortisone,DB00741,Bacterial keratitis,C0854211,Approved,,
Hydrocortisone,DB00741,Cerebral Edema,C0006114,Approved,,
Hydrocortisone,DB00741,Rheumatic Heart Disease,C0035439,Approved,,
Hydrocortisone,DB00741,Laryngeal Edema,C0023052,Approved,,
Hydrocortisone,DB00741,Nephrotic Syndrome,C0027726,Approved,,
Hydrocortisone,DB00741,Recurrent herpes simplex labialis,C1274321,Approved,,
Hydrocortisone,DB00741,Corneal abrasion,C0010032,Approved,,
Hydrocortisone,DB00741,Crohn Disease,C0010346,Approved,,
Hydrocortisone,DB00741,Proctitis,C0033246,Approved,,
Hydrocortisone,DB00741,Lichen Simplex Chronicus,C0149922,Approved,,
Hydrocortisone,DB00741,"Lupus Erythematosus, Systemic",C0024141,Approved,,
Hydrocortisone,DB00741,Rheumatoid Arthritis,C0003873,Approved,,
Hydrocortisone,DB00741,Transplanted organ rejection,C0345468,Approved,,
Hydrocortisone,DB00741,Uveitis,C0042164,Approved,,
Hydrocortisone,DB00741,Inflammatory Bowel Diseases,C0021390,Approved,,
Hydrocortisone,DB00741,Keratitis,C0022568,Approved,,
Hydrocortisone,DB00741,Infective blepharitis,C0729587,Approved,,
Hydrocortisone,DB00741,Exanthema,C0015230,Approved,,
Hydrocortisone,DB00741,Synovitis,C0039103,Approved,,
Hydrocortisone,DB00741,Herpes zoster keratitis,C1275687,Approved,,
Hydrocortisone,DB00741,Aphthous Stomatitis,C0038363,Approved,,
Hydrocortisone,DB00741,Angioedema,C0002994,Approved,,
Hydrocortisone,DB00741,Humoral hypercalcemia of malignancy (disorder),C0149911,Approved,,
Hydrocortisone,DB00741,Corneal Ulcer,C0010043,Approved,,
Hydrocortisone,DB00741,"Anemia, Diamond-Blackfan",C1260899,Approved,,
Hydrocortisone,DB00741,Cooley's anemia,C0002875,Approved,,
Hydrocortisone,DB00741,Multiple Sclerosis,C0026769,Approved,,
Hydrocortisone,DB00741,Psoriasis,C0033860,Approved,,
Hydrocortisone,DB00741,Aspiration pneumonitis,C1761609,Approved,,
Hydrocortisone,DB00741,Adrenogenital disorder,C0701163,Approved,,
Hydrocortisone,DB00741,Iridocyclitis,C0022073,Approved,,
Hydrocortisone,DB00741,"Lupus Erythematosus, Discoid",C0024138,Approved,,
Hydrocortisone,DB00741,Pemphigus,C0030807,Approved,,
Hydrocortisone,DB00741,Dermatitis Herpetiformis,C0011608,Approved,,
Hydrocortisone,DB00741,Tenosynovitis,C0039520,Approved,,
Hydrocortisone,DB00741,Acne Vulgaris,C0001144,Approved,,
Hydrocortisone,DB00741,Trichinellosis,C0040896,Approved,,
Hydrocortisone,DB00741,Acute lymphocytic leukemia,C0023449,Approved,,
Hydrocortisone,DB00741,Tinea Pedis,C0040259,Approved,,
Hydrocortisone,DB00741,Malignant otitis externa due to Pseudomonas aeruginosa,C0395818,Approved,,
Hydrocortisone,DB00741,Allergic Conjunctivitis,C0009766,Approved,,
Hydrocortisone,DB00741,Seborrheic dermatitis,C0036508,Approved,,
Hydrocortisone,DB00741,Rosacea,C0035854,Approved,,
Hydrocortisone,DB00741,Granuloma Annulare,C0085074,Approved,,
Hydrocortisone,DB00741,Serum Sickness,C0036830,Approved,,
Hydrocortisone,DB00741,Hodgkin Disease,C0019829,Approved,,
Hydrocortisone,DB00741,Infective otitis externa,C0021355,Approved,,
Hydrocortisone,DB00741,Exfoliative dermatitis,C0011606,Approved,,
Hydrocortisone,DB00741,"Lymphoma, Non-Hodgkin",C0024305,Approved,,
Hydrocortisone,DB00741,Acquired thrombocytopenia,C0154301,Approved,,
Hydrocortisone,DB00741,Simple Pulmonary Eosinophilia,C0242459,Approved,,
Hydrocortisone,DB00741,Thyroiditis,C0040147,Approved,,
Hydrocortisone,DB00741,"Dermatitis, Atopic",C0011615,Approved,,
Hydrocortisone,DB00741,Bursitis,C0006444,Approved,,
Hydrocortisone,DB00741,Chronic small plaque psoriasis,C0406317,Approved,,
Hydrocortisone,DB00741,Asthma,C0004096,Approved,,
Hydrocortisone,DB00741,Erythema Multiforme,C0014742,Approved,,
Hydrocortisone,DB00741,"Arthritis, Gouty",C0003868,Approved,,
Hydrocortisone,DB00741,Tinea cruris,C1384589,Approved,,
Hydrocortisone,DB00741,Itching of ear,C0849907,Approved,,
Hydrocortisone,DB00741,Hemorrhoids,C0019112,Approved,,
Hydrocortisone,DB00741,"Arthritis, Psoriatic",C0003872,Approved,,
Hydrocortisone,DB00741,Addisonian crisis,C0151467,Approved,,
Hydrocortisone,DB00741,Pruritus of genital organs,C0033777,Approved,,
Hydrocortisone,DB00741,Adrenal cortical hypofunction,C0405580,Approved,,
Hydrocortisone,DB00741,"Lymphoma, T-Cell, Cutaneous",C0079773,Approved,,
Hydrocortisone,DB00741,Iritis,C0022081,Approved,,
Hydrocortisone,DB00741,Tinea corporis (disorder),C0040252,Approved,,
Hydrocortisone,DB00741,Post traumatic osteoarthritis,C2894027,Approved,,
Hydrocortisone,DB00741,Cyclitis,C0010543,Approved,,
Hydrocortisone,DB00741,Scalp psoriasis,C0406326,Approved,,
Hydrocortisone,DB00741,Addison Disease,C0001403,Approved,,
Hydrocortisone,DB00741,Mycosis Fungoides,C0026948,Approved,,
Hydrocortisone,DB00741,Inflammatory dermatosis,C3875321,Approved,,
Hydrocortisone,DB00741,Status Asthmaticus,C0038218,Approved,,
Hydrocortisone,DB00741,Allergic rhinitis (disorder),C2607914,Approved,,
Hydrocortisone,DB00741,Autoimmune Diseases,C0004364,Approved,,
Hydrocortisone,DB00741,Chronic ulcerative proctitis,C2937222,Approved,,
Hydrocortisone,DB00741,Contact Dermatitis,C0011616,Approved,,
Hydrocortisone,DB00741,Otitis Externa,C0029878,Approved,,
Hydrocortisone,DB00741,Gingival Diseases,C0017563,Approved,,
Hydrocortisone,DB00741,Ulcerative Colitis,C0009324,Approved,,
Hydrocortisone,DB00741,Tendinitis,C0039503,Approved,,
Hydrocortisone,DB00741,Autoimmune hemolytic anemia,C0002880,Approved,,
Hydrocortisone,DB00741,Disorder of eye,C0015397,Approved,,
Hydrocortisone,DB00741,Sarcoidosis,C0036202,Approved,,
Hydrocortisone,DB00741,Berylliosis,C0005138,Approved,,
Hydrocortisone,DB00741,Musculoskeletal Diseases,C0026857,Approved,,
Hydrocortisone,DB00741,Ankylosing spondylitis,C0038013,Approved,,
Hydrocortisone,DB00741,Punctate keratopathy,C0423234,Approved,,
Hydrocortisone,DB00741,Pruritus Ani,C0033775,Approved,,
Mannitol,DB00742,Ocular Hypertension,C0028840,Approved,,
Mannitol,DB00742,Edema,C0013604,Approved,,
Mannitol,DB00742,Pseudotumor Cerebri,C0033845,Approved,,
Mannitol,DB00742,Cerebral Edema,C0006114,Approved,,
Mannitol,DB00742,Cystic Fibrosis,C0010674,Approved,,
Zileuton,DB00744,Allergic asthma,C0155877,Approved,,
Zileuton,DB00744,Intrinsic asthma,C0155880,Approved,,
Modafinil,DB00745,Narcolepsy,C0027404,Approved,,
Deferoxamine,DB00746,Chronic iron overload,C1739382,Approved,,
Deferoxamine,DB00746,Poisoning by iron AND/OR its compounds,C0412842,Approved,,
Scopolamine,DB00747,Rhinorrhea,C1260880,Approved,,
Scopolamine,DB00747,Posterior synechiae,C0152253,Approved,,
Scopolamine,DB00747,"Rhinitis, Vasomotor",C0035460,Approved,,
Scopolamine,DB00747,Uveitis,C0042164,Approved,,
Scopolamine,DB00747,Peptic Ulcer,C0030920,Approved,,
Scopolamine,DB00747,Mydriasis,C0026961,Approved,,
Scopolamine,DB00747,Irritable Bowel Syndrome,C0022104,Approved,,
Scopolamine,DB00747,Nasal congestion (finding),C0027424,Approved,,
Scopolamine,DB00747,Cycloplegia,C0235238,Approved,,
Scopolamine,DB00747,Allergic rhinitis (disorder),C2607914,Approved,,
Scopolamine,DB00747,Coughing,C0010200,Approved,,
Scopolamine,DB00747,Iridocyclitis,C0022073,Approved,,
Scopolamine,DB00747,Motion Sickness,C0026603,Approved,,
Scopolamine,DB00747,Common Cold,C0009443,Approved,,
Carbinoxamine,DB00748,Symptomatic dermographism,C0343065,Approved,,
Carbinoxamine,DB00748,Hay fever,C0018621,Approved,,
Carbinoxamine,DB00748,Pruritus,C0033774,Approved,,
Carbinoxamine,DB00748,Urticaria,C0042109,Approved,,
Carbinoxamine,DB00748,"Rhinitis, Vasomotor",C0035460,Approved,,
Carbinoxamine,DB00748,Allergic rhinitis (disorder),C2607914,Approved,,
Carbinoxamine,DB00748,Common Cold,C0009443,Approved,,
Carbinoxamine,DB00748,Allergic Conjunctivitis,C0009766,Approved,,
Carbinoxamine,DB00748,Rhinorrhea,C1260880,Approved,,
Etodolac,DB00749,Pain,C0030193,Approved,,
Etodolac,DB00749,Degenerative polyarthritis,C0029408,Approved,,
Etodolac,DB00749,Rheumatoid Arthritis,C0003873,Approved,,
Prilocaine,DB00750,Premature Ejaculation,C0033038,Approved,,
Epinastine,DB00751,Itching of eye,C0022281,Approved,,
Epinastine,DB00751,Allergic Conjunctivitis,C0009766,Approved,,
Tranylcypromine,DB00752,Major Depressive Disorder,C1269683,Approved,,
Ethotoin,DB00754,Tonic-Clonic Epilepsy,C0014549,Approved,,
Ethotoin,DB00754,Epilepsy characterized by intractable complex partial seizures,C2711653,Approved,,
Tretinoin,DB00755,Acute Promyelocytic Leukemia,C0023487,Approved,,
Tretinoin,DB00755,Acne Vulgaris,C0001144,Approved,,
Tretinoin,DB00755,Hyperkeratosis,C0870082,Approved,,
Tretinoin,DB00755,Senile lentigo,C0036651,Approved,,
Tretinoin,DB00755,Chloasma,C0025218,Approved,,
Dolasetron,DB00757,Chemotherapy-induced nausea and vomiting,C0401160,Approved,,
Clopidogrel,DB00758,Acute ST segment elevation myocardial infarction (disorder),C1303258,Approved,,
Clopidogrel,DB00758,Acute Coronary Syndrome,C0948089,Approved,,
Clopidogrel,DB00758,Non-Q wave myocardial infarction,C0542269,Approved,,
Clopidogrel,DB00758,Cerebral Embolism,C0007780,Approved,,
Tetracycline,DB00759,Lymphogranuloma Venereum,C0024286,Approved,,
Tetracycline,DB00759,Relapsing Fever,C0035021,Approved,,
Tetracycline,DB00759,Acute gonococcal urethritis,C0275652,Approved,,
Tetracycline,DB00759,Gonorrhea,C0018081,Approved,,
Tetracycline,DB00759,Sinusitis,C0037199,Approved,,
Tetracycline,DB00759,Infection of skin AND/OR subcutaneous tissue,C0178299,Approved,,
Tetracycline,DB00759,Rickettsialpox,C0035597,Approved,,
Tetracycline,DB00759,Pelvic Inflammatory Disease,C0242172,Approved,,
Tetracycline,DB00759,Actinomycosis,C0001261,Approved,,
Tetracycline,DB00759,Gonorrhea of pharynx,C0149966,Approved,,
Tetracycline,DB00759,Pneumonia,C0032285,Approved,,
Tetracycline,DB00759,Rocky Mountain Spotted Fever,C0035793,Approved,,
Tetracycline,DB00759,Chlamydia trachomatis infection of genital structure,C1997322,Approved,,
Tetracycline,DB00759,Ophthalmia Neonatorum,C0029076,Approved,,
Tetracycline,DB00759,Bacterial keratitis,C0854211,Approved,,
Tetracycline,DB00759,Psittacosis,C0029291,Approved,,
Tetracycline,DB00759,TYPHUS,C0041471,Approved,,
Tetracycline,DB00759,Acute gonococcal epididymo-orchitis,C0153193,Approved,,
Tetracycline,DB00759,Brucellosis,C0006309,Approved,,
Tetracycline,DB00759,Trachoma,C0040592,Approved,,
Tetracycline,DB00759,Bacterial conjunctivitis,C0009768,Approved,,
Tetracycline,DB00759,Urinary tract infection,C0042029,Approved,,
Tetracycline,DB00759,Syphilis,C0039128,Approved,,
Tetracycline,DB00759,Infective otitis media,C0729586,Approved,,
Tetracycline,DB00759,Pharyngitis,C0031350,Approved,,
Tetracycline,DB00759,Q Fever,C0034362,Approved,,
Tetracycline,DB00759,Acute gonococcal endometritis,C0153196,Approved,,
Tetracycline,DB00759,Granuloma Inguinale,C0018190,Approved,,
Tetracycline,DB00759,Gonorrhea of rectum,C0275665,Approved,,
Tetracycline,DB00759,Bronchitis,C0006277,Approved,,
Tetracycline,DB00759,Yaws,C0043388,Approved,,
Tetracycline,DB00759,Gingivostomatitis,C0149704,Approved,,
Tetracycline,DB00759,Acne Vulgaris,C0001144,Approved,,
Tetracycline,DB00759,Acute gonococcal cervicitis,C0153195,Approved,,
Meropenem,DB00760,Infection due to Pseudomonas aeruginosa,C0276075,Approved,,
Meropenem,DB00760,Complicated appendicitis,C1632842,Approved,,
Meropenem,DB00760,Meningococcal meningitis,C0025294,Approved,,
Meropenem,DB00760,Peritonitis,C0031154,Approved,,
Meropenem,DB00760,"Meningitis, Bacterial",C0085437,Approved,,
Meropenem,DB00760,"Meningitis, Pneumococcal",C0025295,Approved,,
Meropenem,DB00760,Streptococcal meningitis,C0154639,Approved,,
Meropenem,DB00760,Intraabdominal Infections,C1112209,Approved,,
Meropenem,DB00760,Abdominal Abscess,C0243001,Approved,,
Potassium Chloride,DB00761,Constipation,C0009806,Approved,,
Potassium Chloride,DB00761,Incomplete passage of stool,C0426639,Approved,,
Potassium Chloride,DB00761,Hypokalemia,C0020621,Approved,,
Irinotecan,DB00762,Metastasis from malignant tumor of colon,C1282500,Approved,,
Irinotecan,DB00762,Secondary malignant neoplasm of pancreas,C0346976,Approved,,
Methimazole,DB00763,Hyperthyroidism,C0020550,Approved,,
Mometasone,DB00764,Pruritus of genital organs,C0033777,Approved,,
Mometasone,DB00764,"Lymphoma, T-Cell, Cutaneous",C0079773,Approved,,
Mometasone,DB00764,Lichen Simplex Chronicus,C0149922,Approved,,
Mometasone,DB00764,Seborrheic dermatitis,C0036508,Approved,,
Mometasone,DB00764,Asthma,C0004096,Approved,,
Mometasone,DB00764,Scalp psoriasis,C0406326,Approved,,
Mometasone,DB00764,Chronic small plaque psoriasis,C0406317,Approved,,
Mometasone,DB00764,Pruritus Ani,C0033775,Approved,,
Mometasone,DB00764,Allergic rhinitis (disorder),C2607914,Approved,,
Mometasone,DB00764,Exanthema,C0015230,Approved,,
Mometasone,DB00764,Contact Dermatitis,C0011616,Approved,,
Mometasone,DB00764,Allergic asthma,C0155877,Approved,,
Mometasone,DB00764,Granuloma Annulare,C0085074,Approved,,
Mometasone,DB00764,Intrinsic asthma,C0155880,Approved,,
Mometasone,DB00764,"Lupus Erythematosus, Discoid",C0024138,Approved,,
Metyrosine,DB00765,Pheochromocytoma,C0031511,Approved,,
Clavulanate,DB00766,Escherichia coli urinary tract infection,C0577708,Approved,,
Clavulanate,DB00766,Pneumonia due to Klebsiella pneumoniae,C0519030,Approved,,
Clavulanate,DB00766,Klebsiella cystitis,C0520775,Approved,,
Clavulanate,DB00766,Bacterial sepsis,C0684256,Approved,,
Clavulanate,DB00766,Bacterial infection due to Klebsiella pneumoniae,C0343402,Approved,,
Clavulanate,DB00766,Rhinoscleroma,C0035468,Approved,,
Clavulanate,DB00766,Streptococcal pneumonia,C0155862,Approved,,
Clavulanate,DB00766,Sepsis due to Staphylococcus aureus,C2887088,Approved,,
Clavulanate,DB00766,Haemophilus parainfluenzae pneumonia,C0877633,Approved,,
Clavulanate,DB00766,Osteomyelitis due to Staphylococcus aureus,C1997728,Approved,,
Clavulanate,DB00766,Bacterial urinary infection,C0729524,Approved,,
Clavulanate,DB00766,Acute bacterial sinusitis,C0275556,Approved,,
Clavulanate,DB00766,Pneumonia due to Staphylococcus aureus,C2349530,Approved,,
Clavulanate,DB00766,Infection of skin AND/OR subcutaneous tissue,C0178299,Approved,,
Clavulanate,DB00766,Infective otitis media,C0729586,Approved,,
Clavulanate,DB00766,Moraxella catarrhalis pneumonia,C0857831,Approved,,
Clavulanate,DB00766,Sepsis due to Pseudomonas,C2887096,Approved,,
Clavulanate,DB00766,Escherichia coli septicemia,C0276088,Approved,,
Clavulanate,DB00766,Escherichia coli Infections,C0014836,Approved,,
Clavulanate,DB00766,Haemophilus influenzae pneumonia,C0276026,Approved,,
Clavulanate,DB00766,Staphylococcus aureus infection,C1318973,Approved,,
Clavulanate,DB00766,URINARY TRACT INFECTION CITROBACTER,C0749955,Approved,,
Clavulanate,DB00766,Urinary tract infection,C0042029,Approved,,
Clavulanate,DB00766,"Pneumonia, Bacterial",C0004626,Approved,,
Clavulanate,DB00766,Staphylococcal Pneumonia,C0032308,Approved,,
Olopatadine,DB00768,Allergic rhinitis (disorder),C2607914,Approved,,
Olopatadine,DB00768,Hay fever,C0018621,Approved,,
Olopatadine,DB00768,Allergic Conjunctivitis,C0009766,Approved,,
Alprostadil,DB00770,Congenital atresia of pulmonary valve,C0242855,Approved,,
Alprostadil,DB00770,Tricuspid Atresia,C0243002,Approved,,
Alprostadil,DB00770,Aortic coarctation,C0003492,Approved,,
Alprostadil,DB00770,Tetralogy of Fallot,C0039685,Approved,,
Alprostadil,DB00770,Erectile dysfunction,C0242350,Approved,,
Clidinium,DB00771,Irritable Bowel Syndrome,C0022104,Approved,,
Clidinium,DB00771,Enterocolitis,C0014356,Approved,,
Malathion,DB00772,Pediculus capitis infestation,C0030757,Approved,,
Etoposide,DB00773,Small cell carcinoma of lung,C0149925,Approved,,
Hydroflumethiazide,DB00774,Hypertensive disease,C0020538,Approved,,
Hydroflumethiazide,DB00774,Edema,C0013604,Approved,,
Tirofiban,DB00775,Non-Q wave myocardial infarction,C0542269,Approved,,
Tirofiban,DB00775,Acute Coronary Syndrome,C0948089,Approved,,
Oxcarbazepine,DB00776,Epilepsy characterized by intractable complex partial seizures,C2711653,Approved,,
Oxcarbazepine,DB00776,"Epilepsies, Partial",C0014547,Approved,,
Oxcarbazepine,DB00776,Simple Partial Seizures,C0234974,Approved,,
Phenelzine,DB00780,Depressive disorder,C0011581,Approved,,
Polymyxin B Sulfate,DB00781,Infective blepharitis,C0729587,Approved,,
Polymyxin B Sulfate,DB00781,Blepharoconjunctivitis,C0005743,Approved,,
Polymyxin B Sulfate,DB00781,Uveitis,C0042164,Approved,,
Polymyxin B Sulfate,DB00781,Corneal abrasion,C0010032,Approved,,
Polymyxin B Sulfate,DB00781,Urinary tract infection,C0042029,Approved,,
Polymyxin B Sulfate,DB00781,Bacterial conjunctivitis,C0009768,Approved,,
Polymyxin B Sulfate,DB00781,Otitis Externa,C0029878,Approved,,
Polymyxin B Sulfate,DB00781,Keratitis,C0022568,Approved,,
Polymyxin B Sulfate,DB00781,Bacterial keratitis,C0854211,Approved,,
Polymyxin B Sulfate,DB00781,Bacterial sepsis,C0684256,Approved,,
Propantheline,DB00782,Peptic Ulcer,C0030920,Approved,,
Estradiol,DB00783,Carcinoma breast stage IV,C0278488,Approved,,
Estradiol,DB00783,Atrophic Vaginitis,C0221392,Approved,,
Estradiol,DB00783,Urethral atrophy,C0520577,Approved,,
Estradiol,DB00783,Premenstrual Dysphoric Disorder,C0520676,Approved,,
Estradiol,DB00783,Acne Vulgaris,C0001144,Approved,,
Estradiol,DB00783,Atrophy of vulva,C0156393,Approved,,
Estradiol,DB00783,Female hypogonadism syndrome,C0271578,Approved,,
Estradiol,DB00783,Hot flushes,C0600142,Approved,,
Estradiol,DB00783,Metastatic Prostate Carcinoma,C0936223,Approved,,
Mefenamic acid,DB00784,Dysmenorrhea,C0013390,Approved,,
Mefenamic acid,DB00784,Pain,C0030193,Approved,,
Aciclovir,DB00787,Chickenpox,C0008049,Approved,,
Aciclovir,DB00787,Herpes simplex infection of skin,C0349719,Approved,,
Aciclovir,DB00787,Recurrent genital herpes simplex,C1274323,Approved,,
Aciclovir,DB00787,Herpes Labialis,C0019345,Approved,,
Aciclovir,DB00787,Herpes zoster disease,C0019360,Approved,,
Aciclovir,DB00787,Herpes encephalitis,C0276226,Approved,,
Aciclovir,DB00787,Herpes Simplex Infections,C0019348,Approved,,
Aciclovir,DB00787,Genital Herpes,C0019342,Approved,,
Aciclovir,DB00787,Recurrent herpes simplex labialis,C1274321,Approved,,
Naproxen,DB00788,Arthralgia,C0003862,Approved,,
Naproxen,DB00788,Rheumatoid Arthritis,C0003873,Approved,,
Naproxen,DB00788,Sinus headache,C0037195,Approved,,
Naproxen,DB00788,Dysmenorrhea,C0013390,Approved,,
Naproxen,DB00788,Rhinorrhea,C1260880,Approved,,
Naproxen,DB00788,Headache Disorders,C0393735,Approved,,
Naproxen,DB00788,Migraine Disorders,C0149931,Approved,,
Naproxen,DB00788,Degenerative polyarthritis,C0029408,Approved,,
Naproxen,DB00788,Fever,C0015967,Approved,,
Naproxen,DB00788,Bursitis,C0006444,Approved,,
Naproxen,DB00788,Myalgia,C0231528,Approved,,
Naproxen,DB00788,Pain,C0030193,Approved,,
Naproxen,DB00788,Gout,C0018099,Approved,,
Naproxen,DB00788,Tendinitis,C0039503,Approved,,
Naproxen,DB00788,Ankylosing spondylitis,C0038013,Approved,,
Naproxen,DB00788,Toothache,C0040460,Approved,,
Perindopril,DB00790,Hypertensive disease,C0020538,Approved,,
Uracil mustard,DB00791,"Lymphoma, Non-Hodgkin",C0024305,Approved,,
Uracil mustard,DB00791,Polycythemia Vera,C0032463,Approved,,
Uracil mustard,DB00791,"Myeloid Leukemia, Chronic",C0023473,Approved,,
Uracil mustard,DB00791,Chronic Lymphocytic Leukemia,C0023434,Approved,,
Tripelennamine,DB00792,Pruritus,C0033774,Approved,,
Tripelennamine,DB00792,Symptomatic dermographism,C0343065,Approved,,
Tripelennamine,DB00792,Allergic rhinitis (disorder),C2607914,Approved,,
Tripelennamine,DB00792,Rhinorrhea,C1260880,Approved,,
Tripelennamine,DB00792,Urticaria,C0042109,Approved,,
Tripelennamine,DB00792,"Rhinitis, Vasomotor",C0035460,Approved,,
Tripelennamine,DB00792,Nasal congestion (finding),C0027424,Approved,,
Tripelennamine,DB00792,Sneezing,C0037383,Approved,,
Tripelennamine,DB00792,Allergic Conjunctivitis,C0009766,Approved,,
Haloprogin,DB00793,Tinea cruris,C1384589,Approved,,
Haloprogin,DB00793,Tinea corporis (disorder),C0040252,Approved,,
Haloprogin,DB00793,Tinea Pedis,C0040259,Approved,,
Primidone,DB00794,Simple Partial Seizures,C0234974,Approved,,
Primidone,DB00794,Epilepsy characterized by intractable complex partial seizures,C2711653,Approved,,
Primidone,DB00794,Bipolar disorder in remission,C0270425,Approved,,
Primidone,DB00794,Epilepsy,C0014544,Approved,,
Primidone,DB00794,Tonic - clonic seizures,C0494475,Approved,,
Primidone,DB00794,Tonic-Clonic Epilepsy,C0014549,Approved,,
Primidone,DB00794,Lennox-Gastaut syndrome,C0238111,Approved,,
Primidone,DB00794,"Epilepsies, Partial",C0014547,Approved,,
Sulfasalazine,DB00795,Rheumatoid Arthritis,C0003873,Approved,,
Sulfasalazine,DB00795,Ulcerative Colitis,C0009324,Approved,,
Candesartan,DB00796,Hypertensive disease,C0020538,Approved,,
Candesartan,DB00796,Chronic heart failure,C0264716,Approved,,
Tolazoline,DB00797,Cerebrovascular Disorders,C0007820,Approved,,
Tolazoline,DB00797,Persistent Fetal Circulation Syndrome,C0031190,Approved,,
Tolazoline,DB00797,Vascular Diseases,C0042373,Approved,,
Gentamicin,DB00798,Pneumonia due to Escherichia coli,C0276089,Approved,,
Gentamicin,DB00798,Sepsis due to Gram negative bacteria,C3163829,Approved,,
Gentamicin,DB00798,Pseudomonas aeruginosa meningitis,C3665869,Approved,,
Gentamicin,DB00798,"Meningitis, Bacterial",C0085437,Approved,,
Gentamicin,DB00798,Serratia sepsis,C0152973,Approved,,
Gentamicin,DB00798,Infection of skin AND/OR subcutaneous tissue,C0178299,Approved,,
Gentamicin,DB00798,Serratia Infections,C0085394,Approved,,
Gentamicin,DB00798,Pneumonia due to Pseudomonas,C0155860,Approved,,
Gentamicin,DB00798,Infection of bone,C2242472,Approved,,
Gentamicin,DB00798,Enterobacter pneumonia,C1096258,Approved,,
Gentamicin,DB00798,Bacterial sepsis,C0684256,Approved,,
Gentamicin,DB00798,Bacterial conjunctivitis,C0009768,Approved,,
Gentamicin,DB00798,Cholangitis,C0008311,Approved,,
Gentamicin,DB00798,Bacterial keratitis,C0854211,Approved,,
Gentamicin,DB00798,Rhinoscleroma,C0035468,Approved,,
Gentamicin,DB00798,"Pneumonia, Bacterial",C0004626,Approved,,
Gentamicin,DB00798,Escherichia coli septicemia,C0276088,Approved,,
Gentamicin,DB00798,Dacryocystitis,C0010930,Approved,,
Gentamicin,DB00798,Folliculitis,C0016436,Approved,,
Gentamicin,DB00798,Blepharoconjunctivitis,C0005743,Approved,,
Gentamicin,DB00798,Meibomianitis,C0549398,Approved,,
Gentamicin,DB00798,Sepsis due to Pseudomonas,C2887096,Approved,,
Gentamicin,DB00798,Peritonitis,C0031154,Approved,,
Gentamicin,DB00798,Neonatal meningitis,C0456107,Approved,,
Gentamicin,DB00798,Citrobacter sepsis,C1096254,Approved,,
Gentamicin,DB00798,Escherichia coli Infections,C0014836,Approved,,
Gentamicin,DB00798,Enterobacteriaceae Infections,C0014347,Approved,,
Gentamicin,DB00798,Infection due to Pseudomonas aeruginosa,C0276075,Approved,,
Gentamicin,DB00798,Neonatal pneumonia,C0339968,Approved,,
Gentamicin,DB00798,Arthropathy associated with infection,C0157749,Approved,,
Gentamicin,DB00798,Intraabdominal Infections,C1112209,Approved,,
Gentamicin,DB00798,Paronychia Inflammation,C0030578,Approved,,
Gentamicin,DB00798,Sepsis of the newborn,C0456103,Approved,,
Gentamicin,DB00798,Proteus septicemia,C0577690,Approved,,
Gentamicin,DB00798,Infective blepharitis,C0729587,Approved,,
Gentamicin,DB00798,Bacterial infection due to Klebsiella pneumoniae,C0343402,Approved,,
Gentamicin,DB00798,Proteus pneumonia,C1260917,Approved,,
Gentamicin,DB00798,Klebsiella sepsis,C0745528,Approved,,
Gentamicin,DB00798,Furunculosis,C0016867,Approved,,
Tazarotene,DB00799,Acne Vulgaris,C0001144,Approved,,
Tazarotene,DB00799,Psoriasis,C0033860,Approved,,
Tazarotene,DB00799,Facial hyperpigmentation,C2677857,Approved,,
Fenoldopam,DB00800,Hypertensive urgency,C0745138,Approved,,
Fenoldopam,DB00800,Malignant essential hypertension,C0024588,Approved,,
Halazepam,DB00801,Anxiety,C0003467,Approved,,
Colistin,DB00803,Pseudomonas aeruginosa infection,C0854135,Approved,,
Colistin,DB00803,Enterobacter infection,C0948205,Approved,,
Colistin,DB00803,Klebsiella Infections,C0022729,Approved,,
Colistin,DB00803,Otitis Externa,C0029878,Approved,,
Dicyclomine,DB00804,Irritable Bowel Syndrome,C0022104,Approved,,
Pentoxifylline,DB00806,Peripheral Vascular Diseases,C0085096,Approved,,
Indapamide,DB00808,Hypertensive disease,C0020538,Approved,,
Indapamide,DB00808,Edema,C0013604,Approved,,
Tropicamide,DB00809,Mydriasis,C0026961,Approved,,
Tropicamide,DB00809,Cycloplegia,C0235238,Approved,,
Biperiden,DB00810,Extrapyramidal Disorders,C0015371,Approved,,
Biperiden,DB00810,Parkinsonian Disorders,C0242422,Approved,,
Biperiden,DB00810,Parkinson Disease,C0030567,Approved,,
Biperiden,DB00810,"Parkinson Disease, Postencephalitic",C0030568,Approved,,
Ribavirin,DB00811,"Hepatitis C, Chronic",C0524910,Approved,,
Ribavirin,DB00811,Respiratory Syncytial Virus Infections,C0035235,Approved,,
Fentanyl,DB00813,Acute postoperative pain,C2215257,Approved,,
Fentanyl,DB00813,Pain,C0030193,Approved,,
Meloxicam,DB00814,Rheumatoid Arthritis,C0003873,Approved,,
Meloxicam,DB00814,Degenerative polyarthritis,C0029408,Approved,,
Orciprenaline,DB00816,Bronchitis,C0006277,Approved,,
Orciprenaline,DB00816,Pulmonary Emphysema,C0034067,Approved,,
Orciprenaline,DB00816,Asthma attack,C0347950,Approved,,
Orciprenaline,DB00816,Asthma,C0004096,Approved,,
Acetazolamide,DB00819,Malignant glaucoma,C0271152,Approved,,
Acetazolamide,DB00819,Absence Epilepsy,C0014553,Approved,,
Acetazolamide,DB00819,"Glaucoma, Open-Angle",C0017612,Approved,,
Acetazolamide,DB00819,Peripheral edema,C0085649,Approved,,
Acetazolamide,DB00819,Secondary glaucoma,C0149893,Approved,,
Acetazolamide,DB00819,Edema,C0013604,Approved,,
Acetazolamide,DB00819,Angle Closure Glaucoma,C0017605,Approved,,
Acetazolamide,DB00819,Altitude Sickness,C0002351,Approved,,
Tadalafil,DB00820,Pulmonary Hypertension,C0020542,Approved,,
Tadalafil,DB00820,Erectile dysfunction,C0242350,Approved,,
Tadalafil,DB00820,Prostatic Hypertrophy,C1739363,Approved,,
Disulfiram,DB00822,"Alcoholic Intoxication, Chronic",C0001973,Approved,,
Menthol,DB00825,Tinea Versicolor,C0040262,Approved,,
Menthol,DB00825,Skin irritation,C0152030,Approved,,
Menthol,DB00825,Pruritus,C0033774,Approved,,
Menthol,DB00825,Scurfiness of scalp,C0423775,Approved,,
Menthol,DB00825,Sprains and Strains,C0038048,Approved,,
Menthol,DB00825,Arthritic pains,C0857177,Approved,,
Menthol,DB00825,Mouth irritation,C0235339,Approved,,
Menthol,DB00825,Diaper Rash,C0011974,Approved,,
Menthol,DB00825,Back Pain,C0004604,Approved,,
Menthol,DB00825,Seborrheic dermatitis,C0036508,Approved,,
Natamycin,DB00826,Fungal conjunctivitis,C0339170,Approved,,
Natamycin,DB00826,Fungal keratitis,C1262117,Approved,,
Cinoxacin,DB00827,Urinary tract infection,C0042029,Approved,,
Fosfomycin,DB00828,Escherichia coli urinary tract infection,C0577708,Approved,,
Fosfomycin,DB00828,Urinary tract infection,C0042029,Approved,,
Fosfomycin,DB00828,URINARY TRACT INFECTION ENTEROCOCCUS,C0749958,Approved,,
Diazepam,DB00829,Alcohol Withdrawal Delirium,C0001957,Approved,,
Diazepam,DB00829,Status Epilepticus,C0038220,Approved,,
Diazepam,DB00829,Anxiety,C0003467,Approved,,
Diazepam,DB00829,Alcohol withdrawal syndrome,C0236663,Approved,,
Diazepam,DB00829,Muscle Spasticity,C0026838,Approved,,
Diazepam,DB00829,Tetanus,C0039614,Approved,,
Phenmetrazine,DB00830,Obesity,C0028754,Approved,,
Trifluoperazine,DB00831,Schizophrenia,C0036341,Approved,,
Trifluoperazine,DB00831,Anxiety,C0003467,Approved,,
Phensuximide,DB00832,Epilepsy,C0014544,Approved,,
Phensuximide,DB00832,Absence Epilepsy,C0014553,Approved,,
Cefaclor,DB00833,Acute Moraxella catarrhalis bronchitis,C0339932,Approved,,
Cefaclor,DB00833,Tonsillitis,C0040425,Approved,,
Cefaclor,DB00833,Streptococcal tonsillitis,C0275804,Approved,,
Cefaclor,DB00833,Upper Respiratory Infections,C0041912,Approved,,
Cefaclor,DB00833,Haemophilus influenzae pneumonia,C0276026,Approved,,
Cefaclor,DB00833,Pneumonia,C0032285,Approved,,
Cefaclor,DB00833,Lower respiratory tract infection,C0149725,Approved,,
Cefaclor,DB00833,Urinary tract infection,C0042029,Approved,,
Cefaclor,DB00833,Pharyngitis,C0031350,Approved,,
Cefaclor,DB00833,Infection of skin AND/OR subcutaneous tissue,C0178299,Approved,,
Cefaclor,DB00833,Staphylococcus aureus infection,C1318973,Approved,,
Cefaclor,DB00833,Infective otitis media,C0729586,Approved,,
Mifepristone,DB00834,Unspecified Abortion,C0156543,Approved,,
Brompheniramine,DB00835,Allergic Conjunctivitis,C0009766,Approved,,
Brompheniramine,DB00835,Influenza-like symptoms,C0392171,Approved,,
Brompheniramine,DB00835,Allergic rhinitis (disorder),C2607914,Approved,,
Brompheniramine,DB00835,Hay fever,C0018621,Approved,,
Brompheniramine,DB00835,Urticaria,C0042109,Approved,,
Brompheniramine,DB00835,Pruritus,C0033774,Approved,,
Brompheniramine,DB00835,Symptomatic dermographism,C0343065,Approved,,
Brompheniramine,DB00835,Rhinorrhea,C1260880,Approved,,
Brompheniramine,DB00835,"Rhinitis, Vasomotor",C0035460,Approved,,
Loperamide,DB00836,Traveler's diarrhea,C0277528,Approved,,
Loperamide,DB00836,Diarrhea,C0011991,Approved,,
Clocortolone,DB00838,Scalp psoriasis,C0406326,Approved,,
Clocortolone,DB00838,Seborrheic dermatitis,C0036508,Approved,,
Clocortolone,DB00838,Pruritus Ani,C0033775,Approved,,
Clocortolone,DB00838,Lichen Simplex Chronicus,C0149922,Approved,,
Clocortolone,DB00838,Contact Dermatitis,C0011616,Approved,,
Clocortolone,DB00838,Chronic small plaque psoriasis,C0406317,Approved,,
Clocortolone,DB00838,"Lymphoma, T-Cell, Cutaneous",C0079773,Approved,,
Clocortolone,DB00838,Pruritus of genital organs,C0033777,Approved,,
Clocortolone,DB00838,"Lupus Erythematosus, Discoid",C0024138,Approved,,
Clocortolone,DB00838,Exanthema,C0015230,Approved,,
Clocortolone,DB00838,Granuloma Annulare,C0085074,Approved,,
Tolazamide,DB00839,"Diabetes Mellitus, Non-Insulin-Dependent",C0011860,Approved,,
Dobutamine,DB00841,"Shock, Cardiogenic",C0036980,Approved,,
Dobutamine,DB00841,Decompensated cardiac failure,C0581377,Approved,,
Dobutamine,DB00841,Heart Decompensation,C1961112,Approved,,
Oxazepam,DB00842,Anxiety,C0003467,Approved,,
Oxazepam,DB00842,Alcohol Withdrawal Delirium,C0001957,Approved,,
Donepezil,DB00843,Alzheimer's Disease,C0002395,Approved,,
Nalbuphine,DB00844,Pain,C0030193,Approved,,
Nalbuphine,DB00844,Labor Pain,C0474368,Approved,,
Clofazimine,DB00845,Dapsone resistant mycobacterium leprae disease,C1563054,Approved,,
Clofazimine,DB00845,Pyoderma Gangrenosum,C0085652,Approved,,
Clofazimine,DB00845,Erythema nodosum leprosum,C0343467,Approved,,
Clofazimine,DB00845,Leprosy,C0023343,Approved,,
Clofazimine,DB00845,"Leprosy, Multibacillary",C1562585,Approved,,
Flurandrenolide,DB00846,"Lupus Erythematosus, Discoid",C0024138,Approved,,
Flurandrenolide,DB00846,Pruritus of genital organs,C0033777,Approved,,
Flurandrenolide,DB00846,Chronic small plaque psoriasis,C0406317,Approved,,
Flurandrenolide,DB00846,Scalp psoriasis,C0406326,Approved,,
Flurandrenolide,DB00846,Exanthema,C0015230,Approved,,
Flurandrenolide,DB00846,Contact Dermatitis,C0011616,Approved,,
Flurandrenolide,DB00846,Granuloma Annulare,C0085074,Approved,,
Flurandrenolide,DB00846,Lichen Simplex Chronicus,C0149922,Approved,,
Flurandrenolide,DB00846,Seborrheic dermatitis,C0036508,Approved,,
Flurandrenolide,DB00846,Pruritus Ani,C0033775,Approved,,
Flurandrenolide,DB00846,"Lymphoma, T-Cell, Cutaneous",C0079773,Approved,,
Flurandrenolide,DB00846,"Dermatitis, Atopic",C0011615,Approved,,
Cysteamine,DB00847,Nephropathic cystinosis,C2931187,Approved,,
Methylphenobarbital,DB00849,apprehension,C0233485,Approved,,
Methylphenobarbital,DB00849,Tonic-Clonic Epilepsy,C0014549,Approved,,
Methylphenobarbital,DB00849,Tension,C0233494,Approved,,
Methylphenobarbital,DB00849,Epilepsy,C0014544,Approved,,
Methylphenobarbital,DB00849,Anxiety,C0003467,Approved,,
Perphenazine,DB00850,Nausea and vomiting,C0027498,Approved,,
Perphenazine,DB00850,Schizophrenia,C0036341,Approved,,
Perphenazine,DB00850,Mixed anxiety and depressive disorder,C0338908,Approved,,
Dacarbazine,DB00851,Hodgkin Disease,C0019829,Approved,,
Dacarbazine,DB00851,"Malignant melanoma, metastatic",C0860594,Approved,,
Pseudoephedrine,DB00852,Headache Disorders,C0393735,Approved,,
Pseudoephedrine,DB00852,Nasal congestion (finding),C0027424,Approved,,
Pseudoephedrine,DB00852,Rhinorrhea,C1260880,Approved,,
Pseudoephedrine,DB00852,Allergic Conjunctivitis,C0009766,Approved,,
Pseudoephedrine,DB00852,Hay fever,C0018621,Approved,,
Pseudoephedrine,DB00852,"Rhinitis, Vasomotor",C0035460,Approved,,
Pseudoephedrine,DB00852,Allergic rhinitis (disorder),C2607914,Approved,,
Pseudoephedrine,DB00852,Influenza-like symptoms,C0392171,Approved,,
Pseudoephedrine,DB00852,Sinus headache,C0037195,Approved,,
Pseudoephedrine,DB00852,Rhinitis,C0035455,Approved,,
Pseudoephedrine,DB00852,Common Cold,C0009443,Approved,,
Temozolomide,DB00853,Anaplastic astrocytoma,C0334579,Approved,,
Temozolomide,DB00853,Glioblastoma multiforme of brain,C0349543,Approved,,
Levorphanol,DB00854,Pain,C0030193,Approved,,
Aminolevulinic acid,DB00855,Actinic keratosis,C0022602,Approved,,
Chlorphenesin,DB00856,Muscle Spasticity,C0026838,Approved,,
Terbinafine,DB00857,Onychomycosis,C0040261,Approved,,
Terbinafine,DB00857,Tinea Pedis,C0040259,Approved,,
Terbinafine,DB00857,Tinea Versicolor,C0040262,Approved,,
Terbinafine,DB00857,Onychomycosis of toenails,C1274470,Approved,,
Terbinafine,DB00857,Tinea Capitis,C0040250,Approved,,
Terbinafine,DB00857,Tinea cruris,C1384589,Approved,,
Terbinafine,DB00857,Onychomycosis of fingernails,C1274469,Approved,,
Terbinafine,DB00857,Tinea corporis (disorder),C0040252,Approved,,
Drostanolone,DB00858,Corneal Ulcer,C0010043,Approved,,
Drostanolone,DB00858,Iritis,C0022081,Approved,,
Drostanolone,DB00858,Rosacea,C0035854,Approved,,
Drostanolone,DB00858,"Anemia, Diamond-Blackfan",C1260899,Approved,,
Drostanolone,DB00858,Uveitis,C0042164,Approved,,
Drostanolone,DB00858,Aplastic Anemia,C0002874,Approved,,
Drostanolone,DB00858,Punctate keratopathy,C0423234,Approved,,
Drostanolone,DB00858,Iridocyclitis,C0022073,Approved,,
Drostanolone,DB00858,Allergic Conjunctivitis,C0009766,Approved,,
Drostanolone,DB00858,Herpes zoster keratitis,C1275687,Approved,,
Drostanolone,DB00858,Corneal abrasion,C0010032,Approved,,
Drostanolone,DB00858,Cyclitis,C0010543,Approved,,
Drostanolone,DB00858,Hypoplastic anemia,C0178416,Approved,,
Penicillamine,DB00859,Rheumatoid Arthritis,C0003873,Approved,,
Penicillamine,DB00859,Hepatolenticular Degeneration,C0019202,Approved,,
Penicillamine,DB00859,Cystinuria,C0010691,Approved,,
Prednisolone,DB00860,Bacterial conjunctivitis,C0009768,Approved,,
Prednisolone,DB00860,Blepharoconjunctivitis,C0005743,Approved,,
Prednisolone,DB00860,Iridocyclitis,C0022073,Approved,,
Prednisolone,DB00860,Infective blepharitis,C0729587,Approved,,
Prednisolone,DB00860,"Dermatitis, Atopic",C0011615,Approved,,
Prednisolone,DB00860,Pruritus of genital organs,C0033777,Approved,,
Prednisolone,DB00860,Pruritus Ani,C0033775,Approved,,
Prednisolone,DB00860,"Lupus Erythematosus, Discoid",C0024138,Approved,,
Prednisolone,DB00860,Lichen Simplex Chronicus,C0149922,Approved,,
Prednisolone,DB00860,"Lymphoma, T-Cell, Cutaneous",C0079773,Approved,,
Prednisolone,DB00860,Contact Dermatitis,C0011616,Approved,,
Prednisolone,DB00860,Granuloma Annulare,C0085074,Approved,,
Prednisolone,DB00860,Exanthema,C0015230,Approved,,
Prednisolone,DB00860,Scalp psoriasis,C0406326,Approved,,
Prednisolone,DB00860,Seborrheic dermatitis,C0036508,Approved,,
Prednisolone,DB00860,Chronic small plaque psoriasis,C0406317,Approved,,
Prednisolone,DB00860,"Ophthalmia, Sympathetic",C0029077,Approved,,
Prednisolone,DB00860,Mycosis Fungoides,C0026948,Approved,,
Prednisolone,DB00860,Ulcerative Colitis,C0009324,Approved,,
Prednisolone,DB00860,Eosinophilic Pneumonia,C1527407,Approved,,
Prednisolone,DB00860,Addison Disease,C0001403,Approved,,
Prednisolone,DB00860,Musculoskeletal Diseases,C0026857,Approved,,
Prednisolone,DB00860,"Arthritis, Gouty",C0003868,Approved,,
Prednisolone,DB00860,Addisonian crisis,C0151467,Approved,,
Prednisolone,DB00860,Disorder of eye,C0015397,Approved,,
Prednisolone,DB00860,Synovitis,C0039103,Approved,,
Prednisolone,DB00860,Bacterial keratitis,C0854211,Approved,,
Prednisolone,DB00860,Serum Sickness,C0036830,Approved,,
Prednisolone,DB00860,Multiple Sclerosis,C0026769,Approved,,
Prednisolone,DB00860,Sjogren's Syndrome,C1527336,Approved,,
Prednisolone,DB00860,Nephrotic Syndrome,C0027726,Approved,,
Prednisolone,DB00860,Exacerbation of asthma,C0349790,Approved,,
Prednisolone,DB00860,"Arthritis, Psoriatic",C0003872,Approved,,
Prednisolone,DB00860,Stevens-Johnson Syndrome,C0038325,Approved,,
Prednisolone,DB00860,Rheumatic Heart Disease,C0035439,Approved,,
Prednisolone,DB00860,Cyclitis,C0010543,Approved,,
Prednisolone,DB00860,"Lymphoma, Follicular",C0024301,Approved,,
Prednisolone,DB00860,Inflammatory Bowel Diseases,C0021390,Approved,,
Prednisolone,DB00860,Keratitis,C0022568,Approved,,
Prednisolone,DB00860,Ankylosing spondylitis,C0038013,Approved,,
Prednisolone,DB00860,Punctate keratopathy,C0423234,Approved,,
Prednisolone,DB00860,Crohn Disease,C0010346,Approved,,
Prednisolone,DB00860,Cooley's anemia,C0002875,Approved,,
Prednisolone,DB00860,Psoriasis,C0033860,Approved,,
Prednisolone,DB00860,Status Asthmaticus,C0038218,Approved,,
Prednisolone,DB00860,Simple Pulmonary Eosinophilia,C0242459,Approved,,
Prednisolone,DB00860,Corneal abrasion,C0010032,Approved,,
Prednisolone,DB00860,Uveitis,C0042164,Approved,,
Prednisolone,DB00860,"Lymphoma, Non-Hodgkin",C0024305,Approved,,
Prednisolone,DB00860,Acute lymphocytic leukemia,C0023449,Approved,,
Prednisolone,DB00860,Erythema Multiforme,C0014742,Approved,,
Prednisolone,DB00860,"Lupus Erythematosus, Systemic",C0024141,Approved,,
Prednisolone,DB00860,Adrenal cortical hypofunction,C0405580,Approved,,
Prednisolone,DB00860,Adrenogenital disorder,C0701163,Approved,,
Prednisolone,DB00860,Exfoliative dermatitis,C0011606,Approved,,
Prednisolone,DB00860,Pemphigus,C0030807,Approved,,
Prednisolone,DB00860,Ocular Rosacea,C0406486,Approved,,
Prednisolone,DB00860,Berylliosis,C0005138,Approved,,
Prednisolone,DB00860,"Anemia, Diamond-Blackfan",C1260899,Approved,,
Prednisolone,DB00860,Bursitis,C0006444,Approved,,
Prednisolone,DB00860,Epicondylitis,C0014488,Approved,,
Prednisolone,DB00860,Meibomianitis,C0549398,Approved,,
Prednisolone,DB00860,Acquired thrombocytopenia,C0154301,Approved,,
Prednisolone,DB00860,Giant Cell Arteritis,C0039483,Approved,,
Prednisolone,DB00860,Herpes zoster keratitis,C1275687,Approved,,
Prednisolone,DB00860,Sarcoidosis,C0036202,Approved,,
Prednisolone,DB00860,"Aspergillosis, Allergic Bronchopulmonary",C0004031,Approved,,
Prednisolone,DB00860,Post traumatic osteoarthritis,C2894027,Approved,,
Prednisolone,DB00860,Transplanted organ rejection,C0345468,Approved,,
Prednisolone,DB00860,Autoimmune Diseases,C0004364,Approved,,
Prednisolone,DB00860,Asthma,C0004096,Approved,,
Prednisolone,DB00860,Corneal Ulcer,C0010043,Approved,,
Prednisolone,DB00860,Rosacea,C0035854,Approved,,
Prednisolone,DB00860,Extrinsic allergic alveolitis,C0002390,Approved,,
Prednisolone,DB00860,Thyroiditis,C0040147,Approved,,
Prednisolone,DB00860,Dermatitis Herpetiformis,C0011608,Approved,,
Prednisolone,DB00860,Polymyalgia Rheumatica,C0032533,Approved,,
Prednisolone,DB00860,Dacryocystitis,C0010930,Approved,,
Prednisolone,DB00860,Rheumatoid Arthritis,C0003873,Approved,,
Prednisolone,DB00860,Angioedema,C0002994,Approved,,
Prednisolone,DB00860,Autoimmune hemolytic anemia,C0002880,Approved,,
Prednisolone,DB00860,Dermatologic disorders,C0037274,Approved,,
Prednisolone,DB00860,Congenital adrenal hyperplasia,C0001627,Approved,,
Prednisolone,DB00860,Tenosynovitis,C0039520,Approved,,
Prednisolone,DB00860,Iritis,C0022081,Approved,,
Prednisolone,DB00860,Cerebral Edema,C0006114,Approved,,
Prednisolone,DB00860,Allergic rhinitis (disorder),C2607914,Approved,,
Prednisolone,DB00860,Humoral hypercalcemia of malignancy (disorder),C0149911,Approved,,
Prednisolone,DB00860,"Tuberculosis, Miliary",C0041321,Approved,,
Prednisolone,DB00860,Tendinitis,C0039503,Approved,,
Prednisolone,DB00860,Hodgkin Disease,C0019829,Approved,,
Prednisolone,DB00860,Pulmonary Fibrosis,C0034069,Approved,,
Prednisolone,DB00860,Allergic Conjunctivitis,C0009766,Approved,,
Prednisolone,DB00860,Aspiration pneumonitis,C1761609,Approved,,
Prednisolone,DB00860,Laryngeal Edema,C0023052,Approved,,
Diflunisal,DB00861,Degenerative polyarthritis,C0029408,Approved,,
Diflunisal,DB00861,Rheumatoid Arthritis,C0003873,Approved,,
Diflunisal,DB00861,Pain,C0030193,Approved,,
Diflunisal,DB00861,Chronic pain,C0150055,Approved,,
Vardenafil,DB00862,Erectile dysfunction,C0242350,Approved,,
Ranitidine,DB00863,Erosive esophagitis,C0267055,Approved,,
Ranitidine,DB00863,Duodenal Ulcer,C0013295,Approved,,
Ranitidine,DB00863,Zollinger-Ellison syndrome,C0043515,Approved,,
Ranitidine,DB00863,Dyspepsia,C0013395,Approved,,
Ranitidine,DB00863,Gastroesophageal reflux disease,C0017168,Approved,,
Ranitidine,DB00863,Heartburn,C0018834,Approved,,
Ranitidine,DB00863,Gastric ulcer,C0038358,Approved,,
Tacrolimus,DB00864,Transplanted organ rejection,C0345468,Approved,,
Tacrolimus,DB00864,Renal transplant rejection,C0238217,Approved,,
Tacrolimus,DB00864,Liver transplant rejection,C0400968,Approved,,
Benzphetamine,DB00865,Obesity,C0028754,Approved,,
Ritodrine,DB00867,Premature Obstetric Labor,C0022876,Approved,,
Benzonatate,DB00868,Coughing,C0010200,Approved,,
Dorzolamide,DB00869,"Glaucoma, Open-Angle",C0017612,Approved,,
Dorzolamide,DB00869,Ocular Hypertension,C0028840,Approved,,
Terbutaline,DB00871,Pulmonary Emphysema,C0034067,Approved,,
Terbutaline,DB00871,Pruritus,C0033774,Approved,,
Terbutaline,DB00871,Dry Eye Syndromes,C0013238,Approved,,
Terbutaline,DB00871,Asthma,C0004096,Approved,,
Terbutaline,DB00871,Skin irritation,C0152030,Approved,,
Terbutaline,DB00871,Bronchitis,C0006277,Approved,,
Terbutaline,DB00871,Asthma attack,C0347950,Approved,,
Conivaptan,DB00872,Hyponatremia,C0020625,Approved,,
Loteprednol,DB00873,Iritis,C0022081,Approved,,
Loteprednol,DB00873,Herpes zoster keratoconjunctivitis,C0153027,Approved,,
Loteprednol,DB00873,Corneal abrasion,C0010032,Approved,,
Loteprednol,DB00873,Corneal Perforation,C0339293,Approved,,
Loteprednol,DB00873,Punctate keratitis,C0259799,Approved,,
Loteprednol,DB00873,Rosacea,C0035854,Approved,,
Loteprednol,DB00873,Herpes zoster keratitis,C1275687,Approved,,
Loteprednol,DB00873,Iridocyclitis,C0022073,Approved,,
Loteprednol,DB00873,Anterior uveitis,C0042165,Approved,,
Loteprednol,DB00873,Ocular Rosacea,C0406486,Approved,,
Loteprednol,DB00873,Allergic Conjunctivitis,C0009766,Approved,,
Guaifenesin,DB00874,Headache Disorders,C0393735,Approved,,
Guaifenesin,DB00874,Fever,C0015967,Approved,,
Guaifenesin,DB00874,Rhinitis,C0035455,Approved,,
Guaifenesin,DB00874,Common Cold,C0009443,Approved,,
Guaifenesin,DB00874,Influenza-like symptoms,C0392171,Approved,,
Guaifenesin,DB00874,Allergic rhinitis (disorder),C2607914,Approved,,
Guaifenesin,DB00874,Nasal congestion (finding),C0027424,Approved,,
Guaifenesin,DB00874,Rhinorrhea,C1260880,Approved,,
Guaifenesin,DB00874,Sinus headache,C0037195,Approved,,
Guaifenesin,DB00874,Coughing,C0010200,Approved,,
Flupentixol,DB00875,Schizophrenia,C0036341,Approved,,
Eprosartan,DB00876,Hypertensive disease,C0020538,Approved,,
Sirolimus,DB00877,Renal Cell Carcinoma,C0007134,Approved,,
Sirolimus,DB00877,"Malignant lymphoma, lymphocytic, intermediate differentiation, diffuse",C0334634,Approved,,
Sirolimus,DB00877,Pulmonary lymphangioleiomyomatosis,C0349649,Approved,,
Chlorhexidine,DB00878,Gingivitis,C0017574,Approved,,
Emtricitabine,DB00879,HIV Infections,C0019693,Approved,,
Chlorothiazide,DB00880,Edema,C0013604,Approved,,
Chlorothiazide,DB00880,Hypertensive urgency,C0745138,Approved,,
Chlorothiazide,DB00880,Hypertensive disease,C0020538,Approved,,
Chlorothiazide,DB00880,Chronic heart failure,C0264716,Approved,,
Quinapril,DB00881,Hypertensive disease,C0020538,Approved,,
Quinapril,DB00881,Chronic heart failure,C0264716,Approved,,
Clomifene,DB00882,Female infertility,C0021361,Approved,,
Isosorbide Dinitrate,DB00883,Chronic heart failure,C0264716,Approved,,
Isosorbide Dinitrate,DB00883,Angina Pectoris,C0002962,Approved,,
Risedronate,DB00884,Osteitis Deformans,C0029401,Approved,,
Risedronate,DB00884,"Osteoporosis, Postmenopausal",C0029458,Approved,,
Risedronate,DB00884,Osteoporosis,C0029456,Approved,,
Pemirolast,DB00885,Allergic Conjunctivitis,C0009766,Approved,,
Pemirolast,DB00885,Asthma,C0004096,Approved,,
Pemirolast,DB00885,Allergic rhinitis (disorder),C2607914,Approved,,
Bumetanide,DB00887,Renal disease with edema NOS,C0866125,Approved,,
Bumetanide,DB00887,Edema,C0013604,Approved,,
Mechlorethamine,DB00888,Hodgkin Disease,C0019829,Approved,,
Mechlorethamine,DB00888,Malignant neoplasm of lung,C0242379,Approved,,
Mechlorethamine,DB00888,"Lymphoma, Non-Hodgkin",C0024305,Approved,,
Mechlorethamine,DB00888,Malignant pericardial effusion,C0220655,Approved,,
Mechlorethamine,DB00888,"Lymphoma, T-Cell, Cutaneous",C0079773,Approved,,
Mechlorethamine,DB00888,Chronic Lymphocytic Leukemia,C0023434,Approved,,
Mechlorethamine,DB00888,"Myeloid Leukemia, Chronic",C0023473,Approved,,
Mechlorethamine,DB00888,"Pleural Effusion, Malignant",C0080032,Approved,,
Mechlorethamine,DB00888,Malignant ascites,C0220656,Approved,,
Mechlorethamine,DB00888,Mycosis Fungoides,C0026948,Approved,,
Granisetron,DB00889,Chemotherapy-induced nausea and vomiting,C0401160,Approved,,
Dienestrol,DB00890,Dyspareunia,C1384606,Approved,,
Dienestrol,DB00890,Atrophy of vulva,C0156393,Approved,,
Dienestrol,DB00890,Atrophic Vaginitis,C0221392,Approved,,
Sulfapyridine,DB00891,Dermatitis Herpetiformis,C0011608,Approved,,
Testolactone,DB00894,Malignant epithelial neoplasm of female breast,C3163805,Approved,,
Rimexolone,DB00896,Uveitis,C0042164,Approved,,
Triazolam,DB00897,Sleeplessness,C0917801,Approved,,
Remifentanil,DB00899,Acute postoperative pain,C2215257,Approved,,
Didanosine,DB00900,HIV Infections,C0019693,Approved,,
Methdilazine,DB00902,Pruritus,C0033774,Approved,,
Methdilazine,DB00902,Allergic rhinitis (disorder),C2607914,Approved,,
Methdilazine,DB00902,Nasal congestion (finding),C0027424,Approved,,
Methdilazine,DB00902,Angioedema,C0002994,Approved,,
Methdilazine,DB00902,Symptomatic dermographism,C0343065,Approved,,
Methdilazine,DB00902,Rhinorrhea,C1260880,Approved,,
Methdilazine,DB00902,Urticaria,C0042109,Approved,,
Methdilazine,DB00902,Allergic Conjunctivitis,C0009766,Approved,,
Methdilazine,DB00902,Sneezing,C0037383,Approved,,
Etacrynic acid,DB00903,Edema,C0013604,Approved,,
Ondansetron,DB00904,Chemotherapy-induced nausea and vomiting,C0401160,Approved,,
Bimatoprost,DB00905,"Glaucoma, Open-Angle",C0017612,Approved,,
Bimatoprost,DB00905,Ocular Hypertension,C0028840,Approved,,
Bimatoprost,DB00905,Hypertrichosis of eyelid,C0155213,Approved,,
Tiagabine,DB00906,Epilepsy characterized by intractable complex partial seizures,C2711653,Approved,,
Tiagabine,DB00906,Simple Partial Seizures,C0234974,Approved,,
Quinidine,DB00908,Pseudobulbar affect,C2316460,Approved,,
Tinidazole,DB00911,Acute amebiasis,C0152499,Approved,,
Tinidazole,DB00911,Trichomonas Infections,C0040921,Approved,,
Tinidazole,DB00911,Bacterial Vaginosis,C0085166,Approved,,
Tinidazole,DB00911,"Liver Abscess, Amebic",C0023886,Approved,,
Tinidazole,DB00911,Giardiasis,C0017536,Approved,,
Repaglinide,DB00912,"Diabetes Mellitus, Non-Insulin-Dependent",C0011860,Approved,,
Amantadine,DB00915,Extrapyramidal Disorders,C0015371,Approved,,
Amantadine,DB00915,Parkinson Disease,C0030567,Approved,,
Amantadine,DB00915,Parkinsonian Disorders,C0242422,Approved,,
Amantadine,DB00915,Influenza due to Influenza A virus,C2711180,Approved,,
Amantadine,DB00915,"Parkinson Disease, Postencephalitic",C0030568,Approved,,
Metronidazole,DB00916,"Liver Abscess, Amebic",C0023886,Approved,,
Metronidazole,DB00916,Bacteroides empyema,C2062454,Approved,,
Metronidazole,DB00916,Infection due to anaerobic bacteria,C0854328,Approved,,
Metronidazole,DB00916,Bacterial sepsis,C0684256,Approved,,
Metronidazole,DB00916,Acute amebiasis,C0152499,Approved,,
Metronidazole,DB00916,Female genital tract infection,C1263758,Approved,,
Metronidazole,DB00916,Arthropathy associated with infection,C0157749,Approved,,
Metronidazole,DB00916,Trichomonas Infections,C0040921,Approved,,
Metronidazole,DB00916,Liver Abscess,C0023885,Approved,,
Metronidazole,DB00916,Lower respiratory tract infection,C0149725,Approved,,
Metronidazole,DB00916,Tubo-ovarian abscess,C0041343,Approved,,
Metronidazole,DB00916,Intraabdominal Infections,C1112209,Approved,,
Metronidazole,DB00916,Peritonitis,C0031154,Approved,,
Metronidazole,DB00916,Bacterial Vaginosis,C0085166,Approved,,
Metronidazole,DB00916,Infection of bone,C2242472,Approved,,
Metronidazole,DB00916,Infection of skin AND/OR subcutaneous tissue,C0178299,Approved,,
Metronidazole,DB00916,Giardiasis,C0017536,Approved,,
Metronidazole,DB00916,Brain Abscess,C0006105,Approved,,
Metronidazole,DB00916,Meningitis due to Bacteroides,C0865436,Approved,,
Metronidazole,DB00916,Septicemia due to Bacteroides,C0276064,Approved,,
Metronidazole,DB00916,Abdominal Abscess,C0243001,Approved,,
Metronidazole,DB00916,Endometritis,C0014179,Approved,,
Dinoprostone,DB00917,"Hydatidiform mole, benign",C0549315,Approved,,
Dinoprostone,DB00917,Unspecified Abortion,C0156543,Approved,,
Dinoprostone,DB00917,Incomplete spontaneous abortion,C0000810,Approved,,
Almotriptan,DB00918,Migraine Disorders,C0149931,Approved,,
Spectinomycin,DB00919,GONOCOCCAL INFECTION DISSEMINATED,C0744451,Approved,,
Spectinomycin,DB00919,Gonorrhea of rectum,C0275665,Approved,,
Spectinomycin,DB00919,Gonorrhea,C0018081,Approved,,
Spectinomycin,DB00919,Acute gonococcal cervicitis,C0153195,Approved,,
Spectinomycin,DB00919,Acute gonococcal urethritis,C0275652,Approved,,
Ketotifen,DB00920,Allergic Conjunctivitis,C0009766,Approved,,
Buprenorphine,DB00921,Opiate Addiction,C0524662,Approved,,
Buprenorphine,DB00921,Chronic pain,C0150055,Approved,,
Buprenorphine,DB00921,Acute postoperative pain,C2215257,Approved,,
Buprenorphine,DB00921,Severe pain,C0278140,Approved,,
Levosimendan,DB00922,Congestive heart failure,C0018802,Approved,,
Cyclobenzaprine,DB00924,Muscle Spasticity,C0026838,Approved,,
Phenoxybenzamine,DB00925,Pheochromocytoma,C0031511,Approved,,
Famotidine,DB00927,Peptic Esophagitis,C0014869,Approved,,
Famotidine,DB00927,Duodenal Ulcer,C0013295,Approved,,
Famotidine,DB00927,Zollinger-Ellison syndrome,C0043515,Approved,,
Famotidine,DB00927,Dyspepsia,C0013395,Approved,,
Famotidine,DB00927,Heartburn,C0018834,Approved,,
Famotidine,DB00927,Erosive esophagitis,C0267055,Approved,,
Famotidine,DB00927,Gastric ulcer,C0038358,Approved,,
Famotidine,DB00927,Gastroesophageal reflux disease,C0017168,Approved,,
Misoprostol,DB00929,Postpartum Hemorrhage,C0032797,Approved,,
Colesevelam,DB00930,Hypercholesterolemia,C0020443,Approved,,
Methacycline,DB00931,Bacterial enteritis,C0152516,Approved,,
Tipranavir,DB00932,HIV Infections,C0019693,Approved,,
Mesoridazine,DB00933,Schizophrenia,C0036341,Approved,,
Maprotiline,DB00934,Mixed anxiety and depressive disorder,C0338908,Approved,,
Maprotiline,DB00934,Depressive disorder,C0011581,Approved,,
Oxymetazoline,DB00935,Rhinorrhea,C1260880,Approved,,
Oxymetazoline,DB00935,Nasal congestion (finding),C0027424,Approved,,
Oxymetazoline,DB00935,Redness of eye,C0235267,Approved,,
Salicylic acid,DB00936,Allergic rhinitis (disorder),C2607914,Approved,,
Salicylic acid,DB00936,Degenerative polyarthritis,C0029408,Approved,,
Salicylic acid,DB00936,Hyperkeratosis,C0870082,Approved,,
Salicylic acid,DB00936,Fever,C0015967,Approved,,
Salicylic acid,DB00936,Seborrheic dermatitis,C0036508,Approved,,
Salicylic acid,DB00936,Scurfiness of scalp,C0423775,Approved,,
Salicylic acid,DB00936,Common Cold,C0009443,Approved,,
Salicylic acid,DB00936,Plantar wart,C0042548,Approved,,
Salicylic acid,DB00936,Acne Vulgaris,C0001144,Approved,,
Salicylic acid,DB00936,Tinea Pedis,C0040259,Approved,,
Salicylic acid,DB00936,Rheumatoid Arthritis,C0003873,Approved,,
Salicylic acid,DB00936,Pain,C0030193,Approved,,
Salicylic acid,DB00936,Tinea corporis (disorder),C0040252,Approved,,
Salicylic acid,DB00936,Greasy skin,C0234925,Approved,,
Salicylic acid,DB00936,Synovitis,C0039103,Approved,,
Salicylic acid,DB00936,Disorder of keratinization,C0475811,Approved,,
Salicylic acid,DB00936,Corns and callus,C0157726,Approved,,
Salicylic acid,DB00936,Influenza-like symptoms,C0392171,Approved,,
Salicylic acid,DB00936,Migraine Disorders,C0149931,Approved,,
Salicylic acid,DB00936,Back Pain,C0004604,Approved,,
Salicylic acid,DB00936,Headache Disorders,C0393735,Approved,,
Salicylic acid,DB00936,Sinus headache,C0037195,Approved,,
Salicylic acid,DB00936,Toothache,C0040460,Approved,,
Salicylic acid,DB00936,Myocardial Infarction,C0027051,Approved,,
Salicylic acid,DB00936,Arthralgia,C0003862,Approved,,
Salicylic acid,DB00936,Arthritic pains,C0857177,Approved,,
Diethylpropion,DB00937,Obesity,C0028754,Approved,,
Salmeterol,DB00938,Intrinsic asthma,C0155880,Approved,,
Salmeterol,DB00938,Pulmonary Emphysema,C0034067,Approved,,
Salmeterol,DB00938,Allergic asthma,C0155877,Approved,,
Meclofenamic acid,DB00939,Degenerative polyarthritis,C0029408,Approved,,
Meclofenamic acid,DB00939,Rheumatoid Arthritis,C0003873,Approved,,
Meclofenamic acid,DB00939,Menorrhagia,C0025323,Approved,,
Meclofenamic acid,DB00939,Dysmenorrhea,C0013390,Approved,,
Meclofenamic acid,DB00939,Pain,C0030193,Approved,,
Methantheline,DB00940,Peptic Ulcer,C0030920,Approved,,
Methantheline,DB00940,Gastric ulcer,C0038358,Approved,,
Methantheline,DB00940,Urinary Incontinence,C0042024,Approved,,
Cycrimine,DB00942,Parkinson Disease,C0030567,Approved,,
Zalcitabine,DB00943,HIV Infections,C0019693,Approved,,
Acetylsalicylic acid,DB00945,Rheumatoid Arthritis,C0003873,Approved,,
Acetylsalicylic acid,DB00945,Influenza-like symptoms,C0392171,Approved,,
Acetylsalicylic acid,DB00945,Migraine Disorders,C0149931,Approved,,
Acetylsalicylic acid,DB00945,Back Pain,C0004604,Approved,,
Acetylsalicylic acid,DB00945,Degenerative polyarthritis,C0029408,Approved,,
Acetylsalicylic acid,DB00945,Headache Disorders,C0393735,Approved,,
Acetylsalicylic acid,DB00945,Common Cold,C0009443,Approved,,
Acetylsalicylic acid,DB00945,Pain,C0030193,Approved,,
Acetylsalicylic acid,DB00945,Sinus headache,C0037195,Approved,,
Acetylsalicylic acid,DB00945,Toothache,C0040460,Approved,,
Acetylsalicylic acid,DB00945,Myocardial Infarction,C0027051,Approved,,
Acetylsalicylic acid,DB00945,Arthralgia,C0003862,Approved,,
Acetylsalicylic acid,DB00945,Arthritic pains,C0857177,Approved,,
Phenprocoumon,DB00946,Thrombosis,C0040053,Approved,,
Phenprocoumon,DB00946,Myocardial Infarction,C0027051,Approved,,
Phenprocoumon,DB00946,Thromboembolism,C0040038,Approved,,
Mezlocillin,DB00948,Bacterial sepsis,C0684256,Approved,,
Mezlocillin,DB00948,Urinary tract infection,C0042029,Approved,,
Mezlocillin,DB00948,Intraabdominal Infections,C1112209,Approved,,
Mezlocillin,DB00948,Pneumonia due to Pseudomonas,C0155860,Approved,,
Mezlocillin,DB00948,Infection of skin AND/OR subcutaneous tissue,C0178299,Approved,,
Mezlocillin,DB00948,Enterobacter pneumonia,C1096258,Approved,,
Mezlocillin,DB00948,Genitourinary tract infection,C1279247,Approved,,
Mezlocillin,DB00948,Serratia Infections,C0085394,Approved,,
Mezlocillin,DB00948,Aspiration Pneumonia,C0032290,Approved,,
Mezlocillin,DB00948,Haemophilus influenzae pneumonia,C0276026,Approved,,
Mezlocillin,DB00948,Pneumonia due to Escherichia coli,C0276089,Approved,,
Mezlocillin,DB00948,Acute gonococcal endometritis,C0153196,Approved,,
Mezlocillin,DB00948,Gonorrhea,C0018081,Approved,,
Mezlocillin,DB00948,Acute gonococcal cervicitis,C0153195,Approved,,
Mezlocillin,DB00948,Acute gonococcal urethritis,C0275652,Approved,,
Mezlocillin,DB00948,Bacterial infection due to Klebsiella pneumoniae,C0343402,Approved,,
Felbamate,DB00949,Simple Partial Seizures,C0234974,Approved,,
Felbamate,DB00949,Lennox-Gastaut syndrome,C0238111,Approved,,
Felbamate,DB00949,Epilepsy,C0014544,Approved,,
Fexofenadine,DB00950,Chronic idiopathic urticaria,C0578870,Approved,,
Fexofenadine,DB00950,Hay fever,C0018621,Approved,,
Fexofenadine,DB00950,Allergic Conjunctivitis,C0009766,Approved,,
Fexofenadine,DB00950,Allergic rhinitis (disorder),C2607914,Approved,,
Fexofenadine,DB00950,Sneezing,C0037383,Approved,,
Isoniazid,DB00951,Acute tuberculosis,C0275959,Approved,,
Isoniazid,DB00951,"Tuberculosis, Pulmonary",C0041327,Approved,,
Naratriptan,DB00952,Migraine Disorders,C0149931,Approved,,
Rizatriptan,DB00953,Migraine Disorders,C0149931,Approved,,
Dirithromycin,DB00954,Staphylococcus aureus infection,C1318973,Approved,,
Dirithromycin,DB00954,Pharyngitis,C0031350,Approved,,
Dirithromycin,DB00954,Acute Moraxella catarrhalis bronchitis,C0339932,Approved,,
Dirithromycin,DB00954,Legionella pneumophila pneumonia,C0857846,Approved,,
Dirithromycin,DB00954,Streptococcal tonsillitis,C0275804,Approved,,
Dirithromycin,DB00954,Bronchitis,C0006277,Approved,,
Dirithromycin,DB00954,Tonsillitis,C0040425,Approved,,
Dirithromycin,DB00954,Streptococcus pyogenes infection,C0554628,Approved,,
Dirithromycin,DB00954,Pneumonia,C0032285,Approved,,
Dirithromycin,DB00954,Infection of skin AND/OR subcutaneous tissue,C0178299,Approved,,
Dirithromycin,DB00954,Mycoplasma pneumonia,C0032302,Approved,,
Hydrocodone,DB00956,Rhinorrhea,C1260880,Approved,,
Hydrocodone,DB00956,Nasal congestion (finding),C0027424,Approved,,
Hydrocodone,DB00956,Coughing,C0010200,Approved,,
Hydrocodone,DB00956,Rhinitis,C0035455,Approved,,
Hydrocodone,DB00956,Pain,C0030193,Approved,,
Hydrocodone,DB00956,Allergic rhinitis (disorder),C2607914,Approved,,
Hydrocodone,DB00956,Common Cold,C0009443,Approved,,
Norgestimate,DB00957,Acne Vulgaris,C0001144,Approved,,
Norgestimate,DB00957,Atrophic Vaginitis,C0221392,Approved,,
Norgestimate,DB00957,Atrophy of vulva,C0156393,Approved,,
Norgestimate,DB00957,Hot flushes,C0600142,Approved,,
Carboplatin,DB00958,Malignant neoplasm of ovary,C1140680,Approved,,
Methylprednisolone,DB00959,Mycosis Fungoides,C0026948,Approved,,
Methylprednisolone,DB00959,Asthma,C0004096,Approved,,
Methylprednisolone,DB00959,Rheumatoid Arthritis,C0003873,Approved,,
Methylprednisolone,DB00959,Rheumatic Heart Disease,C0035439,Approved,,
Methylprednisolone,DB00959,Pruritus Ani,C0033775,Approved,,
Methylprednisolone,DB00959,Laryngeal Edema,C0023052,Approved,,
Methylprednisolone,DB00959,Congenital adrenal hyperplasia,C0001627,Approved,,
Methylprednisolone,DB00959,Dermatologic disorders,C0037274,Approved,,
Methylprednisolone,DB00959,"Arthritis, Psoriatic",C0003872,Approved,,
Methylprednisolone,DB00959,Addison Disease,C0001403,Approved,,
Methylprednisolone,DB00959,Exacerbation of asthma,C0349790,Approved,,
Methylprednisolone,DB00959,Epicondylitis,C0014488,Approved,,
Methylprednisolone,DB00959,Exfoliative dermatitis,C0011606,Approved,,
Methylprednisolone,DB00959,Multiple Sclerosis,C0026769,Approved,,
Methylprednisolone,DB00959,Lichen Simplex Chronicus,C0149922,Approved,,
Methylprednisolone,DB00959,"Arthritis, Gouty",C0003868,Approved,,
Methylprednisolone,DB00959,Thyroiditis,C0040147,Approved,,
Methylprednisolone,DB00959,Autoimmune hemolytic anemia,C0002880,Approved,,
Methylprednisolone,DB00959,Chronic small plaque psoriasis,C0406317,Approved,,
Methylprednisolone,DB00959,"Lymphoma, T-Cell, Cutaneous",C0079773,Approved,,
Methylprednisolone,DB00959,Hodgkin Disease,C0019829,Approved,,
Methylprednisolone,DB00959,Dermatitis Herpetiformis,C0011608,Approved,,
Methylprednisolone,DB00959,Cerebral Edema,C0006114,Approved,,
Methylprednisolone,DB00959,"Lymphoma, Follicular",C0024301,Approved,,
Methylprednisolone,DB00959,Berylliosis,C0005138,Approved,,
Methylprednisolone,DB00959,"Lymphoma, Non-Hodgkin",C0024305,Approved,,
Methylprednisolone,DB00959,Erythema Multiforme,C0014742,Approved,,
Methylprednisolone,DB00959,Exanthema,C0015230,Approved,,
Methylprednisolone,DB00959,Granuloma Annulare,C0085074,Approved,,
Methylprednisolone,DB00959,Pruritus of genital organs,C0033777,Approved,,
Methylprednisolone,DB00959,Acute lymphocytic leukemia,C0023449,Approved,,
Methylprednisolone,DB00959,Synovitis,C0039103,Approved,,
Methylprednisolone,DB00959,Tendinitis,C0039503,Approved,,
Methylprednisolone,DB00959,Adrenogenital disorder,C0701163,Approved,,
Methylprednisolone,DB00959,Angioedema,C0002994,Approved,,
Methylprednisolone,DB00959,Serum Sickness,C0036830,Approved,,
Methylprednisolone,DB00959,Post traumatic osteoarthritis,C2894027,Approved,,
Methylprednisolone,DB00959,Scalp psoriasis,C0406326,Approved,,
Methylprednisolone,DB00959,Humoral hypercalcemia of malignancy (disorder),C0149911,Approved,,
Methylprednisolone,DB00959,"Lupus Erythematosus, Discoid",C0024138,Approved,,
Methylprednisolone,DB00959,Transplanted organ rejection,C0345468,Approved,,
Methylprednisolone,DB00959,Allergic rhinitis (disorder),C2607914,Approved,,
Methylprednisolone,DB00959,Acquired thrombocytopenia,C0154301,Approved,,
Methylprednisolone,DB00959,"Lupus Erythematosus, Systemic",C0024141,Approved,,
Methylprednisolone,DB00959,Tenosynovitis,C0039520,Approved,,
Methylprednisolone,DB00959,Seborrheic dermatitis,C0036508,Approved,,
Methylprednisolone,DB00959,Musculoskeletal Diseases,C0026857,Approved,,
Methylprednisolone,DB00959,Pemphigus,C0030807,Approved,,
Methylprednisolone,DB00959,Sarcoidosis,C0036202,Approved,,
Methylprednisolone,DB00959,Status Asthmaticus,C0038218,Approved,,
Methylprednisolone,DB00959,Simple Pulmonary Eosinophilia,C0242459,Approved,,
Methylprednisolone,DB00959,Contact Dermatitis,C0011616,Approved,,
Methylprednisolone,DB00959,Trichinellosis,C0040896,Approved,,
Methylprednisolone,DB00959,"Anemia, Diamond-Blackfan",C1260899,Approved,,
Methylprednisolone,DB00959,Adrenal cortical hypofunction,C0405580,Approved,,
Methylprednisolone,DB00959,Nephrotic Syndrome,C0027726,Approved,,
Methylprednisolone,DB00959,Ankylosing spondylitis,C0038013,Approved,,
Methylprednisolone,DB00959,Bursitis,C0006444,Approved,,
Methylprednisolone,DB00959,Crohn Disease,C0010346,Approved,,
Methylprednisolone,DB00959,Autoimmune Diseases,C0004364,Approved,,
Methylprednisolone,DB00959,Psoriasis,C0033860,Approved,,
Methylprednisolone,DB00959,"Tuberculosis, Miliary",C0041321,Approved,,
Methylprednisolone,DB00959,Addisonian crisis,C0151467,Approved,,
Methylprednisolone,DB00959,Disorder of eye,C0015397,Approved,,
Methylprednisolone,DB00959,Inflammatory Bowel Diseases,C0021390,Approved,,
Methylprednisolone,DB00959,Cooley's anemia,C0002875,Approved,,
Methylprednisolone,DB00959,Aspiration pneumonitis,C1761609,Approved,,
Methylprednisolone,DB00959,"Dermatitis, Atopic",C0011615,Approved,,
Methylprednisolone,DB00959,Hay fever,C0018621,Approved,,
Methylprednisolone,DB00959,"Rhinitis, Allergic, Perennial",C0035457,Approved,,
Pindolol,DB00960,Hypertensive disease,C0020538,Approved,,
Zaleplon,DB00962,Initial insomnia,C0393760,Approved,,
Zaleplon,DB00962,Sleep Initiation and Maintenance Disorders,C0021603,Approved,,
Bromfenac,DB00963,Pain,C0030193,Approved,,
Apraclonidine,DB00964,Cerebrovascular Occlusion,C0596298,Approved,,
Apraclonidine,DB00964,"Glaucoma, Open-Angle",C0017612,Approved,,
Telmisartan,DB00966,Hypertensive disease,C0020538,Approved,,
Telmisartan,DB00966,Cerebrovascular accident,C0038454,Approved,,
Desloratadine,DB00967,Chronic idiopathic urticaria,C0578870,Approved,,
Desloratadine,DB00967,"Rhinitis, Vasomotor",C0035460,Approved,,
Desloratadine,DB00967,Hay fever,C0018621,Approved,,
Desloratadine,DB00967,Sneezing,C0037383,Approved,,
Desloratadine,DB00967,Allergic Conjunctivitis,C0009766,Approved,,
Desloratadine,DB00967,Common Cold,C0009443,Approved,,
Desloratadine,DB00967,Nasal congestion (finding),C0027424,Approved,,
Desloratadine,DB00967,Rhinorrhea,C1260880,Approved,,
Desloratadine,DB00967,Allergic rhinitis (disorder),C2607914,Approved,,
Desloratadine,DB00967,Allergic urticaria,C0149526,Approved,,
Methyldopa,DB00968,Hypertensive disease,C0020538,Approved,,
Alosetron,DB00969,Irritable bowel syndrome with diarrhea,C0348898,Approved,,
Alosetron,DB00969,Diarrhoea predominant irritable bowel syndrome,C1262211,Approved,,
Dactinomycin,DB00970,Gestational Trophoblastic Neoplasms,C1135868,Approved,,
Dactinomycin,DB00970,Nephroblastoma,C0027708,Approved,,
Dactinomycin,DB00970,Rhabdomyosarcoma,C0035412,Approved,,
Dactinomycin,DB00970,Ewings sarcoma,C0553580,Approved,,
Selenium Sulfide,DB00971,Seborrheic dermatitis,C0036508,Approved,,
Selenium Sulfide,DB00971,Scurfiness of scalp,C0423775,Approved,,
Selenium Sulfide,DB00971,Tinea Versicolor,C0040262,Approved,,
Azelastine,DB00972,Allergic rhinitis (disorder),C2607914,Approved,,
Azelastine,DB00972,Allergic Conjunctivitis,C0009766,Approved,,
Azelastine,DB00972,"Rhinitis, Vasomotor",C0035460,Approved,,
Azelastine,DB00972,Hay fever,C0018621,Approved,,
Ezetimibe,DB00973,"Hyperlipidemia, Familial Combined",C0020474,Approved,,
Ezetimibe,DB00973,Familial hypercholesterolemia - homozygous,C0342881,Approved,,
Ezetimibe,DB00973,Hypercholesterolemia,C0020443,Approved,,
Ezetimibe,DB00973,Familial hypercholesterolemia - heterozygous,C0342882,Approved,,
Ezetimibe,DB00973,Hyperlipidemia,C0020473,Approved,,
Ezetimibe,DB00973,Sitosterolemia,C0342907,Approved,,
Edetic Acid,DB00974,Accidental poisoning by lead and its compounds and fumes,C0261486,Approved,,
Edetic Acid,DB00974,Hypercalcemia,C0020437,Approved,,
Dipyridamole,DB00975,Chronic heart failure,C0264716,Approved,,
Dipyridamole,DB00975,Atrial Fibrillation,C0004238,Approved,,
Dipyridamole,DB00975,Platelet aggregation inhibition,C0919737,Approved,,
Telithromycin,DB00976,Haemophilus influenzae pneumonia,C0276026,Approved,,
Telithromycin,DB00976,Moraxella catarrhalis pneumonia,C0857831,Approved,,
Telithromycin,DB00976,Mycoplasma pneumonia,C0032302,Approved,,
Telithromycin,DB00976,Chlamydial pneumonia,C0339959,Approved,,
Telithromycin,DB00976,Streptococcal pneumonia,C0155862,Approved,,
Ethinyl Estradiol,DB00977,Premenstrual Dysphoric Disorder,C0520676,Approved,,
Ethinyl Estradiol,DB00977,Atrophy of vulva,C0156393,Approved,,
Ethinyl Estradiol,DB00977,Hot flushes,C0600142,Approved,,
Ethinyl Estradiol,DB00977,Acne Vulgaris,C0001144,Approved,,
Ethinyl Estradiol,DB00977,Atrophic Vaginitis,C0221392,Approved,,
Lomefloxacin,DB00978,Acute exacerbation of chronic bronchitis,C0856695,Approved,,
Lomefloxacin,DB00978,Cystitis escherichia,C0853852,Approved,,
Lomefloxacin,DB00978,Urinary tract infection,C0042029,Approved,,
Lomefloxacin,DB00978,Bronchitis,C0006277,Approved,,
Lomefloxacin,DB00978,Lower respiratory tract infection,C0149725,Approved,,
Cyclopentolate,DB00979,Cycloplegia,C0235238,Approved,,
Cyclopentolate,DB00979,Mydriasis,C0026961,Approved,,
Ramelteon,DB00980,Initial insomnia,C0393760,Approved,,
Physostigmine,DB00981,anticholinergic toxicity,C0237996,Approved,,
Physostigmine,DB00981,"Glaucoma, Open-Angle",C0017612,Approved,,
Isotretinoin,DB00982,Hypertensive disease,C0020538,Approved,,
Formoterol,DB00983,Intrinsic asthma,C0155880,Approved,,
Formoterol,DB00983,Pulmonary Emphysema,C0034067,Approved,,
Formoterol,DB00983,Allergic asthma,C0155877,Approved,,
Dimenhydrinate,DB00985,Vomiting,C0042963,Approved,,
Dimenhydrinate,DB00985,Motion Sickness,C0026603,Approved,,
Dimenhydrinate,DB00985,Nausea,C0027497,Approved,,
Dimenhydrinate,DB00985,Vertigo,C0042571,Approved,,
Dimenhydrinate,DB00985,Nausea and vomiting,C0027498,Approved,,
Glycopyrronium,DB00986,Peptic Ulcer,C0030920,Approved,,
Glycopyrronium,DB00986,Sialorrhea,C0037036,Approved,,
Glycopyrronium,DB00986,Chronic Obstructive Airway Disease,C0024117,Approved,,
Cytarabine,DB00987,Meningeal Leukemia,C0948840,Approved,,
Cytarabine,DB00987,Metastatic Malignant Neoplasm to the Leptomeninges,C1704231,Approved,,
Cytarabine,DB00987,Acute Promyelocytic Leukemia,C0023487,Approved,,
Cytarabine,DB00987,"Leukemia, Myelocytic, Acute",C0023467,Approved,,
Cytarabine,DB00987,Acute lymphocytic leukemia,C0023449,Approved,,
Dopamine,DB00988,Low Cardiac Output Syndrome,C0600177,Approved,,
Dopamine,DB00988,Hypotension,C0020649,Approved,,
Dopamine,DB00988,Decompensated cardiac failure,C0581377,Approved,,
Dopamine,DB00988,"Parkinson Disease, Postencephalitic",C0030568,Approved,,
Dopamine,DB00988,Parkinsonian Disorders,C0242422,Approved,,
Dopamine,DB00988,Parkinson Disease,C0030567,Approved,,
Rivastigmine,DB00989,Alzheimer's Disease,C0002395,Approved,,
Rivastigmine,DB00989,Dementia associated with Parkinson's Disease,C1828079,Approved,,
Oxaprozin,DB00991,Degenerative polyarthritis,C0029408,Approved,,
Oxaprozin,DB00991,Rheumatoid Arthritis,C0003873,Approved,,
Azathioprine,DB00993,Rheumatoid Arthritis,C0003873,Approved,,
Neomycin,DB00994,Urinary tract infection,C0042029,Approved,,
Neomycin,DB00994,Otitis Externa,C0029878,Approved,,
Neomycin,DB00994,Blepharoconjunctivitis,C0005743,Approved,,
Neomycin,DB00994,Hepatic Encephalopathy,C0019151,Approved,,
Neomycin,DB00994,Hepatic Coma,C0019147,Approved,,
Neomycin,DB00994,Keratitis,C0022568,Approved,,
Neomycin,DB00994,Uveitis,C0042164,Approved,,
Neomycin,DB00994,Infective blepharitis,C0729587,Approved,,
Neomycin,DB00994,Corneal abrasion,C0010032,Approved,,
Neomycin,DB00994,Bacterial keratitis,C0854211,Approved,,
Auranofin,DB00995,Rheumatoid Arthritis,C0003873,Approved,,
Gabapentin,DB00996,Postherpetic neuralgia,C0032768,Approved,,
Gabapentin,DB00996,Restless Legs Syndrome,C0035258,Approved,,
Doxorubicin,DB00997,Hodgkin Disease,C0019829,Approved,,
Doxorubicin,DB00997,Carcinoma breast stage IV,C0278488,Approved,,
Doxorubicin,DB00997,Malignant epithelial neoplasm of female breast,C3163805,Approved,,
Doxorubicin,DB00997,Multiple Myeloma,C0026764,Approved,,
Doxorubicin,DB00997,Osteosarcoma of bone,C0585442,Approved,,
Doxorubicin,DB00997,AIDS with Kaposi's sarcoma,C0276535,Approved,,
Doxorubicin,DB00997,Diffuse Large B-Cell Lymphoma,C0079744,Approved,,
Doxorubicin,DB00997,"Lymphoma, Follicular",C0024301,Approved,,
Doxorubicin,DB00997,"Leukemia, Myelocytic, Acute",C0023467,Approved,,
Doxorubicin,DB00997,Nephroblastoma,C0027708,Approved,,
Doxorubicin,DB00997,"Lymphoma, Non-Hodgkin",C0024305,Approved,,
Doxorubicin,DB00997,Breast Carcinoma,C0678222,Approved,,
Doxorubicin,DB00997,Malignant neoplasm of lung,C0242379,Approved,,
Doxorubicin,DB00997,Small cell carcinoma of lung,C0149925,Approved,,
Doxorubicin,DB00997,Acute lymphocytic leukemia,C0023449,Approved,,
Doxorubicin,DB00997,Burkitt Lymphoma,C0006413,Approved,,
Doxorubicin,DB00997,Malignant neoplasm of stomach stage IV,C0278498,Approved,,
Doxorubicin,DB00997,Malignant neoplasm of thyroid,C0007115,Approved,,
Doxorubicin,DB00997,Kaposi Sarcoma,C0036220,Approved,,
Doxorubicin,DB00997,Neuroblastoma,C0027819,Approved,,
Doxorubicin,DB00997,Malignant neoplasm of ovary,C1140680,Approved,,
Frovatriptan,DB00998,Migraine Disorders,C0149931,Approved,,
Hydrochlorothiazide,DB00999,Hypertensive urgency,C0745138,Approved,,
Hydrochlorothiazide,DB00999,Hypertensive disease,C0020538,Approved,,
Hydrochlorothiazide,DB00999,Edema,C0013604,Approved,,
Hydrochlorothiazide,DB00999,Chronic heart failure,C0264716,Approved,,
Cyclacillin,DB01000,Pharyngitis,C0031350,Approved,,
Cyclacillin,DB01000,Urinary tract infection,C0042029,Approved,,
Cyclacillin,DB01000,Bronchitis,C0006277,Approved,,
Cyclacillin,DB01000,Infection of skin AND/OR subcutaneous tissue,C0178299,Approved,,
Cyclacillin,DB01000,Infective otitis media,C0729586,Approved,,
Salbutamol,DB01001,Bronchial Spasm,C0006266,Approved,,
Salbutamol,DB01001,Asthma attack,C0347950,Approved,,
Cromoglicic acid,DB01003,Asthma,C0004096,Approved,,
Cromoglicic acid,DB01003,Allergic rhinitis (disorder),C2607914,Approved,,
Cromoglicic acid,DB01003,"Conjunctivitis, Giant Papillary",C0009769,Approved,,
Cromoglicic acid,DB01003,Allergic Conjunctivitis,C0009766,Approved,,
Cromoglicic acid,DB01003,"Conjunctivitis, Vernal",C0009773,Approved,,
Cromoglicic acid,DB01003,Allergic keratoconjunctivitis,C1112631,Approved,,
Cromoglicic acid,DB01003,"Keratoconjunctivitis, Vernal",C0022577,Approved,,
Cromoglicic acid,DB01003,"Mastocytosis, Systemic",C0221013,Approved,,
Ganciclovir,DB01004,"Keratitis, Dendritic",C0022570,Approved,,
Ganciclovir,DB01004,Paroxysmal supraventricular tachycardia,C0030590,Approved,,
Ganciclovir,DB01004,Cytomegalovirus Retinitis,C0206178,Approved,,
Hydroxyurea,DB01005,Cancer of Head and Neck,C0278996,Approved,,
Hydroxyurea,DB01005,Hemoglobin SS disease with crisis,C0238425,Approved,,
Hydroxyurea,DB01005,"Myeloid Leukemia, Chronic",C0023473,Approved,,
Hydroxyurea,DB01005,Malignant neoplasm of ovary,C1140680,Approved,,
Hydroxyurea,DB01005,"Anemia, Sickle Cell",C0002895,Approved,,
Hydroxyurea,DB01005,melanoma,C0025202,Approved,,
Tioconazole,DB01007,"Candidiasis, Vulvovaginal",C0700345,Approved,,
Busulfan,DB01008,Philadelphia chromosome positive chronic myelogenous leukemia,C0279543,Approved,,
Ketoprofen,DB01009,Degenerative polyarthritis,C0029408,Approved,,
Ketoprofen,DB01009,Pain,C0030193,Approved,,
Ketoprofen,DB01009,Dysmenorrhea,C0013390,Approved,,
Ketoprofen,DB01009,Rheumatoid Arthritis,C0003873,Approved,,
Clobetasol propionate,DB01013,Seborrheic dermatitis,C0036508,Approved,,
Clobetasol propionate,DB01013,Contact Dermatitis,C0011616,Approved,,
Clobetasol propionate,DB01013,Scalp psoriasis,C0406326,Approved,,
Clobetasol propionate,DB01013,Inflammatory dermatosis,C3875321,Approved,,
Clobetasol propionate,DB01013,Scalp Dermatoses,C0036271,Approved,,
Clobetasol propionate,DB01013,Nummular eczema,C0085656,Approved,,
Clobetasol propionate,DB01013,Chronic small plaque psoriasis,C0406317,Approved,,
Balsalazide,DB01014,Ulcerative Colitis,C0009324,Approved,,
Sulfamethoxazole,DB01015,Shigella Infections,C0013371,Approved,,
Sulfamethoxazole,DB01015,Infective otitis media,C0729586,Approved,,
Sulfamethoxazole,DB01015,Toxoplasmosis,C0040558,Approved,,
Sulfamethoxazole,DB01015,Klebsiella cystitis,C0520775,Approved,,
Sulfamethoxazole,DB01015,Proteus urinary tract infection,C0577709,Approved,,
Sulfamethoxazole,DB01015,Nocardia Infections,C0028242,Approved,,
Sulfamethoxazole,DB01015,Bacterial urinary infection,C0729524,Approved,,
Sulfamethoxazole,DB01015,Acute exacerbation of chronic bronchitis,C0856695,Approved,,
Sulfamethoxazole,DB01015,Acute otitis media,C0271429,Approved,,
Sulfamethoxazole,DB01015,Inclusion conjunctivitis,C0009770,Approved,,
Sulfamethoxazole,DB01015,Escherichia coli urinary tract infection,C0577708,Approved,,
Glyburide,DB01016,"Diabetes Mellitus, Non-Insulin-Dependent",C0011860,Approved,,
Minocycline,DB01017,Bronchitis,C0006277,Approved,,
Minocycline,DB01017,Infection by Campylobacter fetus,C0275979,Approved,,
Minocycline,DB01017,TYPHUS,C0041471,Approved,,
Minocycline,DB01017,Listeriosis,C0023860,Approved,,
Minocycline,DB01017,Plague,C0032064,Approved,,
Minocycline,DB01017,Cholera,C0008354,Approved,,
Minocycline,DB01017,Infection of skin AND/OR subcutaneous tissue,C0178299,Approved,,
Minocycline,DB01017,Acute gonococcal endometritis,C0153196,Approved,,
Minocycline,DB01017,Gonorrhea of pharynx,C0149966,Approved,,
Minocycline,DB01017,Relapsing Fever,C0035021,Approved,,
Minocycline,DB01017,Meningococcus carrier,C0421162,Approved,,
Minocycline,DB01017,Psittacosis,C0029291,Approved,,
Minocycline,DB01017,Acne Vulgaris,C0001144,Approved,,
Minocycline,DB01017,Actinomycosis,C0001261,Approved,,
Minocycline,DB01017,Syphilis,C0039128,Approved,,
Minocycline,DB01017,Infective otitis media,C0729586,Approved,,
Minocycline,DB01017,Brucellosis,C0006309,Approved,,
Minocycline,DB01017,Lymphogranuloma Venereum,C0024286,Approved,,
Minocycline,DB01017,Periodontitis,C0031099,Approved,,
Minocycline,DB01017,Granuloma Inguinale,C0018190,Approved,,
Minocycline,DB01017,Sinusitis,C0037199,Approved,,
Minocycline,DB01017,Chlamydia trachomatis infection of genital structure,C1997322,Approved,,
Minocycline,DB01017,Gonorrhea of rectum,C0275665,Approved,,
Minocycline,DB01017,Acute gonococcal urethritis,C0275652,Approved,,
Minocycline,DB01017,Gonorrhea,C0018081,Approved,,
Minocycline,DB01017,Fusospirochetal pharyngitis,C1318559,Approved,,
Minocycline,DB01017,Rocky Mountain Spotted Fever,C0035793,Approved,,
Minocycline,DB01017,Chancroids,C0007947,Approved,,
Minocycline,DB01017,Trachoma,C0040592,Approved,,
Minocycline,DB01017,Tularemia,C0041351,Approved,,
Minocycline,DB01017,Pharyngitis,C0031350,Approved,,
Minocycline,DB01017,Gingivostomatitis,C0149704,Approved,,
Minocycline,DB01017,Q Fever,C0034362,Approved,,
Minocycline,DB01017,Acute gonococcal cervicitis,C0153195,Approved,,
Minocycline,DB01017,Urinary tract infection,C0042029,Approved,,
Minocycline,DB01017,Bartonella Infections,C0004771,Approved,,
Minocycline,DB01017,Yaws,C0043388,Approved,,
Minocycline,DB01017,Rickettsialpox,C0035597,Approved,,
Minocycline,DB01017,Pneumonia,C0032285,Approved,,
Guanfacine,DB01018,Hypertensive disease,C0020538,Approved,,
Guanfacine,DB01018,Attention deficit hyperactivity disorder,C1263846,Approved,,
Bethanechol,DB01019,Urinary Retention,C0080274,Approved,,
Isosorbide Mononitrate,DB01020,Angina Pectoris,C0002962,Approved,,
Trichlormethiazide,DB01021,Hypertensive disease,C0020538,Approved,,
Phylloquinone,DB01022,Hypocalcemia,C0020598,Approved,,
Phylloquinone,DB01022,Osteoporosis,C0029456,Approved,,
Phylloquinone,DB01022,Factor II deficiency,C3203356,Approved,,
Felodipine,DB01023,Hypertensive disease,C0020538,Approved,,
Amlexanox,DB01025,Aphthous Stomatitis,C0038363,Approved,,
Ketoconazole,DB01026,Oral candidiasis,C0006849,Approved,,
Ketoconazole,DB01026,Scurfiness of scalp,C0423775,Approved,,
Ketoconazole,DB01026,Seborrheic dermatitis,C0036508,Approved,,
Ketoconazole,DB01026,Coccidioidomycosis,C0009186,Approved,,
Ketoconazole,DB01026,Chromoblastomycosis,C0008582,Approved,,
Ketoconazole,DB01026,Histoplasmosis,C0019655,Approved,,
Ketoconazole,DB01026,Tinea Versicolor,C0040262,Approved,,
Ketoconazole,DB01026,Paracoccidioidomycosis,C0030409,Approved,,
Ketoconazole,DB01026,Systemic candidiasis,C0153252,Approved,,
Ketoconazole,DB01026,Tinea cruris,C1384589,Approved,,
Ketoconazole,DB01026,Cutaneous Candidiasis,C0006846,Approved,,
Ketoconazole,DB01026,Tinea corporis (disorder),C0040252,Approved,,
Ketoconazole,DB01026,Blastomycosis,C0005716,Approved,,
Ketoconazole,DB01026,Tinea Pedis,C0040259,Approved,,
Ketoconazole,DB01026,Adrenal Gland Hyperfunction,C0001622,Approved,,
Irbesartan,DB01029,Hypertensive disease,C0020538,Approved,,
Irbesartan,DB01029,Diabetic Nephropathy,C0011881,Approved,,
Topotecan,DB01030,Malignant neoplasm of ovary,C1140680,Approved,,
Topotecan,DB01030,Small cell carcinoma of lung,C0149925,Approved,,
Topotecan,DB01030,Malignant tumor of cervix,C0007847,Approved,,
Ethinamate,DB01031,Sleeplessness,C0917801,Approved,,
Probenecid,DB01032,Acute gonococcal endometritis,C0153196,Approved,,
Probenecid,DB01032,"Arthritis, Gouty",C0003868,Approved,,
Probenecid,DB01032,Acute gonococcal urethritis,C0275652,Approved,,
Probenecid,DB01032,Acute gonococcal cervicitis,C0153195,Approved,,
Probenecid,DB01032,Gonorrhea,C0018081,Approved,,
Probenecid,DB01032,Chronic gouty arthritis,C0268108,Approved,,
Probenecid,DB01032,Hyperuricemia,C0740394,Approved,,
Probenecid,DB01032,Gonorrhea of rectum,C0275665,Approved,,
Mercaptopurine,DB01033,Acute Promyelocytic Leukemia,C0023487,Approved,,
Mercaptopurine,DB01033,Acute lymphocytic leukemia,C0023449,Approved,,
Tolterodine,DB01036,Increased frequency of micturition,C0042023,Approved,,
Tolterodine,DB01036,Urge Incontinence,C0150045,Approved,,
Tolterodine,DB01036,Urgency of micturition,C0085606,Approved,,
Tolterodine,DB01036,Bladder muscle dysfunction - overactive,C0403643,Approved,,
Selegiline,DB01037,Major Depressive Disorder,C1269683,Approved,,
Selegiline,DB01037,Parkinson Disease,C0030567,Approved,,
Fenofibrate,DB01039,Hypercholesterolemia,C0020443,Approved,,
Fenofibrate,DB01039,Hyperlipidemia,C0020473,Approved,,
Fenofibrate,DB01039,Hypertriglyceridemia,C0020557,Approved,,
Fenofibrate,DB01039,"Hyperlipidemia, Familial Combined",C0020474,Approved,,
Fenofibrate,DB01039,Hypoalphalipoproteinemias,C0473527,Approved,,
Fenofibrate,DB01039,Familial hypercholesterolemia - heterozygous,C0342882,Approved,,
Thalidomide,DB01041,Multiple Myeloma,C0026764,Approved,,
Thalidomide,DB01041,Erythema nodosum leprosum,C0343467,Approved,,
Melphalan,DB01042,Malignant neoplasm of ovary,C1140680,Approved,,
Melphalan,DB01042,Multiple Myeloma,C0026764,Approved,,
Gatifloxacin,DB01044,Acute exacerbation of chronic bronchitis,C0856695,Approved,,
Gatifloxacin,DB01044,Moraxella catarrhalis pneumonia,C0857831,Approved,,
Gatifloxacin,DB01044,Bacterial conjunctivitis,C0009768,Approved,,
Gatifloxacin,DB01044,Legionella pneumophila pneumonia,C0857846,Approved,,
Gatifloxacin,DB01044,Escherichia coli urinary tract infection,C0577708,Approved,,
Gatifloxacin,DB01044,Streptococcal pneumonia,C0155862,Approved,,
Gatifloxacin,DB01044,Chlamydial pneumonia,C0339959,Approved,,
Gatifloxacin,DB01044,Acute gonococcal urethritis,C0275652,Approved,,
Gatifloxacin,DB01044,Haemophilus influenzae pneumonia,C0276026,Approved,,
Gatifloxacin,DB01044,Staphylococcal Pneumonia,C0032308,Approved,,
Gatifloxacin,DB01044,Gonorrhea of rectum,C0275665,Approved,,
Gatifloxacin,DB01044,PYELONEPHRITIS E COLI,C0748196,Approved,,
Gatifloxacin,DB01044,Staphylococcus aureus infection,C1318973,Approved,,
Gatifloxacin,DB01044,Acute gonococcal cervicitis,C0153195,Approved,,
Gatifloxacin,DB01044,"Pneumonia, Bacterial",C0004626,Approved,,
Gatifloxacin,DB01044,Mycoplasma pneumonia,C0032302,Approved,,
Gatifloxacin,DB01044,Klebsiella cystitis,C0520775,Approved,,
Gatifloxacin,DB01044,Haemophilus parainfluenzae pneumonia,C0877633,Approved,,
Gatifloxacin,DB01044,Proteus urinary tract infection,C0577709,Approved,,
Rifampicin,DB01045,Acute tuberculosis,C0275959,Approved,,
Rifampicin,DB01045,Meningococcus carrier,C0421162,Approved,,
Rifampicin,DB01045,"Tuberculosis, Pulmonary",C0041327,Approved,,
Lubiprostone,DB01046,Chronic idiopathic constipation,C0267509,Approved,,
Lubiprostone,DB01046,Irritable bowel syndrome characterized by constipation,C1868889,Approved,,
Fluocinonide,DB01047,Lichen Simplex Chronicus,C0149922,Approved,,
Fluocinonide,DB01047,Seborrheic dermatitis,C0036508,Approved,,
Fluocinonide,DB01047,Scalp psoriasis,C0406326,Approved,,
Fluocinonide,DB01047,Contact Dermatitis,C0011616,Approved,,
Fluocinonide,DB01047,Chronic small plaque psoriasis,C0406317,Approved,,
Fluocinonide,DB01047,Pruritus of genital organs,C0033777,Approved,,
Fluocinonide,DB01047,Inflammatory dermatosis,C3875321,Approved,,
Fluocinonide,DB01047,Granuloma Annulare,C0085074,Approved,,
Fluocinonide,DB01047,Exanthema,C0015230,Approved,,
Fluocinonide,DB01047,Pruritus Ani,C0033775,Approved,,
Fluocinonide,DB01047,"Lupus Erythematosus, Discoid",C0024138,Approved,,
Fluocinonide,DB01047,"Lymphoma, T-Cell, Cutaneous",C0079773,Approved,,
Abacavir,DB01048,HIV Infections,C0019693,Approved,,
Ergoloid mesylate,DB01049,Dementia,C0497327,Approved,,
Ibuprofen,DB01050,Influenza-like symptoms,C0392171,Approved,,
Ibuprofen,DB01050,Severe pain,C0278140,Approved,,
Ibuprofen,DB01050,Rheumatoid Arthritis,C0003873,Approved,,
Ibuprofen,DB01050,Acute postoperative pain,C2215257,Approved,,
Ibuprofen,DB01050,Pain,C0030193,Approved,,
Ibuprofen,DB01050,Fever,C0015967,Approved,,
Ibuprofen,DB01050,Headache Disorders,C0393735,Approved,,
Ibuprofen,DB01050,Dysmenorrhea,C0013390,Approved,,
Ibuprofen,DB01050,Degenerative polyarthritis,C0029408,Approved,,
Ibuprofen,DB01050,Sinus headache,C0037195,Approved,,
Benzylpenicillin,DB01053,Septicemia due to enterococcus,C0588233,Approved,,
Benzylpenicillin,DB01053,Streptococcal toxic shock syndrome,C0343532,Approved,,
Benzylpenicillin,DB01053,Botulism,C0006057,Approved,,
Benzylpenicillin,DB01053,Gonococcal joint infection,C0153216,Approved,,
Benzylpenicillin,DB01053,"Syphilis, Congenital",C0039131,Approved,,
Benzylpenicillin,DB01053,Neurosyphilis,C0027927,Approved,,
Benzylpenicillin,DB01053,Neonatal meningitis,C0456107,Approved,,
Benzylpenicillin,DB01053,"Syphilis, secondary",C0149985,Approved,,
Benzylpenicillin,DB01053,Pasteurella Infections,C0030636,Approved,,
Benzylpenicillin,DB01053,Yaws,C0043388,Approved,,
Benzylpenicillin,DB01053,Infection by Pasteurella multocida,C1260911,Approved,,
Benzylpenicillin,DB01053,Gingivostomatitis,C0149704,Approved,,
Benzylpenicillin,DB01053,Abdominal actinomycosis,C0001263,Approved,,
Benzylpenicillin,DB01053,Latent yaws,C0153240,Approved,,
Benzylpenicillin,DB01053,Tetanus,C0039614,Approved,,
Benzylpenicillin,DB01053,Infection due to Erysipelothrix rhusiopathiae (disorder),C1276801,Approved,,
Benzylpenicillin,DB01053,Acute otitis media,C0271429,Approved,,
Benzylpenicillin,DB01053,Cutaneous anthrax,C0003177,Approved,,
Benzylpenicillin,DB01053,Late latent syphilis,C1260915,Approved,,
Benzylpenicillin,DB01053,Infection of skin AND/OR subcutaneous tissue,C0178299,Approved,,
Benzylpenicillin,DB01053,Meningococcal meningitis,C0025294,Approved,,
Benzylpenicillin,DB01053,Listerial endocarditis,C0348868,Approved,,
Benzylpenicillin,DB01053,Rat-Bite Fever,C0034686,Approved,,
Benzylpenicillin,DB01053,Streptococcal meningitis,C0154639,Approved,,
Benzylpenicillin,DB01053,"Syphilis, Latent",C0039133,Approved,,
Benzylpenicillin,DB01053,Pulmonary actinomycosis,C0275566,Approved,,
Benzylpenicillin,DB01053,Upper Respiratory Infections,C0041912,Approved,,
Benzylpenicillin,DB01053,"Meningitis, Pneumococcal",C0025295,Approved,,
Benzylpenicillin,DB01053,Anthrax sepsis,C0152946,Approved,,
Benzylpenicillin,DB01053,Pinta,C0031946,Approved,,
Benzylpenicillin,DB01053,Streptococcal Infections,C0038395,Approved,,
Benzylpenicillin,DB01053,Streptococcal pneumonia,C0155862,Approved,,
Benzylpenicillin,DB01053,Bejel,C0004945,Approved,,
Benzylpenicillin,DB01053,"Pneumonia, Necrotizing",C0264515,Approved,,
Benzylpenicillin,DB01053,Cervicofacial actinomycosis,C0001264,Approved,,
Benzylpenicillin,DB01053,Lung Abscess,C0024110,Approved,,
Benzylpenicillin,DB01053,Syphilis,C0039128,Approved,,
Benzylpenicillin,DB01053,Infective otitis media,C0729586,Approved,,
Benzylpenicillin,DB01053,"Syphilis, tertiary",C0153188,Approved,,
Benzylpenicillin,DB01053,Streptococcal tonsillitis,C0275804,Approved,,
Benzylpenicillin,DB01053,Erysipelas,C0014733,Approved,,
Benzylpenicillin,DB01053,Streptococcus pyogenes infection,C0554628,Approved,,
Benzylpenicillin,DB01053,Primary genital syphilis,C0017418,Approved,,
Benzylpenicillin,DB01053,GONOCOCCAL INFECTION DISSEMINATED,C0744451,Approved,,
Benzylpenicillin,DB01053,Anthrax disease,C0003175,Approved,,
Benzylpenicillin,DB01053,Sepsis of the newborn,C0456103,Approved,,
Benzylpenicillin,DB01053,"Early latent syphilis, positive serology, negative cerebrospinal fluid, less than 2 years after infection",C0275842,Approved,,
Benzylpenicillin,DB01053,Fusospirochetal pharyngitis,C1318559,Approved,,
Benzylpenicillin,DB01053,Bacterial Endocarditis,C0014121,Approved,,
Benzylpenicillin,DB01053,Gas gangrene caused by clostridium perfringens,C0343500,Approved,,
Benzylpenicillin,DB01053,Scarlet Fever,C0036285,Approved,,
Benzylpenicillin,DB01053,Neonatal pneumonia,C0339968,Approved,,
Benzylpenicillin,DB01053,"Meningitis, Listeria",C0025293,Approved,,
Benzylpenicillin,DB01053,Gastrointestinal anthrax,C0152945,Approved,,
Benzylpenicillin,DB01053,Streptococcal endocarditis,C3665800,Approved,,
Benzylpenicillin,DB01053,Tertiary lesion of yaws,C0343833,Approved,,
Benzylpenicillin,DB01053,Inhalational anthrax,C0155866,Approved,,
Benzylpenicillin,DB01053,Pharyngitis,C0031350,Approved,,
Benzylpenicillin,DB01053,Staphylococcus aureus infection,C1318973,Approved,,
Benzylpenicillin,DB01053,Actinomycosis,C0001261,Approved,,
Benzylpenicillin,DB01053,Meningococcemia,C0025306,Approved,,
Tocainide,DB01056,Ventricular arrhythmia,C0085612,Approved,,
Echothiophate,DB01057,Glaucoma,C0017601,Approved,,
Echothiophate,DB01057,"Glaucoma, Open-Angle",C0017612,Approved,,
Echothiophate,DB01057,Esotropia,C0014877,Approved,,
Echothiophate,DB01057,Stargardt's disease,C0271093,Approved,,
Praziquantel,DB01058,Opisthorchiasis,C0029106,Approved,,
Praziquantel,DB01058,Schistosomiasis,C0036323,Approved,,
Norfloxacin,DB01059,Pneumonia due to Pseudomonas,C0155860,Approved,,
Norfloxacin,DB01059,Pneumonia due to Klebsiella pneumoniae,C0519030,Approved,,
Norfloxacin,DB01059,Enterobacter pneumonia,C1096258,Approved,,
Norfloxacin,DB01059,Streptococcal pneumonia,C0155862,Approved,,
Norfloxacin,DB01059,Streptococcus pyogenes infection,C0554628,Approved,,
Norfloxacin,DB01059,Acute Moraxella catarrhalis bronchitis,C0339932,Approved,,
Norfloxacin,DB01059,Female pelvic cellulitis,C0349734,Approved,,
Norfloxacin,DB01059,Bacterial infection due to Klebsiella pneumoniae,C0343402,Approved,,
Norfloxacin,DB01059,Miscarriage with sepsis,C0269398,Approved,,
Norfloxacin,DB01059,URINARY TRACT INFECTION ENTEROCOCCUS,C0749958,Approved,,
Norfloxacin,DB01059,Shigella Infections,C0013371,Approved,,
Norfloxacin,DB01059,prostatitis,C0033581,Approved,,
Norfloxacin,DB01059,Pneumonia due to Escherichia coli,C0276089,Approved,,
Norfloxacin,DB01059,Legionella pneumophila pneumonia,C0857846,Approved,,
Norfloxacin,DB01059,Cystitis escherichia,C0853852,Approved,,
Norfloxacin,DB01059,Lower respiratory tract infection,C0149725,Approved,,
Norfloxacin,DB01059,Escherichia coli septicemia,C0276088,Approved,,
Norfloxacin,DB01059,Haemophilus influenzae pneumonia,C0276026,Approved,,
Norfloxacin,DB01059,Staphylococcal Pneumonia,C0032308,Approved,,
Norfloxacin,DB01059,Moraxella catarrhalis pneumonia,C0857831,Approved,,
Norfloxacin,DB01059,"Pneumonia, Bacterial",C0004626,Approved,,
Norfloxacin,DB01059,Postnatal infection,C1278797,Approved,,
Norfloxacin,DB01059,Proteus pneumonia,C1260917,Approved,,
Norfloxacin,DB01059,Acute gonococcal endometritis,C0153196,Approved,,
Norfloxacin,DB01059,Acute osteomyelitis,C0158371,Approved,,
Norfloxacin,DB01059,Malignant otitis externa due to Pseudomonas aeruginosa,C0395818,Approved,,
Norfloxacin,DB01059,Peritonitis,C0031154,Approved,,
Norfloxacin,DB01059,Acute maxillary sinusitis,C0155804,Approved,,
Norfloxacin,DB01059,Proteus urinary tract infection,C0577709,Approved,,
Norfloxacin,DB01059,Otitis Externa,C0029878,Approved,,
Norfloxacin,DB01059,Urinary tract infection,C0042029,Approved,,
Norfloxacin,DB01059,Rhinoscleroma,C0035468,Approved,,
Norfloxacin,DB01059,Chlamydial pelvic inflammatory disease,C0520777,Approved,,
Norfloxacin,DB01059,Anthrax disease,C0003175,Approved,,
Norfloxacin,DB01059,Arthropathy associated with infection,C0157749,Approved,,
Norfloxacin,DB01059,Bacterial urinary infection,C0729524,Approved,,
Norfloxacin,DB01059,Traveler's diarrhea,C0277528,Approved,,
Norfloxacin,DB01059,Bronchitis,C0006277,Approved,,
Norfloxacin,DB01059,Bacterial conjunctivitis,C0009768,Approved,,
Norfloxacin,DB01059,Female genital tract infection,C1263758,Approved,,
Norfloxacin,DB01059,PYELONEPHRITIS E COLI,C0748196,Approved,,
Norfloxacin,DB01059,Chancroids,C0007947,Approved,,
Norfloxacin,DB01059,Chlamydial cervicitis,C0341834,Approved,,
Norfloxacin,DB01059,Acute bacterial bronchitis,C0339933,Approved,,
Norfloxacin,DB01059,Chlamydial pneumonia,C0339959,Approved,,
Norfloxacin,DB01059,Acute exacerbation of chronic bronchitis,C0856695,Approved,,
Norfloxacin,DB01059,Pyelonephritis,C0034186,Approved,,
Norfloxacin,DB01059,Endomyometritis,C0269050,Approved,,
Norfloxacin,DB01059,Typhoid Fever,C0041466,Approved,,
Norfloxacin,DB01059,Infective otitis externa,C0021355,Approved,,
Norfloxacin,DB01059,Gonorrhea of rectum,C0275665,Approved,,
Norfloxacin,DB01059,Haemophilus parainfluenzae pneumonia,C0877633,Approved,,
Norfloxacin,DB01059,Mycoplasma pneumonia,C0032302,Approved,,
Norfloxacin,DB01059,Intraabdominal Infections,C1112209,Approved,,
Norfloxacin,DB01059,Chronic Bacterial Prostatitis,C1720797,Approved,,
Norfloxacin,DB01059,Enterobacteriaceae Infections,C0014347,Approved,,
Norfloxacin,DB01059,Chlamydial urethritis,C1278807,Approved,,
Norfloxacin,DB01059,Acute gonococcal cervicitis,C0153195,Approved,,
Norfloxacin,DB01059,non-gonococcal urethritis (NGU),C1112709,Approved,,
Norfloxacin,DB01059,Pneumonia,C0032285,Approved,,
Norfloxacin,DB01059,Klebsiella cystitis,C0520775,Approved,,
Norfloxacin,DB01059,Infection of bone,C2242472,Approved,,
Norfloxacin,DB01059,URINARY TRACT INFECTION CITROBACTER,C0749955,Approved,,
Norfloxacin,DB01059,Abdominal Abscess,C0243001,Approved,,
Norfloxacin,DB01059,Cystitis,C0010692,Approved,,
Norfloxacin,DB01059,Postoperative infection,C0392618,Approved,,
Norfloxacin,DB01059,Infection of skin AND/OR subcutaneous tissue,C0178299,Approved,,
Norfloxacin,DB01059,Acute gonococcal urethritis,C0275652,Approved,,
Norfloxacin,DB01059,Staphylococcus aureus infection,C1318973,Approved,,
Norfloxacin,DB01059,Gonorrhea,C0018081,Approved,,
Norfloxacin,DB01059,Escherichia coli Infections,C0014836,Approved,,
Norfloxacin,DB01059,Enteric campylobacteriosis,C0275982,Approved,,
Norfloxacin,DB01059,Infective cystitis,C0600041,Approved,,
Norfloxacin,DB01059,Escherichia coli urinary tract infection,C0577708,Approved,,
Norfloxacin,DB01059,Acute bacterial sinusitis,C0275556,Approved,,
Norfloxacin,DB01059,Nosocomial pneumonia,C0949083,Approved,,
Norfloxacin,DB01059,Chronic tubotympanic suppurative otitis media,C0155440,Approved,,
Amoxicillin,DB01060,Haemophilus influenzae pneumonia,C0276026,Approved,,
Amoxicillin,DB01060,Acute otitis media,C0271429,Approved,,
Amoxicillin,DB01060,pharyngitis due to Haemophilus influenzae,C2062475,Approved,,
Amoxicillin,DB01060,"Pneumonia, Bacterial",C0004626,Approved,,
Amoxicillin,DB01060,Lower respiratory tract infection,C0149725,Approved,,
Amoxicillin,DB01060,Genitourinary tract infection,C1279247,Approved,,
Amoxicillin,DB01060,Pneumonia due to Staphylococcus aureus,C2349530,Approved,,
Amoxicillin,DB01060,Haemophilus parainfluenzae pneumonia,C0877633,Approved,,
Amoxicillin,DB01060,Acute exacerbation of chronic bronchitis,C0856695,Approved,,
Amoxicillin,DB01060,Bacterial urinary infection,C0729524,Approved,,
Amoxicillin,DB01060,Pharyngitis,C0031350,Approved,,
Amoxicillin,DB01060,Rhinoscleroma,C0035468,Approved,,
Amoxicillin,DB01060,Moraxella catarrhalis pneumonia,C0857831,Approved,,
Amoxicillin,DB01060,Streptococcal pneumonia,C0155862,Approved,,
Amoxicillin,DB01060,Escherichia coli urinary tract infection,C0577708,Approved,,
Amoxicillin,DB01060,Pneumonia due to Klebsiella pneumoniae,C0519030,Approved,,
Amoxicillin,DB01060,Staphylococcus aureus infection,C1318973,Approved,,
Amoxicillin,DB01060,Staphylococcal pharyngitis,C0275794,Approved,,
Amoxicillin,DB01060,Streptococcal tonsillitis,C0275804,Approved,,
Amoxicillin,DB01060,Helicobacter-associated gastritis,C0343378,Approved,,
Amoxicillin,DB01060,Staphylococcal tonsillitis,C0275793,Approved,,
Amoxicillin,DB01060,Infection of skin AND/OR subcutaneous tissue,C0178299,Approved,,
Amoxicillin,DB01060,Escherichia coli Infections,C0014836,Approved,,
Amoxicillin,DB01060,Klebsiella cystitis,C0520775,Approved,,
Amoxicillin,DB01060,Acute bacterial sinusitis,C0275556,Approved,,
Amoxicillin,DB01060,Urinary tract infection,C0042029,Approved,,
Amoxicillin,DB01060,Infective otitis media,C0729586,Approved,,
Azlocillin,DB01061,Aspiration Pneumonia,C0032290,Approved,,
Azlocillin,DB01061,Enterobacter pneumonia,C1096258,Approved,,
Azlocillin,DB01061,Serratia Infections,C0085394,Approved,,
Azlocillin,DB01061,Pneumonia due to Pseudomonas,C0155860,Approved,,
Azlocillin,DB01061,Pneumonia due to Escherichia coli,C0276089,Approved,,
Azlocillin,DB01061,Urinary tract infection,C0042029,Approved,,
Azlocillin,DB01061,Bacterial sepsis,C0684256,Approved,,
Azlocillin,DB01061,Infection of bone,C2242472,Approved,,
Azlocillin,DB01061,Infection of skin AND/OR subcutaneous tissue,C0178299,Approved,,
Azlocillin,DB01061,Arthropathy associated with infection,C0157749,Approved,,
Azlocillin,DB01061,Haemophilus influenzae pneumonia,C0276026,Approved,,
Azlocillin,DB01061,Bacterial infection due to Klebsiella pneumoniae,C0343402,Approved,,
Oxybutynin,DB01062,Increased frequency of micturition,C0042023,Approved,,
Oxybutynin,DB01062,Urgency of micturition,C0085606,Approved,,
Oxybutynin,DB01062,Urge Incontinence,C0150045,Approved,,
Oxybutynin,DB01062,Bladder muscle dysfunction - overactive,C0403643,Approved,,
Oxybutynin,DB01062,Neurogenic Urinary Bladder,C0005697,Approved,,
Acetophenazine,DB01063,Psychotic Disorders,C0033975,Approved,,
Isoprenaline,DB01064,Common Cold,C0009443,Approved,,
Isoprenaline,DB01064,Low Cardiac Output Syndrome,C0600177,Approved,,
Isoprenaline,DB01064,Atrioventricular Block,C0004245,Approved,,
Isoprenaline,DB01064,Hypovolemic Shock,C0020683,Approved,,
Isoprenaline,DB01064,Cardiac Arrest,C0018790,Approved,,
Melatonin,DB01065,Sleep Initiation and Maintenance Disorders,C0021603,Approved,,
Cefditoren,DB01066,Streptococcal tonsillitis,C0275804,Approved,,
Cefditoren,DB01066,Streptococcus pyogenes infection,C0554628,Approved,,
Cefditoren,DB01066,"Pneumonia, Bacterial",C0004626,Approved,,
Cefditoren,DB01066,Acute exacerbation of chronic bronchitis,C0856695,Approved,,
Cefditoren,DB01066,Streptococcal pneumonia,C0155862,Approved,,
Cefditoren,DB01066,Haemophilus parainfluenzae pneumonia,C0877633,Approved,,
Cefditoren,DB01066,Staphylococcus aureus infection,C1318973,Approved,,
Cefditoren,DB01066,Haemophilus influenzae pneumonia,C0276026,Approved,,
Cefditoren,DB01066,Moraxella catarrhalis pneumonia,C0857831,Approved,,
Glipizide,DB01067,"Diabetes Mellitus, Non-Insulin-Dependent",C0011860,Approved,,
Clonazepam,DB01068,Epileptic drop attack,C0270846,Approved,,
Clonazepam,DB01068,Panic Disorder,C0030319,Approved,,
Clonazepam,DB01068,Absence Epilepsy,C0014553,Approved,,
Clonazepam,DB01068,Lennox-Gastaut syndrome,C0238111,Approved,,
Clonazepam,DB01068,"Epilepsies, Myoclonic",C0014550,Approved,,
Promethazine,DB01069,Hay fever,C0018621,Approved,,
Promethazine,DB01069,Nausea and vomiting,C0027498,Approved,,
Promethazine,DB01069,"Rhinitis, Vasomotor",C0035460,Approved,,
Promethazine,DB01069,Urticaria,C0042109,Approved,,
Promethazine,DB01069,Allergic Conjunctivitis,C0009766,Approved,,
Dihydrotachysterol,DB01070,Hypocalcemia,C0020598,Approved,,
Dihydrotachysterol,DB01070,Tetany,C0039621,Approved,,
Dihydrotachysterol,DB01070,Hypoparathyroidism,C0020626,Approved,,
Dihydrotachysterol,DB01070,Rickets,C0035579,Approved,,
Dihydrotachysterol,DB01070,Hypophosphatemia,C0085682,Approved,,
Atazanavir,DB01072,HIV Infections,C0019693,Approved,,
Diphenhydramine,DB01075,Allergic Conjunctivitis,C0009766,Approved,,
Diphenhydramine,DB01075,"Rhinitis, Vasomotor",C0035460,Approved,,
Diphenhydramine,DB01075,Hay fever,C0018621,Approved,,
Diphenhydramine,DB01075,Sleeplessness,C0917801,Approved,,
Atorvastatin,DB01076,Angina Pectoris,C0002962,Approved,,
Atorvastatin,DB01076,Hypercholesterolemia,C0020443,Approved,,
Atorvastatin,DB01076,Hypertensive disease,C0020538,Approved,,
Atorvastatin,DB01076,Cerebrovascular accident,C0038454,Approved,,
Atorvastatin,DB01076,Familial hypercholesterolemia - heterozygous,C0342882,Approved,,
Atorvastatin,DB01076,"Hyperlipidemia, Familial Combined",C0020474,Approved,,
Atorvastatin,DB01076,Arteriosclerosis,C0003850,Approved,,
Atorvastatin,DB01076,Hyperlipoproteinemia Type III,C0020479,Approved,,
Atorvastatin,DB01076,Familial hypercholesterolemia - homozygous,C0342881,Approved,,
Atorvastatin,DB01076,"Angina Pectoris, Variant",C0002963,Approved,,
Atorvastatin,DB01076,Hypertriglyceridemia,C0020557,Approved,,
Etidronic acid,DB01077,Osteitis Deformans,C0029401,Approved,,
Etidronic acid,DB01077,Humoral hypercalcemia of malignancy (disorder),C0149911,Approved,,
Etidronic acid,DB01077,Heterotopic Ossification,C0029396,Approved,,
Vigabatrin,DB01080,Epilepsy characterized by intractable complex partial seizures,C2711653,Approved,,
Vigabatrin,DB01080,West Syndrome,C0037769,Approved,,
Diphenoxylate,DB01081,Diarrhea,C0011991,Approved,,
Streptomycin,DB01082,Plague,C0032064,Approved,,
Streptomycin,DB01082,Escherichia coli urinary tract infection,C0577708,Approved,,
Streptomycin,DB01082,Haemophilus influenzae pneumonia,C0276026,Approved,,
Streptomycin,DB01082,Proteus urinary tract infection,C0577709,Approved,,
Streptomycin,DB01082,Chancroids,C0007947,Approved,,
Streptomycin,DB01082,Endocarditis haemophilus,C0854528,Approved,,
Streptomycin,DB01082,URINARY TRACT INFECTION ENTEROCOCCUS,C0749958,Approved,,
Streptomycin,DB01082,Klebsiella cystitis,C0520775,Approved,,
Streptomycin,DB01082,Brucellosis,C0006309,Approved,,
Streptomycin,DB01082,Acute tuberculosis,C0275959,Approved,,
Streptomycin,DB01082,Granuloma Inguinale,C0018190,Approved,,
Streptomycin,DB01082,Bacterial urinary infection,C0729524,Approved,,
Streptomycin,DB01082,Tularemia,C0041351,Approved,,
Streptomycin,DB01082,"Tuberculosis, Pulmonary",C0041327,Approved,,
Orlistat,DB01083,Obesity,C0028754,Approved,,
Emedastine,DB01084,Allergic Conjunctivitis,C0009766,Approved,,
Emedastine,DB01084,Urticaria,C0042109,Approved,,
Emedastine,DB01084,Pruritus,C0033774,Approved,,
Pilocarpine,DB01085,Xerostomia,C0043352,Approved,,
Pilocarpine,DB01085,"Glaucoma, Open-Angle",C0017612,Approved,,
Pilocarpine,DB01085,Ocular Hypertension,C0028840,Approved,,
Benzocaine,DB01086,Skin irritation,C0152030,Approved,,
Benzocaine,DB01086,Coughing,C0010200,Approved,,
Benzocaine,DB01086,Sore Throat,C0242429,Approved,,
Benzocaine,DB01086,Pruritus,C0033774,Approved,,
Benzocaine,DB01086,Mouth irritation,C0235339,Approved,,
Benzocaine,DB01086,Tinea,C0040247,Approved,,
Benzocaine,DB01086,Tinea corporis (disorder),C0040252,Approved,,
Benzocaine,DB01086,Tinea Pedis,C0040259,Approved,,
Primaquine,DB01087,"Malaria, Vivax",C0024537,Approved,,
Iloprost,DB01088,Pulmonary arterial hypertension,C2973725,Approved,,
Butenafine,DB01091,Tinea corporis (disorder),C0040252,Approved,,
Butenafine,DB01091,Tinea Versicolor,C0040262,Approved,,
Butenafine,DB01091,Tinea Pedis,C0040259,Approved,,
Butenafine,DB01091,Tinea cruris,C1384589,Approved,,
Dimethyl sulfoxide,DB01093,Interstitial Cystitis,C0282488,Approved,,
Fluvastatin,DB01095,"Hyperlipidemia, Familial Combined",C0020474,Approved,,
Fluvastatin,DB01095,Familial hypercholesterolemia - heterozygous,C0342882,Approved,,
Fluvastatin,DB01095,Hypercholesterolemia,C0020443,Approved,,
Fluvastatin,DB01095,Arteriosclerosis,C0003850,Approved,,
Oxamniquine,DB01096,Schistosomiasis,C0036323,Approved,,
Leflunomide,DB01097,Rheumatoid Arthritis,C0003873,Approved,,
Leflunomide,DB01097,"Arthritis, Psoriatic",C0003872,Approved,,
Rosuvastatin,DB01098,Familial hypercholesterolemia - heterozygous,C0342882,Approved,,
Rosuvastatin,DB01098,Cerebrovascular accident,C0038454,Approved,,
Rosuvastatin,DB01098,"Hyperlipidemia, Familial Combined",C0020474,Approved,,
Rosuvastatin,DB01098,Familial hypercholesterolemia - homozygous,C0342881,Approved,,
Rosuvastatin,DB01098,Arteriosclerosis,C0003850,Approved,,
Rosuvastatin,DB01098,Hypercholesterolemia,C0020443,Approved,,
Rosuvastatin,DB01098,Hypertriglyceridemia,C0020557,Approved,,
Rosuvastatin,DB01098,Hyperlipoproteinemia Type III,C0020479,Approved,,
Pimozide,DB01100,Gilles de la Tourette syndrome,C0040517,Approved,,
Capecitabine,DB01101,Metastasis from malignant tumor of colon,C1282500,Approved,,
Capecitabine,DB01101,Malignant neoplasm of stomach,C0024623,Approved,,
Capecitabine,DB01101,Carcinoma breast stage IV,C0278488,Approved,,
Quinacrine,DB01103,Giardiasis,C0017536,Approved,,
Sertraline,DB01104,Premenstrual Dysphoric Disorder,C0520676,Approved,,
Sertraline,DB01104,Depressive disorder,C0011581,Approved,,
Sertraline,DB01104,"Phobia, Social",C0031572,Approved,,
Sertraline,DB01104,Obsessive-Compulsive Disorder,C0028768,Approved,,
Sertraline,DB01104,Panic Disorder,C0030319,Approved,,
Sertraline,DB01104,Post-Traumatic Stress Disorder,C0038436,Approved,,
Sibutramine,DB01105,Obesity,C0028754,Approved,,
Levocabastine,DB01106,Allergic Conjunctivitis,C0009766,Approved,,
Methyprylon,DB01107,Sleeplessness,C0917801,Approved,,
Trilostane,DB01108,Adrenal Gland Hyperfunction,C0001622,Approved,,
Heparin,DB01109,Deep Vein Thrombosis,C0149871,Approved,,
Heparin,DB01109,Non-Q wave myocardial infarction,C0542269,Approved,,
Heparin,DB01109,Disseminated Intravascular Coagulation,C0012739,Approved,,
Heparin,DB01109,Peripheral arterial embolism,C0564750,Approved,,
Miconazole,DB01110,Diaper Rash,C0011974,Approved,,
Miconazole,DB01110,Tinea Pedis,C0040259,Approved,,
Miconazole,DB01110,"Candidiasis, Vulvovaginal",C0700345,Approved,,
Miconazole,DB01110,Tinea Versicolor,C0040262,Approved,,
Miconazole,DB01110,Tinea corporis (disorder),C0040252,Approved,,
Miconazole,DB01110,Tinea cruris,C1384589,Approved,,
Miconazole,DB01110,Cutaneous Candidiasis,C0006846,Approved,,
Miconazole,DB01110,Oropharyngeal candidiasis,C0919659,Approved,,
Miconazole,DB01110,Onychomycosis,C0040261,Approved,,
Colistimethate,DB01111,Enterobacter infection,C0948205,Approved,,
Colistimethate,DB01111,Pseudomonas aeruginosa infection,C0854135,Approved,,
Colistimethate,DB01111,Klebsiella Infections,C0022729,Approved,,
Cefuroxime,DB01112,Klebsiella cystitis,C0520775,Approved,,
Cefuroxime,DB01112,Acute maxillary sinusitis,C0155804,Approved,,
Cefuroxime,DB01112,Haemophilus influenzae pneumonia,C0276026,Approved,,
Cefuroxime,DB01112,Staphylococcal bacteraemia,C0152965,Approved,,
Cefuroxime,DB01112,Haemophilus sepsis,C0854324,Approved,,
Cefuroxime,DB01112,GONOCOCCAL INFECTION DISSEMINATED,C0744451,Approved,,
Cefuroxime,DB01112,Gonorrhea of rectum,C0275665,Approved,,
Cefuroxime,DB01112,Escherichia coli Infections,C0014836,Approved,,
Cefuroxime,DB01112,Staphylococcus aureus infection,C1318973,Approved,,
Cefuroxime,DB01112,Streptococcus pyogenes infection,C0554628,Approved,,
Cefuroxime,DB01112,Bacterial sepsis,C0684256,Approved,,
Cefuroxime,DB01112,Acute otitis media,C0271429,Approved,,
Cefuroxime,DB01112,Streptococcal tonsillitis,C0275804,Approved,,
Cefuroxime,DB01112,Lower respiratory tract infection,C0149725,Approved,,
Cefuroxime,DB01112,Impetigo,C0021099,Approved,,
Cefuroxime,DB01112,Escherichia coli septicemia,C0276088,Approved,,
Cefuroxime,DB01112,Infective otitis media,C0729586,Approved,,
Cefuroxime,DB01112,Osteomyelitis due to Staphylococcus aureus,C1997728,Approved,,
Cefuroxime,DB01112,"Pneumonia, Bacterial",C0004626,Approved,,
Cefuroxime,DB01112,Infection of bone,C2242472,Approved,,
Cefuroxime,DB01112,Gonorrhea,C0018081,Approved,,
Cefuroxime,DB01112,Bacterial infection due to Klebsiella pneumoniae,C0343402,Approved,,
Cefuroxime,DB01112,Lyme Disease,C0024198,Approved,,
Cefuroxime,DB01112,Staphylococcal Pneumonia,C0032308,Approved,,
Cefuroxime,DB01112,Enterobacteriaceae Infections,C0014347,Approved,,
Cefuroxime,DB01112,Escherichia coli urinary tract infection,C0577708,Approved,,
Cefuroxime,DB01112,Acute gonococcal endometritis,C0153196,Approved,,
Cefuroxime,DB01112,Acute gonococcal cervicitis,C0153195,Approved,,
Cefuroxime,DB01112,"Meningitis, Bacterial",C0085437,Approved,,
Cefuroxime,DB01112,Gonorrhea of pharynx,C0149966,Approved,,
Cefuroxime,DB01112,Rhinoscleroma,C0035468,Approved,,
Cefuroxime,DB01112,Pneumonia due to Escherichia coli,C0276089,Approved,,
Cefuroxime,DB01112,Acute gonococcal urethritis,C0275652,Approved,,
Cefuroxime,DB01112,Streptococcal sepsis,C0152964,Approved,,
Cefuroxime,DB01112,Arthropathy associated with infection,C0157749,Approved,,
Cefuroxime,DB01112,Infection of skin AND/OR subcutaneous tissue,C0178299,Approved,,
Cefuroxime,DB01112,Staphylococcal meningitis,C0154640,Approved,,
Cefuroxime,DB01112,Streptococcal meningitis,C0154639,Approved,,
Cefuroxime,DB01112,Acute exacerbation of chronic bronchitis,C0856695,Approved,,
Papaverine,DB01113,Peripheral Vascular Diseases,C0085096,Approved,,
Papaverine,DB01113,Cerebral Ischemia,C0917798,Approved,,
Chlorphenamine,DB01114,Urticaria,C0042109,Approved,,
Chlorphenamine,DB01114,Symptomatic dermographism,C0343065,Approved,,
Chlorphenamine,DB01114,Nasal congestion (finding),C0027424,Approved,,
Chlorphenamine,DB01114,"Rhinitis, Vasomotor",C0035460,Approved,,
Chlorphenamine,DB01114,Influenza-like symptoms,C0392171,Approved,,
Chlorphenamine,DB01114,Rhinorrhea,C1260880,Approved,,
Chlorphenamine,DB01114,Allergic Conjunctivitis,C0009766,Approved,,
Chlorphenamine,DB01114,Sneezing,C0037383,Approved,,
Chlorphenamine,DB01114,Hay fever,C0018621,Approved,,
Chlorphenamine,DB01114,Allergic rhinitis (disorder),C2607914,Approved,,
Chlorphenamine,DB01114,Common Cold,C0009443,Approved,,
Chlorphenamine,DB01114,Pruritus,C0033774,Approved,,
Nifedipine,DB01115,"Angina Pectoris, Variant",C0002963,Approved,,
Nifedipine,DB01115,Hypertensive disease,C0020538,Approved,,
Nifedipine,DB01115,Angina Pectoris,C0002962,Approved,,
Trimethaphan,DB01116,Hypertensive emergency,C0745136,Approved,,
Trimethaphan,DB01116,Pulmonary Edema,C0034063,Approved,,
Atovaquone,DB01117,"Malaria, Falciparum",C0024535,Approved,,
Amiodarone,DB01118,Ventricular Fibrillation,C0042510,Approved,,
Diazoxide,DB01119,Hyperinsulinism,C0020459,Approved,,
Diazoxide,DB01119,insulinoma,C0021670,Approved,,
Diazoxide,DB01119,Nesidioblastosis,C0027773,Approved,,
Diazoxide,DB01119,Hypertensive urgency,C0745138,Approved,,
Diazoxide,DB01119,Hypertensive emergency,C0745136,Approved,,
Gliclazide,DB01120,"Diabetes Mellitus, Non-Insulin-Dependent",C0011860,Approved,,
Phenacemide,DB01121,Epilepsy,C0014544,Approved,,
Phenacemide,DB01121,Epilepsy characterized by intractable complex partial seizures,C2711653,Approved,,
Ambenonium,DB01122,Myasthenia Gravis,C0026896,Approved,,
Tolbutamide,DB01124,"Diabetes Mellitus, Non-Insulin-Dependent",C0011860,Approved,,
Dutasteride,DB01126,Prostatic Hypertrophy,C1739363,Approved,,
Econazole,DB01127,Cutaneous Candidiasis,C0006846,Approved,,
Econazole,DB01127,Tinea Pedis,C0040259,Approved,,
Econazole,DB01127,Tinea Versicolor,C0040262,Approved,,
Econazole,DB01127,Tinea cruris,C1384589,Approved,,
Econazole,DB01127,Tinea corporis (disorder),C0040252,Approved,,
Bicalutamide,DB01128,Metastatic Prostate Carcinoma,C0936223,Approved,,
Rabeprazole,DB01129,Multiple Endocrine Neoplasia,C0027662,Approved,,
Rabeprazole,DB01129,Zollinger-Ellison syndrome,C0043515,Approved,,
Rabeprazole,DB01129,"Mastocytosis, Systemic",C0221013,Approved,,
Rabeprazole,DB01129,Gastroesophageal reflux disease,C0017168,Approved,,
Rabeprazole,DB01129,Duodenal Ulcer,C0013295,Approved,,
Rabeprazole,DB01129,Peptic Ulcer,C0030920,Approved,,
Prednicarbate,DB01130,"Dermatitis, Atopic",C0011615,Approved,,
Prednicarbate,DB01130,Pruritus of genital organs,C0033777,Approved,,
Prednicarbate,DB01130,Pruritus Ani,C0033775,Approved,,
Prednicarbate,DB01130,"Lupus Erythematosus, Discoid",C0024138,Approved,,
Prednicarbate,DB01130,Lichen Simplex Chronicus,C0149922,Approved,,
Prednicarbate,DB01130,"Lymphoma, T-Cell, Cutaneous",C0079773,Approved,,
Prednicarbate,DB01130,Contact Dermatitis,C0011616,Approved,,
Prednicarbate,DB01130,Granuloma Annulare,C0085074,Approved,,
Prednicarbate,DB01130,Exanthema,C0015230,Approved,,
Prednicarbate,DB01130,Scalp psoriasis,C0406326,Approved,,
Prednicarbate,DB01130,Seborrheic dermatitis,C0036508,Approved,,
Prednicarbate,DB01130,Chronic small plaque psoriasis,C0406317,Approved,,
Proguanil,DB01131,"Malaria, Falciparum",C0024535,Approved,,
Pioglitazone,DB01132,"Diabetes Mellitus, Non-Insulin-Dependent",C0011860,Approved,,
Tiludronate,DB01133,Osteitis Deformans,C0029401,Approved,,
Carvedilol,DB01136,Chronic heart failure,C0264716,Approved,,
Carvedilol,DB01136,Hypertensive disease,C0020538,Approved,,
Levofloxacin,DB01137,Acute Moraxella catarrhalis bronchitis,C0339932,Approved,,
Levofloxacin,DB01137,Staphylococcus aureus infection,C1318973,Approved,,
Levofloxacin,DB01137,Escherichia coli urinary tract infection,C0577708,Approved,,
Levofloxacin,DB01137,Bacterial infection due to Klebsiella pneumoniae,C0343402,Approved,,
Levofloxacin,DB01137,Haemophilus parainfluenzae pneumonia,C0877633,Approved,,
Levofloxacin,DB01137,Streptococcus pyogenes infection,C0554628,Approved,,
Levofloxacin,DB01137,Acute maxillary sinusitis,C0155804,Approved,,
Levofloxacin,DB01137,Chlamydial pneumonia,C0339959,Approved,,
Levofloxacin,DB01137,URINARY TRACT INFECTION ENTEROCOCCUS,C0749958,Approved,,
Levofloxacin,DB01137,Streptococcal pneumonia,C0155862,Approved,,
Levofloxacin,DB01137,Klebsiella cystitis,C0520775,Approved,,
Levofloxacin,DB01137,Legionella pneumophila pneumonia,C0857846,Approved,,
Levofloxacin,DB01137,PYELONEPHRITIS E COLI,C0748196,Approved,,
Levofloxacin,DB01137,Anthrax disease,C0003175,Approved,,
Levofloxacin,DB01137,Acute exacerbation of chronic bronchitis,C0856695,Approved,,
Levofloxacin,DB01137,Pyelonephritis,C0034186,Approved,,
Levofloxacin,DB01137,"Pneumonia, Bacterial",C0004626,Approved,,
Levofloxacin,DB01137,Bacterial conjunctivitis,C0009768,Approved,,
Levofloxacin,DB01137,Mycoplasma pneumonia,C0032302,Approved,,
Levofloxacin,DB01137,Infection of skin AND/OR subcutaneous tissue,C0178299,Approved,,
Levofloxacin,DB01137,Bacterial urinary infection,C0729524,Approved,,
Levofloxacin,DB01137,Staphylococcal Pneumonia,C0032308,Approved,,
Levofloxacin,DB01137,Proteus urinary tract infection,C0577709,Approved,,
Levofloxacin,DB01137,Haemophilus influenzae pneumonia,C0276026,Approved,,
Levofloxacin,DB01137,Moraxella catarrhalis pneumonia,C0857831,Approved,,
Sulfinpyrazone,DB01138,Hyperuricemia,C0740394,Approved,,
Sulfinpyrazone,DB01138,Chronic gouty arthritis,C0268108,Approved,,
Cefapirin,DB01139,Staphylococcal endocarditis,C0520767,Approved,,
Cefapirin,DB01139,Staphylococcal bacteraemia,C0152965,Approved,,
Cefapirin,DB01139,Streptococcus pyogenes infection,C0554628,Approved,,
Cefapirin,DB01139,Streptococcal endocarditis,C3665800,Approved,,
Cefapirin,DB01139,Pneumonia,C0032285,Approved,,
Cefapirin,DB01139,Staphylococcal Pneumonia,C0032308,Approved,,
Cefapirin,DB01139,Proteus urinary tract infection,C0577709,Approved,,
Cefapirin,DB01139,Urinary tract infection,C0042029,Approved,,
Cefapirin,DB01139,Staphylococcus aureus infection,C1318973,Approved,,
Cefapirin,DB01139,Bacterial sepsis,C0684256,Approved,,
Cefapirin,DB01139,Escherichia coli Infections,C0014836,Approved,,
Cefapirin,DB01139,Escherichia coli septicemia,C0276088,Approved,,
Cefapirin,DB01139,Arthropathy associated with infection,C0157749,Approved,,
Cefapirin,DB01139,Infection of skin AND/OR subcutaneous tissue,C0178299,Approved,,
Cefapirin,DB01139,Bacterial infection due to Klebsiella pneumoniae,C0343402,Approved,,
Cefapirin,DB01139,Streptococcal sepsis,C0152964,Approved,,
Cefapirin,DB01139,Klebsiella cystitis,C0520775,Approved,,
Cefapirin,DB01139,Haemophilus influenzae pneumonia,C0276026,Approved,,
Cefapirin,DB01139,Rhinoscleroma,C0035468,Approved,,
Cefapirin,DB01139,Infection of bone,C2242472,Approved,,
Cefapirin,DB01139,Osteomyelitis due to Staphylococcus aureus,C1997728,Approved,,
Cefapirin,DB01139,Lower respiratory tract infection,C0149725,Approved,,
Cefapirin,DB01139,Escherichia coli urinary tract infection,C0577708,Approved,,
Cefadroxil,DB01140,Urinary tract infection,C0042029,Approved,,
Cefadroxil,DB01140,Streptococcus pyogenes infection,C0554628,Approved,,
Cefadroxil,DB01140,Proteus urinary tract infection,C0577709,Approved,,
Cefadroxil,DB01140,Klebsiella cystitis,C0520775,Approved,,
Cefadroxil,DB01140,Escherichia coli urinary tract infection,C0577708,Approved,,
Cefadroxil,DB01140,Infection of skin AND/OR subcutaneous tissue,C0178299,Approved,,
Cefadroxil,DB01140,Tonsillitis,C0040425,Approved,,
Cefadroxil,DB01140,Streptococcal tonsillitis,C0275804,Approved,,
Cefadroxil,DB01140,Staphylococcus aureus infection,C1318973,Approved,,
Micafungin,DB01141,Candidemia,C0877445,Approved,,
Micafungin,DB01141,Systemic candidiasis,C0153252,Approved,,
Micafungin,DB01141,Septicemia candida,C0349009,Approved,,
Micafungin,DB01141,Candidiasis of the esophagus,C0239295,Approved,,
Micafungin,DB01141,candidal peritonitis,C2062982,Approved,,
Doxepin,DB01142,"Depression, Bipolar",C0005587,Approved,,
Doxepin,DB01142,Severe major depression with psychotic features,C0270458,Approved,,
Doxepin,DB01142,Anxiety,C0003467,Approved,,
Doxepin,DB01142,Depressive disorder,C0011581,Approved,,
Doxepin,DB01142,Sleeplessness,C0917801,Approved,,
Doxepin,DB01142,Pruritus,C0033774,Approved,,
Doxepin,DB01142,Lichen Simplex Chronicus,C0149922,Approved,,
Diclofenamide,DB01144,"Glaucoma, Open-Angle",C0017612,Approved,,
Diclofenamide,DB01144,Angle Closure Glaucoma,C0017605,Approved,,
Diclofenamide,DB01144,Secondary glaucoma,C0149893,Approved,,
Diphenylpyraline,DB01146,Nasal congestion (finding),C0027424,Approved,,
Diphenylpyraline,DB01146,"Rhinitis, Vasomotor",C0035460,Approved,,
Diphenylpyraline,DB01146,Allergic Conjunctivitis,C0009766,Approved,,
Diphenylpyraline,DB01146,Allergic rhinitis (disorder),C2607914,Approved,,
Diphenylpyraline,DB01146,Urticaria,C0042109,Approved,,
Diphenylpyraline,DB01146,Pruritus,C0033774,Approved,,
Diphenylpyraline,DB01146,Symptomatic dermographism,C0343065,Approved,,
Diphenylpyraline,DB01146,Sneezing,C0037383,Approved,,
Diphenylpyraline,DB01146,Rhinorrhea,C1260880,Approved,,
Cloxacillin,DB01147,Staphylococcal meningitis,C0154640,Approved,,
Cloxacillin,DB01147,Staphylococcal Pneumonia,C0032308,Approved,,
Cloxacillin,DB01147,Pharyngitis,C0031350,Approved,,
Cloxacillin,DB01147,Infection of skin AND/OR subcutaneous tissue,C0178299,Approved,,
Cloxacillin,DB01147,Staphylococcal bacteraemia,C0152965,Approved,,
Cloxacillin,DB01147,Lower respiratory tract infection,C0149725,Approved,,
Cloxacillin,DB01147,Staphylococcus aureus infection,C1318973,Approved,,
Cloxacillin,DB01147,Sinusitis,C0037199,Approved,,
Flavoxate,DB01148,Urgency of micturition,C0085606,Approved,,
Flavoxate,DB01148,Nocturia,C0028734,Approved,,
Flavoxate,DB01148,Urinary Incontinence,C0042024,Approved,,
Flavoxate,DB01148,Suprapubic pain,C0241310,Approved,,
Flavoxate,DB01148,Increased frequency of micturition,C0042023,Approved,,
Flavoxate,DB01148,Dysuria,C0013428,Approved,,
Nefazodone,DB01149,Major Depressive Disorder,C1269683,Approved,,
Cefprozil,DB01150,Acute otitis media,C0271429,Approved,,
Cefprozil,DB01150,Upper Respiratory Infections,C0041912,Approved,,
Cefprozil,DB01150,Acute bacterial sinusitis,C0275556,Approved,,
Cefprozil,DB01150,Streptococcus pyogenes infection,C0554628,Approved,,
Cefprozil,DB01150,Acute exacerbation of chronic bronchitis,C0856695,Approved,,
Cefprozil,DB01150,Streptococcal tonsillitis,C0275804,Approved,,
Cefprozil,DB01150,Infective otitis media,C0729586,Approved,,
Cefprozil,DB01150,Acute Moraxella catarrhalis bronchitis,C0339932,Approved,,
Cefprozil,DB01150,Infection of skin AND/OR subcutaneous tissue,C0178299,Approved,,
Cefprozil,DB01150,Staphylococcus aureus infection,C1318973,Approved,,
Cefprozil,DB01150,Tonsillitis,C0040425,Approved,,
Cefprozil,DB01150,Bronchitis,C0006277,Approved,,
Desipramine,DB01151,Depressive disorder,C0011581,Approved,,
Sertaconazole,DB01153,Tinea Pedis,C0040259,Approved,,
Gemifloxacin,DB01155,Pneumonia due to Klebsiella pneumoniae,C0519030,Approved,,
Gemifloxacin,DB01155,Acute bacterial bronchitis,C0339933,Approved,,
Gemifloxacin,DB01155,Mycoplasma pneumonia,C0032302,Approved,,
Gemifloxacin,DB01155,"Pneumonia, Bacterial",C0004626,Approved,,
Gemifloxacin,DB01155,Moraxella catarrhalis pneumonia,C0857831,Approved,,
Gemifloxacin,DB01155,Haemophilus influenzae pneumonia,C0276026,Approved,,
Gemifloxacin,DB01155,Chlamydial pneumonia,C0339959,Approved,,
Gemifloxacin,DB01155,Acute exacerbation of chronic bronchitis,C0856695,Approved,,
Gemifloxacin,DB01155,Streptococcal pneumonia,C0155862,Approved,,
Bupropion,DB01156,Nicotine Dependence,C0028043,Approved,,
Bupropion,DB01156,Depressive disorder,C0011581,Approved,,
Bupropion,DB01156,Major Depressive Disorder,C1269683,Approved,,
Bupropion,DB01156,Seasonal Affective Disorder,C0085159,Approved,,
Bupropion,DB01156,Obesity,C0028754,Approved,,
Bretylium,DB01158,Ventricular Fibrillation,C0042510,Approved,,
Bretylium,DB01158,Ventricular arrhythmia,C0085612,Approved,,
Dinoprost Tromethamine,DB01160,Unspecified Abortion,C0156543,Approved,,
Dinoprost Tromethamine,DB01160,"Hydatidiform mole, benign",C0549315,Approved,,
Dinoprost Tromethamine,DB01160,Incomplete spontaneous abortion,C0000810,Approved,,
Terazosin,DB01162,Prostatic Hypertrophy,C1739363,Approved,,
Terazosin,DB01162,Hypertensive disease,C0020538,Approved,,
Calcium Chloride,DB01164,Hypokalemia,C0020621,Approved,,
Calcium Chloride,DB01164,Hypermagnesemia,C0151714,Approved,,
Calcium Chloride,DB01164,Disorder of electrolytes,C1704431,Approved,,
Calcium Chloride,DB01164,Cardiac Arrest,C0018790,Approved,,
Calcium Chloride,DB01164,Hypocalcemic tetany,C0151940,Approved,,
Calcium Chloride,DB01164,Hypocalcemia,C0020598,Approved,,
Calcium Chloride,DB01164,Hyperkalemia,C0020461,Approved,,
Ofloxacin,DB01165,Pyelonephritis,C0034186,Approved,,
Ofloxacin,DB01165,URINARY TRACT INFECTION CITROBACTER,C0749955,Approved,,
Ofloxacin,DB01165,Anthrax disease,C0003175,Approved,,
Ofloxacin,DB01165,Typhoid Fever,C0041466,Approved,,
Ofloxacin,DB01165,Proteus pneumonia,C1260917,Approved,,
Ofloxacin,DB01165,Escherichia coli urinary tract infection,C0577708,Approved,,
Ofloxacin,DB01165,Infective otitis externa,C0021355,Approved,,
Ofloxacin,DB01165,Escherichia coli septicemia,C0276088,Approved,,
Ofloxacin,DB01165,Shigella Infections,C0013371,Approved,,
Ofloxacin,DB01165,Chronic tubotympanic suppurative otitis media,C0155440,Approved,,
Ofloxacin,DB01165,Gonorrhea,C0018081,Approved,,
Ofloxacin,DB01165,Infective cystitis,C0600041,Approved,,
Ofloxacin,DB01165,Streptococcus pyogenes infection,C0554628,Approved,,
Ofloxacin,DB01165,URINARY TRACT INFECTION ENTEROCOCCUS,C0749958,Approved,,
Ofloxacin,DB01165,Haemophilus influenzae pneumonia,C0276026,Approved,,
Ofloxacin,DB01165,Proteus urinary tract infection,C0577709,Approved,,
Ofloxacin,DB01165,Staphylococcal Pneumonia,C0032308,Approved,,
Ofloxacin,DB01165,Pneumonia due to Pseudomonas,C0155860,Approved,,
Ofloxacin,DB01165,Bacterial urinary infection,C0729524,Approved,,
Ofloxacin,DB01165,non-gonococcal urethritis (NGU),C1112709,Approved,,
Ofloxacin,DB01165,Escherichia coli Infections,C0014836,Approved,,
Ofloxacin,DB01165,Arthropathy associated with infection,C0157749,Approved,,
Ofloxacin,DB01165,Chlamydial pneumonia,C0339959,Approved,,
Ofloxacin,DB01165,Klebsiella cystitis,C0520775,Approved,,
Ofloxacin,DB01165,Chancroids,C0007947,Approved,,
Ofloxacin,DB01165,Enterobacter pneumonia,C1096258,Approved,,
Ofloxacin,DB01165,Infection of bone,C2242472,Approved,,
Ofloxacin,DB01165,Chlamydial cervicitis,C0341834,Approved,,
Ofloxacin,DB01165,Acute maxillary sinusitis,C0155804,Approved,,
Ofloxacin,DB01165,Pneumonia due to Escherichia coli,C0276089,Approved,,
Ofloxacin,DB01165,Gonorrhea of rectum,C0275665,Approved,,
Ofloxacin,DB01165,Female genital tract infection,C1263758,Approved,,
Ofloxacin,DB01165,Acute gonococcal urethritis,C0275652,Approved,,
Ofloxacin,DB01165,Enteric campylobacteriosis,C0275982,Approved,,
Ofloxacin,DB01165,Staphylococcus aureus infection,C1318973,Approved,,
Ofloxacin,DB01165,Acute gonococcal cervicitis,C0153195,Approved,,
Ofloxacin,DB01165,Otitis Externa,C0029878,Approved,,
Ofloxacin,DB01165,Haemophilus parainfluenzae pneumonia,C0877633,Approved,,
Ofloxacin,DB01165,Acute exacerbation of chronic bronchitis,C0856695,Approved,,
Ofloxacin,DB01165,Rhinoscleroma,C0035468,Approved,,
Ofloxacin,DB01165,Acute gonococcal endometritis,C0153196,Approved,,
Ofloxacin,DB01165,Bacterial infection due to Klebsiella pneumoniae,C0343402,Approved,,
Ofloxacin,DB01165,"Pneumonia, Bacterial",C0004626,Approved,,
Ofloxacin,DB01165,Chronic Bacterial Prostatitis,C1720797,Approved,,
Ofloxacin,DB01165,Enterobacteriaceae Infections,C0014347,Approved,,
Ofloxacin,DB01165,Chlamydial pelvic inflammatory disease,C0520777,Approved,,
Ofloxacin,DB01165,Cystitis,C0010692,Approved,,
Ofloxacin,DB01165,Postoperative infection,C0392618,Approved,,
Ofloxacin,DB01165,Malignant otitis externa due to Pseudomonas aeruginosa,C0395818,Approved,,
Ofloxacin,DB01165,Urinary tract infection,C0042029,Approved,,
Ofloxacin,DB01165,Pneumonia,C0032285,Approved,,
Ofloxacin,DB01165,prostatitis,C0033581,Approved,,
Ofloxacin,DB01165,Acute Moraxella catarrhalis bronchitis,C0339932,Approved,,
Ofloxacin,DB01165,Streptococcal pneumonia,C0155862,Approved,,
Ofloxacin,DB01165,Intraabdominal Infections,C1112209,Approved,,
Ofloxacin,DB01165,Lower respiratory tract infection,C0149725,Approved,,
Ofloxacin,DB01165,Bronchitis,C0006277,Approved,,
Ofloxacin,DB01165,Traveler's diarrhea,C0277528,Approved,,
Ofloxacin,DB01165,Mycoplasma pneumonia,C0032302,Approved,,
Ofloxacin,DB01165,Legionella pneumophila pneumonia,C0857846,Approved,,
Ofloxacin,DB01165,Acute bacterial sinusitis,C0275556,Approved,,
Ofloxacin,DB01165,Moraxella catarrhalis pneumonia,C0857831,Approved,,
Ofloxacin,DB01165,Chlamydial urethritis,C1278807,Approved,,
Ofloxacin,DB01165,Acute osteomyelitis,C0158371,Approved,,
Ofloxacin,DB01165,PYELONEPHRITIS E COLI,C0748196,Approved,,
Ofloxacin,DB01165,Infection of skin AND/OR subcutaneous tissue,C0178299,Approved,,
Ofloxacin,DB01165,Nosocomial pneumonia,C0949083,Approved,,
Ofloxacin,DB01165,Cystitis escherichia,C0853852,Approved,,
Ofloxacin,DB01165,Bacterial conjunctivitis,C0009768,Approved,,
Ofloxacin,DB01165,Abdominal Abscess,C0243001,Approved,,
Cilostazol,DB01166,Intermittent Claudication,C0021775,Approved,,
Itraconazole,DB01167,Candidemia,C0877445,Approved,,
Itraconazole,DB01167,Onychomycosis of fingernails,C1274469,Approved,,
Itraconazole,DB01167,Systemic candidiasis,C0153252,Approved,,
Itraconazole,DB01167,Candidiasis of the esophagus,C0239295,Approved,,
Itraconazole,DB01167,Onychomycosis of toenails,C1274470,Approved,,
Itraconazole,DB01167,Fusariosis,C0276758,Approved,,
Itraconazole,DB01167,Aspergillosis,C0004030,Approved,,
Itraconazole,DB01167,Oropharyngeal candidiasis,C0919659,Approved,,
Itraconazole,DB01167,Invasive Pulmonary Aspergillosis,C0276653,Approved,,
Itraconazole,DB01167,Blastomycosis,C0005716,Approved,,
Itraconazole,DB01167,Histoplasmosis,C0019655,Approved,,
Procarbazine,DB01168,Hodgkin Disease,C0019829,Approved,,
Arsenic trioxide,DB01169,Acute myelomonocytic leukemia,C0023479,Approved,,
Arsenic trioxide,DB01169,Acute Promyelocytic Leukemia,C0023487,Approved,,
Guanethidine,DB01170,Hypertensive disease,C0020538,Approved,,
Moclobemide,DB01171,Depressive disorder,C0011581,Approved,,
Kanamycin,DB01172,Infection of bone,C2242472,Approved,,
Kanamycin,DB01172,Infection of skin AND/OR subcutaneous tissue,C0178299,Approved,,
Kanamycin,DB01172,"Pneumonia, Bacterial",C0004626,Approved,,
Kanamycin,DB01172,Meningitis,C0025289,Approved,,
Kanamycin,DB01172,Urinary tract infection,C0042029,Approved,,
Kanamycin,DB01172,Intraabdominal Infections,C1112209,Approved,,
Kanamycin,DB01172,Arthropathy associated with infection,C0157749,Approved,,
Kanamycin,DB01172,Bacterial sepsis,C0684256,Approved,,
Kanamycin,DB01172,Cholangitis,C0008311,Approved,,
Orphenadrine,DB01173,Muscle Spasticity,C0026838,Approved,,
Orphenadrine,DB01173,Parkinsonian Disorders,C0242422,Approved,,
Phenobarbital,DB01174,Simple Partial Seizures,C0234974,Approved,,
Phenobarbital,DB01174,Bipolar disorder in remission,C0270425,Approved,,
Phenobarbital,DB01174,Vascular Headaches,C0042376,Approved,,
Phenobarbital,DB01174,Lennox-Gastaut syndrome,C0238111,Approved,,
Phenobarbital,DB01174,Epilepsy,C0014544,Approved,,
Phenobarbital,DB01174,Tonic - clonic seizures,C0494475,Approved,,
Phenobarbital,DB01174,Cluster Headache,C0009088,Approved,,
Phenobarbital,DB01174,Migraine Disorders,C0149931,Approved,,
Phenobarbital,DB01174,Tonic-Clonic Epilepsy,C0014549,Approved,,
Phenobarbital,DB01174,Epilepsy characterized by intractable complex partial seizures,C2711653,Approved,,
Escitalopram,DB01175,Major Depressive Disorder,C1269683,Approved,,
Escitalopram,DB01175,Generalized Anxiety Disorder,C0270549,Approved,,
Cyclizine,DB01176,Coughing,C0010200,Approved,,
Cyclizine,DB01176,Hay fever,C0018621,Approved,,
Cyclizine,DB01176,Motion Sickness,C0026603,Approved,,
Cyclizine,DB01176,Rhinorrhea,C1260880,Approved,,
Cyclizine,DB01176,Allergic rhinitis (disorder),C2607914,Approved,,
Cyclizine,DB01176,Nasal congestion (finding),C0027424,Approved,,
Cyclizine,DB01176,"Rhinitis, Vasomotor",C0035460,Approved,,
Cyclizine,DB01176,Allergic Conjunctivitis,C0009766,Approved,,
Cyclizine,DB01176,Common Cold,C0009443,Approved,,
Cyclizine,DB01176,Sneezing,C0037383,Approved,,
Idarubicin,DB01177,"Leukemia, Myelocytic, Acute",C0023467,Approved,,
Idarubicin,DB01177,Acute Promyelocytic Leukemia,C0023487,Approved,,
Chlormezanone,DB01178,Anxiety,C0003467,Approved,,
Podofilox,DB01179,Condylomata Acuminata,C0009663,Approved,,
Ifosfamide,DB01181,Testicular Germ Cell Tumor,C1336708,Approved,,
Propafenone,DB01182,Paroxysmal atrial fibrillation,C0235480,Approved,,
Propafenone,DB01182,Paroxysmal atrial flutter,C0741292,Approved,,
Propafenone,DB01182,Paroxysmal supraventricular tachycardia,C0030590,Approved,,
Naloxone,DB01183,Poisoning by opiate analgesic drug,C0412850,Approved,,
Naloxone,DB01183,Opiate Addiction,C0524662,Approved,,
Naloxone,DB01183,Pain,C0030193,Approved,,
Naloxone,DB01183,Drug-induced constipation,C0267511,Approved,,
Domperidone,DB01184,Nausea and vomiting,C0027498,Approved,,
Fluoxymesterone,DB01185,Noonan Syndrome,C0028326,Approved,,
Fluoxymesterone,DB01185,Hormone receptor positive malignant neoplasm of breast,C1562029,Approved,,
Fluoxymesterone,DB01185,Testicular hypogonadism,C0151721,Approved,,
Fluoxymesterone,DB01185,Cryptorchidism,C0010417,Approved,,
Fluoxymesterone,DB01185,Klinefelter Syndrome,C0022735,Approved,,
Fluoxymesterone,DB01185,Deficiency of testosterone biosynthesis,C0342527,Approved,,
Fluoxymesterone,DB01185,Delayed Puberty,C0034012,Approved,,
Fluoxymesterone,DB01185,Generalized Myotonia of Thomsen,C2936781,Approved,,
Pergolide,DB01186,Parkinsonian Disorders,C0242422,Approved,,
Ciclopirox,DB01188,Scurfiness of scalp,C0423775,Approved,,
Ciclopirox,DB01188,Tinea corporis (disorder),C0040252,Approved,,
Ciclopirox,DB01188,Onychomycosis,C0040261,Approved,,
Ciclopirox,DB01188,Tinea cruris,C1384589,Approved,,
Ciclopirox,DB01188,Tinea Versicolor,C0040262,Approved,,
Ciclopirox,DB01188,Tinea Pedis,C0040259,Approved,,
Ciclopirox,DB01188,Seborrheic dermatitis,C0036508,Approved,,
Ciclopirox,DB01188,Cutaneous Candidiasis,C0006846,Approved,,
Clindamycin,DB01190,Streptococcal pneumonia,C0155862,Approved,,
Clindamycin,DB01190,Streptococcal sepsis,C0152964,Approved,,
Clindamycin,DB01190,Bacterial sepsis,C0684256,Approved,,
Clindamycin,DB01190,Osteomyelitis due to Staphylococcus aureus,C1997728,Approved,,
Clindamycin,DB01190,Infection of skin AND/OR subcutaneous tissue,C0178299,Approved,,
Clindamycin,DB01190,Staphylococcal bacteraemia,C0152965,Approved,,
Clindamycin,DB01190,Gas gangrene caused by clostridium perfringens,C0343500,Approved,,
Clindamycin,DB01190,Arthropathy associated with infection,C0157749,Approved,,
Clindamycin,DB01190,Aspiration Pneumonia,C0032290,Approved,,
Clindamycin,DB01190,Intraabdominal Infections,C1112209,Approved,,
Clindamycin,DB01190,Staphylococcal Pneumonia,C0032308,Approved,,
Clindamycin,DB01190,Pelvic Inflammatory Disease,C0242172,Approved,,
Clindamycin,DB01190,Streptococcus pyogenes infection,C0554628,Approved,,
Clindamycin,DB01190,Staphylococcus aureus infection,C1318973,Approved,,
Clindamycin,DB01190,Septicemia due to anaerobes,C0152967,Approved,,
Clindamycin,DB01190,Infection of bone,C2242472,Approved,,
Clindamycin,DB01190,"Empyema, Pleural",C0014013,Approved,,
Clindamycin,DB01190,Acne Vulgaris,C0001144,Approved,,
Clindamycin,DB01190,Bacterial Vaginosis,C0085166,Approved,,
Dexfenfluramine,DB01191,Obesity,C0028754,Approved,,
Oxymorphone,DB01192,Pain,C0030193,Approved,,
Oxymorphone,DB01192,Chronic pain,C0150055,Approved,,
Oxymorphone,DB01192,Severe pain,C0278140,Approved,,
Oxymorphone,DB01192,Labor Pain,C0474368,Approved,,
Acebutolol,DB01193,Hypertensive disease,C0020538,Approved,,
Acebutolol,DB01193,Premature ventricular contractions,C0151636,Approved,,
Brinzolamide,DB01194,Ocular Hypertension,C0028840,Approved,,
Brinzolamide,DB01194,"Glaucoma, Open-Angle",C0017612,Approved,,
Flecainide,DB01195,Paroxysmal atrial flutter,C0741292,Approved,,
Flecainide,DB01195,Paroxysmal atrial fibrillation,C0235480,Approved,,
Estramustine,DB01196,Prostatic Neoplasms,C0033578,Approved,,
Captopril,DB01197,Chronic heart failure,C0264716,Approved,,
Captopril,DB01197,Hypertensive disease,C0020538,Approved,,
Captopril,DB01197,Diabetic Nephropathy,C0011881,Approved,,
Zopiclone,DB01198,Sleeplessness,C0917801,Approved,,
Bromocriptine,DB01200,"Parkinson Disease, Postencephalitic",C0030568,Approved,,
Bromocriptine,DB01200,Acromegaly,C0001206,Approved,,
Bromocriptine,DB01200,Parkinson Disease,C0030567,Approved,,
Bromocriptine,DB01200,Hyperprolactinemia,C0020514,Approved,,
Rifapentine,DB01201,"Tuberculosis, Pulmonary",C0041327,Approved,,
Levetiracetam,DB01202,Simple Partial Seizures,C0234974,Approved,,
Levetiracetam,DB01202,Epilepsy characterized by intractable complex partial seizures,C2711653,Approved,,
Nadolol,DB01203,Angina Pectoris,C0002962,Approved,,
Nadolol,DB01203,Hypertensive disease,C0020538,Approved,,
Mitoxantrone,DB01204,"Leukemia, Myelocytic, Acute",C0023467,Approved,,
Mitoxantrone,DB01204,Metastatic Prostate Carcinoma,C0936223,Approved,,
Mitoxantrone,DB01204,"Multiple Sclerosis, Relapsing-Remitting",C0751967,Approved,,
Lomustine,DB01206,Hodgkin Disease,C0019829,Approved,,
Lomustine,DB01206,Brain Neoplasms,C0006118,Approved,,
Sparfloxacin,DB01208,Mycoplasma pneumonia,C0032302,Approved,,
Sparfloxacin,DB01208,Haemophilus parainfluenzae pneumonia,C0877633,Approved,,
Sparfloxacin,DB01208,Moraxella catarrhalis pneumonia,C0857831,Approved,,
Sparfloxacin,DB01208,Pneumonia,C0032285,Approved,,
Sparfloxacin,DB01208,Haemophilus influenzae pneumonia,C0276026,Approved,,
Sparfloxacin,DB01208,Acute Moraxella catarrhalis bronchitis,C0339932,Approved,,
Sparfloxacin,DB01208,Chlamydial pneumonia,C0339959,Approved,,
Dezocine,DB01209,Pain,C0030193,Approved,,
Levobunolol,DB01210,Ocular Hypertension,C0028840,Approved,,
Levobunolol,DB01210,"Glaucoma, Open-Angle",C0017612,Approved,,
Clarithromycin,DB01211,Acute maxillary sinusitis,C0155804,Approved,,
Clarithromycin,DB01211,Staphylococcus aureus infection,C1318973,Approved,,
Clarithromycin,DB01211,Acute bacterial sinusitis,C0275556,Approved,,
Clarithromycin,DB01211,Infective otitis media,C0729586,Approved,,
Clarithromycin,DB01211,Pulmonary Mycobacterium avium complex infection,C2733595,Approved,,
Clarithromycin,DB01211,Helicobacter-associated gastritis,C0343378,Approved,,
Clarithromycin,DB01211,Chlamydial pneumonia,C0339959,Approved,,
Clarithromycin,DB01211,Acute otitis media,C0271429,Approved,,
Clarithromycin,DB01211,Mycoplasma pneumonia,C0032302,Approved,,
Clarithromycin,DB01211,"Pneumonia, Bacterial",C0004626,Approved,,
Clarithromycin,DB01211,Acute exacerbation of chronic bronchitis,C0856695,Approved,,
Clarithromycin,DB01211,Streptococcus pyogenes infection,C0554628,Approved,,
Clarithromycin,DB01211,Infection of skin AND/OR subcutaneous tissue,C0178299,Approved,,
Clarithromycin,DB01211,Moraxella catarrhalis pneumonia,C0857831,Approved,,
Clarithromycin,DB01211,Acute Moraxella catarrhalis bronchitis,C0339932,Approved,,
Clarithromycin,DB01211,Acute bacterial bronchitis,C0339933,Approved,,
Clarithromycin,DB01211,Streptococcal pneumonia,C0155862,Approved,,
Clarithromycin,DB01211,Streptococcal tonsillitis,C0275804,Approved,,
Clarithromycin,DB01211,Haemophilus influenzae pneumonia,C0276026,Approved,,
Clarithromycin,DB01211,Haemophilus parainfluenzae pneumonia,C0877633,Approved,,
Ceftriaxone,DB01212,Serratia Infections,C0085394,Approved,,
Ceftriaxone,DB01212,Proteus pneumonia,C1260917,Approved,,
Ceftriaxone,DB01212,Pneumonia due to Escherichia coli,C0276089,Approved,,
Ceftriaxone,DB01212,GONOCOCCAL INFECTION DISSEMINATED,C0744451,Approved,,
Ceftriaxone,DB01212,Staphylococcal meningitis,C0154640,Approved,,
Ceftriaxone,DB01212,Chancroids,C0007947,Approved,,
Ceftriaxone,DB01212,Acute gonococcal cervicitis,C0153195,Approved,,
Ceftriaxone,DB01212,Gonococcal endocarditis,C0153227,Approved,,
Ceftriaxone,DB01212,Infection of skin AND/OR subcutaneous tissue,C0178299,Approved,,
Ceftriaxone,DB01212,Septic arthritis haemophilus,C0860048,Approved,,
Ceftriaxone,DB01212,Enterobacter pneumonia,C1096258,Approved,,
Ceftriaxone,DB01212,Arthropathy associated with infection,C0157749,Approved,,
Ceftriaxone,DB01212,Staphylococcal bacteraemia,C0152965,Approved,,
Ceftriaxone,DB01212,Meningitis due to Klebsiella mobilis,C1719906,Approved,,
Ceftriaxone,DB01212,Gonococcal meningitis,C0153225,Approved,,
Ceftriaxone,DB01212,Rhinoscleroma,C0035468,Approved,,
Ceftriaxone,DB01212,Escherichia coli septicemia,C0276088,Approved,,
Ceftriaxone,DB01212,Klebsiella cystitis,C0520775,Approved,,
Ceftriaxone,DB01212,Intraabdominal Infections,C1112209,Approved,,
Ceftriaxone,DB01212,Streptococcal meningitis,C0154639,Approved,,
Ceftriaxone,DB01212,Meningococcal meningitis,C0025294,Approved,,
Ceftriaxone,DB01212,Endometritis,C0014179,Approved,,
Ceftriaxone,DB01212,"Arthritis, Bacterial",C1692886,Approved,,
Ceftriaxone,DB01212,Gonococcal joint infection,C0153216,Approved,,
Ceftriaxone,DB01212,Lower respiratory tract infection,C0149725,Approved,,
Ceftriaxone,DB01212,Escherichia coli urinary tract infection,C0577708,Approved,,
Ceftriaxone,DB01212,Salmonella sepsis,C0152486,Approved,,
Ceftriaxone,DB01212,Bacterial sepsis,C0684256,Approved,,
Ceftriaxone,DB01212,"Meningitis, Escherichia coli",C0338395,Approved,,
Ceftriaxone,DB01212,Haemophilus influenzae pneumonia,C0276026,Approved,,
Ceftriaxone,DB01212,Staphylococcal Pneumonia,C0032308,Approved,,
Ceftriaxone,DB01212,Pelvic Inflammatory Disease,C0242172,Approved,,
Ceftriaxone,DB01212,Gonorrhea of pharynx,C0149966,Approved,,
Ceftriaxone,DB01212,Haemophilus parainfluenzae pneumonia,C0877633,Approved,,
Ceftriaxone,DB01212,Gonorrhea,C0018081,Approved,,
Ceftriaxone,DB01212,Female genital tract infection,C1263758,Approved,,
Ceftriaxone,DB01212,Streptococcus pyogenes infection,C0554628,Approved,,
Ceftriaxone,DB01212,"Pneumonia, Bacterial",C0004626,Approved,,
Ceftriaxone,DB01212,Escherichia coli Infections,C0014836,Approved,,
Ceftriaxone,DB01212,Acute gonococcal urethritis,C0275652,Approved,,
Ceftriaxone,DB01212,Infection of bone,C2242472,Approved,,
Ceftriaxone,DB01212,Gonorrhea of rectum,C0275665,Approved,,
Ceftriaxone,DB01212,Streptococcal sepsis,C0152964,Approved,,
Ceftriaxone,DB01212,Acute gonococcal endometritis,C0153196,Approved,,
Ceftriaxone,DB01212,Haemophilus influenzae type b infection,C2028293,Approved,,
Ceftriaxone,DB01212,"Meningitis, Pneumococcal",C0025295,Approved,,
Ceftriaxone,DB01212,Proteus urinary tract infection,C0577709,Approved,,
Ceftriaxone,DB01212,Haemophilus sepsis,C0854324,Approved,,
Ceftriaxone,DB01212,"Meningitis, Bacterial",C0085437,Approved,,
Ceftriaxone,DB01212,Enterobacteriaceae Infections,C0014347,Approved,,
Ceftriaxone,DB01212,Bacterial infection due to Klebsiella pneumoniae,C0343402,Approved,,
Ceftriaxone,DB01212,Infective otitis media,C0729586,Approved,,
Fomepizole,DB01213,Accidental poisoning by methyl alcohol,C0261439,Approved,,
Fomepizole,DB01213,Ethylene glycol poisoning (disorder),C0413194,Approved,,
Metipranolol,DB01214,"Glaucoma, Open-Angle",C0017612,Approved,,
Metipranolol,DB01214,Ocular Hypertension,C0028840,Approved,,
Finasteride,DB01216,Prostatic Hypertrophy,C1739363,Approved,,
Finasteride,DB01216,"Alopecia, Male Pattern",C4083212,Approved,,
Anastrozole,DB01217,Hormone receptor positive malignant neoplasm of breast,C1562029,Approved,,
Halofantrine,DB01218,"Malaria, Falciparum",C0024535,Approved,,
Dantrolene,DB01219,Malignant hyperpyrexia due to anesthesia,C0024591,Approved,,
Dantrolene,DB01219,Muscle Spasticity,C0026838,Approved,,
Dantrolene,DB01219,Muscle spasticity of spinal origin,C1562430,Approved,,
Rifaximin,DB01220,Hepatic Encephalopathy,C0019151,Approved,,
Rifaximin,DB01220,Irritable bowel syndrome with diarrhea,C0348898,Approved,,
Rifaximin,DB01220,Diarrhoea predominant irritable bowel syndrome,C1262211,Approved,,
Budesonide,DB01222,Crohn Disease,C0010346,Approved,,
Budesonide,DB01222,Asthma,C0004096,Approved,,
Budesonide,DB01222,Allergic rhinitis (disorder),C2607914,Approved,,
Budesonide,DB01222,Crohn's disease in remission,C1960764,Approved,,
Aminophylline,DB01223,Lung diseases,C0024115,Approved,,
Aminophylline,DB01223,Status Asthmaticus,C0038218,Approved,,
Aminophylline,DB01223,Asthma night-time symptoms,C1273489,Approved,,
Aminophylline,DB01223,Asthma,C0004096,Approved,,
Aminophylline,DB01223,Bronchitis,C0006277,Approved,,
Aminophylline,DB01223,Pulmonary Emphysema,C0034067,Approved,,
Aminophylline,DB01223,Asthma-chronic obstructive pulmonary disease overlap syndrome,C4038730,Approved,,
Aminophylline,DB01223,Bronchial Spasm,C0006266,Approved,,
Aminophylline,DB01223,Asthma attack,C0347950,Approved,,
Quetiapine,DB01224,Schizophrenia,C0036341,Approved,,
Quetiapine,DB01224,"Depression, Bipolar",C0005587,Approved,,
Quetiapine,DB01224,Bipolar Disorder,C0005586,Approved,,
Quetiapine,DB01224,"Bipolar affective disorder, current episode manic",C0338873,Approved,,
Quetiapine,DB01224,Bipolar disorder in remission,C0270425,Approved,,
Enoxaparin,DB01225,Deep Vein Thrombosis,C0149871,Approved,,
Levomethadyl Acetate,DB01227,Opiate Addiction,C0524662,Approved,,
Encainide,DB01228,Premature ventricular contractions,C0151636,Approved,,
Paclitaxel,DB01229,Kaposi Sarcoma,C0036220,Approved,,
Paclitaxel,DB01229,"Glaucoma, Open-Angle",C0017612,Approved,,
Paclitaxel,DB01229,Carcinoma breast stage IV,C0278488,Approved,,
Paclitaxel,DB01229,Malignant neoplasm of ovary,C1140680,Approved,,
Paclitaxel,DB01229,Ocular Hypertension,C0028840,Approved,,
Paclitaxel,DB01229,Non-Small Cell Lung Carcinoma,C0007131,Approved,,
Paclitaxel,DB01229,Hypertensive disease,C0020538,Approved,,
Paclitaxel,DB01229,Breast Carcinoma,C0678222,Approved,,
Paclitaxel,DB01229,Secondary malignant neoplasm of pancreas,C0346976,Approved,,
Diphenidol,DB01231,Vertigo,C0042571,Approved,,
Saquinavir,DB01232,HIV Infections,C0019693,Approved,,
Metoclopramide,DB01233,Gastroesophageal reflux disease,C0017168,Approved,,
Metoclopramide,DB01233,Chemotherapy-induced nausea and vomiting,C0401160,Approved,,
Metoclopramide,DB01233,Gastroparesis due to diabetes mellitus,C0267176,Approved,,
Dexamethasone,DB01234,Keloid,C0022548,Approved,,
Dexamethasone,DB01234,Allergic Conjunctivitis,C0009766,Approved,,
Dexamethasone,DB01234,Branch retinal vein occlusion with macular edema,C0339507,Approved,,
Dexamethasone,DB01234,Dermatitis Herpetiformis,C0011608,Approved,,
Dexamethasone,DB01234,Blepharoconjunctivitis,C0005743,Approved,,
Dexamethasone,DB01234,Corneal abrasion,C0010032,Approved,,
Dexamethasone,DB01234,Exanthema,C0015230,Approved,,
Dexamethasone,DB01234,Exacerbation of asthma,C0349790,Approved,,
Dexamethasone,DB01234,Humoral hypercalcemia of malignancy (disorder),C0149911,Approved,,
Dexamethasone,DB01234,Scalp psoriasis,C0406326,Approved,,
Dexamethasone,DB01234,Asthma,C0004096,Approved,,
Dexamethasone,DB01234,Autoimmune hemolytic anemia,C0002880,Approved,,
Dexamethasone,DB01234,Allergic rhinitis (disorder),C2607914,Approved,,
Dexamethasone,DB01234,Transplanted organ rejection,C0345468,Approved,,
Dexamethasone,DB01234,Angioedema,C0002994,Approved,,
Dexamethasone,DB01234,Pruritus Ani,C0033775,Approved,,
Dexamethasone,DB01234,Mycosis Fungoides,C0026948,Approved,,
Dexamethasone,DB01234,Epicondylitis,C0014488,Approved,,
Dexamethasone,DB01234,Punctate keratitis,C0259799,Approved,,
Dexamethasone,DB01234,Tenosynovitis,C0039520,Approved,,
Dexamethasone,DB01234,Rheumatic Heart Disease,C0035439,Approved,,
Dexamethasone,DB01234,Addisonian crisis,C0151467,Approved,,
Dexamethasone,DB01234,Inflammatory Bowel Diseases,C0021390,Approved,,
Dexamethasone,DB01234,Disorder of eye,C0015397,Approved,,
Dexamethasone,DB01234,Iridocyclitis,C0022073,Approved,,
Dexamethasone,DB01234,Bacterial keratitis,C0854211,Approved,,
Dexamethasone,DB01234,Ankylosing spondylitis,C0038013,Approved,,
Dexamethasone,DB01234,"Lupus Erythematosus, Discoid",C0024138,Approved,,
Dexamethasone,DB01234,Acquired thrombocytopenia,C0154301,Approved,,
Dexamethasone,DB01234,Lichen Simplex Chronicus,C0149922,Approved,,
Dexamethasone,DB01234,Herpes zoster keratitis,C1275687,Approved,,
Dexamethasone,DB01234,Crohn Disease,C0010346,Approved,,
Dexamethasone,DB01234,Trichinellosis,C0040896,Approved,,
Dexamethasone,DB01234,Cyclitis,C0010543,Approved,,
Dexamethasone,DB01234,Addison Disease,C0001403,Approved,,
Dexamethasone,DB01234,Erythema Multiforme,C0014742,Approved,,
Dexamethasone,DB01234,Adrenogenital disorder,C0701163,Approved,,
Dexamethasone,DB01234,"Dermatitis, Atopic",C0011615,Approved,,
Dexamethasone,DB01234,Corneal Ulcer,C0010043,Approved,,
Dexamethasone,DB01234,Hodgkin Disease,C0019829,Approved,,
Dexamethasone,DB01234,"Tuberculosis, Miliary",C0041321,Approved,,
Dexamethasone,DB01234,Serum Sickness,C0036830,Approved,,
Dexamethasone,DB01234,Exfoliative dermatitis,C0011606,Approved,,
Dexamethasone,DB01234,Psoriasis,C0033860,Approved,,
Dexamethasone,DB01234,Cerebral Edema,C0006114,Approved,,
Dexamethasone,DB01234,Granuloma Annulare,C0085074,Approved,,
Dexamethasone,DB01234,Chronic small plaque psoriasis,C0406317,Approved,,
Dexamethasone,DB01234,Pruritus of genital organs,C0033777,Approved,,
Dexamethasone,DB01234,Seborrheic dermatitis,C0036508,Approved,,
Dexamethasone,DB01234,Berylliosis,C0005138,Approved,,
Dexamethasone,DB01234,Rheumatoid Arthritis,C0003873,Approved,,
Dexamethasone,DB01234,Sarcoidosis,C0036202,Approved,,
Dexamethasone,DB01234,Thyroiditis,C0040147,Approved,,
Dexamethasone,DB01234,Multiple Myeloma,C0026764,Approved,,
Dexamethasone,DB01234,"Lymphoma, Follicular",C0024301,Approved,,
Dexamethasone,DB01234,Contact Dermatitis,C0011616,Approved,,
Dexamethasone,DB01234,Infective blepharitis,C0729587,Approved,,
Dexamethasone,DB01234,Dermatologic disorders,C0037274,Approved,,
Dexamethasone,DB01234,"Lymphoma, Non-Hodgkin",C0024305,Approved,,
Dexamethasone,DB01234,Pemphigus,C0030807,Approved,,
Dexamethasone,DB01234,Iritis,C0022081,Approved,,
Dexamethasone,DB01234,Simple Pulmonary Eosinophilia,C0242459,Approved,,
Dexamethasone,DB01234,Acute lymphocytic leukemia,C0023449,Approved,,
Dexamethasone,DB01234,Cooley's anemia,C0002875,Approved,,
Dexamethasone,DB01234,Allergic otitis externa,C1320547,Approved,,
Dexamethasone,DB01234,Keratitis,C0022568,Approved,,
Dexamethasone,DB01234,"Lymphoma, T-Cell, Cutaneous",C0079773,Approved,,
Dexamethasone,DB01234,Multiple Sclerosis,C0026769,Approved,,
Dexamethasone,DB01234,Bursitis,C0006444,Approved,,
Dexamethasone,DB01234,Otitis Externa,C0029878,Approved,,
Dexamethasone,DB01234,Rosacea,C0035854,Approved,,
Dexamethasone,DB01234,"Lupus Erythematosus, Systemic",C0024141,Approved,,
Dexamethasone,DB01234,"Anemia, Diamond-Blackfan",C1260899,Approved,,
Dexamethasone,DB01234,Musculoskeletal Diseases,C0026857,Approved,,
Dexamethasone,DB01234,"Arthritis, Gouty",C0003868,Approved,,
Dexamethasone,DB01234,Nephrotic Syndrome,C0027726,Approved,,
Dexamethasone,DB01234,Punctate keratopathy,C0423234,Approved,,
Dexamethasone,DB01234,Laryngeal Edema,C0023052,Approved,,
Dexamethasone,DB01234,"Arthritis, Psoriatic",C0003872,Approved,,
Dexamethasone,DB01234,Uveitis,C0042164,Approved,,
Dexamethasone,DB01234,Diffuse Large B-Cell Lymphoma,C0079744,Approved,,
Dexamethasone,DB01234,Anterior uveitis,C0042165,Approved,,
Dexamethasone,DB01234,Malignant otitis externa due to Pseudomonas aeruginosa,C0395818,Approved,,
Dexamethasone,DB01234,Burkitt Lymphoma,C0006413,Approved,,
Dexamethasone,DB01234,Adrenal cortical hypofunction,C0405580,Approved,,
Dexamethasone,DB01234,Corneal Perforation,C0339293,Approved,,
Dexamethasone,DB01234,Central retinal vein occlusion with macular edema,C0339498,Approved,,
Levodopa,DB01235,"Parkinson Disease, Postencephalitic",C0030568,Approved,,
Levodopa,DB01235,Parkinsonian Disorders,C0242422,Approved,,
Levodopa,DB01235,Parkinson Disease,C0030567,Approved,,
Bromodiphenhydramine,DB01237,Rhinorrhea,C1260880,Approved,,
Bromodiphenhydramine,DB01237,Coughing,C0010200,Approved,,
Bromodiphenhydramine,DB01237,Common Cold,C0009443,Approved,,
Bromodiphenhydramine,DB01237,Nasal congestion (finding),C0027424,Approved,,
Aripiprazole,DB01238,Bipolar disorder in remission,C0270425,Approved,,
Aripiprazole,DB01238,Autistic Disorder,C0004352,Approved,,
Aripiprazole,DB01238,Mixed bipolar I disorder,C0236780,Approved,,
Aripiprazole,DB01238,Schizophrenia,C0036341,Approved,,
Aripiprazole,DB01238,"Bipolar affective disorder, current episode manic",C0338873,Approved,,
Chlorprothixene,DB01239,Schizophrenia,C0036341,Approved,,
Epoprostenol,DB01240,Pulmonary arterial hypertension,C2973725,Approved,,
Epoprostenol,DB01240,Pulmonary Hypertension,C0020542,Approved,,
Epoprostenol,DB01240,Rhinorrhea,C1260880,Approved,,
Epoprostenol,DB01240,Coughing,C0010200,Approved,,
Epoprostenol,DB01240,Nasal congestion (finding),C0027424,Approved,,
Epoprostenol,DB01240,Allergic rhinitis (disorder),C2607914,Approved,,
Epoprostenol,DB01240,Rhinitis,C0035455,Approved,,
Epoprostenol,DB01240,Common Cold,C0009443,Approved,,
Gemfibrozil,DB01241,Hypertriglyceridemia,C0020557,Approved,,
Clomipramine,DB01242,Obsessive-Compulsive Disorder,C0028768,Approved,,
Chloroxine,DB01243,Scurfiness of scalp,C0423775,Approved,,
Chloroxine,DB01243,Seborrheic dermatitis,C0036508,Approved,,
Bepridil,DB01244,Angina Pectoris,C0002962,Approved,,
Alimemazine,DB01246,Sneezing,C0037383,Approved,,
Alimemazine,DB01246,Rhinorrhea,C1260880,Approved,,
Alimemazine,DB01246,Allergic rhinitis (disorder),C2607914,Approved,,
Alimemazine,DB01246,Allergic Conjunctivitis,C0009766,Approved,,
Alimemazine,DB01246,Angioedema,C0002994,Approved,,
Alimemazine,DB01246,Nasal congestion (finding),C0027424,Approved,,
Alimemazine,DB01246,Symptomatic dermographism,C0343065,Approved,,
Alimemazine,DB01246,Urticaria,C0042109,Approved,,
Alimemazine,DB01246,Pruritus,C0033774,Approved,,
Isocarboxazid,DB01247,Major Depressive Disorder,C1269683,Approved,,
Docetaxel,DB01248,Cancer of Head and Neck,C0278996,Approved,,
Docetaxel,DB01248,Breast Carcinoma,C0678222,Approved,,
Docetaxel,DB01248,Non-Small Cell Lung Carcinoma,C0007131,Approved,,
Docetaxel,DB01248,Carcinoma breast stage IV,C0278488,Approved,,
Docetaxel,DB01248,Malignant neoplasm of stomach,C0024623,Approved,,
Docetaxel,DB01248,Malignant neoplasm of prostate,C0376358,Approved,,
Olsalazine,DB01250,Ulcerative colitis in remission,C3697010,Approved,,
Gliquidone,DB01251,"Diabetes Mellitus, Non-Insulin-Dependent",C0011860,Approved,,
Mitiglinide,DB01252,"Diabetes Mellitus, Non-Insulin-Dependent",C0011860,Approved,,
Ergonovine,DB01253,Postpartum Hemorrhage,C0032797,Approved,,
Dasatinib,DB01254,Philadelphia chromosome positive chronic myelogenous leukemia,C0279543,Approved,,
Dasatinib,DB01254,Philadelphia chromosome-positive acute lymphoblastic leukemia,C1960397,Approved,,
Dasatinib,DB01254,Blast Phase,C0005699,Approved,,
Dasatinib,DB01254,"Leukemia, Myeloid, Chronic-Phase",C0023474,Approved,,
Dasatinib,DB01254,"Leukemia, Myeloid, Accelerated Phase",C0023472,Approved,,
Lisdexamfetamine,DB01255,Attention deficit hyperactivity disorder,C1263846,Approved,,
Lisdexamfetamine,DB01255,Binge eating disorder,C0596170,Approved,,
Retapamulin,DB01256,Impetigo,C0021099,Approved,,
Retapamulin,DB01256,Superficial bacterial infection of skin,C0342985,Approved,,
Eculizumab,DB01257,Paroxysmal nocturnal hemoglobinuria,C0024790,Approved,,
Eculizumab,DB01257,Congenital hemolytic uremic syndrome,C2919522,Approved,,
Desonide,DB01260,Chronic small plaque psoriasis,C0406317,Approved,,
Desonide,DB01260,Seborrheic dermatitis,C0036508,Approved,,
Desonide,DB01260,Crohn Disease,C0010346,Approved,,
Desonide,DB01260,Otitis Externa,C0029878,Approved,,
Desonide,DB01260,Granuloma Annulare,C0085074,Approved,,
Desonide,DB01260,"Lymphoma, T-Cell, Cutaneous",C0079773,Approved,,
Desonide,DB01260,Pruritus of genital organs,C0033777,Approved,,
Desonide,DB01260,Allergic rhinitis (disorder),C2607914,Approved,,
Desonide,DB01260,Crohn's disease in remission,C1960764,Approved,,
Desonide,DB01260,Exanthema,C0015230,Approved,,
Desonide,DB01260,Pruritus Ani,C0033775,Approved,,
Desonide,DB01260,"Lupus Erythematosus, Discoid",C0024138,Approved,,
Desonide,DB01260,Lichen Simplex Chronicus,C0149922,Approved,,
Desonide,DB01260,Scalp psoriasis,C0406326,Approved,,
Desonide,DB01260,Contact Dermatitis,C0011616,Approved,,
Desonide,DB01260,Asthma,C0004096,Approved,,
Sitagliptin,DB01261,"Diabetes Mellitus, Non-Insulin-Dependent",C0011860,Approved,,
Decitabine,DB01262,"Leukemia, Myelocytic, Acute",C0023467,Approved,,
Posaconazole,DB01263,Aspergillosis,C0004030,Approved,,
Posaconazole,DB01263,Fusariosis,C0276758,Approved,,
Posaconazole,DB01263,Chromoblastomycosis,C0008582,Approved,,
Posaconazole,DB01263,Mycetoma,C0024449,Approved,,
Posaconazole,DB01263,Coccidioidomycosis,C0009186,Approved,,
Posaconazole,DB01263,Candidiasis,C0006840,Approved,,
Darunavir,DB01264,HIV Infections,C0019693,Approved,,
Telbivudine,DB01265,"Hepatitis B, Chronic",C0524909,Approved,,
Sinecatechins,DB01266,Condylomata Acuminata,C0009663,Approved,,
Sinecatechins,DB01266,Perianal warts,C0343730,Approved,,
Paliperidone,DB01267,Schizoaffective Disorder,C0036337,Approved,,
Paliperidone,DB01267,Schizophrenia,C0036341,Approved,,
Paliperidone,DB01267,Psychotic Disorders,C0033975,Approved,,
Sunitinib,DB01268,Gastrointestinal Stromal Tumors,C0238198,Approved,,
Sunitinib,DB01268,Renal Cell Carcinoma,C0007134,Approved,,
Panitumumab,DB01269,Secondary malignant neoplasm of colon,C0346974,Approved,,
Ranibizumab,DB01270,Exudative age-related macular degeneration,C0271084,Approved,,
Ranibizumab,DB01270,Central retinal vein occlusion with macular edema,C0339498,Approved,,
Ranibizumab,DB01270,Branch retinal vein occlusion with macular edema,C0339507,Approved,,
Ranibizumab,DB01270,Diabetic macular edema,C0730285,Approved,,
Ranibizumab,DB01270,Diabetic Retinopathy,C0011884,Approved,,
Idursulfase,DB01271,Mucopolysaccharidosis II,C0026705,Approved,,
Alglucosidase alfa,DB01272,Generalized glycogen storage disease of infants,C0342751,Approved,,
Arformoterol,DB01274,Chronic Obstructive Airway Disease,C0024117,Approved,,
Arformoterol,DB01274,"Bronchitis, Chronic",C0008677,Approved,,
Arformoterol,DB01274,Pulmonary Emphysema,C0034067,Approved,,
Hydralazine,DB01275,Chronic heart failure,C0264716,Approved,,
Hydralazine,DB01275,Hypertensive disease,C0020538,Approved,,
Mecasermin,DB01277,Laron Syndrome,C0271568,Approved,,
Galsulfase,DB01279,Mucopolysaccharidosis VI,C0026709,Approved,,
Nelarabine,DB01280,Precursor T-Cell Lymphoblastic Leukemia-Lymphoma,C1961099,Approved,,
Nelarabine,DB01280,Precursor T-cell lymphoblastic lymphoma,C1292758,Approved,,
Abatacept,DB01281,Rheumatoid Arthritis,C0003873,Approved,,
Abatacept,DB01281,Juvenile arthritis,C3495559,Approved,,
Carbetocin,DB01282,Prader-Willi Syndrome,C0032897,Approved,,
Carbetocin,DB01282,Uterine Inertia,C0042135,Approved,,
Lumiracoxib,DB01283,Degenerative polyarthritis,C0029408,Approved,,
Corticotropin,DB01285,West Syndrome,C0037769,Approved,,
Corticotropin,DB01285,Exacerbation of multiple sclerosis,C0581392,Approved,,
Corticotropin,DB01285,Stevens-Johnson Syndrome,C0038325,Approved,,
Glisoxepide,DB01289,"Diabetes Mellitus, Non-Insulin-Dependent",C0011860,Approved,,
Pirbuterol,DB01291,Lung diseases,C0024115,Approved,,
Pirbuterol,DB01291,Bronchiectasis,C0006267,Approved,,
Pirbuterol,DB01291,Pulmonary Emphysema,C0034067,Approved,,
Pirbuterol,DB01291,Asthma,C0004096,Approved,,
Pirbuterol,DB01291,Bronchitis,C0006277,Approved,,
Pirbuterol,DB01291,Asthma attack,C0347950,Approved,,
Bismuth Subsalicylate,DB01294,Dyspepsia,C0013395,Approved,,
Bismuth Subsalicylate,DB01294,Diarrhea,C0011991,Approved,,
Insulin Aspart,DB01306,Diabetes Mellitus,C0011849,Approved,,
Insulin Detemir,DB01307,Diabetes Mellitus,C0011849,Approved,,
Insulin Glulisine,DB01309,Diabetes Mellitus,C0011849,Approved,,
Fosamprenavir,DB01319,HIV Infections,C0019693,Approved,,
Fosphenytoin,DB01320,Status Epilepticus,C0038220,Approved,,
Fosphenytoin,DB01320,Epilepsy characterized by intractable complex partial seizures,C2711653,Approved,,
Fosphenytoin,DB01320,Epilepsy,C0014544,Approved,,
Polythiazide,DB01324,Hypertensive disease,C0020538,Approved,,
Cefamandole,DB01326,Bacterial peritonitis,C0341503,Approved,,
Cefamandole,DB01326,Proteus pneumonia,C1260917,Approved,,
Cefamandole,DB01326,Urinary tract infection,C0042029,Approved,,
Cefamandole,DB01326,Escherichia coli septicemia,C0276088,Approved,,
Cefamandole,DB01326,Arthropathy associated with infection,C0157749,Approved,,
Cefamandole,DB01326,Haemophilus sepsis,C0854324,Approved,,
Cefamandole,DB01326,Bacterial sepsis,C0684256,Approved,,
Cefamandole,DB01326,Pneumonia,C0032285,Approved,,
Cefamandole,DB01326,Infection of bone,C2242472,Approved,,
Cefamandole,DB01326,Staphylococcal Pneumonia,C0032308,Approved,,
Cefamandole,DB01326,Peritonitis,C0031154,Approved,,
Cefamandole,DB01326,Escherichia coli Infections,C0014836,Approved,,
Cefamandole,DB01326,Bacterial urinary infection,C0729524,Approved,,
Cefamandole,DB01326,Lower respiratory tract infection,C0149725,Approved,,
Cefamandole,DB01326,Staphylococcus aureus infection,C1318973,Approved,,
Cefamandole,DB01326,Pneumonia due to Escherichia coli,C0276089,Approved,,
Cefamandole,DB01326,Osteomyelitis due to Staphylococcus aureus,C1997728,Approved,,
Cefamandole,DB01326,Haemophilus influenzae pneumonia,C0276026,Approved,,
Cefamandole,DB01326,Infection of skin AND/OR subcutaneous tissue,C0178299,Approved,,
Cefamandole,DB01326,Bacterial infection due to Klebsiella pneumoniae,C0343402,Approved,,
Cefamandole,DB01326,Streptococcus pyogenes infection,C0554628,Approved,,
Cefamandole,DB01326,URINARY TRACT INFECTION ENTEROCOCCUS,C0749958,Approved,,
Cefamandole,DB01326,Enterobacteriaceae Infections,C0014347,Approved,,
Cefamandole,DB01326,Klebsiella cystitis,C0520775,Approved,,
Cefamandole,DB01326,Proteus urinary tract infection,C0577709,Approved,,
Cefamandole,DB01326,Staphylococcal bacteraemia,C0152965,Approved,,
Cefamandole,DB01326,Escherichia coli urinary tract infection,C0577708,Approved,,
Cefamandole,DB01326,Intraabdominal Infections,C1112209,Approved,,
Cefamandole,DB01326,Streptococcal sepsis,C0152964,Approved,,
Cefazolin,DB01327,Arthropathy associated with infection,C0157749,Approved,,
Cefazolin,DB01327,Lower respiratory tract infection,C0149725,Approved,,
Cefazolin,DB01327,Staphylococcal Pneumonia,C0032308,Approved,,
Cefazolin,DB01327,Genitourinary tract infection,C1279247,Approved,,
Cefazolin,DB01327,Infection of bone,C2242472,Approved,,
Cefazolin,DB01327,Infection of skin AND/OR subcutaneous tissue,C0178299,Approved,,
Cefazolin,DB01327,Bacterial sepsis,C0684256,Approved,,
Cefazolin,DB01327,"Pneumonia, Bacterial",C0004626,Approved,,
Cefazolin,DB01327,Cholangitis,C0008311,Approved,,
Cefonicid,DB01328,Klebsiella cystitis,C0520775,Approved,,
Cefonicid,DB01328,Urinary tract infection,C0042029,Approved,,
Cefonicid,DB01328,Escherichia coli septicemia,C0276088,Approved,,
Cefonicid,DB01328,Staphylococcus aureus infection,C1318973,Approved,,
Cefonicid,DB01328,Bacterial infection due to Klebsiella pneumoniae,C0343402,Approved,,
Cefonicid,DB01328,Lower respiratory tract infection,C0149725,Approved,,
Cefonicid,DB01328,Proteus urinary tract infection,C0577709,Approved,,
Cefonicid,DB01328,Haemophilus influenzae pneumonia,C0276026,Approved,,
Cefonicid,DB01328,Osteomyelitis due to Staphylococcus aureus,C1997728,Approved,,
Cefonicid,DB01328,Pneumonia due to Escherichia coli,C0276089,Approved,,
Cefonicid,DB01328,Escherichia coli urinary tract infection,C0577708,Approved,,
Cefonicid,DB01328,Streptococcal sepsis,C0152964,Approved,,
Cefonicid,DB01328,Bacterial sepsis,C0684256,Approved,,
Cefonicid,DB01328,Streptococcus pyogenes infection,C0554628,Approved,,
Cefonicid,DB01328,Arthropathy associated with infection,C0157749,Approved,,
Cefonicid,DB01328,Infection of bone,C2242472,Approved,,
Cefonicid,DB01328,Infection of skin AND/OR subcutaneous tissue,C0178299,Approved,,
Cefonicid,DB01328,Pneumonia,C0032285,Approved,,
Cefotetan,DB01330,Proteus urinary tract infection,C0577709,Approved,,
Cefotetan,DB01330,Female genital tract infection,C1263758,Approved,,
Cefotetan,DB01330,Intraabdominal Infections,C1112209,Approved,,
Cefotetan,DB01330,Haemophilus influenzae pneumonia,C0276026,Approved,,
Cefotetan,DB01330,"Pneumonia, Bacterial",C0004626,Approved,,
Cefotetan,DB01330,Pneumonia due to Escherichia coli,C0276089,Approved,,
Cefotetan,DB01330,Bacterial infection due to Klebsiella pneumoniae,C0343402,Approved,,
Cefotetan,DB01330,Staphylococcal Pneumonia,C0032308,Approved,,
Cefotetan,DB01330,Staphylococcus aureus infection,C1318973,Approved,,
Cefotetan,DB01330,Infection of skin AND/OR subcutaneous tissue,C0178299,Approved,,
Cefotetan,DB01330,Bacterial sepsis,C0684256,Approved,,
Cefotetan,DB01330,Escherichia coli Infections,C0014836,Approved,,
Cefotetan,DB01330,Endometritis,C0014179,Approved,,
Cefotetan,DB01330,Lower respiratory tract infection,C0149725,Approved,,
Cefotetan,DB01330,Klebsiella cystitis,C0520775,Approved,,
Cefotetan,DB01330,Pelvic Inflammatory Disease,C0242172,Approved,,
Cefotetan,DB01330,Proteus pneumonia,C1260917,Approved,,
Cefotetan,DB01330,Osteomyelitis due to Staphylococcus aureus,C1997728,Approved,,
Cefotetan,DB01330,Escherichia coli urinary tract infection,C0577708,Approved,,
Cefotetan,DB01330,Streptococcus pyogenes infection,C0554628,Approved,,
Cefotetan,DB01330,Acute gonococcal endometritis,C0153196,Approved,,
Cefoxitin,DB01331,Bacterial sepsis,C0684256,Approved,,
Cefoxitin,DB01331,Sepsis due to Staphylococcus aureus,C2887088,Approved,,
Cefoxitin,DB01331,Abdominal Abscess,C0243001,Approved,,
Cefoxitin,DB01331,Postoperative infection,C0392618,Approved,,
Cefoxitin,DB01331,Staphylococcal Pneumonia,C0032308,Approved,,
Cefoxitin,DB01331,Endometritis,C0014179,Approved,,
Cefoxitin,DB01331,Female genital tract infection,C1263758,Approved,,
Cefoxitin,DB01331,Rhinoscleroma,C0035468,Approved,,
Cefoxitin,DB01331,Acute gonococcal endometritis,C0153196,Approved,,
Cefoxitin,DB01331,Klebsiella cystitis,C0520775,Approved,,
Cefoxitin,DB01331,Peritonitis,C0031154,Approved,,
Cefoxitin,DB01331,Intraabdominal Infections,C1112209,Approved,,
Cefoxitin,DB01331,Pelvic Inflammatory Disease,C0242172,Approved,,
Cefoxitin,DB01331,Arthropathy associated with infection,C0157749,Approved,,
Cefoxitin,DB01331,Streptococcus pyogenes infection,C0554628,Approved,,
Cefoxitin,DB01331,Escherichia coli septicemia,C0276088,Approved,,
Cefoxitin,DB01331,Pneumonia due to Escherichia coli,C0276089,Approved,,
Cefoxitin,DB01331,Bacterial infection due to Klebsiella pneumoniae,C0343402,Approved,,
Cefoxitin,DB01331,Proteus urinary tract infection,C0577709,Approved,,
Cefoxitin,DB01331,Osteomyelitis due to Staphylococcus aureus,C1997728,Approved,,
Cefoxitin,DB01331,Female pelvic cellulitis,C0349734,Approved,,
Cefoxitin,DB01331,"Pneumonia, Bacterial",C0004626,Approved,,
Cefoxitin,DB01331,Lung Abscess,C0024110,Approved,,
Cefoxitin,DB01331,Septicemia due to Bacteroides,C0276064,Approved,,
Cefoxitin,DB01331,Staphylococcus aureus infection,C1318973,Approved,,
Cefoxitin,DB01331,Escherichia coli Infections,C0014836,Approved,,
Cefoxitin,DB01331,Streptococcal sepsis,C0152964,Approved,,
Cefoxitin,DB01331,Gonorrhea,C0018081,Approved,,
Cefoxitin,DB01331,Infection of bone,C2242472,Approved,,
Cefoxitin,DB01331,Acute gonococcal cervicitis,C0153195,Approved,,
Cefoxitin,DB01331,Haemophilus influenzae pneumonia,C0276026,Approved,,
Cefoxitin,DB01331,Infection of skin AND/OR subcutaneous tissue,C0178299,Approved,,
Cefoxitin,DB01331,Escherichia coli urinary tract infection,C0577708,Approved,,
Ceftizoxime,DB01332,Streptococcus pyogenes infection,C0554628,Approved,,
Ceftizoxime,DB01332,Proteus urinary tract infection,C0577709,Approved,,
Ceftizoxime,DB01332,Gonorrhea of rectum,C0275665,Approved,,
Ceftizoxime,DB01332,Escherichia coli urinary tract infection,C0577708,Approved,,
Ceftizoxime,DB01332,Rhinoscleroma,C0035468,Approved,,
Ceftizoxime,DB01332,Streptococcal sepsis,C0152964,Approved,,
Ceftizoxime,DB01332,Pneumonia due to Escherichia coli,C0276089,Approved,,
Ceftizoxime,DB01332,Escherichia coli Infections,C0014836,Approved,,
Ceftizoxime,DB01332,Serratia Infections,C0085394,Approved,,
Ceftizoxime,DB01332,Urinary tract infection,C0042029,Approved,,
Ceftizoxime,DB01332,Pneumonia,C0032285,Approved,,
Ceftizoxime,DB01332,Meningitis,C0025289,Approved,,
Ceftizoxime,DB01332,Serratia sepsis,C0152973,Approved,,
Ceftizoxime,DB01332,Arthropathy associated with infection,C0157749,Approved,,
Ceftizoxime,DB01332,Enterobacter pneumonia,C1096258,Approved,,
Ceftizoxime,DB01332,Acute gonococcal cervicitis,C0153195,Approved,,
Ceftizoxime,DB01332,Bacterial sepsis,C0684256,Approved,,
Ceftizoxime,DB01332,Infection of bone,C2242472,Approved,,
Ceftizoxime,DB01332,Acute gonococcal urethritis,C0275652,Approved,,
Ceftizoxime,DB01332,Klebsiella cystitis,C0520775,Approved,,
Ceftizoxime,DB01332,Staphylococcal Pneumonia,C0032308,Approved,,
Ceftizoxime,DB01332,Osteomyelitis due to Staphylococcus aureus,C1997728,Approved,,
Ceftizoxime,DB01332,Infection of skin AND/OR subcutaneous tissue,C0178299,Approved,,
Ceftizoxime,DB01332,Proteus pneumonia,C1260917,Approved,,
Ceftizoxime,DB01332,Acute gonococcal endometritis,C0153196,Approved,,
Ceftizoxime,DB01332,Bacterial infection due to Klebsiella pneumoniae,C0343402,Approved,,
Ceftizoxime,DB01332,Lower respiratory tract infection,C0149725,Approved,,
Ceftizoxime,DB01332,Bacterial urinary infection,C0729524,Approved,,
Ceftizoxime,DB01332,Sepsis due to Staphylococcus aureus,C2887088,Approved,,
Ceftizoxime,DB01332,Enterobacteriaceae Infections,C0014347,Approved,,
Ceftizoxime,DB01332,Streptococcal meningitis,C0154639,Approved,,
Ceftizoxime,DB01332,Gonorrhea,C0018081,Approved,,
Ceftizoxime,DB01332,Intraabdominal Infections,C1112209,Approved,,
Ceftizoxime,DB01332,Haemophilus influenzae pneumonia,C0276026,Approved,,
Ceftizoxime,DB01332,Staphylococcus aureus infection,C1318973,Approved,,
Ceftizoxime,DB01332,Bacterial peritonitis,C0341503,Approved,,
Ceftizoxime,DB01332,Septicemia due to Bacteroides,C0276064,Approved,,
Ceftizoxime,DB01332,Escherichia coli septicemia,C0276088,Approved,,
Cefradine,DB01333,Infection of bone,C2242472,Approved,,
Cefradine,DB01333,Urinary tract infection,C0042029,Approved,,
Cefradine,DB01333,Haemophilus influenzae pneumonia,C0276026,Approved,,
Cefradine,DB01333,Upper Respiratory Infections,C0041912,Approved,,
Cefradine,DB01333,Infection of skin AND/OR subcutaneous tissue,C0178299,Approved,,
Cefradine,DB01333,Escherichia coli urinary tract infection,C0577708,Approved,,
Cefradine,DB01333,Streptococcus pyogenes infection,C0554628,Approved,,
Cefradine,DB01333,Bacterial infection due to Klebsiella pneumoniae,C0343402,Approved,,
Cefradine,DB01333,Streptococcal tonsillitis,C0275804,Approved,,
Cefradine,DB01333,prostatitis,C0033581,Approved,,
Cefradine,DB01333,Arthropathy associated with infection,C0157749,Approved,,
Cefradine,DB01333,Tonsillitis,C0040425,Approved,,
Cefradine,DB01333,Staphylococcal Pneumonia,C0032308,Approved,,
Cefradine,DB01333,Pharyngitis,C0031350,Approved,,
Cefradine,DB01333,Staphylococcus aureus infection,C1318973,Approved,,
Cefradine,DB01333,Infective otitis media,C0729586,Approved,,
Cefradine,DB01333,Pneumonia,C0032285,Approved,,
Cefradine,DB01333,URINARY TRACT INFECTION ENTEROCOCCUS,C0749958,Approved,,
Cefradine,DB01333,Proteus urinary tract infection,C0577709,Approved,,
Cefradine,DB01333,Lower respiratory tract infection,C0149725,Approved,,
Cefradine,DB01333,Klebsiella cystitis,C0520775,Approved,,
Cefradine,DB01333,Acute otitis media,C0271429,Approved,,
Cilazapril,DB01340,Hypertensive disease,C0020538,Approved,,
Polystyrene sulfonate,DB01344,Hyperkalemia,C0020461,Approved,,
Spirapril,DB01348,Hypertensive disease,C0020538,Approved,,
Tasosartan,DB01349,Hypertensive disease,C0020538,Approved,,
Amobarbital,DB01351,Epilepsy,C0014544,Approved,,
Amobarbital,DB01351,Sleeplessness,C0917801,Approved,,
Amobarbital,DB01351,Status Epilepticus,C0038220,Approved,,
Amobarbital,DB01351,Severe anxiety (panic),C0231403,Approved,,
Aprobarbital,DB01352,Severe anxiety (panic),C0231403,Approved,,
Aprobarbital,DB01352,Sleeplessness,C0917801,Approved,,
Butethal,DB01353,Sleeplessness,C0917801,Approved,,
Butethal,DB01353,Severe anxiety (panic),C0231403,Approved,,
Lithium,DB01356,Bipolar Disorder,C0005586,Approved,,
Lithium,DB01356,"Bipolar affective disorder, current episode manic",C0338873,Approved,,
Lithium,DB01356,Bipolar disorder in remission,C0270425,Approved,,
Lithium,DB01356,Headache Disorders,C0393735,Approved,,
Lithium,DB01356,Pain,C0030193,Approved,,
Lithium,DB01356,Fever,C0015967,Approved,,
Lithium,DB01356,Degenerative polyarthritis,C0029408,Approved,,
Lithium,DB01356,Rheumatoid Arthritis,C0003873,Approved,,
Lithium,DB01356,Dysmenorrhea,C0013390,Approved,,
Mestranol,DB01357,Menorrhagia,C0025323,Approved,,
Mestranol,DB01357,Endometriosis,C0014175,Approved,,
Mestranol,DB01357,Female hypogonadism syndrome,C0271578,Approved,,
Penbutolol,DB01359,Hypertensive disease,C0020538,Approved,,
Troleandomycin,DB01361,Streptococcal pneumonia,C0155862,Approved,,
Ephedrine,DB01364,Sinus headache,C0037195,Approved,,
Ephedrine,DB01364,Bronchitis,C0006277,Approved,,
Ephedrine,DB01364,Headache Disorders,C0393735,Approved,,
Ephedrine,DB01364,Allergic Conjunctivitis,C0009766,Approved,,
Ephedrine,DB01364,Rhinorrhea,C1260880,Approved,,
Ephedrine,DB01364,Influenza-like symptoms,C0392171,Approved,,
Ephedrine,DB01364,Allergic rhinitis (disorder),C2607914,Approved,,
Ephedrine,DB01364,Hay fever,C0018621,Approved,,
Ephedrine,DB01364,Bronchial Spasm,C0006266,Approved,,
Ephedrine,DB01364,"Rhinitis, Vasomotor",C0035460,Approved,,
Ephedrine,DB01364,Hypotension,C0020649,Approved,,
Ephedrine,DB01364,Rhinitis,C0035455,Approved,,
Ephedrine,DB01364,Nasal congestion (finding),C0027424,Approved,,
Ephedrine,DB01364,Sneezing,C0037383,Approved,,
Ephedrine,DB01364,Common Cold,C0009443,Approved,,
Mephentermine,DB01365,Hypotension,C0020649,Approved,,
Rasagiline,DB01367,Parkinson Disease,C0030567,Approved,,
Quinupristin,DB01369,Streptococcus pyogenes infection,C0554628,Approved,,
Magnesium oxide,DB01377,Incomplete passage of stool,C0426639,Approved,,
Magnesium oxide,DB01377,Hypocalcemia,C0020598,Approved,,
Magnesium oxide,DB01377,Constipation,C0009806,Approved,,
Magnesium oxide,DB01377,Osteoporosis,C0029456,Approved,,
Magnesium oxide,DB01377,Dyspepsia,C0013395,Approved,,
Magnesium oxide,DB01377,Hypomagnesemia,C0151723,Approved,,
Cortisone acetate,DB01380,Punctate keratopathy,C0423234,Approved,,
Cortisone acetate,DB01380,Herpes zoster keratitis,C1275687,Approved,,
Cortisone acetate,DB01380,Granuloma Annulare,C0085074,Approved,,
Cortisone acetate,DB01380,Addisonian crisis,C0151467,Approved,,
Cortisone acetate,DB01380,Pemphigus,C0030807,Approved,,
Cortisone acetate,DB01380,Asthma,C0004096,Approved,,
Cortisone acetate,DB01380,"Anemia, Diamond-Blackfan",C1260899,Approved,,
Cortisone acetate,DB01380,Bursitis,C0006444,Approved,,
Cortisone acetate,DB01380,Sarcoidosis,C0036202,Approved,,
Cortisone acetate,DB01380,"Lupus Erythematosus, Systemic",C0024141,Approved,,
Cortisone acetate,DB01380,Recurrent herpes simplex labialis,C1274321,Approved,,
Cortisone acetate,DB01380,Rosacea,C0035854,Approved,,
Cortisone acetate,DB01380,Exanthema,C0015230,Approved,,
Cortisone acetate,DB01380,Allergic Conjunctivitis,C0009766,Approved,,
Cortisone acetate,DB01380,Autoimmune hemolytic anemia,C0002880,Approved,,
Cortisone acetate,DB01380,"Lymphoma, T-Cell, Cutaneous",C0079773,Approved,,
Cortisone acetate,DB01380,Tinea Pedis,C0040259,Approved,,
Cortisone acetate,DB01380,"Lymphoma, Follicular",C0024301,Approved,,
Cortisone acetate,DB01380,Serum Sickness,C0036830,Approved,,
Cortisone acetate,DB01380,Otitis Externa,C0029878,Approved,,
Cortisone acetate,DB01380,Mycosis Fungoides,C0026948,Approved,,
Cortisone acetate,DB01380,Inflammatory Bowel Diseases,C0021390,Approved,,
Cortisone acetate,DB01380,Congenital adrenal hyperplasia,C0001627,Approved,,
Cortisone acetate,DB01380,Post traumatic osteoarthritis,C2894027,Approved,,
Cortisone acetate,DB01380,Tendinitis,C0039503,Approved,,
Cortisone acetate,DB01380,Malignant otitis externa due to Pseudomonas aeruginosa,C0395818,Approved,,
Cortisone acetate,DB01380,Proctitis,C0033246,Approved,,
Cortisone acetate,DB01380,Pruritus Ani,C0033775,Approved,,
Cortisone acetate,DB01380,Pruritus of genital organs,C0033777,Approved,,
Cortisone acetate,DB01380,Dermatitis Herpetiformis,C0011608,Approved,,
Cortisone acetate,DB01380,Scalp psoriasis,C0406326,Approved,,
Cortisone acetate,DB01380,Seborrheic dermatitis,C0036508,Approved,,
Cortisone acetate,DB01380,Uveitis,C0042164,Approved,,
Cortisone acetate,DB01380,"Arthritis, Gouty",C0003868,Approved,,
Cortisone acetate,DB01380,Synovitis,C0039103,Approved,,
Cortisone acetate,DB01380,Hemorrhoids,C0019112,Approved,,
Cortisone acetate,DB01380,Addison Disease,C0001403,Approved,,
Cortisone acetate,DB01380,Cerebral Edema,C0006114,Approved,,
Cortisone acetate,DB01380,Erythema Multiforme,C0014742,Approved,,
Cortisone acetate,DB01380,Corneal abrasion,C0010032,Approved,,
Cortisone acetate,DB01380,Humoral hypercalcemia of malignancy (disorder),C0149911,Approved,,
Cortisone acetate,DB01380,Dermatologic disorders,C0037274,Approved,,
Cortisone acetate,DB01380,Corneal Ulcer,C0010043,Approved,,
Cortisone acetate,DB01380,Gingival Diseases,C0017563,Approved,,
Cortisone acetate,DB01380,Disorder of eye,C0015397,Approved,,
Cortisone acetate,DB01380,Musculoskeletal Diseases,C0026857,Approved,,
Cortisone acetate,DB01380,Exfoliative dermatitis,C0011606,Approved,,
Cortisone acetate,DB01380,Keratitis,C0022568,Approved,,
Cortisone acetate,DB01380,Epicondylitis,C0014488,Approved,,
Cortisone acetate,DB01380,Nephrotic Syndrome,C0027726,Approved,,
Cortisone acetate,DB01380,Bacterial keratitis,C0854211,Approved,,
Cortisone acetate,DB01380,Iridocyclitis,C0022073,Approved,,
Cortisone acetate,DB01380,Lichen Simplex Chronicus,C0149922,Approved,,
Cortisone acetate,DB01380,Cooley's anemia,C0002875,Approved,,
Cortisone acetate,DB01380,Hodgkin Disease,C0019829,Approved,,
Cortisone acetate,DB01380,Thyroiditis,C0040147,Approved,,
Cortisone acetate,DB01380,Laryngeal Edema,C0023052,Approved,,
Cortisone acetate,DB01380,Transplanted organ rejection,C0345468,Approved,,
Cortisone acetate,DB01380,Tenosynovitis,C0039520,Approved,,
Cortisone acetate,DB01380,Acute lymphocytic leukemia,C0023449,Approved,,
Cortisone acetate,DB01380,Berylliosis,C0005138,Approved,,
Cortisone acetate,DB01380,Chronic small plaque psoriasis,C0406317,Approved,,
Cortisone acetate,DB01380,Infective blepharitis,C0729587,Approved,,
Cortisone acetate,DB01380,Adrenogenital disorder,C0701163,Approved,,
Cortisone acetate,DB01380,Ankylosing spondylitis,C0038013,Approved,,
Cortisone acetate,DB01380,Tinea corporis (disorder),C0040252,Approved,,
Cortisone acetate,DB01380,Blepharoconjunctivitis,C0005743,Approved,,
Cortisone acetate,DB01380,"Lupus Erythematosus, Discoid",C0024138,Approved,,
Cortisone acetate,DB01380,Simple Pulmonary Eosinophilia,C0242459,Approved,,
Cortisone acetate,DB01380,Acquired thrombocytopenia,C0154301,Approved,,
Cortisone acetate,DB01380,Psoriasis,C0033860,Approved,,
Cortisone acetate,DB01380,Adrenal cortical hypofunction,C0405580,Approved,,
Cortisone acetate,DB01380,Trichinellosis,C0040896,Approved,,
Cortisone acetate,DB01380,Chronic ulcerative proctitis,C2937222,Approved,,
Cortisone acetate,DB01380,Contact Dermatitis,C0011616,Approved,,
Cortisone acetate,DB01380,Tinea cruris,C1384589,Approved,,
Cortisone acetate,DB01380,Itching of ear,C0849907,Approved,,
Cortisone acetate,DB01380,Rheumatoid Arthritis,C0003873,Approved,,
Cortisone acetate,DB01380,Allergic rhinitis (disorder),C2607914,Approved,,
Cortisone acetate,DB01380,"Tuberculosis, Miliary",C0041321,Approved,,
Cortisone acetate,DB01380,"Lymphoma, Non-Hodgkin",C0024305,Approved,,
Cortisone acetate,DB01380,Acne Vulgaris,C0001144,Approved,,
Cortisone acetate,DB01380,Multiple Sclerosis,C0026769,Approved,,
Cortisone acetate,DB01380,Iritis,C0022081,Approved,,
Cortisone acetate,DB01380,Ulcerative Colitis,C0009324,Approved,,
Cortisone acetate,DB01380,Autoimmune Diseases,C0004364,Approved,,
Cortisone acetate,DB01380,Inflammatory dermatosis,C3875321,Approved,,
Cortisone acetate,DB01380,Rheumatic Heart Disease,C0035439,Approved,,
Cortisone acetate,DB01380,Crohn Disease,C0010346,Approved,,
Cortisone acetate,DB01380,"Arthritis, Psoriatic",C0003872,Approved,,
Cortisone acetate,DB01380,Status Asthmaticus,C0038218,Approved,,
Cortisone acetate,DB01380,Cyclitis,C0010543,Approved,,
Cortisone acetate,DB01380,Aphthous Stomatitis,C0038363,Approved,,
Cortisone acetate,DB01380,Angioedema,C0002994,Approved,,
Cortisone acetate,DB01380,Aspiration pneumonitis,C1761609,Approved,,
Cortisone acetate,DB01380,Infective otitis externa,C0021355,Approved,,
Glycodiazine,DB01382,"Diabetes Mellitus, Non-Insulin-Dependent",C0011860,Approved,,
Bezafibrate,DB01393,Hyperlipidemia,C0020473,Approved,,
Bezafibrate,DB01393,Hypercholesterolemia,C0020443,Approved,,
Colchicine,DB01394,Familial Mediterranean Fever,C0031069,Approved,,
Colchicine,DB01394,Gout,C0018099,Approved,,
Colchicine,DB01394,Chronic gouty arthritis,C0268108,Approved,,
Drospirenone,DB01395,Atrophic Vaginitis,C0221392,Approved,,
Drospirenone,DB01395,Hot flushes,C0600142,Approved,,
Drospirenone,DB01395,Premenstrual Dysphoric Disorder,C0520676,Approved,,
Drospirenone,DB01395,Acne Vulgaris,C0001144,Approved,,
Drospirenone,DB01395,Atrophy of vulva,C0156393,Approved,,
Magnesium salicylate,DB01397,Back Pain,C0004604,Approved,,
Magnesium salicylate,DB01397,Rheumatoid Arthritis,C0003873,Approved,,
Magnesium salicylate,DB01397,Fever,C0015967,Approved,,
Magnesium salicylate,DB01397,Shoulder tendinitis,C0262633,Approved,,
Magnesium salicylate,DB01397,Pain,C0030193,Approved,,
Magnesium salicylate,DB01397,Degenerative polyarthritis,C0029408,Approved,,
Magnesium salicylate,DB01397,Dysmenorrhea,C0013390,Approved,,
Magnesium salicylate,DB01397,Synovitis,C0039103,Approved,,
Magnesium salicylate,DB01397,Arthralgia,C0003862,Approved,,
Magnesium salicylate,DB01397,Bursitis,C0006444,Approved,,
Magnesium salicylate,DB01397,Headache Disorders,C0393735,Approved,,
Salsalate,DB01399,Rheumatoid Arthritis,C0003873,Approved,,
Salsalate,DB01399,Degenerative polyarthritis,C0029408,Approved,,
Neostigmine,DB01400,Myasthenia Gravis,C0026896,Approved,,
Neostigmine,DB01400,Urinary Retention,C0080274,Approved,,
Danazol,DB01406,Endometriosis,C0014175,Approved,,
Danazol,DB01406,Breast Fibrocystic Disease,C0016034,Approved,,
Tiotropium,DB01409,"Bronchitis, Chronic",C0008677,Approved,,
Tiotropium,DB01409,Pulmonary Emphysema,C0034067,Approved,,
Tiotropium,DB01409,Asthma,C0004096,Approved,,
Ciclesonide,DB01410,Asthma,C0004096,Approved,,
Ciclesonide,DB01410,Hay fever,C0018621,Approved,,
Ciclesonide,DB01410,Allergic rhinitis (disorder),C2607914,Approved,,
Pranlukast,DB01411,Allergic rhinitis (disorder),C2607914,Approved,,
Pranlukast,DB01411,Asthma,C0004096,Approved,,
Cefepime,DB01413,PYELONEPHRITIS E COLI,C0748196,Approved,,
Cefepime,DB01413,Klebsiella cystitis,C0520775,Approved,,
Cefepime,DB01413,Staphylococcus aureus infection,C1318973,Approved,,
Cefepime,DB01413,Pneumonia due to Pseudomonas,C0155860,Approved,,
Cefepime,DB01413,Intraabdominal Infections,C1112209,Approved,,
Cefepime,DB01413,"Pneumonia, Bacterial",C0004626,Approved,,
Cefepime,DB01413,Streptococcus pyogenes infection,C0554628,Approved,,
Cefepime,DB01413,Escherichia coli urinary tract infection,C0577708,Approved,,
Cefepime,DB01413,Bacterial infection due to Klebsiella pneumoniae,C0343402,Approved,,
Cefepime,DB01413,Proteus urinary tract infection,C0577709,Approved,,
Cefepime,DB01413,Enterobacter pneumonia,C1096258,Approved,,
Cefepime,DB01413,Streptococcal pneumonia,C0155862,Approved,,
Ceftibuten,DB01415,Tonsillitis,C0040425,Approved,,
Ceftibuten,DB01415,Acute otitis media,C0271429,Approved,,
Ceftibuten,DB01415,Infective otitis media,C0729586,Approved,,
Ceftibuten,DB01415,Streptococcal tonsillitis,C0275804,Approved,,
Cefpodoxime,DB01416,Infection of skin AND/OR subcutaneous tissue,C0178299,Approved,,
Cefpodoxime,DB01416,Infective otitis media,C0729586,Approved,,
Cefpodoxime,DB01416,Acute gonococcal cervicitis,C0153195,Approved,,
Cefpodoxime,DB01416,Streptococcal tonsillitis,C0275804,Approved,,
Cefpodoxime,DB01416,Haemophilus influenzae pneumonia,C0276026,Approved,,
Cefpodoxime,DB01416,Streptococcal pneumonia,C0155862,Approved,,
Cefpodoxime,DB01416,Acute maxillary sinusitis,C0155804,Approved,,
Cefpodoxime,DB01416,Acute Moraxella catarrhalis bronchitis,C0339932,Approved,,
Cefpodoxime,DB01416,Klebsiella cystitis,C0520775,Approved,,
Cefpodoxime,DB01416,Gonorrhea of rectum,C0275665,Approved,,
Cefpodoxime,DB01416,"Pneumonia, Bacterial",C0004626,Approved,,
Cefpodoxime,DB01416,Tonsillitis,C0040425,Approved,,
Cefpodoxime,DB01416,Proteus urinary tract infection,C0577709,Approved,,
Cefpodoxime,DB01416,Escherichia coli urinary tract infection,C0577708,Approved,,
Cefpodoxime,DB01416,Gonorrhea,C0018081,Approved,,
Cefpodoxime,DB01416,Acute exacerbation of chronic bronchitis,C0856695,Approved,,
Cefpodoxime,DB01416,Acute otitis media,C0271429,Approved,,
Cefpodoxime,DB01416,Staphylococcus aureus infection,C1318973,Approved,,
Cefpodoxime,DB01416,Pharyngitis,C0031350,Approved,,
Cefpodoxime,DB01416,Acute gonococcal urethritis,C0275652,Approved,,
Cefpodoxime,DB01416,Streptococcus pyogenes infection,C0554628,Approved,,
Testosterone Propionate,DB01420,Cryptorchidism,C0010417,Approved,,
Testosterone Propionate,DB01420,Klinefelter Syndrome,C0022735,Approved,,
Testosterone Propionate,DB01420,Delayed Puberty,C0034012,Approved,,
Testosterone Propionate,DB01420,Testicular hypogonadism,C0151721,Approved,,
Testosterone Propionate,DB01420,Deficiency of testosterone biosynthesis,C0342527,Approved,,
Testosterone Propionate,DB01420,Hormone receptor positive malignant neoplasm of breast,C1562029,Approved,,
Paromomycin,DB01421,Chronic intestinal amebiasis,C0002440,Approved,,
Paromomycin,DB01421,Hepatic Coma,C0019147,Approved,,
Amrinone,DB01427,Decompensated cardiac failure,C0581377,Approved,,
Aprindine,DB01429,Supraventricular arrhythmia,C0428974,Approved,,
Aprindine,DB01429,Ventricular arrhythmia,C0085612,Approved,,
Almitrine,DB01430,Chronic Obstructive Airway Disease,C0024117,Approved,,
Cholestyramine,DB01432,Hyperlipidemia,C0020473,Approved,,
Cholestyramine,DB01432,Hypercholesterolemia,C0020443,Approved,,
Methadyl Acetate,DB01433,Opiate Addiction,C0524662,Approved,,
Antipyrine,DB01435,Infective otitis media,C0729586,Approved,,
Alfacalcidol,DB01436,Renal Osteodystrophy,C0035086,Approved,,
Alfacalcidol,DB01436,Hyperparathyroidism,C0020502,Approved,,
Alfacalcidol,DB01436,Hypoparathyroidism,C0020626,Approved,,
Alfacalcidol,DB01436,Neonatal hypocalcemia,C0342634,Approved,,
Glutethimide,DB01437,Sleeplessness,C0917801,Approved,,
Phenazopyridine,DB01438,Dysuria,C0013428,Approved,,
Gamma Hydroxybutyric Acid,DB01440,Narcolepsy-Cataplexy Syndrome,C0751362,Approved,,
Gamma Hydroxybutyric Acid,DB01440,Narcolepsy,C0027404,Approved,,
Heroin,DB01452,Severe pain,C0278140,Approved,,
Difenoxin,DB01501,Diarrhea,C0011991,Approved,,
Ethyl loflazepate,DB01545,Anxiety,C0003467,Approved,,
Ethyl loflazepate,DB01545,Depressive disorder,C0011581,Approved,,
Fenproporex,DB01550,Obesity,C0028754,Approved,,
Dihydrocodeine,DB01551,Allergic rhinitis (disorder),C2607914,Approved,,
Dihydrocodeine,DB01551,Rhinitis,C0035455,Approved,,
Dihydrocodeine,DB01551,Common Cold,C0009443,Approved,,
Dihydrocodeine,DB01551,Rhinorrhea,C1260880,Approved,,
Dihydrocodeine,DB01551,Nasal congestion (finding),C0027424,Approved,,
Dihydrocodeine,DB01551,Pain,C0030193,Approved,,
Dihydrocodeine,DB01551,Coughing,C0010200,Approved,,
Chloral hydrate,DB01563,Sleeplessness,C0917801,Approved,,
Dextroamphetamine,DB01576,Narcolepsy,C0027404,Approved,,
Dextroamphetamine,DB01576,Attention deficit hyperactivity disorder,C1263846,Approved,,
Methamphetamine,DB01577,Attention deficit hyperactivity disorder,C1263846,Approved,,
Methamphetamine,DB01577,Obesity,C0028754,Approved,,
Phendimetrazine,DB01579,Obesity,C0028754,Approved,,
Oxprenolol,DB01580,Hypertensive disease,C0020538,Approved,,
Oxprenolol,DB01580,Ventricular arrhythmia,C0085612,Approved,,
Oxprenolol,DB01580,Anxiety,C0003467,Approved,,
Ursodeoxycholic acid,DB01586,Cholelithiasis,C0008350,Approved,,
Ursodeoxycholic acid,DB01586,Primary biliary cirrhosis,C0008312,Approved,,
Prazepam,DB01588,Anxiety,C0003467,Approved,,
Prazepam,DB01588,Sleeplessness,C0917801,Approved,,
Quazepam,DB01589,Sleeplessness,C0917801,Approved,,
Everolimus,DB01590,Renal Cell Carcinoma,C0007134,Approved,,
Everolimus,DB01590,Breast Carcinoma,C0678222,Approved,,
Everolimus,DB01590,Hormone receptor positive malignant neoplasm of breast,C1562029,Approved,,
Everolimus,DB01590,Angiomyolipoma of kidney,C0241961,Approved,,
Everolimus,DB01590,Tuberous Sclerosis,C0041341,Approved,,
Solifenacin,DB01591,Bladder muscle dysfunction - overactive,C0403643,Approved,,
Solifenacin,DB01591,Urgency of micturition,C0085606,Approved,,
Solifenacin,DB01591,Increased frequency of micturition,C0042023,Approved,,
Solifenacin,DB01591,Urge Incontinence,C0150045,Approved,,
Iron,DB01592,Iron deficiency anemia,C0162316,Approved,,
Iron,DB01592,Anemia of prematurity,C0158996,Approved,,
Iron,DB01592,Megaloblastic anemia due to folate deficiency,C0151482,Approved,,
Nitrazepam,DB01595,Sleeplessness,C0917801,Approved,,
Nitrazepam,DB01595,"Epilepsies, Myoclonic",C0014550,Approved,,
Cilastatin,DB01597,"Pneumonia, Bacterial",C0004626,Approved,,
Cilastatin,DB01597,Intraabdominal Infections,C1112209,Approved,,
Cilastatin,DB01597,Peritonitis,C0031154,Approved,,
Cilastatin,DB01597,Pneumonia due to Escherichia coli,C0276089,Approved,,
Cilastatin,DB01597,Haemophilus influenzae pneumonia,C0276026,Approved,,
Cilastatin,DB01597,Female genital tract infection,C1263758,Approved,,
Cilastatin,DB01597,Abdominal Abscess,C0243001,Approved,,
Cilastatin,DB01597,Enterobacter pneumonia,C1096258,Approved,,
Cilastatin,DB01597,Acute exacerbation of chronic bronchitis,C0856695,Approved,,
Cilastatin,DB01597,Bacterial sepsis,C0684256,Approved,,
Cilastatin,DB01597,Infection of skin AND/OR subcutaneous tissue,C0178299,Approved,,
Cilastatin,DB01597,Bacterial infection due to Klebsiella pneumoniae,C0343402,Approved,,
Cilastatin,DB01597,Lower respiratory tract infection,C0149725,Approved,,
Cilastatin,DB01597,Infection of bone,C2242472,Approved,,
Cilastatin,DB01597,Pelvic Inflammatory Disease,C0242172,Approved,,
Cilastatin,DB01597,Endometritis,C0014179,Approved,,
Cilastatin,DB01597,Arthropathy associated with infection,C0157749,Approved,,
Cilastatin,DB01597,Diabetic foot infection,C0744130,Approved,,
Imipenem,DB01598,Pneumonia due to Escherichia coli,C0276089,Approved,,
Imipenem,DB01598,Endometritis,C0014179,Approved,,
Imipenem,DB01598,Diabetic foot infection,C0744130,Approved,,
Imipenem,DB01598,Intraabdominal Infections,C1112209,Approved,,
Imipenem,DB01598,Infection of skin AND/OR subcutaneous tissue,C0178299,Approved,,
Imipenem,DB01598,Bacterial infection due to Klebsiella pneumoniae,C0343402,Approved,,
Imipenem,DB01598,Arthropathy associated with infection,C0157749,Approved,,
Imipenem,DB01598,Abdominal Abscess,C0243001,Approved,,
Imipenem,DB01598,Lower respiratory tract infection,C0149725,Approved,,
Imipenem,DB01598,Enterobacter pneumonia,C1096258,Approved,,
Imipenem,DB01598,Female genital tract infection,C1263758,Approved,,
Imipenem,DB01598,"Pneumonia, Bacterial",C0004626,Approved,,
Imipenem,DB01598,Bacterial sepsis,C0684256,Approved,,
Imipenem,DB01598,Infection of bone,C2242472,Approved,,
Imipenem,DB01598,Haemophilus influenzae pneumonia,C0276026,Approved,,
Imipenem,DB01598,Peritonitis,C0031154,Approved,,
Imipenem,DB01598,Pelvic Inflammatory Disease,C0242172,Approved,,
Imipenem,DB01598,Acute exacerbation of chronic bronchitis,C0856695,Approved,,
Probucol,DB01599,Hypercholesterolemia,C0020443,Approved,,
Probucol,DB01599,Hyperlipidemia,C0020473,Approved,,
Tiaprofenic acid,DB01600,Degenerative polyarthritis,C0029408,Approved,,
Tiaprofenic acid,DB01600,Pain,C0030193,Approved,,
Tiaprofenic acid,DB01600,Rheumatoid Arthritis,C0003873,Approved,,
Lopinavir,DB01601,HIV Infections,C0019693,Approved,,
Bacampicillin,DB01602,Gonorrhea,C0018081,Approved,,
Bacampicillin,DB01602,Infection of skin AND/OR subcutaneous tissue,C0178299,Approved,,
Bacampicillin,DB01602,Urinary tract infection,C0042029,Approved,,
Bacampicillin,DB01602,Pharyngitis,C0031350,Approved,,
Bacampicillin,DB01602,Sinusitis,C0037199,Approved,,
Bacampicillin,DB01602,Haemophilus influenzae pneumonia,C0276026,Approved,,
Bacampicillin,DB01602,Infective otitis media,C0729586,Approved,,
Meticillin,DB01603,Bacterial sepsis,C0684256,Approved,,
Meticillin,DB01603,Staphylococcal Pneumonia,C0032308,Approved,,
Meticillin,DB01603,Infection of skin AND/OR subcutaneous tissue,C0178299,Approved,,
Meticillin,DB01603,Sinusitis,C0037199,Approved,,
Tazobactam,DB01606,Pelvic Inflammatory Disease,C0242172,Approved,,
Tazobactam,DB01606,Diabetic foot infection,C0744130,Approved,,
Tazobactam,DB01606,Appendicitis,C0003615,Approved,,
Tazobactam,DB01606,"Pneumonia, Bacterial",C0004626,Approved,,
Tazobactam,DB01606,Nosocomial pneumonia,C0949083,Approved,,
Tazobactam,DB01606,Peritonitis,C0031154,Approved,,
Tazobactam,DB01606,Abdominal Abscess,C0243001,Approved,,
Tazobactam,DB01606,Infection of skin AND/OR subcutaneous tissue,C0178299,Approved,,
Tazobactam,DB01606,Haemophilus influenzae pneumonia,C0276026,Approved,,
Tazobactam,DB01606,Staphylococcus aureus infection,C1318973,Approved,,
Ticarcillin,DB01607,Enterobacter pneumonia,C1096258,Approved,,
Ticarcillin,DB01607,Pneumonia due to Escherichia coli,C0276089,Approved,,
Ticarcillin,DB01607,Lung Abscess,C0024110,Approved,,
Ticarcillin,DB01607,Infection of skin AND/OR subcutaneous tissue,C0178299,Approved,,
Ticarcillin,DB01607,Salpingitis,C0036130,Approved,,
Ticarcillin,DB01607,Klebsiella cystitis,C0520775,Approved,,
Ticarcillin,DB01607,Escherichia coli urinary tract infection,C0577708,Approved,,
Ticarcillin,DB01607,Pneumonia due to Pseudomonas,C0155860,Approved,,
Ticarcillin,DB01607,Serratia Infections,C0085394,Approved,,
Ticarcillin,DB01607,Enterobacteriaceae Infections,C0014347,Approved,,
Ticarcillin,DB01607,Sepsis due to Pseudomonas,C2887096,Approved,,
Ticarcillin,DB01607,"Empyema, Pleural",C0014013,Approved,,
Ticarcillin,DB01607,Rhinoscleroma,C0035468,Approved,,
Ticarcillin,DB01607,Proteus pneumonia,C1260917,Approved,,
Ticarcillin,DB01607,Urinary tract infection,C0042029,Approved,,
Ticarcillin,DB01607,Intraabdominal Infections,C1112209,Approved,,
Ticarcillin,DB01607,"Pneumonia, Bacterial",C0004626,Approved,,
Ticarcillin,DB01607,Osteomyelitis due to Staphylococcus aureus,C1997728,Approved,,
Ticarcillin,DB01607,Bacterial sepsis,C0684256,Approved,,
Ticarcillin,DB01607,Sepsis due to Gram negative bacteria,C3163829,Approved,,
Ticarcillin,DB01607,Haemophilus influenzae pneumonia,C0276026,Approved,,
Ticarcillin,DB01607,Escherichia coli Infections,C0014836,Approved,,
Ticarcillin,DB01607,Pelvic Inflammatory Disease,C0242172,Approved,,
Ticarcillin,DB01607,Staphylococcus aureus infection,C1318973,Approved,,
Ticarcillin,DB01607,Escherichia coli septicemia,C0276088,Approved,,
Ticarcillin,DB01607,Bacterial infection due to Klebsiella pneumoniae,C0343402,Approved,,
Ticarcillin,DB01607,Pelvic abscess,C0030785,Approved,,
Ticarcillin,DB01607,Bacterial urinary infection,C0729524,Approved,,
Ticarcillin,DB01607,Genitourinary tract infection,C1279247,Approved,,
Ticarcillin,DB01607,URINARY TRACT INFECTION CITROBACTER,C0749955,Approved,,
Ticarcillin,DB01607,Staphylococcal Pneumonia,C0032308,Approved,,
Ticarcillin,DB01607,Aspiration Pneumonia,C0032290,Approved,,
Ticarcillin,DB01607,Proteus septicemia,C0577690,Approved,,
Ticarcillin,DB01607,Sepsis due to Staphylococcus aureus,C2887088,Approved,,
Deferasirox,DB01609,Chronic iron overload,C1739382,Approved,,
Deferasirox,DB01609,beta Thalassemia,C0005283,Approved,,
Hydroxychloroquine,DB01611,"Malaria, Vivax",C0024537,Approved,,
Hydroxychloroquine,DB01611,"Lupus Erythematosus, Systemic",C0024141,Approved,,
Hydroxychloroquine,DB01611,Ovale malaria,C0152072,Approved,,
Hydroxychloroquine,DB01611,Rheumatoid Arthritis,C0003873,Approved,,
Hydroxychloroquine,DB01611,"Lupus Erythematosus, Discoid",C0024138,Approved,,
Hydroxychloroquine,DB01611,Quartan malaria,C0024536,Approved,,
Hydroxychloroquine,DB01611,"Malaria, Falciparum",C0024535,Approved,,
Amyl Nitrite,DB01612,Toxic effect of cyanide,C0238080,Approved,,
Aceprometazine,DB01615,Sleeplessness,C0917801,Approved,,
Molindone,DB01618,Schizophrenia,C0036341,Approved,,
Phenindamine,DB01619,Allergic Conjunctivitis,C0009766,Approved,,
Phenindamine,DB01619,Pruritus,C0033774,Approved,,
Phenindamine,DB01619,Rhinorrhea,C1260880,Approved,,
Phenindamine,DB01619,Symptomatic dermographism,C0343065,Approved,,
Phenindamine,DB01619,"Rhinitis, Vasomotor",C0035460,Approved,,
Phenindamine,DB01619,Urticaria,C0042109,Approved,,
Phenindamine,DB01619,Nasal congestion (finding),C0027424,Approved,,
Phenindamine,DB01619,Sneezing,C0037383,Approved,,
Phenindamine,DB01619,Allergic rhinitis (disorder),C2607914,Approved,,
Pheniramine,DB01620,Allergic rhinitis (disorder),C2607914,Approved,,
Pheniramine,DB01620,Symptomatic dermographism,C0343065,Approved,,
Pheniramine,DB01620,Redness of eye,C0235267,Approved,,
Pheniramine,DB01620,Fever,C0015967,Approved,,
Pheniramine,DB01620,Hay fever,C0018621,Approved,,
Pheniramine,DB01620,Itching of eye,C0022281,Approved,,
Pheniramine,DB01620,Rhinorrhea,C1260880,Approved,,
Pheniramine,DB01620,Urticaria,C0042109,Approved,,
Pheniramine,DB01620,Influenza-like symptoms,C0392171,Approved,,
Pheniramine,DB01620,Sore Throat,C0242429,Approved,,
Pheniramine,DB01620,Sneezing,C0037383,Approved,,
Pheniramine,DB01620,Sinus headache,C0037195,Approved,,
Pheniramine,DB01620,Headache Disorders,C0393735,Approved,,
Pheniramine,DB01620,Common Cold,C0009443,Approved,,
Pheniramine,DB01620,Allergic Conjunctivitis,C0009766,Approved,,
Pheniramine,DB01620,Nasal congestion (finding),C0027424,Approved,,
Pheniramine,DB01620,Coughing,C0010200,Approved,,
Pheniramine,DB01620,"Rhinitis, Vasomotor",C0035460,Approved,,
Pheniramine,DB01620,Pruritus,C0033774,Approved,,
Pipotiazine,DB01621,Schizophrenia,C0036341,Approved,,
Thiothixene,DB01623,Schizophrenia,C0036341,Approved,,
Isopropamide,DB01625,Peptic Ulcer,C0030920,Approved,,
Pargyline,DB01626,Hypertensive disease,C0020538,Approved,,
Lincomycin,DB01627,Pneumococcal Infections,C0032269,Approved,,
Lincomycin,DB01627,Streptococcal Infections,C0038395,Approved,,
Roflumilast,DB01656,Severe chronic obstructive pulmonary disease,C0730607,Approved,,
Camphor,DB01744,Sprains and Strains,C0038048,Approved,,
Camphor,DB01744,Back Pain,C0004604,Approved,,
Camphor,DB01744,Arthritic pains,C0857177,Approved,,
Dalfopristin,DB01764,Streptococcus pyogenes infection,C0554628,Approved,,
Calcipotriol,DB02300,Scalp psoriasis,C0406326,Approved,,
Calcipotriol,DB02300,Chronic small plaque psoriasis,C0406317,Approved,,
Vorinostat,DB02546,"Lymphoma, T-Cell, Cutaneous",C0079773,Approved,,
Cholic Acid,DB02659,Biliary Tract Diseases,C0005424,Approved,,
Cholic Acid,DB02659,Cholelithiasis,C0008350,Approved,,
Cholic Acid,DB02659,Constipation,C0009806,Approved,,
Cholic Acid,DB02659,Incomplete passage of stool,C0426639,Approved,,
Cholic Acid,DB02659,3-Beta-hydroxy-delta-5-C27-steroid dehydrogenase deficiency,C0342826,Approved,,
Cholic Acid,DB02659,Delta-4-3-oxosteroid-5-beta-reductase deficiency,C0342827,Approved,,
Cholic Acid,DB02659,"Xanthomatosis, Cerebrotendinous",C0238052,Approved,,
Nicotinamide,DB02701,Acne Vulgaris,C0001144,Approved,,
Nicotinamide,DB02701,Pellagra,C0030783,Approved,,
Fusidic Acid,DB02703,Pneumonia due to Escherichia coli,C0276089,Approved,,
Fusidic Acid,DB02703,Furunculosis,C0016867,Approved,,
Fusidic Acid,DB02703,Bacterial keratitis,C0854211,Approved,,
Fusidic Acid,DB02703,Gingivostomatitis,C0149704,Approved,,
Fusidic Acid,DB02703,Endemic Flea-Borne Typhus,C0041472,Approved,,
Fusidic Acid,DB02703,Pharyngitis,C0031350,Approved,,
Fusidic Acid,DB02703,Rosacea,C0035854,Approved,,
Fusidic Acid,DB02703,Keratoconjunctivitis,C0022573,Approved,,
Fusidic Acid,DB02703,Acute gonococcal endometritis,C0153196,Approved,,
Fusidic Acid,DB02703,Herpes zoster keratitis,C1275687,Approved,,
Fusidic Acid,DB02703,Escherichia coli septicemia,C0276088,Approved,,
Fusidic Acid,DB02703,Anthrax disease,C0003175,Approved,,
Fusidic Acid,DB02703,Peritonitis,C0031154,Approved,,
Fusidic Acid,DB02703,Osteomyelitis due to Staphylococcus aureus,C1997728,Approved,,
Fusidic Acid,DB02703,Tularemia,C0041351,Approved,,
Fusidic Acid,DB02703,Infection of bone,C2242472,Approved,,
Fusidic Acid,DB02703,Brucellosis,C0006309,Approved,,
Fusidic Acid,DB02703,Staphylococcal Pneumonia,C0032308,Approved,,
Fusidic Acid,DB02703,Acute gonococcal urethritis,C0275652,Approved,,
Fusidic Acid,DB02703,non-gonococcal urethritis (NGU),C1112709,Approved,,
Fusidic Acid,DB02703,Intraabdominal Infections,C1112209,Approved,,
Fusidic Acid,DB02703,Sinusitis,C0037199,Approved,,
Fusidic Acid,DB02703,Gonorrhea,C0018081,Approved,,
Fusidic Acid,DB02703,Actinomycosis,C0001261,Approved,,
Fusidic Acid,DB02703,Sepsis due to Pseudomonas,C2887096,Approved,,
Fusidic Acid,DB02703,Pneumonia due to Pseudomonas,C0155860,Approved,,
Fusidic Acid,DB02703,Granuloma Inguinale,C0018190,Approved,,
Fusidic Acid,DB02703,Rickettsia Infections,C0035585,Approved,,
Fusidic Acid,DB02703,Yaws,C0043388,Approved,,
Fusidic Acid,DB02703,Boutonneuse Fever,C0006060,Approved,,
Fusidic Acid,DB02703,Corneal Perforation,C0339293,Approved,,
Fusidic Acid,DB02703,Serratia sepsis,C0152973,Approved,,
Fusidic Acid,DB02703,Citrobacter sepsis,C1096254,Approved,,
Fusidic Acid,DB02703,Q Fever,C0034362,Approved,,
Fusidic Acid,DB02703,Bacterial sepsis,C0684256,Approved,,
Fusidic Acid,DB02703,Q fever endocarditis,C0340354,Approved,,
Fusidic Acid,DB02703,Pneumococcal Infections,C0032269,Approved,,
Fusidic Acid,DB02703,"Meningitis, Bacterial",C0085437,Approved,,
Fusidic Acid,DB02703,Sepsis of the newborn,C0456103,Approved,,
Fusidic Acid,DB02703,Mycoplasma pneumonia,C0032302,Approved,,
Fusidic Acid,DB02703,Inhalational anthrax,C0155866,Approved,,
Fusidic Acid,DB02703,Dacryocystitis,C0010930,Approved,,
Fusidic Acid,DB02703,Rhinoscleroma,C0035468,Approved,,
Fusidic Acid,DB02703,Bacterial infection due to Klebsiella pneumoniae,C0343402,Approved,,
Fusidic Acid,DB02703,Urinary tract infection,C0042029,Approved,,
Fusidic Acid,DB02703,Sepsis due to Gram negative bacteria,C3163829,Approved,,
Fusidic Acid,DB02703,Gonorrhea of pharynx,C0149966,Approved,,
Fusidic Acid,DB02703,Listeriosis,C0023860,Approved,,
Fusidic Acid,DB02703,Cholangitis,C0008311,Approved,,
Fusidic Acid,DB02703,Allergic Conjunctivitis,C0009766,Approved,,
Fusidic Acid,DB02703,Anterior uveitis,C0042165,Approved,,
Fusidic Acid,DB02703,Relapsing Fever,C0035021,Approved,,
Fusidic Acid,DB02703,Bacterial conjunctivitis,C0009768,Approved,,
Fusidic Acid,DB02703,Acne Vulgaris,C0001144,Approved,,
Fusidic Acid,DB02703,Cutaneous anthrax,C0003177,Approved,,
Fusidic Acid,DB02703,Infective otitis media,C0729586,Approved,,
Fusidic Acid,DB02703,Meibomianitis,C0549398,Approved,,
Fusidic Acid,DB02703,Trachoma,C0040592,Approved,,
Fusidic Acid,DB02703,Rocky Mountain Spotted Fever,C0035793,Approved,,
Fusidic Acid,DB02703,Gonorrhea of rectum,C0275665,Approved,,
Fusidic Acid,DB02703,Paronychia Inflammation,C0030578,Approved,,
Fusidic Acid,DB02703,Folliculitis,C0016436,Approved,,
Fusidic Acid,DB02703,Chancroids,C0007947,Approved,,
Fusidic Acid,DB02703,Escherichia coli Infections,C0014836,Approved,,
Fusidic Acid,DB02703,Brill-Zinsser Disease,C0006181,Approved,,
Fusidic Acid,DB02703,Infection due to Pseudomonas aeruginosa,C0276075,Approved,,
Fusidic Acid,DB02703,Neonatal meningitis,C0456107,Approved,,
Fusidic Acid,DB02703,Cholera,C0008354,Approved,,
Fusidic Acid,DB02703,Bacterial peritonitis,C0341503,Approved,,
Fusidic Acid,DB02703,Neonatal pneumonia,C0339968,Approved,,
Fusidic Acid,DB02703,"Typhus, Epidemic Louse-Borne",C0041473,Approved,,
Fusidic Acid,DB02703,Pseudomonas aeruginosa meningitis,C3665869,Approved,,
Fusidic Acid,DB02703,Enterobacteriaceae Infections,C0014347,Approved,,
Fusidic Acid,DB02703,Bronchitis,C0006277,Approved,,
Fusidic Acid,DB02703,Acute gonococcal cervicitis,C0153195,Approved,,
Fusidic Acid,DB02703,Acute gonococcal epididymo-orchitis,C0153193,Approved,,
Fusidic Acid,DB02703,Klebsiella sepsis,C0745528,Approved,,
Fusidic Acid,DB02703,Syphilis,C0039128,Approved,,
Fusidic Acid,DB02703,Psittacosis,C0029291,Approved,,
Fusidic Acid,DB02703,TYPHUS,C0041471,Approved,,
Fusidic Acid,DB02703,Blepharoconjunctivitis,C0005743,Approved,,
Fusidic Acid,DB02703,Enterobacter pneumonia,C1096258,Approved,,
Fusidic Acid,DB02703,Lymphogranuloma Venereum,C0024286,Approved,,
Fusidic Acid,DB02703,Chlamydia Infections,C0008149,Approved,,
Fusidic Acid,DB02703,Gastrointestinal anthrax,C0152945,Approved,,
Fusidic Acid,DB02703,Proteus pneumonia,C1260917,Approved,,
Fusidic Acid,DB02703,Arthropathy associated with infection,C0157749,Approved,,
Fusidic Acid,DB02703,Chlamydia trachomatis infection of genital structure,C1997322,Approved,,
Fusidic Acid,DB02703,Rickettsialpox,C0035597,Approved,,
Fusidic Acid,DB02703,Infection of skin AND/OR subcutaneous tissue,C0178299,Approved,,
Fusidic Acid,DB02703,"Pneumonia, Bacterial",C0004626,Approved,,
Fusidic Acid,DB02703,Infective blepharitis,C0729587,Approved,,
Fusidic Acid,DB02703,Nosocomial pneumonia,C0949083,Approved,,
Fusidic Acid,DB02703,Proteus septicemia,C0577690,Approved,,
Fusidic Acid,DB02703,Punctate keratitis,C0259799,Approved,,
Fusidic Acid,DB02703,Streptococcal Infections,C0038395,Approved,,
Fusidic Acid,DB02703,Bartonella Infections,C0004771,Approved,,
Fusidic Acid,DB02703,Pneumonia,C0032285,Approved,,
Fusidic Acid,DB02703,Scrub Typhus,C0036472,Approved,,
Fusidic Acid,DB02703,Staphylococcus aureus infection,C1318973,Approved,,
Fusidic Acid,DB02703,Serratia Infections,C0085394,Approved,,
Fusidic Acid,DB02703,Corneal abrasion,C0010032,Approved,,
Fusidic Acid,DB02703,GONOCOCCAL INFECTION DISSEMINATED,C0744451,Approved,,
Acetic acid,DB03166,Otitis Externa,C0029878,Approved,,
Oteracil,DB03209,Malignant neoplasm of stomach,C0024623,Approved,,
Phenol,DB03255,Skin irritation,C0152030,Approved,,
Phenol,DB03255,Mouth irritation,C0235339,Approved,,
Phenol,DB03255,Pruritus,C0033774,Approved,,
Hemin,DB03404,Acute intermittent porphyria,C0162565,Approved,,
Deoxycholic Acid,DB03619,Excess subcutaneous fat,C0424620,Approved,,
Benzoic Acid,DB03793,Dermatomyositis,C0011633,Approved,,
Benzoic Acid,DB03793,Scleroderma,C0011644,Approved,,
Benzoic Acid,DB03793,Morphea,C1527383,Approved,,
Benzoic Acid,DB03793,Peyronie Disease,C0030848,Approved,,
Benzoic Acid,DB03793,Pemphigus,C0030807,Approved,,
Benzoic Acid,DB03793,Hyperammonemia,C0220994,Approved,,
Formaldehyde,DB03843,Influenza,C0021400,Approved,,
Urea,DB03904,Impacted cerumen,C0021092,Approved,,
Urea,DB03904,Exanthema,C0015230,Approved,,
Urea,DB03904,Contact Dermatitis,C0011616,Approved,,
Urea,DB03904,Scurfiness of scalp,C0423775,Approved,,
Urea,DB03904,Seborrheic dermatitis,C0036508,Approved,,
Urea,DB03904,Tinea Versicolor,C0040262,Approved,,
Lactic Acid,DB04398,Pruritus,C0033774,Approved,,
Lactose,DB04465,Lactose Intolerance,C0022951,Approved,,
Trioxsalen,DB04571,Photosensitivity of skin,C0349506,Approved,,
Trioxsalen,DB04571,Vitiligo,C0042900,Approved,,
Thiotepa,DB04572,Hodgkin Disease,C0019829,Approved,,
Thiotepa,DB04572,"Pleural Effusion, Malignant",C0080032,Approved,,
Thiotepa,DB04572,Malignant neoplasm of ovary,C1140680,Approved,,
Thiotepa,DB04572,"Lymphoma, Non-Hodgkin",C0024305,Approved,,
Thiotepa,DB04572,Malignant epithelial neoplasm of female breast,C3163805,Approved,,
Thiotepa,DB04572,Malignant ascites,C0220656,Approved,,
Thiotepa,DB04572,Malignant pericardial effusion,C0220655,Approved,,
Thiotepa,DB04572,Malignant neoplasm of urinary bladder,C0005684,Approved,,
Estrone sulfate,DB04574,Atrophic Vaginitis,C0221392,Approved,,
Quinestrol,DB04575,Female hypogonadism syndrome,C0271578,Approved,,
Quinestrol,DB04575,Hot flushes,C0600142,Approved,,
Quinestrol,DB04575,Atrophic Vaginitis,C0221392,Approved,,
Suramin,DB04786,African Trypanosomiasis,C0041228,Approved,,
Clofedanol,DB04837,Coughing,C0010200,Approved,,
Clofedanol,DB04837,Common Cold,C0009443,Approved,,
Clofedanol,DB04837,Allergic rhinitis (disorder),C2607914,Approved,,
Clofedanol,DB04837,"Rhinitis, Vasomotor",C0035460,Approved,,
Clofedanol,DB04837,Rhinorrhea,C1260880,Approved,,
Clofedanol,DB04837,Nasal congestion (finding),C0027424,Approved,,
Clofedanol,DB04837,Rhinitis,C0035455,Approved,,
Fluspirilene,DB04842,Schizophrenia,C0036341,Approved,,
Mepenzolate,DB04843,Gastric ulcer,C0038358,Approved,,
Mepenzolate,DB04843,Peptic Ulcer,C0030920,Approved,,
Ixabepilone,DB04845,Breast Carcinoma,C0678222,Approved,,
Ixabepilone,DB04845,Carcinoma breast stage IV,C0278488,Approved,,
Celiprolol,DB04846,Hypertensive disease,C0020538,Approved,,
Febuxostat,DB04854,Hyperuricemia,C0740394,Approved,,
Dronedarone,DB04855,Paroxysmal atrial fibrillation,C0235480,Approved,,
Nebivolol,DB04861,Hypertensive disease,C0020538,Approved,,
Homoharringtonine,DB04865,"Myeloid Leukemia, Chronic",C0023473,Approved,,
Nilotinib,DB04868,"Leukemia, Myeloid, Accelerated Phase",C0023472,Approved,,
Nilotinib,DB04868,Philadelphia chromosome positive chronic myelogenous leukemia,C0279543,Approved,,
Nilotinib,DB04868,"Leukemia, Myeloid, Chronic-Phase",C0023474,Approved,,
Lorcaserin,DB04871,Obesity,C0028754,Approved,,
Vildagliptin,DB04876,"Diabetes Mellitus, Non-Insulin-Dependent",C0011860,Approved,,
Voglibose,DB04878,Gaucher Disease,C0017205,Approved,,
Voglibose,DB04878,"Diabetes Mellitus, Non-Insulin-Dependent",C0011860,Approved,,
Bepotastine,DB04890,Allergic Conjunctivitis,C0009766,Approved,,
Pegaptanib,DB04895,Exudative age-related macular degeneration,C0271084,Approved,,
Milnacipran,DB04896,Fibromyalgia,C0016053,Approved,,
Lucinactant,DB04897,"Respiratory Distress Syndrome, Newborn",C0035220,Approved,,
Nesiritide,DB04899,Decompensated chronic heart failure,C1827266,Approved,,
Nesiritide,DB04899,Decompensated cardiac failure,C0581377,Approved,,
Flibanserin,DB04908,Hypoactive Sexual Desire Disorder,C0020594,Approved,,
Oritavancin,DB04911,"Skin Diseases, Bacterial",C0162627,Approved,,
Oritavancin,DB04911,Staphylococcal Skin Infections,C0038166,Approved,,
Oritavancin,DB04911,Streptococcal infection of skin,C1274355,Approved,,
Clevidipine,DB04920,Hypertensive disease,C0020538,Approved,,
Permethrin,DB04930,Scabies <infestation>,C0036262,Approved,,
Permethrin,DB04930,Pediculus capitis infestation,C0030757,Approved,,
Permethrin,DB04930,Infestation by Phthirus pubis,C0030759,Approved,,
Permethrin,DB04930,Body louse infestation,C0030758,Approved,,
Afamelanotide,DB04931,Erythropoietic Protoporphyria,C0162568,Approved,,
Defibrotide,DB04932,Hepatic Veno-Occlusive Disease,C0019156,Approved,,
Ospemifene,DB04938,Dyspareunia,C1384606,Approved,,
Crofelemer,DB04941,Non-infective diarrhea,C0267436,Approved,,
Tamibarotene,DB04942,Acute Promyelocytic Leukemia,C0023487,Approved,,
Iloperidone,DB04946,Schizophrenia,C0036341,Approved,,
Lofexidine,DB04948,Opioid withdrawal,C0029104,Approved,,
Ingenol Mebutate,DB05013,Actinic keratosis,C0022602,Approved,,
Belinostat,DB05015,Peripheral T-Cell Lymphoma,C0079774,Approved,,
Ataluren,DB05016,"Muscular Dystrophy, Duchenne",C0013264,Approved,,
Trabectedin,DB05109,Malignant neoplasm of ovary,C1140680,Approved,,
Trabectedin,DB05109,liposarcoma,C0023827,Approved,,
Trabectedin,DB05109,leiomyosarcoma,C0023269,Approved,,
Cobimetinib,DB05239,"Malignant melanoma, metastatic",C0860594,Approved,,
Silver sulfadiazine,DB05245,Skin Ulcer,C0037299,Approved,,
Methsuximide,DB05246,Absence Epilepsy,C0014553,Approved,,
Methsuximide,DB05246,Epilepsy,C0014544,Approved,,
Glatiramer Acetate,DB05259,Multiple Sclerosis,C0026769,Approved,,
Ecabet,DB05265,Peptic Ulcer,C0030920,Approved,,
Ibudilast,DB05266,Asthma,C0004096,Approved,,
Rotigotine,DB05271,Restless Legs Syndrome,C0035258,Approved,,
Rotigotine,DB05271,Parkinson Disease,C0030567,Approved,,
Vandetanib,DB05294,Malignant epithelial neoplasm of thyroid,C3163939,Approved,,
Ecallantide,DB05311,"Angioedemas, Hereditary",C0019243,Approved,,
Romiplostim,DB05332,Chronic idiopathic thrombocytopenic purpura,C0272293,Approved,,
Obiltoxaximab,DB05336,Inhalational anthrax,C0155866,Approved,,
Telaprevir,DB05521,"Hepatitis C, Chronic",C0524910,Approved,,
Mipomersen,DB05528,Familial hypercholesterolemia - homozygous,C0342881,Approved,,
Ramucirumab,DB05578,Gastric Adenocarcinoma,C0278701,Approved,,
Ramucirumab,DB05578,Non-Small Cell Lung Carcinoma,C0007131,Approved,,
Sodium stibogluconate,DB05630,Leishmaniasis,C0023281,Approved,,
Apremilast,DB05676,"Arthritis, Psoriatic",C0003872,Approved,,
Apremilast,DB05676,Chronic small plaque psoriasis,C0406317,Approved,,
Ustekinumab,DB05679,Psoriasis,C0033860,Approved,,
Ustekinumab,DB05679,"Arthritis, Psoriatic",C0003872,Approved,,
Trastuzumab emtansine,DB05773,HER2-positive carcinoma of breast,C1960398,Approved,,
Abiraterone,DB05812,Malignant neoplasm of prostate,C0376358,Approved,,
Parathyroid hormone,DB05829,Hypoparathyroidism,C0020626,Approved,,
Cariprazine,DB06016,Schizophrenia,C0036341,Approved,,
Cariprazine,DB06016,Mixed bipolar I disorder,C0236780,Approved,,
Cariprazine,DB06016,"Bipolar affective disorder, current episode manic",C0338873,Approved,,
Sertindole,DB06144,Schizophrenia,C0036341,Approved,,
Sulfathiazole,DB06147,Vulvovaginitis,C0042998,Approved,,
Mianserin,DB06148,Major Depressive Disorder,C1269683,Approved,,
Acetylcysteine,DB06151,Poisoning by acetaminophen,C0237963,Approved,,
Acetylcysteine,DB06151,Bronchiectasis,C0006267,Approved,,
Acetylcysteine,DB06151,Bronchitis,C0006277,Approved,,
Acetylcysteine,DB06151,Amyloidosis,C0002726,Approved,,
Acetylcysteine,DB06151,Pulmonary Cystic Fibrosis,C0392164,Approved,,
Rimonabant,DB06155,Obesity,C0028754,Approved,,
Canakinumab,DB06168,Cryopyrin-Associated Periodic Syndromes,C2316212,Approved,,
Canakinumab,DB06168,Systemic onset juvenile chronic arthritis,C1384600,Approved,,
Canakinumab,DB06168,"Arthritis, Gouty",C0003868,Approved,,
Canakinumab,DB06168,Deficiency of mevalonate kinase,C0342731,Approved,,
Canakinumab,DB06168,Familial Mediterranean Fever,C0031069,Approved,,
Canakinumab,DB06168,TNF receptor-associated periodic fever syndrome (TRAPS),C1275126,Approved,,
Romidepsin,DB06176,Peripheral T-Cell Lymphoma,C0079774,Approved,,
Romidepsin,DB06176,"Lymphoma, T-Cell, Cutaneous",C0079773,Approved,,
Ipilimumab,DB06186,"Malignant melanoma, metastatic",C0860594,Approved,,
Icatibant,DB06196,"Angioedemas, Hereditary",C0019243,Approved,,
Rufinamide,DB06201,Lennox-Gastaut syndrome,C0238111,Approved,,
Alogliptin,DB06203,"Diabetes Mellitus, Non-Insulin-Dependent",C0011860,Approved,,
Tapentadol,DB06204,Pain,C0030193,Approved,,
Silodosin,DB06207,Prostatic Hypertrophy,C1739363,Approved,,
Prasugrel,DB06209,Acute Coronary Syndrome,C0948089,Approved,,
Eltrombopag,DB06210,Chronic idiopathic thrombocytopenic purpura,C0272293,Approved,,
Doripenem,DB06211,Pyelonephritis,C0034186,Approved,,
Doripenem,DB06211,Intraabdominal Infections,C1112209,Approved,,
Doripenem,DB06211,Complicated appendicitis,C1632842,Approved,,
Doripenem,DB06211,Cholecystitis,C0008325,Approved,,
Doripenem,DB06211,Abdominal Abscess,C0243001,Approved,,
Tolvaptan,DB06212,Inappropriate ADH Syndrome,C0021141,Approved,,
Tolvaptan,DB06212,Hyponatremia,C0020625,Approved,,
Tolvaptan,DB06212,"Polycystic Kidney, Autosomal Dominant",C0085413,Approved,,
Asenapine,DB06216,Schizophrenia,C0036341,Approved,,
Asenapine,DB06216,Mixed bipolar I disorder,C0236780,Approved,,
Asenapine,DB06216,"Bipolar affective disorder, current episode manic",C0338873,Approved,,
Dalbavancin,DB06219,Infection of skin AND/OR subcutaneous tissue,C0178299,Approved,,
Dalbavancin,DB06219,Staphylococcal Skin Infections,C0038166,Approved,,
Dalbavancin,DB06219,"Skin Diseases, Bacterial",C0162627,Approved,,
Avanafil,DB06237,Erectile dysfunction,C0242350,Approved,,
Eflornithine,DB06243,African Trypanosomiasis,C0041228,Approved,,
Incadronic acid,DB06255,Osteoporosis,C0029456,Approved,,
Droxidopa,DB06262,Parkinson Disease,C0030567,Approved,,
Udenafil,DB06267,Erectile dysfunction,C0242350,Approved,,
Sitaxentan,DB06268,Pulmonary arterial hypertension,C2973725,Approved,,
Tocilizumab,DB06273,Rheumatoid Arthritis,C0003873,Approved,,
Tocilizumab,DB06273,Angiolymphoid hyperplasia,C0017531,Approved,,
Alvimopan,DB06274,Postoperative ileus,C0400877,Approved,,
Levocetirizine,DB06282,Hay fever,C0018621,Approved,,
Levocetirizine,DB06282,Allergic rhinitis (disorder),C2607914,Approved,,
Levocetirizine,DB06282,Chronic idiopathic urticaria,C0578870,Approved,,
Ziconotide,DB06283,Chronic pain,C0150055,Approved,,
Ziconotide,DB06283,Severe pain,C0278140,Approved,,
Ziconotide,DB06283,Pain in spine,C0423673,Approved,,
Teriparatide,DB06285,"Osteoporosis, Postmenopausal",C0029458,Approved,,
Temsirolimus,DB06287,Renal Cell Carcinoma,C0007134,Approved,,
Temsirolimus,DB06287,"Malignant lymphoma, lymphocytic, intermediate differentiation, diffuse",C0334634,Approved,,
Amisulpride,DB06288,Chronic schizophrenia,C0221765,Approved,,
Simeprevir,DB06290,"Hepatitis C, Chronic",C0524910,Approved,,
Dapagliflozin,DB06292,"Diabetes Mellitus, Non-Insulin-Dependent",C0011860,Approved,,
Elotuzumab,DB06317,Multiple Myeloma,C0026764,Approved,,
Saxagliptin,DB06335,"Diabetes Mellitus, Non-Insulin-Dependent",C0011860,Approved,,
Pertuzumab,DB06366,HER2-positive carcinoma of breast,C1960398,Approved,,
Rilonacept,DB06372,Cryopyrin-Associated Periodic Syndromes,C2316212,Approved,,
Bazedoxifene,DB06401,"Osteoporosis, Postmenopausal",C0029458,Approved,,
Bazedoxifene,DB06401,Hot flushes,C0600142,Approved,,
Telavancin,DB06402,Pneumonia due to Staphylococcus aureus,C2349530,Approved,,
Telavancin,DB06402,"Pneumonia, Bacterial",C0004626,Approved,,
Ambrisentan,DB06403,Pulmonary arterial hypertension,C2973725,Approved,,
Oxymetholone,DB06412,Aplastic Anemia,C0002874,Approved,,
Oxymetholone,DB06412,Hypoplastic anemia,C0178416,Approved,,
Oxymetholone,DB06412,"Anemia, Diamond-Blackfan",C1260899,Approved,,
Armodafinil,DB06413,Narcolepsy,C0027404,Approved,,
Etravirine,DB06414,HIV Infections,C0019693,Approved,,
Calfactant,DB06415,"Respiratory Distress Syndrome, Newborn",C0035220,Approved,,
Tyloxapol,DB06439,"Respiratory Distress Syndrome, Newborn",C0035220,Approved,,
Prucalopride,DB06480,Constipation,C0009806,Approved,,
Pazopanib,DB06589,Renal Cell Carcinoma,C0007134,Approved,,
Pazopanib,DB06589,Sarcoma,C1261473,Approved,,
Ceftaroline fosamil,DB06590,Streptococcus pyogenes infection,C0554628,Approved,,
Ceftaroline fosamil,DB06590,Bacterial infection due to Klebsiella pneumoniae,C0343402,Approved,,
Ceftaroline fosamil,DB06590,Escherichia coli Infections,C0014836,Approved,,
Ceftaroline fosamil,DB06590,Pneumonia due to Staphylococcus aureus,C2349530,Approved,,
Ceftaroline fosamil,DB06590,Rhinoscleroma,C0035468,Approved,,
Ceftaroline fosamil,DB06590,Haemophilus influenzae pneumonia,C0276026,Approved,,
Ceftaroline fosamil,DB06590,Staphylococcus aureus infection,C1318973,Approved,,
Ceftaroline fosamil,DB06590,Streptococcal pneumonia,C0155862,Approved,,
Ceftaroline fosamil,DB06590,Pneumonia due to Escherichia coli,C0276089,Approved,,
Agomelatine,DB06594,Major Depressive Disorder,C1269683,Approved,,
Panobinostat,DB06603,"Lymphoma, T-Cell, Cutaneous",C0079773,Approved,,
Panobinostat,DB06603,Multiple Myeloma,C0026764,Approved,,
Apixaban,DB06605,Arterial embolus and thrombosis,C0155749,Approved,,
Mepolizumab,DB06612,Eosinophilic Pneumonia,C1527407,Approved,,
Peramivir,DB06614,Influenza,C0021400,Approved,,
Bosutinib,DB06616,"Leukemia, Myeloid, Accelerated Phase",C0023472,Approved,,
Bosutinib,DB06616,Blast Phase,C0005699,Approved,,
Axitinib,DB06626,Renal Cell Carcinoma,C0007134,Approved,,
Isavuconazonium,DB06636,Mucormycosis,C0026718,Approved,,
Isavuconazonium,DB06636,Aspergillosis,C0004030,Approved,,
Dalfampridine,DB06637,Multiple Sclerosis,C0026769,Approved,,
Denosumab,DB06643,"Osteoporosis, Postmenopausal",C0029458,Approved,,
Denosumab,DB06643,Osteoporosis,C0029456,Approved,,
Denosumab,DB06643,Drug-induced osteoporosis,C0264115,Approved,,
Ofatumumab,DB06650,Chronic Lymphocytic Leukemia,C0023434,Approved,,
Liraglutide,DB06655,"Diabetes Mellitus, Non-Insulin-Dependent",C0011860,Approved,,
Pasireotide,DB06663,Adrenal Gland Hyperfunction,C0001622,Approved,,
golimumab,DB06674,Rheumatoid Arthritis,C0003873,Approved,,
golimumab,DB06674,"Arthritis, Psoriatic",C0003872,Approved,,
golimumab,DB06674,Ankylosing spondylitis,C0038013,Approved,,
golimumab,DB06674,Ulcerative Colitis,C0009324,Approved,,
Belatacept,DB06681,Renal transplant rejection,C0238217,Approved,,
Vilazodone,DB06684,Major Depressive Disorder,C1269683,Approved,,
Mepyramine,DB06691,Sneezing,C0037383,Approved,,
Mepyramine,DB06691,Pruritus,C0033774,Approved,,
Mepyramine,DB06691,Common Cold,C0009443,Approved,,
Mepyramine,DB06691,Influenza-like symptoms,C0392171,Approved,,
Mepyramine,DB06691,Rhinorrhea,C1260880,Approved,,
Mepyramine,DB06691,Allergic Conjunctivitis,C0009766,Approved,,
Mepyramine,DB06691,Hay fever,C0018621,Approved,,
Mepyramine,DB06691,Allergic rhinitis (disorder),C2607914,Approved,,
Mepyramine,DB06691,"Rhinitis, Vasomotor",C0035460,Approved,,
Mepyramine,DB06691,Urticaria,C0042109,Approved,,
Mepyramine,DB06691,Symptomatic dermographism,C0343065,Approved,,
Mepyramine,DB06691,Nasal congestion (finding),C0027424,Approved,,
Mepyramine,DB06691,Sinus headache,C0037195,Approved,,
Mepyramine,DB06691,Dysmenorrhea,C0013390,Approved,,
Aprotinin,DB06692,Hemorrhage,C0019080,Approved,,
Xylometazoline,DB06694,Rhinorrhea,C1260880,Approved,,
Xylometazoline,DB06694,Nasal congestion (finding),C0027424,Approved,,
Betahistine,DB06698,Meniere Disease,C0025281,Approved,,
Desvenlafaxine,DB06700,Major Depressive Disorder,C1269683,Approved,,
Dexmethylphenidate,DB06701,Attention deficit hyperactivity disorder,C1263846,Approved,,
Fesoterodine,DB06702,Increased frequency of micturition,C0042023,Approved,,
Fesoterodine,DB06702,Bladder muscle dysfunction - overactive,C0403643,Approved,,
Fesoterodine,DB06702,Urge Incontinence,C0150045,Approved,,
Fesoterodine,DB06702,Urgency of micturition,C0085606,Approved,,
Lumefantrine,DB06708,"Malaria, Falciparum",C0024535,Approved,,
Methyltestosterone,DB06710,Testicular hypogonadism,C0151721,Approved,,
Methyltestosterone,DB06710,Deficiency of testosterone biosynthesis,C0342527,Approved,,
Methyltestosterone,DB06710,Hormone receptor positive malignant neoplasm of breast,C1562029,Approved,,
Methyltestosterone,DB06710,Hot flushes,C0600142,Approved,,
Methyltestosterone,DB06710,Delayed Puberty,C0034012,Approved,,
Naphazoline,DB06711,Itching of eye,C0022281,Approved,,
Naphazoline,DB06711,Redness of eye,C0235267,Approved,,
Potassium Iodide,DB06715,Coughing,C0010200,Approved,,
Potassium Iodide,DB06715,Common Cold,C0009443,Approved,,
Potassium Iodide,DB06715,Nasal congestion (finding),C0027424,Approved,,
Potassium Iodide,DB06715,Rhinorrhea,C1260880,Approved,,
Potassium Iodide,DB06715,Allergic rhinitis (disorder),C2607914,Approved,,
Fosaprepitant,DB06717,Chemotherapy-induced nausea and vomiting,C0401160,Approved,,
Stanozolol,DB06718,"Angioedemas, Hereditary",C0019243,Approved,,
Velaglucerase alfa,DB06720,Gaucher Disease,C0017205,Approved,,
Velaglucerase alfa,DB06720,"Gaucher Disease, Type 1",C1961835,Approved,,
Aluminum hydroxide,DB06723,Gastric ulcer,C0038358,Approved,,
Aluminum hydroxide,DB06723,Heartburn,C0018834,Approved,,
Aluminum hydroxide,DB06723,Peptic Ulcer,C0030920,Approved,,
Aluminum hydroxide,DB06723,Dyspepsia,C0013395,Approved,,
Aluminum hydroxide,DB06723,Duodenal Ulcer,C0013295,Approved,,
Aluminum hydroxide,DB06723,Gastroesophageal reflux disease,C0017168,Approved,,
Calcium carbonate,DB06724,Hypocalcemia,C0020598,Approved,,
Calcium carbonate,DB06724,Dyspepsia,C0013395,Approved,,
Lornoxicam,DB06725,Pain,C0030193,Approved,,
Ambroxol,DB06742,Sore Throat,C0242429,Approved,,
Glycine betaine,DB06756,Homocystinuria,C0019880,Approved,,
Glycine betaine,DB06756,Klebsiella cystitis,C0520775,Approved,,
Glycine betaine,DB06756,Escherichia coli urinary tract infection,C0577708,Approved,,
Glycine betaine,DB06756,Infective cystitis,C0600041,Approved,,
Glycine betaine,DB06756,Cystitis,C0010692,Approved,,
Glycine betaine,DB06756,PYELONEPHRITIS E COLI,C0748196,Approved,,
Sacrosidase,DB06760,"Sucrase-isomaltase deficiency, congenital",C1283620,Approved,,
Beractant,DB06761,"Respiratory Distress Syndrome, Newborn",C0035220,Approved,,
Tetryzoline,DB06764,Rhinorrhea,C1260880,Approved,,
Tetryzoline,DB06764,Redness of eye,C0235267,Approved,,
Tetryzoline,DB06764,Nasal congestion (finding),C0027424,Approved,,
Alcaftadine,DB06766,Allergic Conjunctivitis,C0009766,Approved,,
Ammonium chloride,DB06767,Coughing,C0010200,Approved,,
Ammonium chloride,DB06767,Nasal congestion (finding),C0027424,Approved,,
Ammonium chloride,DB06767,Common Cold,C0009443,Approved,,
Ammonium chloride,DB06767,Rhinorrhea,C1260880,Approved,,
Ammonium lactate,DB06768,Seborrheic dermatitis,C0036508,Approved,,
Ammonium lactate,DB06768,Exanthema,C0015230,Approved,,
Ammonium lactate,DB06768,Dry skin,C0151908,Approved,,
Ammonium lactate,DB06768,Pruritus Ani,C0033775,Approved,,
Ammonium lactate,DB06768,Contact Dermatitis,C0011616,Approved,,
Ammonium lactate,DB06768,Pruritus,C0033774,Approved,,
Ammonium lactate,DB06768,Pruritus of genital organs,C0033777,Approved,,
Ammonium lactate,DB06768,"Dermatitis, Atopic",C0011615,Approved,,
Ammonium lactate,DB06768,Granuloma Annulare,C0085074,Approved,,
Bendamustine,DB06769,"Lymphoma, Follicular",C0024301,Approved,,
Bendamustine,DB06769,Chronic Lymphocytic Leukemia,C0023434,Approved,,
Benzyl alcohol,DB06770,Skin irritation,C0152030,Approved,,
Benzyl alcohol,DB06770,Pruritus,C0033774,Approved,,
Besifloxacin,DB06771,Bacterial conjunctivitis,C0009768,Approved,,
Cabazitaxel,DB06772,Metastatic Prostate Carcinoma,C0936223,Approved,,
Capsaicin,DB06774,Postherpetic neuralgia,C0032768,Approved,,
Capsaicin,DB06774,Arthritic pains,C0857177,Approved,,
Capsaicin,DB06774,Sprains and Strains,C0038048,Approved,,
Capsaicin,DB06774,Neuralgia,C0027796,Approved,,
Capsaicin,DB06774,Back Pain,C0004604,Approved,,
Chenodeoxycholic acid,DB06777,Cholelithiasis,C0008350,Approved,,
Dimercaprol,DB06782,Arsenic Poisoning,C0311375,Approved,,
Dimercaprol,DB06782,Accidental poisoning by lead and its compounds and fumes,C0261486,Approved,,
Prussian blue,DB06783,Thallium poisoning,C0238452,Approved,,
Halcinonide,DB06786,"Lymphoma, T-Cell, Cutaneous",C0079773,Approved,,
Halcinonide,DB06786,"Lupus Erythematosus, Discoid",C0024138,Approved,,
Halcinonide,DB06786,Lichen Simplex Chronicus,C0149922,Approved,,
Halcinonide,DB06786,Seborrheic dermatitis,C0036508,Approved,,
Halcinonide,DB06786,Exanthema,C0015230,Approved,,
Halcinonide,DB06786,Contact Dermatitis,C0011616,Approved,,
Halcinonide,DB06786,Pruritus Ani,C0033775,Approved,,
Halcinonide,DB06786,Pruritus of genital organs,C0033777,Approved,,
Halcinonide,DB06786,"Dermatitis, Atopic",C0011615,Approved,,
Halcinonide,DB06786,Granuloma Annulare,C0085074,Approved,,
Halcinonide,DB06786,Chronic small plaque psoriasis,C0406317,Approved,,
Halcinonide,DB06786,Scalp psoriasis,C0406326,Approved,,
Histrelin,DB06788,Precocious Puberty,C0034013,Approved,,
Lanreotide,DB06791,Acromegaly,C0001206,Approved,,
Lanreotide,DB06791,Hypersomatotropic gigantism,C0001207,Approved,,
Lodoxamide,DB06794,"Conjunctivitis, Vernal",C0009773,Approved,,
Lodoxamide,DB06794,"Keratoconjunctivitis, Vernal",C0022577,Approved,,
Hexamethylenetetramine,DB06799,Urinary tract infection,C0042029,Approved,,
Methylnaltrexone,DB06800,Drug-induced constipation,C0267511,Approved,,
Niclosamide,DB06803,Teniasis,C0039254,Approved,,
Niclosamide,DB06803,Diphyllobothriasis,C0012561,Approved,,
Plerixafor,DB06809,Multiple Myeloma,C0026764,Approved,,
Polidocanol,DB06811,Varicosity,C0042345,Approved,,
Pralatrexate,DB06813,Peripheral T-Cell Lymphoma,C0079774,Approved,,
Raltegravir,DB06817,HIV Infections,C0019693,Approved,,
Sodium phenylbutyrate,DB06819,Carbamoyl-Phosphate Synthase I Deficiency Disease,C0751753,Approved,,
Sodium phenylbutyrate,DB06819,Citrullinemia,C0175683,Approved,,
Sodium phenylbutyrate,DB06819,"Urea Cycle Disorders, Inborn",C0154246,Approved,,
Sulconazole,DB06820,Tinea corporis (disorder),C0040252,Approved,,
Sulconazole,DB06820,Tinea Versicolor,C0040262,Approved,,
Sulconazole,DB06820,Tinea Pedis,C0040259,Approved,,
Sulconazole,DB06820,Tinea cruris,C1384589,Approved,,
Tiopronin,DB06823,Cystinuria,C0010691,Approved,,
Triethylenetetramine,DB06824,Renal Cell Carcinoma,C0007134,Approved,,
Triethylenetetramine,DB06824,Hepatolenticular Degeneration,C0019202,Approved,,
Triethylenetetramine,DB06824,Scalp psoriasis,C0406326,Approved,,
Triethylenetetramine,DB06824,Chronic small plaque psoriasis,C0406317,Approved,,
Unoprostone,DB06826,Ocular Hypertension,C0028840,Approved,,
Unoprostone,DB06826,"Glaucoma, Open-Angle",C0017612,Approved,,
Tranilast,DB07615,Asthma,C0004096,Approved,,
Tranilast,DB07615,Allergic rhinitis (disorder),C2607914,Approved,,
Tranilast,DB07615,Keloid,C0022548,Approved,,
Tranilast,DB07615,"Cicatrix, Hypertrophic",C0162810,Approved,,
Parecoxib,DB08439,Acute postoperative pain,C2215257,Approved,,
Diloxanide,DB08792,Amebiasis,C0002438,Approved,,
Azidocillin,DB08795,Respiratory Tract Infections,C0035243,Approved,,
Salicylamide,DB08797,Back Pain,C0004604,Approved,,
Salicylamide,DB08797,Headache Disorders,C0393735,Approved,,
Salicylamide,DB08797,Arthralgia,C0003862,Approved,,
Salicylamide,DB08797,Fever,C0015967,Approved,,
Salicylamide,DB08797,Pain,C0030193,Approved,,
Antazoline,DB08799,"Rhinitis, Vasomotor",C0035460,Approved,,
Antazoline,DB08799,Symptomatic dermographism,C0343065,Approved,,
Antazoline,DB08799,Nasal congestion (finding),C0027424,Approved,,
Antazoline,DB08799,Pruritus,C0033774,Approved,,
Antazoline,DB08799,Itching of eye,C0022281,Approved,,
Antazoline,DB08799,Sneezing,C0037383,Approved,,
Antazoline,DB08799,Rhinorrhea,C1260880,Approved,,
Antazoline,DB08799,Allergic Conjunctivitis,C0009766,Approved,,
Antazoline,DB08799,Redness of eye,C0235267,Approved,,
Antazoline,DB08799,Urticaria,C0042109,Approved,,
Antazoline,DB08799,Allergic rhinitis (disorder),C2607914,Approved,,
Nandrolone decanoate,DB08804,Anemia in chronic kidney disease,C1561828,Approved,,
Roxatidine acetate,DB08806,Gastric ulcer,C0038358,Approved,,
Roxatidine acetate,DB08806,Gastroesophageal reflux disease,C0017168,Approved,,
Roxatidine acetate,DB08806,Zollinger-Ellison syndrome,C0043515,Approved,,
Bupranolol,DB08808,Glaucoma,C0017601,Approved,,
Bupranolol,DB08808,Hypertensive disease,C0020538,Approved,,
Lurasidone,DB08815,Schizophrenia,C0036341,Approved,,
Lurasidone,DB08815,"Depression, Bipolar",C0005587,Approved,,
Ticagrelor,DB08816,Acute Coronary Syndrome,C0948089,Approved,,
Ticagrelor,DB08816,Peripheral Vascular Diseases,C0085096,Approved,,
Tafluprost,DB08819,Ocular Hypertension,C0028840,Approved,,
Tafluprost,DB08819,"Glaucoma, Open-Angle",C0017612,Approved,,
Ivacaftor,DB08820,Pulmonary Cystic Fibrosis,C0392164,Approved,,
Azilsartan medoxomil,DB08822,Hypertensive disease,C0020538,Approved,,
Spinosad,DB08823,Pediculus capitis infestation,C0030757,Approved,,
Deferiprone,DB08826,beta Thalassemia,C0005283,Approved,,
Deferiprone,DB08826,Iron Overload,C0282193,Approved,,
Lomitapide,DB08827,Familial hypercholesterolemia - homozygous,C0342881,Approved,,
Vismodegib,DB08828,Basal cell carcinoma,C0007117,Approved,,
Pitavastatin,DB08860,"Hyperlipidemia, Familial Combined",C0020474,Approved,,
Pitavastatin,DB08860,Hypercholesterolemia,C0020443,Approved,,
Rilpivirine,DB08864,HIV Infections,C0019693,Approved,,
Ulipristal,DB08867,Uterine Fibroids,C0042133,Approved,,
Fingolimod,DB08868,"Multiple Sclerosis, Relapsing-Remitting",C0751967,Approved,,
Tesamorelin,DB08869,Lipodystrophy due to Human immunodeficiency virus infection and antiretroviral therapy,C3854116,Approved,,
Brentuximab vedotin,DB08870,Hodgkin Disease,C0019829,Approved,,
Brentuximab vedotin,DB08870,Anaplastic large T-cell systemic malignant lymphoma,C1275317,Approved,,
Eribulin,DB08871,Carcinoma breast stage IV,C0278488,Approved,,
Eribulin,DB08871,liposarcoma,C0023827,Approved,,
gabapentin enacarbil,DB08872,Postherpetic neuralgia,C0032768,Approved,,
gabapentin enacarbil,DB08872,Restless Legs Syndrome,C0035258,Approved,,
Boceprevir,DB08873,"Hepatitis C, Chronic",C0524910,Approved,,
Fidaxomicin,DB08874,"Enterocolitis, Pseudomembranous",C0014358,Approved,,
Fidaxomicin,DB08874,Clostridium difficile infection,C0343386,Approved,,
Fidaxomicin,DB08874,Clostridium Infections,C0009062,Approved,,
Cabozantinib,DB08875,Medullary carcinoma of thyroid,C0238462,Approved,,
Cabozantinib,DB08875,Renal Cell Carcinoma,C0007134,Approved,,
Ruxolitinib,DB08877,Myeloproliferative disease,C0027022,Approved,,
Ruxolitinib,DB08877,Myelofibrosis,C0026987,Approved,,
Belimumab,DB08879,"Lupus Erythematosus, Systemic",C0024141,Approved,,
Teriflunomide,DB08880,Rheumatoid Arthritis,C0003873,Approved,,
Teriflunomide,DB08880,"Arthritis, Psoriatic",C0003872,Approved,,
Teriflunomide,DB08880,Multiple Sclerosis,C0026769,Approved,,
Linagliptin,DB08882,"Diabetes Mellitus, Non-Insulin-Dependent",C0011860,Approved,,
Aflibercept,DB08885,Exudative age-related macular degeneration,C0271084,Approved,,
Aflibercept,DB08885,Central retinal vein occlusion with macular edema,C0339498,Approved,,
Aflibercept,DB08885,Branch retinal vein occlusion with macular edema,C0339507,Approved,,
Aflibercept,DB08885,Diabetic macular edema,C0730285,Approved,,
Aflibercept,DB08885,Metastasis from malignant tumor of colon,C1282500,Approved,,
Icosapent ethyl,DB08887,Hypertriglyceridemia,C0020557,Approved,,
Ocriplasmin,DB08888,Vitreomacular traction syndrome,C0730274,Approved,,
Carfilzomib,DB08889,Multiple Myeloma,C0026764,Approved,,
Linaclotide,DB08890,Irritable bowel syndrome characterized by constipation,C1868889,Approved,,
Linaclotide,DB08890,Chronic idiopathic constipation,C0267509,Approved,,
Linaclotide,DB08890,Irritable Bowel Syndrome,C0022104,Approved,,
Mirabegron,DB08893,Bladder muscle dysfunction - overactive,C0403643,Approved,,
Peginesatide,DB08894,Anemia in chronic kidney disease,C1561828,Approved,,
Tofacitinib,DB08895,Rheumatoid Arthritis,C0003873,Approved,,
Regorafenib,DB08896,Metastasis from malignant tumor of colon,C1282500,Approved,,
Regorafenib,DB08896,Gastrointestinal Stromal Tumors,C0238198,Approved,,
Aclidinium,DB08897,Chronic Obstructive Airway Disease,C0024117,Approved,,
Enzalutamide,DB08899,Malignant neoplasm of prostate,C0376358,Approved,,
Teduglutide,DB08900,Short Bowel Syndrome,C0036992,Approved,,
Ponatinib,DB08901,"Myeloid Leukemia, Chronic",C0023473,Approved,,
Ponatinib,DB08901,Philadelphia chromosome-positive acute lymphoblastic leukemia,C1960397,Approved,,
Raxibacumab,DB08902,Inhalational anthrax,C0155866,Approved,,
Bedaquiline,DB08903,"Tuberculosis, Pulmonary",C0041327,Approved,,
Bedaquiline,DB08903,"Tuberculosis, Drug-Resistant",C0206525,Approved,,
Certolizumab pegol,DB08904,Crohn Disease,C0010346,Approved,,
Certolizumab pegol,DB08904,Rheumatoid Arthritis,C0003873,Approved,,
Certolizumab pegol,DB08904,"Arthritis, Psoriatic",C0003872,Approved,,
Certolizumab pegol,DB08904,Ankylosing spondylitis,C0038013,Approved,,
Formestane,DB08905,Malignant epithelial neoplasm of female breast,C3163805,Approved,,
Fluticasone furoate,DB08906,Allergic rhinitis (disorder),C2607914,Approved,,
Fluticasone furoate,DB08906,Asthma,C0004096,Approved,,
Canagliflozin,DB08907,"Diabetes Mellitus, Non-Insulin-Dependent",C0011860,Approved,,
Dimethyl fumarate,DB08908,"Multiple Sclerosis, Relapsing-Remitting",C0751967,Approved,,
Glycerol Phenylbutyrate,DB08909,"Urea Cycle Disorders, Inborn",C0154246,Approved,,
Pomalidomide,DB08910,Multiple Myeloma,C0026764,Approved,,
Trametinib,DB08911,"Malignant melanoma, metastatic",C0860594,Approved,,
Dabrafenib,DB08912,"Malignant melanoma, metastatic",C0860594,Approved,,
Radium Ra 223 Dichloride,DB08913,Malignant neoplasm of prostate,C0376358,Approved,,
Afatinib,DB08916,Epidermal growth factor receptor positive non-small cell lung cancer,C1960925,Approved,,
Ferric Carboxymaltose,DB08917,Iron deficiency anemia,C0162316,Approved,,
Levomilnacipran,DB08918,Major Depressive Disorder,C1269683,Approved,,
Perospirone,DB08922,Schizophrenia,C0036341,Approved,,
Epoetin Zeta,DB08923,Anemia in chronic kidney disease,C1561828,Approved,,
Dolutegravir,DB08930,HIV Infections,C0019693,Approved,,
Riociguat,DB08931,Chronic thromboembolic pulmonary hypertension,C2363973,Approved,,
Riociguat,DB08931,Pulmonary arterial hypertension,C2973725,Approved,,
Macitentan,DB08932,Pulmonary arterial hypertension,C2973725,Approved,,
Luliconazole,DB08933,Tinea Pedis,C0040259,Approved,,
Luliconazole,DB08933,Tinea cruris,C1384589,Approved,,
Luliconazole,DB08933,Tinea corporis (disorder),C0040252,Approved,,
Sofosbuvir,DB08934,"Hepatitis C, Chronic",C0524910,Approved,,
Obinutuzumab,DB08935,Chronic Lymphocytic Leukemia,C0023434,Approved,,
Chlorcyclizine,DB08936,Common Cold,C0009443,Approved,,
Chlorcyclizine,DB08936,Hay fever,C0018621,Approved,,
Chlorcyclizine,DB08936,Rhinorrhea,C1260880,Approved,,
Chlorcyclizine,DB08936,Allergic Conjunctivitis,C0009766,Approved,,
Chlorcyclizine,DB08936,Allergic rhinitis (disorder),C2607914,Approved,,
Chlorcyclizine,DB08936,Sneezing,C0037383,Approved,,
Chlorcyclizine,DB08936,Nasal congestion (finding),C0027424,Approved,,
Chlorcyclizine,DB08936,Coughing,C0010200,Approved,,
Chlorcyclizine,DB08936,"Rhinitis, Vasomotor",C0035460,Approved,,
Isoxsuprine,DB08941,Vascular Diseases,C0042373,Approved,,
Isoxsuprine,DB08941,Cerebrovascular Disorders,C0007820,Approved,,
Isoxsuprine,DB08941,Raynaud Disease,C0034734,Approved,,
Floctafenine,DB08976,Acute onset pain,C0184567,Approved,,
Etofenamate,DB08984,Degenerative polyarthritis,C0029408,Approved,,
Enviomycin,DB08993,"Tuberculosis, Pulmonary",C0041327,Approved,,
Demexiptiline,DB08998,Depressive disorder,C0011581,Approved,,
Captodiame,DB09014,Anxiety Disorders,C0003469,Approved,,
Butriptyline,DB09016,Depressive disorder,C0011581,Approved,,
Bisacodyl,DB09020,Incomplete passage of stool,C0426639,Approved,,
Bisacodyl,DB09020,Constipation,C0009806,Approved,,
Aliskiren,DB09026,Hypertensive disease,C0020538,Approved,,
Ledipasvir,DB09027,"Hepatitis C, Chronic",C0524910,Approved,,
Secukinumab,DB09029,Chronic small plaque psoriasis,C0406317,Approved,,
Vorapaxar,DB09030,Cerebrovascular accident,C0038454,Approved,,
Miltefosine,DB09031,"Leishmaniasis, Visceral",C0023290,Approved,,
Miltefosine,DB09031,"Leishmaniasis, Cutaneous",C0023283,Approved,,
Miltefosine,DB09031,Mucocutaneous leishmaniasis,C1328252,Approved,,
Vedolizumab,DB09033,Ulcerative Colitis,C0009324,Approved,,
Vedolizumab,DB09033,Crohn Disease,C0010346,Approved,,
Suvorexant,DB09034,Sleeplessness,C0917801,Approved,,
Nivolumab,DB09035,"Malignant melanoma, metastatic",C0860594,Approved,,
Nivolumab,DB09035,Squamous cell carcinoma of lung,C0149782,Approved,,
Nivolumab,DB09035,Non-Small Cell Lung Carcinoma,C0007131,Approved,,
Nivolumab,DB09035,Metastatic Renal Cell Cancer,C0278678,Approved,,
Siltuximab,DB09036,Angiolymphoid hyperplasia,C0017531,Approved,,
Pembrolizumab,DB09037,"Malignant melanoma, metastatic",C0860594,Approved,,
Pembrolizumab,DB09037,Non-Small Cell Lung Carcinoma,C0007131,Approved,,
Empagliflozin,DB09038,"Diabetes Mellitus, Non-Insulin-Dependent",C0011860,Approved,,
Eliglustat,DB09039,Gaucher Disease,C0017205,Approved,,
Efinaconazole,DB09040,Onychomycosis of toenails,C1274470,Approved,,
Efinaconazole,DB09040,Onychomycosis due to Trichophyton mentagrophytes,C0276755,Approved,,
Efinaconazole,DB09040,Onychomycosis,C0040261,Approved,,
Tavaborole,DB09041,Onychomycosis of toenails,C1274470,Approved,,
Tavaborole,DB09041,Onychomycosis due to Trichophyton mentagrophytes,C0276755,Approved,,
Tavaborole,DB09041,Onychomycosis due to Trichophyton rubrum,C0276754,Approved,,
Tedizolid Phosphate,DB09042,Staphylococcal Skin Infections,C0038166,Approved,,
Tedizolid Phosphate,DB09042,"Skin Diseases, Bacterial",C0162627,Approved,,
Tedizolid Phosphate,DB09042,Streptococcal infection of skin,C1274355,Approved,,
Albiglutide,DB09043,"Diabetes Mellitus, Non-Insulin-Dependent",C0011860,Approved,,
Dulaglutide,DB09045,"Diabetes Mellitus, Non-Insulin-Dependent",C0011860,Approved,,
Metreleptin,DB09046,Familial generalized lipodystrophy,C0221032,Approved,,
Metreleptin,DB09046,Acquired generalized lipodystrophy,C0271693,Approved,,
Metreleptin,DB09046,Acquired partial lipodystrophy,C0220989,Approved,,
Finafloxacin,DB09047,Acute otitis externa,C0149948,Approved,,
Netupitant,DB09048,Chemotherapy-induced nausea and vomiting,C0401160,Approved,,
Naloxegol,DB09049,Drug-induced constipation,C0267511,Approved,,
Ceftolozane,DB09050,Urinary tract infection,C0042029,Approved,,
Ceftolozane,DB09050,Intraabdominal Infections,C1112209,Approved,,
Elosulfase alfa,DB09051,"Mucopolysaccharidosis, MPS-IV-A",C0086651,Approved,,
Blinatumomab,DB09052,Pre B-cell acute lymphoblastic leukemia,C0349636,Approved,,
Ibrutinib,DB09053,"Malignant lymphoma, lymphocytic, intermediate differentiation, diffuse",C0334634,Approved,,
Ibrutinib,DB09053,Chronic Lymphocytic Leukemia,C0023434,Approved,,
Ibrutinib,DB09053,Waldenstrom Macroglobulinemia,C0024419,Approved,,
Idelalisib,DB09054,Chronic Lymphocytic Leukemia,C0023434,Approved,,
Idelalisib,DB09054,"Lymphoma, Follicular",C0024301,Approved,,
Idelalisib,DB09054,Small Lymphocytic Lymphoma,C0855095,Approved,,
Avibactam,DB09060,Pyelonephritis,C0034186,Approved,,
Avibactam,DB09060,Intraabdominal Infections,C1112209,Approved,,
Cobicistat,DB09065,HIV Infections,C0019693,Approved,,
Vortioxetine,DB09068,Major Depressive Disorder,C1269683,Approved,,
Tasimelteon,DB09071,Non-24 hour sleep-wake cycle,C0393772,Approved,,
Sodium oxybate,DB09072,Narcolepsy-Cataplexy Syndrome,C0751362,Approved,,
Sodium oxybate,DB09072,Narcolepsy,C0027404,Approved,,
Palbociclib,DB09073,Human epidermal growth factor 2 negative carcinoma of breast,C2316304,Approved,,
Olaparib,DB09074,Malignant tumor of peritoneum,C0153467,Approved,,
Olaparib,DB09074,Malignant neoplasm of ovary,C1140680,Approved,,
Olaparib,DB09074,Epithelial tumor of ovary,C0341823,Approved,,
Edoxaban,DB09075,Pulmonary Embolism,C0034065,Approved,,
Edoxaban,DB09075,Embolism,C0013922,Approved,,
Umeclidinium,DB09076,Chronic Obstructive Airway Disease,C0024117,Approved,,
Dinutuximab,DB09077,Neuroblastoma,C0027819,Approved,,
Lenvatinib,DB09078,Follicular thyroid carcinoma,C0206682,Approved,,
Lenvatinib,DB09078,Papillary thyroid carcinoma,C0238463,Approved,,
Nintedanib,DB09079,Hamman-Rich syndrome,C0085786,Approved,,
Nintedanib,DB09079,Non-Small Cell Lung Carcinoma,C0007131,Approved,,
Olodaterol,DB09080,Chronic Obstructive Airway Disease,C0024117,Approved,,
Idebenone,DB09081,"Optic Atrophy, Hereditary, Leber",C0917796,Approved,,
Vilanterol,DB09082,"Bronchitis, Chronic",C0008677,Approved,,
Vilanterol,DB09082,Pulmonary Emphysema,C0034067,Approved,,
Vilanterol,DB09082,Chronic Obstructive Airway Disease,C0024117,Approved,,
Vilanterol,DB09082,Asthma,C0004096,Approved,,
Ivabradine,DB09083,Chronic heart failure,C0264716,Approved,,
Benzydamine,DB09084,Pain,C0030193,Approved,,
Tetracaine,DB09085,Pruritus,C0033774,Approved,,
Tetracaine,DB09085,Skin irritation,C0152030,Approved,,
Potassium alum,DB09087,Heartburn,C0018834,Approved,,
Potassium alum,DB09087,Dyspepsia,C0013395,Approved,,
Potassium alum,DB09087,Peptic Ulcer,C0030920,Approved,,
Potassium alum,DB09087,Gastroesophageal reflux disease,C0017168,Approved,,
Chlortetracycline,DB09093,Ophthalmia Neonatorum,C0029076,Approved,,
Chlortetracycline,DB09093,Trachoma,C0040592,Approved,,
Benzoyl peroxide,DB09096,Seborrheic dermatitis,C0036508,Approved,,
Benzoyl peroxide,DB09096,Acne Vulgaris,C0001144,Approved,,
Benzoyl peroxide,DB09096,Exanthema,C0015230,Approved,,
Benzoyl peroxide,DB09096,Granuloma Annulare,C0085074,Approved,,
Benzoyl peroxide,DB09096,Pruritus of genital organs,C0033777,Approved,,
Benzoyl peroxide,DB09096,Contact Dermatitis,C0011616,Approved,,
Benzoyl peroxide,DB09096,Pruritus Ani,C0033775,Approved,,
Elvitegravir,DB09101,HIV Infections,C0019693,Approved,,
Daclatasvir,DB09102,"Hepatitis C, Chronic",C0524910,Approved,,
Magnesium hydroxide,DB09104,Constipation,C0009806,Approved,,
Magnesium hydroxide,DB09104,Incomplete passage of stool,C0426639,Approved,,
Magnesium hydroxide,DB09104,Peptic Ulcer,C0030920,Approved,,
Magnesium hydroxide,DB09104,Dyspepsia,C0013395,Approved,,
Magnesium hydroxide,DB09104,Gastroesophageal reflux disease,C0017168,Approved,,
Magnesium hydroxide,DB09104,Heartburn,C0018834,Approved,,
Asfotase Alfa,DB09105,Hypophosphatasia,C0020630,Approved,,
Methoxy polyethylene glycol-epoetin beta,DB09107,Anemia in chronic kidney disease,C1561828,Approved,,
Turoctocog alfa,DB09109,Hemophilia A,C0019069,Approved,,
Mesna,DB09110,Testicular Germ Cell Tumor,C1336708,Approved,,
Sodium Nitrite,DB09112,Toxic effect of cyanide,C0238080,Approved,,
Poractant alfa,DB09113,"Respiratory Distress Syndrome, Newborn",C0035220,Approved,,
Colfosceril palmitate,DB09114,"Respiratory Distress Syndrome, Newborn",C0035220,Approved,,
Diiodohydroxyquinoline,DB09115,Amebiasis,C0002438,Approved,,
Stiripentol,DB09118,"Epilepsies, Myoclonic",C0014550,Approved,,
Stiripentol,DB09118,Infantile Severe Myoclonic Epilepsy,C0751122,Approved,,
Peginterferon beta-1a,DB09122,"Multiple Sclerosis, Relapsing-Remitting",C0751967,Approved,,
Potassium Citrate,DB09125,Hypokalemia,C0020621,Approved,,
Potassium Citrate,DB09125,Calcium renal calculus,C1959799,Approved,,
Potassium Citrate,DB09125,Renal tubular acidosis,C0001126,Approved,,
Potassium Citrate,DB09125,RENAL CALCULUS CALCIUM OXALATE,C0748267,Approved,,
Potassium Citrate,DB09125,Uric acid renal calculus,C0558595,Approved,,
Disodium phosphate,DB09127,Constipation,C0009806,Approved,,
Brexpiprazole,DB09128,Schizophrenia,C0036341,Approved,,
Brexpiprazole,DB09128,Major Depressive Disorder,C1269683,Approved,,
Protamine sulfate,DB09141,Heparin overdose,C0573789,Approved,,
Sonidegib,DB09143,Basal cell carcinoma,C0007117,Approved,,
Uridine triacetate,DB09144,Hereditary orotic aciduria,C0220987,Approved,,
Uridine triacetate,DB09144,Antimetabolite overdose,C0572583,Approved,,
Sucroferric Oxyhydroxide,DB09146,Hyperphosphatemia (disorder),C0085681,Approved,,
Nitrogen,DB09152,Persistent Fetal Circulation Syndrome,C0031190,Approved,,
Sodium Citrate,DB09154,Common Cold,C0009443,Approved,,
Sodium Citrate,DB09154,Peptic Ulcer,C0030920,Approved,,
Sodium Citrate,DB09154,Gastroesophageal reflux disease,C0017168,Approved,,
Sodium Citrate,DB09154,Dyspepsia,C0013395,Approved,,
Sodium Citrate,DB09154,Coughing,C0010200,Approved,,
Sodium Citrate,DB09154,Rhinitis,C0035455,Approved,,
Sodium Citrate,DB09154,Heartburn,C0018834,Approved,,
Sodium Citrate,DB09154,Nasal congestion (finding),C0027424,Approved,,
Sodium Citrate,DB09154,Rhinorrhea,C1260880,Approved,,
Ferric Citrate,DB09162,Hyperphosphatemia (disorder),C0085681,Approved,,
Etizolam,DB09166,Anxiety,C0003467,Approved,,
Dosulepin,DB09167,Major Depressive Disorder,C1269683,Approved,,
Dasabuvir,DB09183,"Hepatitis C, Chronic",C0524910,Approved,,
Viloxazine,DB09185,Narcolepsy-Cataplexy Syndrome,C0751362,Approved,,
Lobeglitazone,DB09198,"Diabetes Mellitus, Non-Insulin-Dependent",C0011860,Approved,,
Moxisylyte,DB09205,Erectile dysfunction,C0242350,Approved,,
Moxisylyte,DB09205,Raynaud Disease,C0034734,Approved,,
Loxoprofen,DB09212,Rheumatoid Arthritis,C0003873,Approved,,
Dexibuprofen,DB09213,Headache Disorders,C0393735,Approved,,
Dexibuprofen,DB09213,Pain,C0030193,Approved,,
Dexibuprofen,DB09213,Fever,C0015967,Approved,,
Dexibuprofen,DB09213,Degenerative polyarthritis,C0029408,Approved,,
Dexibuprofen,DB09213,Rheumatoid Arthritis,C0003873,Approved,,
Dexibuprofen,DB09213,Dysmenorrhea,C0013390,Approved,,
Polaprezinc,DB09221,Peptic Ulcer,C0030920,Approved,,
Blonanserin,DB09223,Schizophrenia,C0036341,Approved,,
Conestat alfa,DB09228,Hereditary C1 esterase inhibitor deficiency - deficient factor,C0398775,Approved,,
Aranidipine,DB09229,Hypertensive disease,C0020538,Approved,,
Azelnidipine,DB09230,Hypertensive disease,C0020538,Approved,,
Efonidipine,DB09235,Hypertensive disease,C0020538,Approved,,
Pirlindole,DB09244,Depressive disorder,C0011581,Approved,,
Toloxatone,DB09245,Depressive disorder,C0011581,Approved,,
Tegafur,DB09256,Malignant neoplasm of stomach,C0024623,Approved,,
Gimeracil,DB09257,Malignant neoplasm of stomach,C0024623,Approved,,
Bemiparin,DB09258,Pulmonary Embolism,C0034065,Approved,,
Bemiparin,DB09258,Deep Vein Thrombosis,C0149871,Approved,,
Imidafenacin,DB09262,Bladder muscle dysfunction - overactive,C0403643,Approved,,
Patiromer,DB09263,Hyperkalemia,C0020461,Approved,,
Idarucizumab,DB09264,Drug-induced coagulation inhibitor disorder,C0272373,Approved,,
Lixisenatide,DB09265,"Diabetes Mellitus, Non-Insulin-Dependent",C0011860,Approved,,
Strontium ranelate,DB09267,"Osteoporosis, Postmenopausal",C0029458,Approved,,
Phenylacetic acid,DB09269,Hyperammonemia,C0220994,Approved,,
Eluxadoline,DB09272,Irritable bowel syndrome with diarrhea,C0348898,Approved,,
Eluxadoline,DB09272,Diarrhoea predominant irritable bowel syndrome,C1262211,Approved,,
Artesunate,DB09274,"Malaria, Falciparum",C0024535,Approved,,
Sodium aurothiomalate,DB09276,Rheumatoid Arthritis,C0003873,Approved,,
Fimasartan,DB09279,Hypertensive disease,C0020538,Approved,,
Magnesium Trisilicate,DB09281,Dyspepsia,C0013395,Approved,,
Magnesium Trisilicate,DB09281,Peptic Ulcer,C0030920,Approved,,
Magnesium Trisilicate,DB09281,Gastroesophageal reflux disease,C0017168,Approved,,
Magnesium Trisilicate,DB09281,Heartburn,C0018834,Approved,,
Polyethylene glycol,DB09287,Incomplete passage of stool,C0426639,Approved,,
Polyethylene glycol,DB09287,Dry Eye Syndromes,C0013238,Approved,,
Polyethylene glycol,DB09287,Redness of eye,C0235267,Approved,,
Polyethylene glycol,DB09287,Constipation,C0009806,Approved,,
Ramosetron,DB09290,Irritable bowel syndrome with diarrhea,C0348898,Approved,,
Ramosetron,DB09290,Diarrhoea predominant irritable bowel syndrome,C1262211,Approved,,
Rolapitant,DB09291,Chemotherapy-induced nausea and vomiting,C0401160,Approved,,
Sacubitril,DB09292,Chronic heart failure,C0264716,Approved,,
Sodium Iodide I-131,DB09293,Hyperthyroidism,C0020550,Approved,,
Ombitasvir,DB09296,"Hepatitis C, Chronic",C0524910,Approved,,
Paritaprevir,DB09297,"Hepatitis C, Chronic",C0524910,Approved,,
Tenofovir alafenamide,DB09299,HIV Infections,C0019693,Approved,,
Scopolamine butylbromide,DB09300,Gastric spasm (disorder),C0581358,Approved,,
Alirocumab,DB09302,Hypercholesterolemia,C0020443,Approved,,
Alirocumab,DB09302,Complex dyslipidemia,C3875286,Approved,,
Alirocumab,DB09302,Familial hypercholesterolemia - heterozygous,C0342882,Approved,,
Alirocumab,DB09302,Atherosclerosis,C0004153,Approved,,
Evolocumab,DB09303,Hypercholesterolemia,C0020443,Approved,,
Evolocumab,DB09303,Complex dyslipidemia,C3875286,Approved,,
Evolocumab,DB09303,Familial hypercholesterolemia - heterozygous,C0342882,Approved,,
Evolocumab,DB09303,Familial hypercholesterolemia - homozygous,C0342881,Approved,,
Coagulation Factor XIII A-Subunit (Recombinant),DB09310,Hereditary factor XIII A subunit deficiency,C2584877,Approved,,
Procaine benzylpenicillin,DB09320,Gingivostomatitis,C0149704,Approved,,
Procaine benzylpenicillin,DB09320,Streptococcal tonsillitis,C0275804,Approved,,
Procaine benzylpenicillin,DB09320,Infection of skin AND/OR subcutaneous tissue,C0178299,Approved,,
Procaine benzylpenicillin,DB09320,"Syphilis, tertiary",C0153188,Approved,,
Procaine benzylpenicillin,DB09320,Pharyngitis,C0031350,Approved,,
Procaine benzylpenicillin,DB09320,"Syphilis, secondary",C0149985,Approved,,
Procaine benzylpenicillin,DB09320,Acute otitis media,C0271429,Approved,,
Procaine benzylpenicillin,DB09320,Streptococcal Infections,C0038395,Approved,,
Procaine benzylpenicillin,DB09320,Fusospirochetal pharyngitis,C1318559,Approved,,
Procaine benzylpenicillin,DB09320,"Syphilis, Latent",C0039133,Approved,,
Procaine benzylpenicillin,DB09320,Streptococcal endocarditis,C3665800,Approved,,
Procaine benzylpenicillin,DB09320,Scarlet Fever,C0036285,Approved,,
Procaine benzylpenicillin,DB09320,Neurosyphilis,C0027927,Approved,,
Procaine benzylpenicillin,DB09320,Bejel,C0004945,Approved,,
Procaine benzylpenicillin,DB09320,Streptococcus pyogenes infection,C0554628,Approved,,
Procaine benzylpenicillin,DB09320,Streptococcal pneumonia,C0155862,Approved,,
Procaine benzylpenicillin,DB09320,Primary genital syphilis,C0017418,Approved,,
Procaine benzylpenicillin,DB09320,Rat-Bite Fever,C0034686,Approved,,
Procaine benzylpenicillin,DB09320,Anthrax disease,C0003175,Approved,,
Procaine benzylpenicillin,DB09320,"Syphilis, Congenital",C0039131,Approved,,
Procaine benzylpenicillin,DB09320,Pinta,C0031946,Approved,,
Procaine benzylpenicillin,DB09320,Yaws,C0043388,Approved,,
Procaine benzylpenicillin,DB09320,Erysipelas,C0014733,Approved,,
Procaine benzylpenicillin,DB09320,Syphilis,C0039128,Approved,,
Procaine benzylpenicillin,DB09320,Staphylococcus aureus infection,C1318973,Approved,,
Zinc oxide,DB09321,Exanthema,C0015230,Approved,,
Zinc oxide,DB09321,Tinea Versicolor,C0040262,Approved,,
Zinc oxide,DB09321,Skin irritation,C0152030,Approved,,
Zinc oxide,DB09321,Arthropod bite wound,C1444173,Approved,,
Zinc oxide,DB09321,Tinea cruris,C1384589,Approved,,
Zinc oxide,DB09321,Tinea corporis (disorder),C0040252,Approved,,
Zinc oxide,DB09321,Cutaneous Candidiasis,C0006846,Approved,,
Zinc oxide,DB09321,Pruritus,C0033774,Approved,,
Zinc oxide,DB09321,Pruritus Ani,C0033775,Approved,,
Zinc oxide,DB09321,Burn injury,C0006434,Approved,,
Zinc oxide,DB09321,Hemorrhoids,C0019112,Approved,,
Zinc oxide,DB09321,Diaper Rash,C0011974,Approved,,
Zinc oxide,DB09321,Injury wounds,C0043250,Approved,,
Zinc oxide,DB09321,Proctitis,C0033246,Approved,,
Zinc oxide,DB09321,Rectal pain,C0034886,Approved,,
Zinc oxide,DB09321,Tinea Pedis,C0040259,Approved,,
Zinc sulfate,DB09322,Redness of eye,C0235267,Approved,,
Zinc sulfate,DB09322,Zinc deficiency,C0235950,Approved,,
Benzathine benzylpenicillin,DB09323,Erysipelas,C0014733,Approved,,
Benzathine benzylpenicillin,DB09323,Scarlet Fever,C0036285,Approved,,
Benzathine benzylpenicillin,DB09323,Streptococcal pneumonia,C0155862,Approved,,
Benzathine benzylpenicillin,DB09323,Streptococcus pyogenes infection,C0554628,Approved,,
Benzathine benzylpenicillin,DB09323,Streptococcal Infections,C0038395,Approved,,
Sulbactam,DB09324,Intraabdominal Infections,C1112209,Approved,,
Sulbactam,DB09324,Rhinoscleroma,C0035468,Approved,,
Sulbactam,DB09324,Infection of skin AND/OR subcutaneous tissue,C0178299,Approved,,
Sulbactam,DB09324,Female genital tract infection,C1263758,Approved,,
Sulbactam,DB09324,Staphylococcus aureus infection,C1318973,Approved,,
Sulbactam,DB09324,Bacterial peritonitis,C0341503,Approved,,
Sulbactam,DB09324,Cholangitis,C0008311,Approved,,
Sulbactam,DB09324,Pelvic Inflammatory Disease,C0242172,Approved,,
Sulbactam,DB09324,Enterobacteriaceae Infections,C0014347,Approved,,
Sulbactam,DB09324,Escherichia coli Infections,C0014836,Approved,,
Sodium fluoride,DB09325,Vitamin Deficiency,C1510471,Approved,,
Osimertinib,DB09330,Epidermal growth factor receptor positive non-small cell lung cancer,C1960925,Approved,,
Daratumumab,DB09331,Multiple Myeloma,C0026764,Approved,,
Kappadione,DB09332,"Jaundice, Obstructive",C0022354,Approved,,
Tipiracil,DB09343,Malignant tumor of colon,C0007102,Approved,,
Pramocaine,DB09345,Pruritus,C0033774,Approved,,
Pramocaine,DB09345,Skin irritation,C0152030,Approved,,
Pramocaine,DB09345,Tinea cruris,C1384589,Approved,,
Pramocaine,DB09345,Proctitis,C0033246,Approved,,
Pramocaine,DB09345,Injury wounds,C0043250,Approved,,
Pramocaine,DB09345,Rectal pain,C0034886,Approved,,
Pramocaine,DB09345,Arthropod bite wound,C1444173,Approved,,
Pramocaine,DB09345,Otitis Externa,C0029878,Approved,,
Pramocaine,DB09345,Tinea Pedis,C0040259,Approved,,
Pramocaine,DB09345,Pruritus Ani,C0033775,Approved,,
Pramocaine,DB09345,Exanthema,C0015230,Approved,,
Pramocaine,DB09345,Dry skin,C0151908,Approved,,
Pramocaine,DB09345,Tinea corporis (disorder),C0040252,Approved,,
Pramocaine,DB09345,Burn injury,C0006434,Approved,,
Pramocaine,DB09345,Hemorrhoids,C0019112,Approved,,
Pramocaine,DB09345,Itching of ear,C0849907,Approved,,
Pramocaine,DB09345,Inflammatory dermatosis,C3875321,Approved,,
Pramocaine,DB09345,Allergic otitis externa,C1320547,Approved,,
Piperonyl butoxide,DB09350,Pediculus capitis infestation,C0030757,Approved,,
Piperonyl butoxide,DB09350,Infestation by Phthirus pubis,C0030759,Approved,,
Piperonyl butoxide,DB09350,Body louse infestation,C0030758,Approved,,
Levobetaxolol,DB09351,"Glaucoma, Open-Angle",C0017612,Approved,,
Levobetaxolol,DB09351,Ocular Hypertension,C0028840,Approved,,
Hydroxyamphetamine hydrobromide,DB09352,Mydriasis,C0026961,Approved,,
Sulfur,DB09353,Necrotizing Ulcerative Gingivitis,C0017575,Approved,,
Sulfur,DB09353,Acne Vulgaris,C0001144,Approved,,
Sulfur,DB09353,Acneiform Eruptions,C0175167,Approved,,
Sulfur,DB09353,Greasy skin,C0234925,Approved,,
Sulfur,DB09353,Aphthous Stomatitis,C0038363,Approved,,
Sulfur,DB09353,Seborrheic dermatitis,C0036508,Approved,,
Sulfur,DB09353,Scurfiness of scalp,C0423775,Approved,,
Dexpanthenol,DB09357,Dermatologic disorders,C0037274,Approved,,
Dexpanthenol,DB09357,Diaper Rash,C0011974,Approved,,
Dexpanthenol,DB09357,Gastroparesis,C0152020,Approved,,
Dexpanthenol,DB09357,Paralytic Ileus,C0030446,Approved,,
Dexpanthenol,DB09357,Contact dermatitis due to Rhus diversiloba,C0263283,Approved,,
Dexpanthenol,DB09357,Eczema,C0013595,Approved,,
Dexpanthenol,DB09357,Arthropod bite wound,C1444173,Approved,,
Norgestrel,DB09389,Menorrhagia,C0025323,Approved,,
Norgestrel,DB09389,Hot flushes,C0600142,Approved,,
Propoxyphene napsylate,DB09396,Pain,C0030193,Approved,,
Magnesium chloride,DB09407,Hypomagnesemia,C0151723,Approved,,
Sodium phosphate,DB09449,Constipation,C0009806,Approved,,
Glycerin,DB09462,Constipation,C0009806,Approved,,
"Sodium phosphate, dibasic, heptahydrate",DB09468,Constipation,C0009806,Approved,,
"Sodium phosphate, monobasic, anhydrous",DB09469,Constipation,C0009806,Approved,,
Sodium sulfate,DB09472,Incomplete passage of stool,C0426639,Approved,,
Enalaprilat,DB09477,Asymptomatic left ventricular systolic dysfunction,C3698411,Approved,,
Enalaprilat,DB09477,Hypertensive disease,C0020538,Approved,,
Enalaprilat,DB09477,Congestive heart failure,C0018802,Approved,,
Magnesium carbonate,DB09481,Gastroesophageal reflux disease,C0017168,Approved,,
Magnesium carbonate,DB09481,Hypomagnesemia,C0151723,Approved,,
Magnesium carbonate,DB09481,Heartburn,C0018834,Approved,,
Magnesium carbonate,DB09481,Peptic Ulcer,C0030920,Approved,,
Magnesium carbonate,DB09481,Incomplete passage of stool,C0426639,Approved,,
Magnesium carbonate,DB09481,Dyspepsia,C0013395,Approved,,
Magnesium carbonate,DB09481,Constipation,C0009806,Approved,,
Cysteine hydrochloride,DB09485,Bronchitis,C0006277,Approved,,
Cysteine hydrochloride,DB09485,Poisoning by acetaminophen,C0237963,Approved,,
Cysteine hydrochloride,DB09485,Amyloidosis,C0002726,Approved,,
Cysteine hydrochloride,DB09485,Pulmonary Cystic Fibrosis,C0392164,Approved,,
Cysteine hydrochloride,DB09485,Bronchiectasis,C0006267,Approved,,
Acrivastine,DB09488,Hay fever,C0018621,Approved,,
Acrivastine,DB09488,"Rhinitis, Vasomotor",C0035460,Approved,,
Acrivastine,DB09488,Nasal congestion (finding),C0027424,Approved,,
Acrivastine,DB09488,Rhinorrhea,C1260880,Approved,,
Acrivastine,DB09488,Allergic Conjunctivitis,C0009766,Approved,,
Acrivastine,DB09488,Sneezing,C0037383,Approved,,
Acrivastine,DB09488,Common Cold,C0009443,Approved,,
Acrivastine,DB09488,Allergic rhinitis (disorder),C2607914,Approved,,
Octinoxate,DB09496,Chloasma,C0025218,Approved,,
Octinoxate,DB09496,Discoloration of skin,C0151907,Approved,,
Sodium thiosulfate,DB09499,Toxic effect of cyanide,C0238080,Approved,,
Simethicone,DB09512,Diaper Rash,C0011974,Approved,,
Sodium ferric gluconate complex,DB09517,Iron deficiency anemia,C0162316,Approved,,
Sodium ferric gluconate complex,DB09517,Anemia of prematurity,C0158996,Approved,,
"Sodium phosphate, monobasic, monohydrate",DB09525,Urinary tract infection,C0042029,Approved,,
"Sodium phosphate, monobasic, monohydrate",DB09525,Calcium renal calculus,C1959799,Approved,,
"Sodium phosphate, monobasic, monohydrate",DB09525,Incomplete passage of stool,C0426639,Approved,,
"Sodium phosphate, monobasic, monohydrate",DB09525,Hypophosphatemia,C0085682,Approved,,
Hydroquinone,DB09526,Facial hyperpigmentation,C2677857,Approved,,
Hydroquinone,DB09526,Discoloration of skin,C0151907,Approved,,
Hydroquinone,DB09526,Chloasma,C0025218,Approved,,
Methyl salicylate,DB09543,Back Pain,C0004604,Approved,,
Methyl salicylate,DB09543,Sprains and Strains,C0038048,Approved,,
Methyl salicylate,DB09543,Arthritic pains,C0857177,Approved,,
Thonzonium bromide,DB09552,Otitis Externa,C0029878,Approved,,
Dexchlorpheniramine maleate,DB09555,Symptomatic dermographism,C0343065,Approved,,
Dexchlorpheniramine maleate,DB09555,Allergic Conjunctivitis,C0009766,Approved,,
Dexchlorpheniramine maleate,DB09555,Urticaria,C0042109,Approved,,
Dexchlorpheniramine maleate,DB09555,Pruritus,C0033774,Approved,,
Dexchlorpheniramine maleate,DB09555,Hay fever,C0018621,Approved,,
Dexchlorpheniramine maleate,DB09555,Allergic rhinitis (disorder),C2607914,Approved,,
Dexchlorpheniramine maleate,DB09555,"Rhinitis, Vasomotor",C0035460,Approved,,
Necitumumab,DB09559,Non-Small Cell Lung Carcinoma,C0007131,Approved,,
Filgrastim-sndz,DB09560,Chemotherapy-induced neutropenia,C1827687,Approved,,
Filgrastim-sndz,DB09560,Congenital neutropenia,C0340970,Approved,,
Filgrastim-sndz,DB09560,Cyclic neutropenia,C0221023,Approved,,
Filgrastim-sndz,DB09560,Chronic idiopathic neutropenia,C2267231,Approved,,
Insulin Degludec,DB09564,Diabetes Mellitus,C0011849,Approved,,
Omega-3-carboxylic acids,DB09568,Hypertriglyceridemia,C0020557,Approved,,
Ixazomib,DB09570,Multiple Myeloma,C0026764,Approved,,
Levomethamphetamine,DB09571,Nasal congestion (finding),C0027424,Approved,,
Histamine,DB11320,Degenerative polyarthritis,C0029408,Approved,,
Selexipag,DB11362,Pulmonary arterial hypertension,C2973725,Approved,,
Alectinib,DB11363,Non-Small Cell Lung Carcinoma,C0007131,Approved,,
Senna glycoside,DB11365,Constipation,C0009806,Approved,,
Lesinurad,DB11560,Hyperuricemia,C0740394,Approved,,
Sebelipase alfa,DB11563,Wolman Disease,C0043208,Approved,,
Ixekizumab,DB11569,Chronic small plaque psoriasis,C0406317,Approved,,
Elbasvir,DB11574,"Hepatitis C, Chronic",C0524910,Approved,,
Grazoprevir,DB11575,"Hepatitis C, Chronic",C0524910,Approved,,
Venetoclax,DB11581,Chronic Lymphocytic Leukemia,C0023434,Approved,,
Thiocolchicoside,DB11582,Muscle Spasticity,C0026838,Approved,,
Bilastine,DB11591,Urticaria,C0042109,Approved,,
Bilastine,DB11591,Allergic rhinitis (disorder),C2607914,Approved,,
Atezolizumab,DB11595,"Carcinoma, Transitional Cell",C0007138,Approved,,
Levoleucovorin,DB11596,Poisoning by sulfadiazine,C0274462,Approved,,
Levoleucovorin,DB11596,Methotrexate poisoning,C0568062,Approved,,
Levoleucovorin,DB11596,Poisoning by pyrimethamine,C0274478,Approved,,
Levoleucovorin,DB11596,"Anemia, Megaloblastic",C0002888,Approved,,
Levoleucovorin,DB11596,Folic Acid Deficiency,C0016412,Approved,,
Susoctocog alfa,DB11606,"Factor 8 deficiency, acquired",C0272325,Approved,,
Eftrenonacog alfa,DB11608,Hemophilia B,C0008533,Approved,,
Buprenorphine,DB00921,Heroin Dependence,C0019337,Terminated,Phase 2,
Buprenorphine,DB00921,Opioid-Related Disorders,C0027412,Terminated,Phase 2,
Dextroamphetamine,DB01576,Cocaine-Related Disorders,C0236736,Terminated,Phase 1,Original P.I. left the institution
Buprenorphine,DB00921,Heroin Dependence,C0019337,Terminated,Phase 2,
Buprenorphine,DB00921,Opioid-Related Disorders,C0027412,Terminated,Phase 2,
Methotrexate,DB00563,Sensorineural Hearing Loss (disorder),C0018784,Terminated,Phase 3,
Glycine,DB00145,Schizophrenia,C0036341,Withdrawn,Phase 3,Pairing D-Cycloserine with Clozapine was found to worsen negative side effects in patients
Cycloserine,DB00260,Schizophrenia,C0036341,Withdrawn,Phase 3,Pairing D-Cycloserine with Clozapine was found to worsen negative side effects in patients
Clozapine,DB00363,Schizophrenia,C0036341,Withdrawn,Phase 3,Pairing D-Cycloserine with Clozapine was found to worsen negative side effects in patients
Alendronic acid,DB00630,Osteoporosis,C0029456,Terminated,Phase 3,
Zidovudine,DB00495,Kidney Diseases,C0022658,Withdrawn,Phase 1,
Foscarnet,DB00529,Cytomegalovirus Retinitis,C0206178,Withdrawn,Phase 2,
Trimethoprim,DB00440,Pneumocystis jiroveci pneumonia,C1535939,Terminated,Phase 3,
Pentamidine,DB00738,Pneumocystis jiroveci pneumonia,C1535939,Terminated,Phase 3,
Prednisolone,DB00860,Pneumocystis jiroveci pneumonia,C1535939,Terminated,Phase 3,
Methylprednisolone,DB00860,Pneumocystis jiroveci pneumonia,C1535939,Terminated,Phase 3,
Sulfamethoxazole,DB00860,Pneumocystis jiroveci pneumonia,C1535939,Terminated,Phase 3,
Trimetrexate,DB00959,Pneumocystis jiroveci pneumonia,C1535939,Terminated,Phase 3,
Levoleucovorin,DB00959,Pneumocystis jiroveci pneumonia,C1535939,Terminated,Phase 3,
,DB00959,Pneumocystis jiroveci pneumonia,C1535939,Terminated,Phase 3,
,DB01015,Pneumocystis jiroveci pneumonia,C1535939,Terminated,Phase 3,
,DB01157,Pneumocystis jiroveci pneumonia,C1535939,Terminated,Phase 3,
,DB11596,Pneumocystis jiroveci pneumonia,C1535939,Terminated,Phase 3,
Vitamin E,DB00163,Carotid Artery Diseases,C0007273,Terminated,Phase 2,
Vitamin E,DB00163,Intracranial Arteriosclerosis,C0007771,Terminated,Phase 2,
Vitamin E,DB00163,Heart Diseases,C0018799,Terminated,Phase 2,
Vitamin E,DB00163,Atherosclerosis,C0004153,Terminated,Phase 2,
Foscarnet,DB00529,Radiculitis,C0034544,Withdrawn,Phase 1,
Ganciclovir,DB01004,Radiculitis,C0034544,Withdrawn,Phase 1,
Pseudoephedrine,DB00852,Sinusitis,C0037199,Withdrawn,Phase 2,
Cefuroxime,DB01112,Sinusitis,C0037199,Withdrawn,Phase 2,
Ephedrine,DB01112,Sinusitis,C0037199,Withdrawn,Phase 2,
,DB01364,Sinusitis,C0037199,Withdrawn,Phase 2,
Prednisolone,DB00860,Pneumocystis jiroveci pneumonia,C1535939,Withdrawn,Phase 3,
Methylprednisolone,DB00860,Pneumocystis jiroveci pneumonia,C1535939,Withdrawn,Phase 3,
,DB00860,Pneumocystis jiroveci pneumonia,C1535939,Withdrawn,Phase 3,
,DB00959,Pneumocystis jiroveci pneumonia,C1535939,Withdrawn,Phase 3,
,DB00959,Pneumocystis jiroveci pneumonia,C1535939,Withdrawn,Phase 3,
Cidofovir,DB00369,Cytomegalovirus Infections,C0010823,Withdrawn,Phase 1,
Cidofovir,DB00369,Cytomegalovirus Retinitis,C0206178,Withdrawn,Phase 1,
Calcitriol,DB00136,Rickets,C0035579,Terminated,Phase 2,Terminated because of lack of drug supply
Daclizumab,DB00111,Aplastic Anemia,C0002874,Terminated,Phase 2,DSMB recommended closing the study and publishing the results
Daclizumab,DB00111,Pure Red-Cell Aplasia,C0034902,Terminated,Phase 2,DSMB recommended closing the study and publishing the results
Cyclosporine,DB00091,leukemia,C0023418,Terminated,Phase 3,Interim analysis indicated study should be terminated
Methotrexate,DB00563,leukemia,C0023418,Terminated,Phase 3,Interim analysis indicated study should be terminated
Pegfilgrastim,DB00019,Mucosa-Associated Lymphoid Tissue Lymphoma,C0242647,Terminated,Phase 1/Phase 2,Trial completed prematurely.
Oprelvekin,DB00038,Mucosa-Associated Lymphoid Tissue Lymphoma,C0242647,Terminated,Phase 1/Phase 2,Trial completed prematurely.
Rituximab,DB00073,Mucosa-Associated Lymphoid Tissue Lymphoma,C0242647,Terminated,Phase 1/Phase 2,Trial completed prematurely.
Pegfilgrastim,DB00019,Monocytoid B-cell lymphoma,C0855139,Terminated,Phase 1/Phase 2,Trial completed prematurely.
Oprelvekin,DB00038,Monocytoid B-cell lymphoma,C0855139,Terminated,Phase 1/Phase 2,Trial completed prematurely.
Rituximab,DB00073,Monocytoid B-cell lymphoma,C0855139,Terminated,Phase 1/Phase 2,Trial completed prematurely.
Pegfilgrastim,DB00019,recurrent grade 1 follicular lymphoma,C0280182,Terminated,Phase 1/Phase 2,Trial completed prematurely.
Oprelvekin,DB00038,recurrent grade 1 follicular lymphoma,C0280182,Terminated,Phase 1/Phase 2,Trial completed prematurely.
Rituximab,DB00073,recurrent grade 1 follicular lymphoma,C0280182,Terminated,Phase 1/Phase 2,Trial completed prematurely.
Pegfilgrastim,DB00019,recurrent grade 2 follicular lymphoma,C0280183,Terminated,Phase 1/Phase 2,Trial completed prematurely.
Oprelvekin,DB00038,recurrent grade 2 follicular lymphoma,C0280183,Terminated,Phase 1/Phase 2,Trial completed prematurely.
Rituximab,DB00073,recurrent grade 2 follicular lymphoma,C0280183,Terminated,Phase 1/Phase 2,Trial completed prematurely.
Pegfilgrastim,DB00019,recurrent grade 3 follicular lymphoma,C0280185,Terminated,Phase 1/Phase 2,Trial completed prematurely.
Oprelvekin,DB00038,recurrent grade 3 follicular lymphoma,C0280185,Terminated,Phase 1/Phase 2,Trial completed prematurely.
Rituximab,DB00073,recurrent grade 3 follicular lymphoma,C0280185,Terminated,Phase 1/Phase 2,Trial completed prematurely.
Pegfilgrastim,DB00019,Marginal zone lymphoma recurrent,C1541273,Terminated,Phase 1/Phase 2,Trial completed prematurely.
Oprelvekin,DB00038,Marginal zone lymphoma recurrent,C1541273,Terminated,Phase 1/Phase 2,Trial completed prematurely.
Rituximab,DB00073,Marginal zone lymphoma recurrent,C1541273,Terminated,Phase 1/Phase 2,Trial completed prematurely.
Pegfilgrastim,DB00019,B-cell small lymphocytic lymphoma recurrent,C0855096,Terminated,Phase 1/Phase 2,Trial completed prematurely.
Oprelvekin,DB00038,B-cell small lymphocytic lymphoma recurrent,C0855096,Terminated,Phase 1/Phase 2,Trial completed prematurely.
Rituximab,DB00073,B-cell small lymphocytic lymphoma recurrent,C0855096,Terminated,Phase 1/Phase 2,Trial completed prematurely.
Pegfilgrastim,DB00019,Splenic Marginal Zone B-Cell Lymphoma,C0349632,Terminated,Phase 1/Phase 2,Trial completed prematurely.
Oprelvekin,DB00038,Splenic Marginal Zone B-Cell Lymphoma,C0349632,Terminated,Phase 1/Phase 2,Trial completed prematurely.
Rituximab,DB00073,Splenic Marginal Zone B-Cell Lymphoma,C0349632,Terminated,Phase 1/Phase 2,Trial completed prematurely.
Cisplatin,DB00515,Malignant neoplasm of lung,C0242379,Terminated,Phase 2,This study was closed early due to poor accrual.
Docetaxel,DB01248,Malignant neoplasm of lung,C0242379,Terminated,Phase 2,This study was closed early due to poor accrual.
Metronidazole,DB00916,"unspecified adult solid tumor, protocol specific",C0279004,Terminated,Phase 1,
Cisplatin,DB00515,"unspecified adult solid tumor, protocol specific",C0279004,Terminated,Phase 1,
Nitric Oxide,DB00435,Pneumonia,C0032285,Terminated,Phase 3,Preliminary results showed increased intraventricular hemorrhage (IVH) in experimental arm
Nitric Oxide,DB00435,"Infant, Small for Gestational Age",C0021296,Terminated,Phase 3,Preliminary results showed increased intraventricular hemorrhage (IVH) in experimental arm
Betamethasone,DB00443,Pregnancy Complications,C0032962,Terminated,Phase 3,Concerns regarding neonatal data
Trastuzumab,DB00072,Cardiotoxicity,C0876994,Terminated,Phase 3,Administratively complete.
Dexrazoxane,DB00380,Cardiotoxicity,C0876994,Terminated,Phase 3,Administratively complete.
Cyclophosphamide,DB00531,Cardiotoxicity,C0876994,Terminated,Phase 3,Administratively complete.
Tamoxifen,DB00675,Cardiotoxicity,C0876994,Terminated,Phase 3,Administratively complete.
Doxorubicin,DB00997,Cardiotoxicity,C0876994,Terminated,Phase 3,Administratively complete.
Paclitaxel,DB01229,Cardiotoxicity,C0876994,Terminated,Phase 3,Administratively complete.
Trastuzumab,DB00072,Inflammatory Breast Carcinoma,C0278601,Terminated,Phase 3,Administratively complete.
Dexrazoxane,DB00380,Inflammatory Breast Carcinoma,C0278601,Terminated,Phase 3,Administratively complete.
Cyclophosphamide,DB00531,Inflammatory Breast Carcinoma,C0278601,Terminated,Phase 3,Administratively complete.
Tamoxifen,DB00675,Inflammatory Breast Carcinoma,C0278601,Terminated,Phase 3,Administratively complete.
Doxorubicin,DB00997,Inflammatory Breast Carcinoma,C0278601,Terminated,Phase 3,Administratively complete.
Paclitaxel,DB01229,Inflammatory Breast Carcinoma,C0278601,Terminated,Phase 3,Administratively complete.
Vincristine,DB00541,leukemia,C0023418,Withdrawn,Phase 3,
Daunorubicin,DB00694,leukemia,C0023418,Withdrawn,Phase 3,
Hydrocortisone,DB00741,leukemia,C0023418,Withdrawn,Phase 3,
Cytarabine,DB00741,leukemia,C0023418,Withdrawn,Phase 3,
,DB00987,leukemia,C0023418,Withdrawn,Phase 3,
Doxorubicin,DB00997,stage III adult soft tissue sarcoma,C0278663,Withdrawn,Phase 2,
Ifosfamide,DB01181,stage III adult soft tissue sarcoma,C0278663,Withdrawn,Phase 2,
Doxorubicin,DB00997,recurrent adult soft tissue sarcoma,C0278665,Withdrawn,Phase 2,
Ifosfamide,DB01181,recurrent adult soft tissue sarcoma,C0278665,Withdrawn,Phase 2,
Doxorubicin,DB00997,"soft tissue sarcoma, adult, stage IVA",C0279771,Withdrawn,Phase 2,
Ifosfamide,DB01181,"soft tissue sarcoma, adult, stage IVA",C0279771,Withdrawn,Phase 2,
Doxorubicin,DB00997,"soft tissue sarcoma, adult, stage IIB",C0796438,Withdrawn,Phase 2,
Ifosfamide,DB01181,"soft tissue sarcoma, adult, stage IIB",C0796438,Withdrawn,Phase 2,
Doxorubicin,DB00997,"soft tissue sarcoma, adult, stage IIC",C0796439,Withdrawn,Phase 2,
Ifosfamide,DB01181,"soft tissue sarcoma, adult, stage IIC",C0796439,Withdrawn,Phase 2,
Temozolomide,DB00853,Cutaneous Melanoma,C0151779,Terminated,Phase 3,low accrual
Imatinib,DB00619,leukemia,C0023418,Terminated,Phase 2,
Thalidomide,DB01041,Malignant tumor of colon,C0007102,Terminated,Phase 2,DSMB recommended closure of the protocol due to slow accrual.
Dexrazoxane,DB00380,Cardiotoxicity,C0876994,Terminated,Phase 2,
Doxorubicin,DB00997,Cardiotoxicity,C0876994,Terminated,Phase 2,
Levoleucovorin,DB11596,Cardiotoxicity,C0876994,Terminated,Phase 2,
Alendronic acid,DB00630,Secondary malignant neoplasm of bone,C0153690,Terminated,Phase 2,
Ketoconazole,DB01026,Secondary malignant neoplasm of bone,C0153690,Terminated,Phase 2,
Alendronic acid,DB00630,Adenocarcinoma of prostate,C0007112,Terminated,Phase 2,
Ketoconazole,DB01026,Adenocarcinoma of prostate,C0007112,Terminated,Phase 2,
Alendronic acid,DB00630,Prostate cancer recurrent,C0278838,Terminated,Phase 2,
Ketoconazole,DB01026,Prostate cancer recurrent,C0278838,Terminated,Phase 2,
Paclitaxel,DB01229,Neoplasm Metastasis,C0027627,Terminated,Phase 1,
Gemcitabine,DB00441,Renal Pelvis and Ureter Urothelial Carcinoma,C0220648,Terminated,Phase 2,Permanently Closed Due to Poor Accrual
Paclitaxel,DB01229,Renal Pelvis and Ureter Urothelial Carcinoma,C0220648,Terminated,Phase 2,Permanently Closed Due to Poor Accrual
Gemcitabine,DB00441,Urethral Carcinoma,C0700101,Terminated,Phase 2,Permanently Closed Due to Poor Accrual
Paclitaxel,DB01229,Urethral Carcinoma,C0700101,Terminated,Phase 2,Permanently Closed Due to Poor Accrual
Imatinib,DB00619,leukemia,C0023418,Terminated,Phase 2,
Cytarabine,DB00987,leukemia,C0023418,Terminated,Phase 2,
Amifostine,DB01143,Oral Complication,C3898092,Terminated,Phase 2,low accrual
Amifostine,DB01143,Radiation Sickness,C1510432,Terminated,Phase 2,low accrual
Carboplatin,DB00958,"unspecified adult solid tumor, protocol specific",C0279004,Terminated,Phase 1,Administratively complete.
Celecoxib,DB00482,Precancerous Conditions,C0032927,Withdrawn,Phase 2/Phase 3,
Doxorubicin,DB00997,Primary Systemic Amyloidosis,C0281479,Terminated,Phase 1,Administratively complete.
Homoharringtonine,DB04865,leukemia,C0023418,Withdrawn,Phase 1/Phase 2,
Metronidazole,DB00916,"unspecified adult solid tumor, protocol specific",C0279004,Terminated,Phase 1,Administratively complete.
Pentostatin,DB00552,Acute GVH disease,C0856825,Terminated,Phase 1/Phase 2,
Nicotine,DB00184,Malignant neoplasm of lung,C0242379,Terminated,Phase 3,This study was closed early due to poor accrual
Bupropion,DB01156,Malignant neoplasm of lung,C0242379,Terminated,Phase 3,This study was closed early due to poor accrual
Sertraline,DB01104,Epilepsy,C0014544,Terminated,Phase 3,The PI left Columbia in 2008. No research related activity has taken place since then.
Methylphenidate,DB00422,cognitive/functional effects,C0935657,Terminated,Phase 3,low accrual; loss of funding
Methylphenidate,DB00422,Depressive disorder,C0011581,Terminated,Phase 3,low accrual; loss of funding
Cisplatin,DB00515,Central Nervous System Neoplasms,C0085136,Terminated,Phase 2,The study was terminated prematurely due to slow accrual.
Cyclophosphamide,DB00531,Central Nervous System Neoplasms,C0085136,Terminated,Phase 2,The study was terminated prematurely due to slow accrual.
Vincristine,DB00541,Central Nervous System Neoplasms,C0085136,Terminated,Phase 2,The study was terminated prematurely due to slow accrual.
Lomustine,DB01206,Central Nervous System Neoplasms,C0085136,Terminated,Phase 2,The study was terminated prematurely due to slow accrual.
Cisplatin,DB00515,"Neuroectodermal Tumor, Primitive",C0206663,Terminated,Phase 2,The study was terminated prematurely due to slow accrual.
Cyclophosphamide,DB00531,"Neuroectodermal Tumor, Primitive",C0206663,Terminated,Phase 2,The study was terminated prematurely due to slow accrual.
Vincristine,DB00541,"Neuroectodermal Tumor, Primitive",C0206663,Terminated,Phase 2,The study was terminated prematurely due to slow accrual.
Lomustine,DB01206,"Neuroectodermal Tumor, Primitive",C0206663,Terminated,Phase 2,The study was terminated prematurely due to slow accrual.
Irinotecan,DB00762,Malignant tumor of colon,C0007102,Terminated,Phase 2,
Gefitinib,DB00317,Squamous cell carcinoma of the hypopharynx stage III,C0280390,Terminated,Phase 1,Administratively complete.
Cisplatin,DB00515,Squamous cell carcinoma of the hypopharynx stage III,C0280390,Terminated,Phase 1,Administratively complete.
Gefitinib,DB00317,Laryngeal squamous cell carcinoma stage III,C0280397,Terminated,Phase 1,Administratively complete.
Cisplatin,DB00515,Laryngeal squamous cell carcinoma stage III,C0280397,Terminated,Phase 1,Administratively complete.
Gefitinib,DB00317,stage III squamous cell carcinoma of the lip and oral cavity,C0280353,Terminated,Phase 1,Administratively complete.
Cisplatin,DB00515,stage III squamous cell carcinoma of the lip and oral cavity,C0280353,Terminated,Phase 1,Administratively complete.
Gefitinib,DB00317,Oropharyngeal squamous cell carcinoma stage III,C0280372,Terminated,Phase 1,Administratively complete.
Cisplatin,DB00515,Oropharyngeal squamous cell carcinoma stage III,C0280372,Terminated,Phase 1,Administratively complete.
Gefitinib,DB00317,Squamous cell carcinoma of the hypopharynx stage IV,C0280391,Terminated,Phase 1,Administratively complete.
Cisplatin,DB00515,Squamous cell carcinoma of the hypopharynx stage IV,C0280391,Terminated,Phase 1,Administratively complete.
Gefitinib,DB00317,Laryngeal squamous cell carcinoma stage IV,C0280399,Terminated,Phase 1,Administratively complete.
Cisplatin,DB00515,Laryngeal squamous cell carcinoma stage IV,C0280399,Terminated,Phase 1,Administratively complete.
Gefitinib,DB00317,stage IV squamous cell carcinoma of the lip and oral cavity,C0280358,Terminated,Phase 1,Administratively complete.
Cisplatin,DB00515,stage IV squamous cell carcinoma of the lip and oral cavity,C0280358,Terminated,Phase 1,Administratively complete.
Gefitinib,DB00317,stage IV squamous cell carcinoma of the oropharynx,C0280374,Terminated,Phase 1,Administratively complete.
Cisplatin,DB00515,stage IV squamous cell carcinoma of the oropharynx,C0280374,Terminated,Phase 1,Administratively complete.
Celecoxib,DB00482,Malignant tumor of colon,C0007102,Terminated,Phase 2,Slow recruitment.
Eflornithine,DB06243,Malignant tumor of colon,C0007102,Terminated,Phase 2,Slow recruitment.
Celecoxib,DB00482,Adenomatous Polyposis Coli,C0032580,Terminated,Phase 2,Slow recruitment.
Eflornithine,DB06243,Adenomatous Polyposis Coli,C0032580,Terminated,Phase 2,Slow recruitment.
Dexrazoxane,DB00380,Ewings sarcoma,C0553580,Terminated,Phase 2,Low Accrual
Cyclophosphamide,DB00531,Ewings sarcoma,C0553580,Terminated,Phase 2,Low Accrual
Vincristine,DB00541,Ewings sarcoma,C0553580,Terminated,Phase 2,Low Accrual
Doxorubicin,DB00997,Ewings sarcoma,C0553580,Terminated,Phase 2,Low Accrual
Celecoxib,DB00482,Neoplasm Metastasis,C0027627,Terminated,Phase 2,
Celecoxib,DB00482,Colorectal Neoplasms,C0009404,Terminated,Phase 2,
Abatacept,DB01281,Multiple Sclerosis,C0026769,Terminated,Phase 2,
Irinotecan,DB00762,Colorectal Neoplasms,C0009404,Terminated,Phase 2,
Irinotecan,DB00762,Diarrhea,C0011991,Terminated,Phase 2,
Pegfilgrastim,DB00019,Hemoglobinopathies,C0019045,Terminated,Phase 2,
Pegfilgrastim,DB00019,Thalassemia,C0039730,Terminated,Phase 2,
Trastuzumab,DB00072,Breast cancer recurrent,C0278493,Terminated,Phase 1,Administratively complete.
Oprelvekin,DB00038,Ulcerative Colitis,C0009324,Terminated,Phase 1,
Oprelvekin,DB00038,Inflammatory Bowel Diseases,C0021390,Terminated,Phase 1,
Isotretinoin,DB00982,Mycosis Fungoides,C0026948,Terminated,Phase 2,
Isotretinoin,DB00982,Hematologic Neoplasms,C0376545,Terminated,Phase 2,
Bevacizumab,DB00112,Malignant tumor of colon,C0007102,Terminated,Phase 2,low accrual
Levoleucovorin,DB11596,Malignant tumor of colon,C0007102,Terminated,Phase 2,low accrual
Carboplatin,DB00958,Non-small cell lung cancer stage IIIB,C0278984,Terminated,Phase 3,
Paclitaxel,DB01229,Non-small cell lung cancer stage IIIB,C0278984,Terminated,Phase 3,
Carboplatin,DB00958,Non-small cell lung cancer metastatic,C0278987,Terminated,Phase 3,
Paclitaxel,DB01229,Non-small cell lung cancer metastatic,C0278987,Terminated,Phase 3,
Vinorelbine,DB00361,Non-small cell lung cancer stage IIIB,C0278984,Terminated,Phase 3,
Vinblastine,DB00570,Non-small cell lung cancer stage IIIB,C0278984,Terminated,Phase 3,
Vinorelbine,DB00361,Non-small cell lung cancer metastatic,C0278987,Terminated,Phase 3,
Vinblastine,DB00570,Non-small cell lung cancer metastatic,C0278987,Terminated,Phase 3,
Docetaxel,DB01248,thorax/respiratory cancer,C0279170,Withdrawn,Phase 3,The study was not activated.
Docetaxel,DB01248,adult solid tumor,C0280099,Withdrawn,Phase 3,The study was not activated.
Docetaxel,DB01248,kidney/urinary cancer,C0279521,Withdrawn,Phase 3,The study was not activated.
Docetaxel,DB01248,male reproductive cancer,C0699888,Withdrawn,Phase 3,The study was not activated.
Nitric Oxide,DB00435,Hypoxemia,C0700292,Terminated,Phase 1/Phase 2,slow enrollment
Nitric Oxide,DB00435,"Acidosis, Respiratory",C0001127,Terminated,Phase 1/Phase 2,slow enrollment
Cyclophosphamide,DB00531,Scleroderma,C0011644,Terminated,Phase 1,
Cyclophosphamide,DB00531,Systemic Scleroderma,C0036421,Terminated,Phase 1,
Nitric Oxide,DB00435,Anoxemia,C0003129,Terminated,Phase 3,Study stopped due to poor enrollment
Cisplatin,DB00515,Malignant neoplasm of lung,C0242379,Terminated,Phase 2,Closed due to lack of drug availability.
Etoposide,DB00773,Malignant neoplasm of lung,C0242379,Terminated,Phase 2,Closed due to lack of drug availability.
,DB00773,Malignant neoplasm of lung,C0242379,Terminated,Phase 2,Closed due to lack of drug availability.
Fluorouracil,DB00544,Solid tumour,C0280100,Terminated,Phase 1,
Bortezomib,DB00188,Non-small cell lung cancer metastatic,C0278987,Terminated,Phase 2,Administratively complete.
Bortezomib,DB00188,Non-small cell lung cancer recurrent,C0278517,Terminated,Phase 2,Administratively complete.
Micafungin,DB01141,Aspergillosis,C0004030,Terminated,Phase 2,Inadequate enrollment
Decitabine,DB01262,adult acute myeloid leukemia with 11q23 (MLL) abnormalities,C1541334,Terminated,Phase 1,
Decitabine,DB01262,adult acute myeloid leukemia with inv(16)(p13;q22),C1541333,Terminated,Phase 1,
Decitabine,DB01262,adult acute myeloid leukemia with t(15;17)(q22;q12),C1541335,Terminated,Phase 1,
Decitabine,DB01262,adult acute myeloid leukemia with t(16;16)(p13;q22),C1541332,Terminated,Phase 1,
Decitabine,DB01262,adult acute myeloid leukemia with t(8;21)(q22;q22),C1541331,Terminated,Phase 1,
Decitabine,DB01262,"Leukemia, Myeloid, Chronic, Atypical, BCR-ABL Negative",C1292772,Terminated,Phase 1,
Decitabine,DB01262,de novo myelodysplastic syndromes,C0280451,Terminated,Phase 1,
Decitabine,DB01262,"Myelodysplastic/myeloproliferative neoplasm, unclassifiable",C1328061,Terminated,Phase 1,
Decitabine,DB01262,previously treated myelodysplastic syndromes,C0280744,Terminated,Phase 1,
Decitabine,DB01262,recurrent adult acute myeloid leukemia,C0278780,Terminated,Phase 1,
Decitabine,DB01262,secondary acute myeloid leukemia,C0280449,Terminated,Phase 1,
Decitabine,DB01262,secondary myelodysplastic syndromes,C0280745,Terminated,Phase 1,
Decitabine,DB01262,untreated adult acute myeloid leukemia,C0279089,Terminated,Phase 1,
Alemtuzumab,DB00087,Graft failure,C1262018,Terminated,Phase 1/Phase 2,
Erlotinib,DB00530,adult primary hepatocellular carcinoma,C0279607,Terminated,Phase 2,Administratively complete.
Erlotinib,DB00530,advanced adult primary liver cancer,C0278774,Terminated,Phase 2,Administratively complete.
Erlotinib,DB00530,localized unresectable adult primary liver cancer,C0278773,Terminated,Phase 2,Administratively complete.
Oxaliplatin,DB00526,Colorectal Neoplasms,C0009404,Terminated,Phase 2,
Micafungin,DB01141,Invasive Fungal Infections,C1262313,Terminated,Phase 3,Inadequate enrollment
Verteporfin,DB00460,Basal Cell Nevus Syndrome,C0004779,Terminated,Phase 3,
Bevacizumab,DB00112,"unspecified adult solid tumor, protocol specific",C0279004,Terminated,Phase 1,Administratively complete.
Docetaxel,DB01248,"unspecified adult solid tumor, protocol specific",C0279004,Terminated,Phase 1,Administratively complete.
Aldesleukin,DB00041,childhood chronic myelogenous leukemia,C1327920,Terminated,Phase 1/Phase 2,
Aldesleukin,DB00041,Childhood myelodysplastic syndrome,C2347761,Terminated,Phase 1/Phase 2,
Aldesleukin,DB00041,recurrent adult acute myeloid leukemia,C0278780,Terminated,Phase 1/Phase 2,
Aldesleukin,DB00041,recurrent childhood acute myeloid leukemia,C0278776,Terminated,Phase 1/Phase 2,
Aldesleukin,DB00041,chronic myelogenous leukemia in relapse,C0278787,Terminated,Phase 1/Phase 2,
Aldesleukin,DB00041,secondary acute myeloid leukemia,C0280449,Terminated,Phase 1/Phase 2,
Aldesleukin,DB00041,Acute Myeloid Leukemia Arising from Previous Myelodysplastic Syndrome,C1332153,Terminated,Phase 1/Phase 2,
Aldesleukin,DB00041,adult acute myeloid leukemia with 11q23 (MLL) abnormalities,C1541334,Terminated,Phase 1/Phase 2,
Aldesleukin,DB00041,adult acute myeloid leukemia with inv(16)(p13;q22),C1541333,Terminated,Phase 1/Phase 2,
Aldesleukin,DB00041,adult acute myeloid leukemia with t(15;17)(q22;q12),C1541335,Terminated,Phase 1/Phase 2,
Aldesleukin,DB00041,adult acute myeloid leukemia with t(16;16)(p13;q22),C1541332,Terminated,Phase 1/Phase 2,
Aldesleukin,DB00041,adult acute myeloid leukemia with t(8;21)(q22;q22),C1541331,Terminated,Phase 1/Phase 2,
Gemcitabine,DB00441,Malignant tumor of colon,C0007102,Terminated,Phase 1,Principal investigator [PI] has left institution.
Gemcitabine,DB00441,Malignant neoplasm of lung,C0242379,Terminated,Phase 1,Principal investigator [PI] has left institution.
Gefitinib,DB00317,Adenocarcinoma of colon,C0338106,Terminated,Phase 2,Administratively complete.
Fluorouracil,DB00544,Adenocarcinoma of colon,C0338106,Terminated,Phase 2,Administratively complete.
Irinotecan,DB00762,Adenocarcinoma of colon,C0338106,Terminated,Phase 2,Administratively complete.
Levoleucovorin,DB11596,Adenocarcinoma of colon,C0338106,Terminated,Phase 2,Administratively complete.
Gefitinib,DB00317,Adenocarcinoma of rectum,C0149978,Terminated,Phase 2,Administratively complete.
Fluorouracil,DB00544,Adenocarcinoma of rectum,C0149978,Terminated,Phase 2,Administratively complete.
Irinotecan,DB00762,Adenocarcinoma of rectum,C0149978,Terminated,Phase 2,Administratively complete.
Levoleucovorin,DB11596,Adenocarcinoma of rectum,C0149978,Terminated,Phase 2,Administratively complete.
Gefitinib,DB00317,Mucinous adenocarcinoma of colon,C0279639,Terminated,Phase 2,Administratively complete.
Fluorouracil,DB00544,Mucinous adenocarcinoma of colon,C0279639,Terminated,Phase 2,Administratively complete.
Irinotecan,DB00762,Mucinous adenocarcinoma of colon,C0279639,Terminated,Phase 2,Administratively complete.
Levoleucovorin,DB11596,Mucinous adenocarcinoma of colon,C0279639,Terminated,Phase 2,Administratively complete.
Gefitinib,DB00317,mucinous adenocarcinoma of rectum,C0279652,Terminated,Phase 2,Administratively complete.
Fluorouracil,DB00544,mucinous adenocarcinoma of rectum,C0279652,Terminated,Phase 2,Administratively complete.
Irinotecan,DB00762,mucinous adenocarcinoma of rectum,C0279652,Terminated,Phase 2,Administratively complete.
Levoleucovorin,DB11596,mucinous adenocarcinoma of rectum,C0279652,Terminated,Phase 2,Administratively complete.
Gefitinib,DB00317,Colon cancer recurrent,C0278553,Terminated,Phase 2,Administratively complete.
Fluorouracil,DB00544,Colon cancer recurrent,C0278553,Terminated,Phase 2,Administratively complete.
Irinotecan,DB00762,Colon cancer recurrent,C0278553,Terminated,Phase 2,Administratively complete.
Levoleucovorin,DB11596,Colon cancer recurrent,C0278553,Terminated,Phase 2,Administratively complete.
Gefitinib,DB00317,Recurrent Rectal Cancer,C0278554,Terminated,Phase 2,Administratively complete.
Fluorouracil,DB00544,Recurrent Rectal Cancer,C0278554,Terminated,Phase 2,Administratively complete.
Irinotecan,DB00762,Recurrent Rectal Cancer,C0278554,Terminated,Phase 2,Administratively complete.
Levoleucovorin,DB11596,Recurrent Rectal Cancer,C0278554,Terminated,Phase 2,Administratively complete.
Gefitinib,DB00317,signet ring adenocarcinoma of the colon,C0279640,Terminated,Phase 2,Administratively complete.
Fluorouracil,DB00544,signet ring adenocarcinoma of the colon,C0279640,Terminated,Phase 2,Administratively complete.
Irinotecan,DB00762,signet ring adenocarcinoma of the colon,C0279640,Terminated,Phase 2,Administratively complete.
Levoleucovorin,DB11596,signet ring adenocarcinoma of the colon,C0279640,Terminated,Phase 2,Administratively complete.
Gefitinib,DB00317,signet ring adenocarcinoma of the rectum,C0279654,Terminated,Phase 2,Administratively complete.
Fluorouracil,DB00544,signet ring adenocarcinoma of the rectum,C0279654,Terminated,Phase 2,Administratively complete.
Irinotecan,DB00762,signet ring adenocarcinoma of the rectum,C0279654,Terminated,Phase 2,Administratively complete.
Levoleucovorin,DB11596,signet ring adenocarcinoma of the rectum,C0279654,Terminated,Phase 2,Administratively complete.
Aldesleukin,DB00041,Mycosis fungoides/Sezary syndrome recurrent,C0862200,Terminated,Phase 1/Phase 2,Administratively complete.
Aldesleukin,DB00041,Cutaneous T-cell lymphoma recurrent,C0278580,Terminated,Phase 1/Phase 2,Administratively complete.
Aldesleukin,DB00041,Cutaneous T-cell lymphoma stage I,C0278566,Terminated,Phase 1/Phase 2,Administratively complete.
Aldesleukin,DB00041,Mycosis fungoides/Sezary syndrome stage I,C0862211,Terminated,Phase 1/Phase 2,Administratively complete.
Aldesleukin,DB00041,Cutaneous T-cell lymphoma stage II,C0278568,Terminated,Phase 1/Phase 2,Administratively complete.
Aldesleukin,DB00041,Mycosis fungoides/Sezary syndrome stage II,C0862216,Terminated,Phase 1/Phase 2,Administratively complete.
Aldesleukin,DB00041,Cutaneous T-cell lymphoma stage III,C0278570,Terminated,Phase 1/Phase 2,Administratively complete.
Aldesleukin,DB00041,Mycosis fungoides/Sezary syndrome stage III,C0862221,Terminated,Phase 1/Phase 2,Administratively complete.
Aldesleukin,DB00041,Cutaneous T-cell lymphoma stage IV,C0278572,Terminated,Phase 1/Phase 2,Administratively complete.
Aldesleukin,DB00041,Mycosis fungoides/Sezary syndrome stage IV,C0862226,Terminated,Phase 1/Phase 2,Administratively complete.
Gemcitabine,DB00441,ovarian neoplasm,C0919267,Terminated,Phase 2,
Doxorubicin,DB00997,ovarian neoplasm,C0919267,Terminated,Phase 2,
Azathioprine,DB00993,Pulmonary Fibrosis,C0034069,Terminated,Phase 3,Study design changes were needed based on GIPF-001 results
Cyclosporine,DB00091,leukemia,C0023418,Terminated,Phase 2,Poor accrual
Mycophenolate mofetil,DB00688,leukemia,C0023418,Terminated,Phase 2,Poor accrual
Mycophenolic acid,DB01024,leukemia,C0023418,Terminated,Phase 2,Poor accrual
,DB01024,leukemia,C0023418,Terminated,Phase 2,Poor accrual
Aldesleukin,DB00041,Neuroblastoma recurrent,C0278695,Terminated,Phase 1,Administratively complete.
Gemcitabine,DB00441,Malignant neoplasm of lung,C0242379,Withdrawn,Phase 3,Not opened at Fox Chase Cancer Center
Carboplatin,DB00958,Malignant neoplasm of lung,C0242379,Withdrawn,Phase 3,Not opened at Fox Chase Cancer Center
Trastuzumab,DB00072,Breast cancer recurrent,C0278493,Withdrawn,Phase 3,The study was not activated.
Tamoxifen,DB00675,Breast cancer recurrent,C0278493,Withdrawn,Phase 3,The study was not activated.
Vinorelbine,DB00361,Malignant neoplasm of lung,C0242379,Withdrawn,Phase 3,Study never started. No patients were enrolled.
Gemcitabine,DB00441,Malignant neoplasm of lung,C0242379,Withdrawn,Phase 3,Study never started. No patients were enrolled.
Fondaparinux sodium,DB00569,Myocardial Infarction,C0027051,Withdrawn,Phase 2,Drug sold to Sanofi-Aventis who sold it to GSK; OBS no longer owns study and does not have
Gemcitabine,DB00441,stage IV adult Hodgkin's lymphoma,C0278473,Terminated,Phase 1,Administratively complete.
Gemcitabine,DB00441,stage IV adult immunoblastic large cell lymphoma,C0280177,Terminated,Phase 1,Administratively complete.
Gemcitabine,DB00441,stage IV adult lymphoblastic lymphoma,C0280178,Terminated,Phase 1,Administratively complete.
Gemcitabine,DB00441,Adult T-cell lymphoma/leukaemia stage IV,C0280426,Terminated,Phase 1,Administratively complete.
Gemcitabine,DB00441,Cutaneous T-cell lymphoma stage IV,C0278572,Terminated,Phase 1,Administratively complete.
Gemcitabine,DB00441,stage IV adult diffuse small cleaved cell lymphoma,C0280173,Terminated,Phase 1,Administratively complete.
Gemcitabine,DB00441,recurrent grade 3 follicular lymphoma,C0280185,Terminated,Phase 1,Administratively complete.
Gemcitabine,DB00441,recurrent grade 1 follicular lymphoma,C0280182,Terminated,Phase 1,Administratively complete.
Gemcitabine,DB00441,recurrent grade 2 follicular lymphoma,C0280183,Terminated,Phase 1,Administratively complete.
Gemcitabine,DB00441,Mantle cell lymphoma recurrent,C0677725,Terminated,Phase 1,Administratively complete.
Gemcitabine,DB00441,Marginal zone lymphoma recurrent,C1541273,Terminated,Phase 1,Administratively complete.
Gemcitabine,DB00441,B-cell small lymphocytic lymphoma recurrent,C0855096,Terminated,Phase 1,Administratively complete.
Gemcitabine,DB00441,Splenic Marginal Zone B-Cell Lymphoma,C0349632,Terminated,Phase 1,Administratively complete.
Gemcitabine,DB00441,stage IV adult Burkitt's lymphoma,C0280179,Terminated,Phase 1,Administratively complete.
Gemcitabine,DB00441,stage IV adult diffuse large cell lymphoma,C0280175,Terminated,Phase 1,Administratively complete.
Gemcitabine,DB00441,stage IV adult diffuse mixed cell lymphoma,C0280174,Terminated,Phase 1,Administratively complete.
Gemcitabine,DB00441,stage IV grade 1 follicular lymphoma,C0280169,Terminated,Phase 1,Administratively complete.
Gemcitabine,DB00441,stage IV grade 2 follicular lymphoma,C0280170,Terminated,Phase 1,Administratively complete.
Gemcitabine,DB00441,stage IV grade 3 follicular lymphoma,C0280172,Terminated,Phase 1,Administratively complete.
Gemcitabine,DB00441,Mantle cell lymphoma stage IV,C0677721,Terminated,Phase 1,Administratively complete.
Gemcitabine,DB00441,Marginal zone lymphoma stage IV,C1541270,Terminated,Phase 1,Administratively complete.
Gemcitabine,DB00441,B-cell small lymphocytic lymphoma stage IV,C0855101,Terminated,Phase 1,Administratively complete.
Gemcitabine,DB00441,"unspecified adult solid tumor, protocol specific",C0279004,Terminated,Phase 1,Administratively complete.
Gemcitabine,DB00441,Mucosa-Associated Lymphoid Tissue Lymphoma,C0242647,Terminated,Phase 1,Administratively complete.
Gemcitabine,DB00441,Monocytoid B-cell lymphoma,C0855139,Terminated,Phase 1,Administratively complete.
Gemcitabine,DB00441,recurrent adult Burkitt's lymphoma,C0280192,Terminated,Phase 1,Administratively complete.
Gemcitabine,DB00441,recurrent adult diffuse large cell lymphoma,C0280188,Terminated,Phase 1,Administratively complete.
Gemcitabine,DB00441,recurrent adult diffuse mixed cell lymphoma,C0280187,Terminated,Phase 1,Administratively complete.
Gemcitabine,DB00441,recurrent adult diffuse small cleaved cell lymphoma,C0280186,Terminated,Phase 1,Administratively complete.
Gemcitabine,DB00441,recurrent adult Hodgkin's lymphoma,C0278530,Terminated,Phase 1,Administratively complete.
Gemcitabine,DB00441,recurrent adult immunoblastic large cell lymphoma,C0280190,Terminated,Phase 1,Administratively complete.
Gemcitabine,DB00441,recurrent adult lymphoblastic lymphoma,C0280191,Terminated,Phase 1,Administratively complete.
Gemcitabine,DB00441,Adult T-cell lymphoma/leukaemia recurrent,C0280427,Terminated,Phase 1,Administratively complete.
Gemcitabine,DB00441,Cutaneous T-cell lymphoma recurrent,C0278580,Terminated,Phase 1,Administratively complete.
Rituximab,DB00073,"Lymphoma, Mixed-Cell, Follicular",C0079758,Terminated,Phase 3,
Arsenic trioxide,DB01169,Adenocarcinoma Of Esophagus,C0279628,Terminated,Phase 2,Administratively complete.
Arsenic trioxide,DB01169,Esophageal neoplasm metastatic,C0278562,Terminated,Phase 2,Administratively complete.
Nitric Oxide,DB00435,Reperfusion Injury,C0035126,Terminated,Phase 3,Slow Enrollment
Treprostinil,DB00374,Critical limb ischemia,C1142264,Terminated,Phase 3,
Treprostinil,DB00374,Peripheral Vascular Diseases,C0085096,Terminated,Phase 3,
Treprostinil,DB00374,Foot Ulcer,C0085119,Terminated,Phase 3,
Sulindac,DB00605,Malignant tumor of colon,C0007102,Terminated,Phase 2,Study closed by the NCI.
Salicylic acid,DB00936,Malignant tumor of colon,C0007102,Terminated,Phase 2,Study closed by the NCI.
Acetylsalicylic acid,DB00945,Malignant tumor of colon,C0007102,Terminated,Phase 2,Study closed by the NCI.
Ursodeoxycholic acid,DB01586,Malignant tumor of colon,C0007102,Terminated,Phase 2,Study closed by the NCI.
Alfuzosin,DB00346,Benign Prostatic Hyperplasia,C1704272,Terminated,Phase 3,Inability to recruit required sample size.
Finasteride,DB01216,Benign Prostatic Hyperplasia,C1704272,Terminated,Phase 3,Inability to recruit required sample size.
Cisplatin,DB00515,Adenocarcinoma Of Esophagus,C0279628,Terminated,Phase 1/Phase 2,Discontinued development of G3139 (oblimersen)
Fluorouracil,DB00544,Adenocarcinoma Of Esophagus,C0279628,Terminated,Phase 1/Phase 2,Discontinued development of G3139 (oblimersen)
Cisplatin,DB00515,Adenocarcinoma of the gastroesophageal junction,C1332166,Terminated,Phase 1/Phase 2,Discontinued development of G3139 (oblimersen)
Fluorouracil,DB00544,Adenocarcinoma of the gastroesophageal junction,C1332166,Terminated,Phase 1/Phase 2,Discontinued development of G3139 (oblimersen)
Cisplatin,DB00515,diffuse adenocarcinoma of the stomach,C0279635,Terminated,Phase 1/Phase 2,Discontinued development of G3139 (oblimersen)
Fluorouracil,DB00544,diffuse adenocarcinoma of the stomach,C0279635,Terminated,Phase 1/Phase 2,Discontinued development of G3139 (oblimersen)
Cisplatin,DB00515,intestinal adenocarcinoma of the stomach,C0279633,Terminated,Phase 1/Phase 2,Discontinued development of G3139 (oblimersen)
Fluorouracil,DB00544,intestinal adenocarcinoma of the stomach,C0279633,Terminated,Phase 1/Phase 2,Discontinued development of G3139 (oblimersen)
Cisplatin,DB00515,mixed adenocarcinoma of the stomach,C0279638,Terminated,Phase 1/Phase 2,Discontinued development of G3139 (oblimersen)
Fluorouracil,DB00544,mixed adenocarcinoma of the stomach,C0279638,Terminated,Phase 1/Phase 2,Discontinued development of G3139 (oblimersen)
Cisplatin,DB00515,Oesophageal carcinoma recurrent,C0854761,Terminated,Phase 1/Phase 2,Discontinued development of G3139 (oblimersen)
Fluorouracil,DB00544,Oesophageal carcinoma recurrent,C0854761,Terminated,Phase 1/Phase 2,Discontinued development of G3139 (oblimersen)
Cisplatin,DB00515,recurrent gastric cancer,C0278502,Terminated,Phase 1/Phase 2,Discontinued development of G3139 (oblimersen)
Fluorouracil,DB00544,recurrent gastric cancer,C0278502,Terminated,Phase 1/Phase 2,Discontinued development of G3139 (oblimersen)
Cisplatin,DB00515,Squamous cell carcinoma of esophagus,C0279626,Terminated,Phase 1/Phase 2,Discontinued development of G3139 (oblimersen)
Fluorouracil,DB00544,Squamous cell carcinoma of esophagus,C0279626,Terminated,Phase 1/Phase 2,Discontinued development of G3139 (oblimersen)
Cisplatin,DB00515,Stage IIIC Gastric Cancer,C2981365,Terminated,Phase 1/Phase 2,Discontinued development of G3139 (oblimersen)
Fluorouracil,DB00544,Stage IIIC Gastric Cancer,C2981365,Terminated,Phase 1/Phase 2,Discontinued development of G3139 (oblimersen)
Cisplatin,DB00515,Esophageal neoplasm metastatic,C0278562,Terminated,Phase 1/Phase 2,Discontinued development of G3139 (oblimersen)
Fluorouracil,DB00544,Esophageal neoplasm metastatic,C0278562,Terminated,Phase 1/Phase 2,Discontinued development of G3139 (oblimersen)
Erlotinib,DB00530,Malignant neoplasm of lung,C0242379,Terminated,Phase 2,Low accrual rate
Carboplatin,DB00958,Malignant neoplasm of lung,C0242379,Terminated,Phase 2,Low accrual rate
Paclitaxel,DB01229,Malignant neoplasm of lung,C0242379,Terminated,Phase 2,Low accrual rate
Lamotrigine,DB00555,Bipolar Disorder,C0005586,Terminated,Phase 3,Funding Expiration
Prednisolone,DB00860,Chronic myeloproliferative disorder,C1292778,Terminated,Phase 2,Trial was withdrawn for drug availability issues.
Methylprednisolone,DB00860,Chronic myeloproliferative disorder,C1292778,Terminated,Phase 2,Trial was withdrawn for drug availability issues.
Fludarabine,DB00860,Chronic myeloproliferative disorder,C1292778,Terminated,Phase 2,Trial was withdrawn for drug availability issues.
,DB00959,Chronic myeloproliferative disorder,C1292778,Terminated,Phase 2,Trial was withdrawn for drug availability issues.
,DB00959,Chronic myeloproliferative disorder,C1292778,Terminated,Phase 2,Trial was withdrawn for drug availability issues.
,DB00959,Chronic myeloproliferative disorder,C1292778,Terminated,Phase 2,Trial was withdrawn for drug availability issues.
,DB01073,Chronic myeloproliferative disorder,C1292778,Terminated,Phase 2,Trial was withdrawn for drug availability issues.
Prednisolone,DB00860,leukemia,C0023418,Terminated,Phase 2,Trial was withdrawn for drug availability issues.
Methylprednisolone,DB00860,leukemia,C0023418,Terminated,Phase 2,Trial was withdrawn for drug availability issues.
Fludarabine,DB00860,leukemia,C0023418,Terminated,Phase 2,Trial was withdrawn for drug availability issues.
,DB00959,leukemia,C0023418,Terminated,Phase 2,Trial was withdrawn for drug availability issues.
,DB00959,leukemia,C0023418,Terminated,Phase 2,Trial was withdrawn for drug availability issues.
,DB00959,leukemia,C0023418,Terminated,Phase 2,Trial was withdrawn for drug availability issues.
,DB01073,leukemia,C0023418,Terminated,Phase 2,Trial was withdrawn for drug availability issues.
Bortezomib,DB00188,"unspecified adult solid tumor, protocol specific",C0279004,Terminated,Phase 1,Administratively complete.
Oxaliplatin,DB00526,"unspecified adult solid tumor, protocol specific",C0279004,Terminated,Phase 1,Administratively complete.
Oxaliplatin,DB00526,Colorectal Neoplasms,C0009404,Terminated,Phase 2,
Fluorouracil,DB00544,Colorectal Neoplasms,C0009404,Terminated,Phase 2,
Modafinil,DB00745,Postpoliomyelitis Syndrome,C0080040,Terminated,Phase 3,
Armodafinil,DB06413,Postpoliomyelitis Syndrome,C0080040,Terminated,Phase 3,
Treprostinil,DB00374,Peripheral Vascular Diseases,C0085096,Terminated,Phase 2/Phase 3,
Oxaliplatin,DB00526,Recurrent Rectal Cancer,C0278554,Terminated,Phase 3,Administratively complete.
Fluorouracil,DB00544,Recurrent Rectal Cancer,C0278554,Terminated,Phase 3,Administratively complete.
Leucovorin,DB00650,Recurrent Rectal Cancer,C0278554,Terminated,Phase 3,Administratively complete.
Irinotecan,DB00762,Recurrent Rectal Cancer,C0278554,Terminated,Phase 3,Administratively complete.
Levoleucovorin,DB11596,Recurrent Rectal Cancer,C0278554,Terminated,Phase 3,Administratively complete.
Oxaliplatin,DB00526,signet ring adenocarcinoma of the rectum,C0279654,Terminated,Phase 3,Administratively complete.
Fluorouracil,DB00544,signet ring adenocarcinoma of the rectum,C0279654,Terminated,Phase 3,Administratively complete.
Leucovorin,DB00650,signet ring adenocarcinoma of the rectum,C0279654,Terminated,Phase 3,Administratively complete.
Irinotecan,DB00762,signet ring adenocarcinoma of the rectum,C0279654,Terminated,Phase 3,Administratively complete.
Levoleucovorin,DB11596,signet ring adenocarcinoma of the rectum,C0279654,Terminated,Phase 3,Administratively complete.
Oxaliplatin,DB00526,Stage IIA Rectal Cancer,C3897537,Terminated,Phase 3,Administratively complete.
Fluorouracil,DB00544,Stage IIA Rectal Cancer,C3897537,Terminated,Phase 3,Administratively complete.
Leucovorin,DB00650,Stage IIA Rectal Cancer,C3897537,Terminated,Phase 3,Administratively complete.
Irinotecan,DB00762,Stage IIA Rectal Cancer,C3897537,Terminated,Phase 3,Administratively complete.
Levoleucovorin,DB11596,Stage IIA Rectal Cancer,C3897537,Terminated,Phase 3,Administratively complete.
Oxaliplatin,DB00526,Stage IIB Rectal Cancer,C3897536,Terminated,Phase 3,Administratively complete.
Fluorouracil,DB00544,Stage IIB Rectal Cancer,C3897536,Terminated,Phase 3,Administratively complete.
Leucovorin,DB00650,Stage IIB Rectal Cancer,C3897536,Terminated,Phase 3,Administratively complete.
Irinotecan,DB00762,Stage IIB Rectal Cancer,C3897536,Terminated,Phase 3,Administratively complete.
Levoleucovorin,DB11596,Stage IIB Rectal Cancer,C3897536,Terminated,Phase 3,Administratively complete.
Oxaliplatin,DB00526,Stage IIC Rectal Cancer,C3897535,Terminated,Phase 3,Administratively complete.
Fluorouracil,DB00544,Stage IIC Rectal Cancer,C3897535,Terminated,Phase 3,Administratively complete.
Leucovorin,DB00650,Stage IIC Rectal Cancer,C3897535,Terminated,Phase 3,Administratively complete.
Irinotecan,DB00762,Stage IIC Rectal Cancer,C3897535,Terminated,Phase 3,Administratively complete.
Levoleucovorin,DB11596,Stage IIC Rectal Cancer,C3897535,Terminated,Phase 3,Administratively complete.
Oxaliplatin,DB00526,Stage IIIA Rectal Cancer,C3897531,Terminated,Phase 3,Administratively complete.
Fluorouracil,DB00544,Stage IIIA Rectal Cancer,C3897531,Terminated,Phase 3,Administratively complete.
Leucovorin,DB00650,Stage IIIA Rectal Cancer,C3897531,Terminated,Phase 3,Administratively complete.
Irinotecan,DB00762,Stage IIIA Rectal Cancer,C3897531,Terminated,Phase 3,Administratively complete.
Levoleucovorin,DB11596,Stage IIIA Rectal Cancer,C3897531,Terminated,Phase 3,Administratively complete.
Oxaliplatin,DB00526,Stage IIIB Rectal Cancer,C3897528,Terminated,Phase 3,Administratively complete.
Fluorouracil,DB00544,Stage IIIB Rectal Cancer,C3897528,Terminated,Phase 3,Administratively complete.
Leucovorin,DB00650,Stage IIIB Rectal Cancer,C3897528,Terminated,Phase 3,Administratively complete.
Irinotecan,DB00762,Stage IIIB Rectal Cancer,C3897528,Terminated,Phase 3,Administratively complete.
Levoleucovorin,DB11596,Stage IIIB Rectal Cancer,C3897528,Terminated,Phase 3,Administratively complete.
Oxaliplatin,DB00526,Stage IIIC Rectal Cancer,C3897525,Terminated,Phase 3,Administratively complete.
Fluorouracil,DB00544,Stage IIIC Rectal Cancer,C3897525,Terminated,Phase 3,Administratively complete.
Leucovorin,DB00650,Stage IIIC Rectal Cancer,C3897525,Terminated,Phase 3,Administratively complete.
Irinotecan,DB00762,Stage IIIC Rectal Cancer,C3897525,Terminated,Phase 3,Administratively complete.
Levoleucovorin,DB11596,Stage IIIC Rectal Cancer,C3897525,Terminated,Phase 3,Administratively complete.
Oxaliplatin,DB00526,Stage IVA Rectal Cancer,C3897520,Terminated,Phase 3,Administratively complete.
Fluorouracil,DB00544,Stage IVA Rectal Cancer,C3897520,Terminated,Phase 3,Administratively complete.
Leucovorin,DB00650,Stage IVA Rectal Cancer,C3897520,Terminated,Phase 3,Administratively complete.
Irinotecan,DB00762,Stage IVA Rectal Cancer,C3897520,Terminated,Phase 3,Administratively complete.
Levoleucovorin,DB11596,Stage IVA Rectal Cancer,C3897520,Terminated,Phase 3,Administratively complete.
Oxaliplatin,DB00526,Stage IVB Rectal Cancer,C3897513,Terminated,Phase 3,Administratively complete.
Fluorouracil,DB00544,Stage IVB Rectal Cancer,C3897513,Terminated,Phase 3,Administratively complete.
Leucovorin,DB00650,Stage IVB Rectal Cancer,C3897513,Terminated,Phase 3,Administratively complete.
Irinotecan,DB00762,Stage IVB Rectal Cancer,C3897513,Terminated,Phase 3,Administratively complete.
Levoleucovorin,DB11596,Stage IVB Rectal Cancer,C3897513,Terminated,Phase 3,Administratively complete.
Oxaliplatin,DB00526,mucinous adenocarcinoma of rectum,C0279652,Terminated,Phase 3,Administratively complete.
Fluorouracil,DB00544,mucinous adenocarcinoma of rectum,C0279652,Terminated,Phase 3,Administratively complete.
Leucovorin,DB00650,mucinous adenocarcinoma of rectum,C0279652,Terminated,Phase 3,Administratively complete.
Irinotecan,DB00762,mucinous adenocarcinoma of rectum,C0279652,Terminated,Phase 3,Administratively complete.
Levoleucovorin,DB11596,mucinous adenocarcinoma of rectum,C0279652,Terminated,Phase 3,Administratively complete.
Metronidazole,DB00916,Breast cancer recurrent,C0278493,Terminated,Phase 1,
Chlorhexidine,DB00878,Dental caries,C0011334,Terminated,Phase 3,Unable to recruit sufficient number of subjects
Sirolimus,DB00877,leukemia,C0023418,Terminated,Phase 1,Recruiting/enrolling participants halted prematurely but potentially will resume
Everolimus,DB01590,leukemia,C0023418,Terminated,Phase 1,Recruiting/enrolling participants halted prematurely but potentially will resume
Gefitinib,DB00317,Malignant tumor of colon,C0007102,Terminated,Phase 1/Phase 2,Withdrawn due to poor/low accrual
Oxaliplatin,DB00526,Malignant tumor of colon,C0007102,Terminated,Phase 1/Phase 2,Withdrawn due to poor/low accrual
Capecitabine,DB01101,Malignant tumor of colon,C0007102,Terminated,Phase 1/Phase 2,Withdrawn due to poor/low accrual
Amphetamine,DB00182,Depressive disorder,C0011581,Terminated,Phase 2,Only 12 subjects enrolled. DSMB recommended closing due to lack of feasibility
Methylphenidate,DB00422,Depressive disorder,C0011581,Terminated,Phase 2,Only 12 subjects enrolled. DSMB recommended closing due to lack of feasibility
Amphetamine,DB00182,Neurotoxicity Syndromes,C0235032,Terminated,Phase 2,Only 12 subjects enrolled. DSMB recommended closing due to lack of feasibility
Methylphenidate,DB00422,Neurotoxicity Syndromes,C0235032,Terminated,Phase 2,Only 12 subjects enrolled. DSMB recommended closing due to lack of feasibility
Amphetamine,DB00182,"unspecified childhood solid tumor, protocol specific",C0279002,Terminated,Phase 2,Only 12 subjects enrolled. DSMB recommended closing due to lack of feasibility
Methylphenidate,DB00422,"unspecified childhood solid tumor, protocol specific",C0279002,Terminated,Phase 2,Only 12 subjects enrolled. DSMB recommended closing due to lack of feasibility
Alemtuzumab,DB00087,Chronic myeloproliferative disorder,C1292778,Terminated,Phase 2,Closed due to competing protocols
Fludarabine,DB01073,Chronic myeloproliferative disorder,C1292778,Terminated,Phase 2,Closed due to competing protocols
Alemtuzumab,DB00087,leukemia,C0023418,Terminated,Phase 2,Closed due to competing protocols
Fludarabine,DB01073,leukemia,C0023418,Terminated,Phase 2,Closed due to competing protocols
Romidepsin,DB06176,Renal Pelvis and Ureter Urothelial Carcinoma,C0220648,Terminated,Phase 2,Permanently Closed Due to Poor Accrual
Romidepsin,DB06176,Urethral Carcinoma,C0700101,Terminated,Phase 2,Permanently Closed Due to Poor Accrual
Erlotinib,DB00530,Stage IA Non-Small Cell Lung Carcinoma,C1336119,Terminated,Phase 2,
Erlotinib,DB00530,Stage IB Non-Small Cell Lung Carcinoma,C1336139,Terminated,Phase 2,
Erlotinib,DB00530,Stage IIA Non-Small Cell Lung Carcinoma,C1336167,Terminated,Phase 2,
Erlotinib,DB00530,Stage IIB Non-Small Cell Lung Carcinoma,C1336190,Terminated,Phase 2,
Erlotinib,DB00530,Non-small cell lung cancer stage IIIA,C0278983,Terminated,Phase 2,
Bevacizumab,DB00112,Adenocarcinoma of colon,C0338106,Terminated,Phase 3,Administratively complete.
Oxaliplatin,DB00526,Adenocarcinoma of colon,C0338106,Terminated,Phase 3,Administratively complete.
Fluorouracil,DB00544,Adenocarcinoma of colon,C0338106,Terminated,Phase 3,Administratively complete.
Leucovorin,DB00544,Adenocarcinoma of colon,C0338106,Terminated,Phase 3,Administratively complete.
Capecitabine,DB00650,Adenocarcinoma of colon,C0338106,Terminated,Phase 3,Administratively complete.
Levoleucovorin,DB01101,Adenocarcinoma of colon,C0338106,Terminated,Phase 3,Administratively complete.
,DB11596,Adenocarcinoma of colon,C0338106,Terminated,Phase 3,Administratively complete.
Bevacizumab,DB00112,Adenocarcinoma of rectum,C0149978,Terminated,Phase 3,Administratively complete.
Oxaliplatin,DB00526,Adenocarcinoma of rectum,C0149978,Terminated,Phase 3,Administratively complete.
Fluorouracil,DB00544,Adenocarcinoma of rectum,C0149978,Terminated,Phase 3,Administratively complete.
Leucovorin,DB00544,Adenocarcinoma of rectum,C0149978,Terminated,Phase 3,Administratively complete.
Capecitabine,DB00650,Adenocarcinoma of rectum,C0149978,Terminated,Phase 3,Administratively complete.
Levoleucovorin,DB01101,Adenocarcinoma of rectum,C0149978,Terminated,Phase 3,Administratively complete.
,DB11596,Adenocarcinoma of rectum,C0149978,Terminated,Phase 3,Administratively complete.
Bevacizumab,DB00112,Colon cancer recurrent,C0278553,Terminated,Phase 3,Administratively complete.
Oxaliplatin,DB00526,Colon cancer recurrent,C0278553,Terminated,Phase 3,Administratively complete.
Fluorouracil,DB00544,Colon cancer recurrent,C0278553,Terminated,Phase 3,Administratively complete.
Leucovorin,DB00544,Colon cancer recurrent,C0278553,Terminated,Phase 3,Administratively complete.
Capecitabine,DB00650,Colon cancer recurrent,C0278553,Terminated,Phase 3,Administratively complete.
Levoleucovorin,DB01101,Colon cancer recurrent,C0278553,Terminated,Phase 3,Administratively complete.
,DB11596,Colon cancer recurrent,C0278553,Terminated,Phase 3,Administratively complete.
Bevacizumab,DB00112,Recurrent Rectal Cancer,C0278554,Terminated,Phase 3,Administratively complete.
Oxaliplatin,DB00526,Recurrent Rectal Cancer,C0278554,Terminated,Phase 3,Administratively complete.
Fluorouracil,DB00544,Recurrent Rectal Cancer,C0278554,Terminated,Phase 3,Administratively complete.
Leucovorin,DB00544,Recurrent Rectal Cancer,C0278554,Terminated,Phase 3,Administratively complete.
Capecitabine,DB00650,Recurrent Rectal Cancer,C0278554,Terminated,Phase 3,Administratively complete.
Levoleucovorin,DB01101,Recurrent Rectal Cancer,C0278554,Terminated,Phase 3,Administratively complete.
,DB11596,Recurrent Rectal Cancer,C0278554,Terminated,Phase 3,Administratively complete.
Oxaliplatin,DB00526,Secondary malignant neoplasm of liver,C0494165,Terminated,Phase 2,Administratively complete.
Fluorouracil,DB00544,Secondary malignant neoplasm of liver,C0494165,Terminated,Phase 2,Administratively complete.
Capecitabine,DB00544,Secondary malignant neoplasm of liver,C0494165,Terminated,Phase 2,Administratively complete.
,DB01101,Secondary malignant neoplasm of liver,C0494165,Terminated,Phase 2,Administratively complete.
Oxaliplatin,DB00526,Colon cancer recurrent,C0278553,Terminated,Phase 2,Administratively complete.
Fluorouracil,DB00544,Colon cancer recurrent,C0278553,Terminated,Phase 2,Administratively complete.
Capecitabine,DB00544,Colon cancer recurrent,C0278553,Terminated,Phase 2,Administratively complete.
,DB01101,Colon cancer recurrent,C0278553,Terminated,Phase 2,Administratively complete.
Oxaliplatin,DB00526,Recurrent Rectal Cancer,C0278554,Terminated,Phase 2,Administratively complete.
Fluorouracil,DB00544,Recurrent Rectal Cancer,C0278554,Terminated,Phase 2,Administratively complete.
Capecitabine,DB00544,Recurrent Rectal Cancer,C0278554,Terminated,Phase 2,Administratively complete.
,DB01101,Recurrent Rectal Cancer,C0278554,Terminated,Phase 2,Administratively complete.
Oxaliplatin,DB00526,Malignant tumor of colon,C0007102,Withdrawn,Phase 2,poor accrual
Irinotecan,DB00762,Malignant tumor of colon,C0007102,Withdrawn,Phase 2,poor accrual
Levoleucovorin,DB11596,Malignant tumor of colon,C0007102,Withdrawn,Phase 2,poor accrual
Gefitinib,DB00317,Malignant neoplasm of lung,C0242379,Terminated,Phase 3,low accrual
Triptorelin,DB06825,Drug toxicity,C0013221,Terminated,Phase 2,Early closure due to low accrual
Fluorouracil,DB00544,Biliary Tract Cancer,C0750952,Terminated,Phase 3,Futility reasons after Independent Data Monitoring Committee interim analysis
Celecoxib,DB00482,Malignant tumor of colon,C0007102,Terminated,Phase 3,"For scientific, logistic, and administrative reasons."
Capsaicin,DB06774,Peripheral Neuropathy,C0031117,Terminated,Phase 3,Terminated in view of the C107 findings demonstrating efficacy at doses of 90 and 30 minutes
Capsaicin,DB06774,Pain,C0030193,Terminated,Phase 3,Terminated in view of the C107 findings demonstrating efficacy at doses of 90 and 30 minutes
Gefitinib,DB00317,Recurrent Head and Neck Carcinoma,C1335703,Terminated,Phase 3,It was unlikely that the primary endpoint would be reached based on the fifth interim analysis
Docetaxel,DB01248,Recurrent Head and Neck Carcinoma,C1335703,Terminated,Phase 3,It was unlikely that the primary endpoint would be reached based on the fifth interim analysis
Gefitinib,DB00317,Head and neck cancer metastatic,C0744619,Terminated,Phase 3,It was unlikely that the primary endpoint would be reached based on the fifth interim analysis
Docetaxel,DB01248,Head and neck cancer metastatic,C0744619,Terminated,Phase 3,It was unlikely that the primary endpoint would be reached based on the fifth interim analysis
Metronidazole,DB00916,Small cell lung cancer extensive stage,C0278726,Terminated,Phase 1,
Docetaxel,DB01248,Small cell lung cancer extensive stage,C0278726,Terminated,Phase 1,
Metronidazole,DB00916,Colon cancer recurrent,C0278553,Terminated,Phase 1,
Docetaxel,DB01248,Colon cancer recurrent,C0278553,Terminated,Phase 1,
Metronidazole,DB00916,Non-small cell lung cancer recurrent,C0278517,Terminated,Phase 1,
Docetaxel,DB01248,Non-small cell lung cancer recurrent,C0278517,Terminated,Phase 1,
Metronidazole,DB00916,Recurrent Rectal Cancer,C0278554,Terminated,Phase 1,
Docetaxel,DB01248,Recurrent Rectal Cancer,C0278554,Terminated,Phase 1,
Metronidazole,DB00916,Small cell lung cancer recurrent,C0278727,Terminated,Phase 1,
Docetaxel,DB01248,Small cell lung cancer recurrent,C0278727,Terminated,Phase 1,
Metronidazole,DB00916,Non-small cell lung cancer metastatic,C0278987,Terminated,Phase 1,
Docetaxel,DB01248,Non-small cell lung cancer metastatic,C0278987,Terminated,Phase 1,
Romidepsin,DB06176,Ovarian epithelial cancer recurrent,C0278689,Terminated,Phase 2,Administratively complete.
Romidepsin,DB06176,Glucagonoma,C0017689,Terminated,Phase 2,
Romidepsin,DB06176,insulinoma,C0021670,Terminated,Phase 2,
Romidepsin,DB06176,pancreatic polypeptide tumor,C1882278,Terminated,Phase 2,
Romidepsin,DB06176,Carcinoid tumor of lung,C0280089,Terminated,Phase 2,
Romidepsin,DB06176,recurrent gastrointestinal carcinoid tumor,C0278750,Terminated,Phase 2,
Romidepsin,DB06176,recurrent islet cell carcinoma,C0278843,Terminated,Phase 2,
Romidepsin,DB06176,regional gastrointestinal carcinoid tumor,C0278748,Terminated,Phase 2,
Valsartan,DB00177,Kidney Diseases,C0022658,Withdrawn,Phase 3,
Capsaicin,DB06774,Diabetic Neuropathies,C0011882,Terminated,Phase 2,
Capsaicin,DB06774,Diabetes Mellitus,C0011849,Terminated,Phase 2,
Capsaicin,DB06774,Polyneuropathy,C0152025,Terminated,Phase 2,
Capsaicin,DB06774,Herpes zoster disease,C0019360,Terminated,Phase 2,
Capsaicin,DB06774,Pain,C0030193,Terminated,Phase 2,
Capsaicin,DB06774,Peripheral Neuropathy,C0031117,Terminated,Phase 2,
Metronidazole,DB00916,Melanoma recurrent,C0278884,Terminated,Phase 2,
Doxorubicin,DB00997,recurrent adult soft tissue sarcoma,C0278665,Terminated,Phase 2,
Thalidomide,DB01041,recurrent adult soft tissue sarcoma,C0278665,Terminated,Phase 2,
Ifosfamide,DB01181,recurrent adult soft tissue sarcoma,C0278665,Terminated,Phase 2,
Doxorubicin,DB00997,stage I adult soft tissue sarcoma,C0278661,Terminated,Phase 2,
Thalidomide,DB01041,stage I adult soft tissue sarcoma,C0278661,Terminated,Phase 2,
Ifosfamide,DB01181,stage I adult soft tissue sarcoma,C0278661,Terminated,Phase 2,
Doxorubicin,DB00997,stage II adult soft tissue sarcoma,C0278662,Terminated,Phase 2,
Thalidomide,DB01041,stage II adult soft tissue sarcoma,C0278662,Terminated,Phase 2,
Ifosfamide,DB01181,stage II adult soft tissue sarcoma,C0278662,Terminated,Phase 2,
Doxorubicin,DB00997,stage III adult soft tissue sarcoma,C0278663,Terminated,Phase 2,
Thalidomide,DB01041,stage III adult soft tissue sarcoma,C0278663,Terminated,Phase 2,
Ifosfamide,DB01181,stage III adult soft tissue sarcoma,C0278663,Terminated,Phase 2,
Rituximab,DB00073,contiguous stage II adult diffuse large cell lymphoma,C0677695,Terminated,Phase 2,
Cyclophosphamide,DB00531,contiguous stage II adult diffuse large cell lymphoma,C0677695,Terminated,Phase 2,
Vincristine,DB00541,contiguous stage II adult diffuse large cell lymphoma,C0677695,Terminated,Phase 2,
Doxorubicin,DB00997,contiguous stage II adult diffuse large cell lymphoma,C0677695,Terminated,Phase 2,
Rituximab,DB00073,Mucosa-Associated Lymphoid Tissue Lymphoma,C0242647,Terminated,Phase 2,
Cyclophosphamide,DB00531,Mucosa-Associated Lymphoid Tissue Lymphoma,C0242647,Terminated,Phase 2,
Vincristine,DB00541,Mucosa-Associated Lymphoid Tissue Lymphoma,C0242647,Terminated,Phase 2,
Doxorubicin,DB00997,Mucosa-Associated Lymphoid Tissue Lymphoma,C0242647,Terminated,Phase 2,
Rituximab,DB00073,Monocytoid B-cell lymphoma,C0855139,Terminated,Phase 2,
Cyclophosphamide,DB00531,Monocytoid B-cell lymphoma,C0855139,Terminated,Phase 2,
Vincristine,DB00541,Monocytoid B-cell lymphoma,C0855139,Terminated,Phase 2,
Doxorubicin,DB00997,Monocytoid B-cell lymphoma,C0855139,Terminated,Phase 2,
Rituximab,DB00073,noncontiguous stage II adult diffuse large cell lymphoma,C0677709,Terminated,Phase 2,
Cyclophosphamide,DB00531,noncontiguous stage II adult diffuse large cell lymphoma,C0677709,Terminated,Phase 2,
Vincristine,DB00541,noncontiguous stage II adult diffuse large cell lymphoma,C0677709,Terminated,Phase 2,
Doxorubicin,DB00997,noncontiguous stage II adult diffuse large cell lymphoma,C0677709,Terminated,Phase 2,
Rituximab,DB00073,Splenic Marginal Zone B-Cell Lymphoma,C0349632,Terminated,Phase 2,
Cyclophosphamide,DB00531,Splenic Marginal Zone B-Cell Lymphoma,C0349632,Terminated,Phase 2,
Vincristine,DB00541,Splenic Marginal Zone B-Cell Lymphoma,C0349632,Terminated,Phase 2,
Doxorubicin,DB00997,Splenic Marginal Zone B-Cell Lymphoma,C0349632,Terminated,Phase 2,
Rituximab,DB00073,stage I adult diffuse large cell lymphoma,C0279960,Terminated,Phase 2,
Cyclophosphamide,DB00531,stage I adult diffuse large cell lymphoma,C0279960,Terminated,Phase 2,
Vincristine,DB00541,stage I adult diffuse large cell lymphoma,C0279960,Terminated,Phase 2,
Doxorubicin,DB00997,stage I adult diffuse large cell lymphoma,C0279960,Terminated,Phase 2,
Rituximab,DB00073,Malignant lymphoma of testis,C0349644,Terminated,Phase 2,
Cyclophosphamide,DB00531,Malignant lymphoma of testis,C0349644,Terminated,Phase 2,
Vincristine,DB00541,Malignant lymphoma of testis,C0349644,Terminated,Phase 2,
Doxorubicin,DB00997,Malignant lymphoma of testis,C0349644,Terminated,Phase 2,
Ifosfamide,DB01181,"unspecified adult solid tumor, protocol specific",C0279004,Terminated,Phase 1,Administratively complete.
Vitamin C,DB00126,refractory plasma cell neoplasm,C0278620,Withdrawn,Phase 2,
Melphalan,DB01042,refractory plasma cell neoplasm,C0278620,Withdrawn,Phase 2,
Arsenic trioxide,DB01169,refractory plasma cell neoplasm,C0278620,Withdrawn,Phase 2,
Oxaliplatin,DB00526,"unspecified adult solid tumor, protocol specific",C0279004,Terminated,Phase 1,
Rituximab,DB00073,leukemia,C0023418,Terminated,Phase 1,Lack of Accrual
Rituximab,DB00073,Lymphoproliferative Disorders,C0024314,Terminated,Phase 1,Lack of Accrual
Topotecan,DB01030,Malignant neoplasm of lung,C0242379,Terminated,Phase 2,Slow accrual
Sirolimus,DB00877,Rheumatoid Arthritis,C0003873,Terminated,Phase 2,
Everolimus,DB01590,Rheumatoid Arthritis,C0003873,Terminated,Phase 2,
Pegfilgrastim,DB00019,Central Nervous System Neoplasms,C0085136,Terminated,Phase 1/Phase 2,The unpromising experience of the French group with topotecan given at a dosage of 0.4
Topotecan,DB01030,Central Nervous System Neoplasms,C0085136,Terminated,Phase 1/Phase 2,The unpromising experience of the French group with topotecan given at a dosage of 0.4
Vancomycin,DB00512,Bacteremia,C0004610,Terminated,Phase 3,See Detailed Description
Linezolid,DB00601,Bacteremia,C0004610,Terminated,Phase 3,See Detailed Description
Cefazolin,DB01327,Bacteremia,C0004610,Terminated,Phase 3,See Detailed Description
Vancomycin,DB00512,Gram-Positive Bacterial Infections,C0085426,Terminated,Phase 3,See Detailed Description
Linezolid,DB00601,Gram-Positive Bacterial Infections,C0085426,Terminated,Phase 3,See Detailed Description
Cefazolin,DB01327,Gram-Positive Bacterial Infections,C0085426,Terminated,Phase 3,See Detailed Description
Niacin,DB00627,"Kidney Failure, Chronic",C0022661,Terminated,Phase 3,Unable to recruit sufficient study subjects
Sorafenib,DB00398,Conventional (Clear Cell) Renal Cell Carcinoma,C0279702,Terminated,Phase 2,
Nicotinamide,DB02701,Conventional (Clear Cell) Renal Cell Carcinoma,C0279702,Terminated,Phase 2,
Rituximab,DB00073,recurrent grade 1 follicular lymphoma,C0280182,Terminated,Phase 2,
Fludarabine,DB01073,recurrent grade 1 follicular lymphoma,C0280182,Terminated,Phase 2,
Romidepsin,DB06176,recurrent grade 1 follicular lymphoma,C0280182,Terminated,Phase 2,
Rituximab,DB00073,recurrent grade 2 follicular lymphoma,C0280183,Terminated,Phase 2,
Fludarabine,DB01073,recurrent grade 2 follicular lymphoma,C0280183,Terminated,Phase 2,
Romidepsin,DB06176,recurrent grade 2 follicular lymphoma,C0280183,Terminated,Phase 2,
Rituximab,DB00073,B-cell small lymphocytic lymphoma recurrent,C0855096,Terminated,Phase 2,
Fludarabine,DB01073,B-cell small lymphocytic lymphoma recurrent,C0855096,Terminated,Phase 2,
Romidepsin,DB06176,B-cell small lymphocytic lymphoma recurrent,C0855096,Terminated,Phase 2,
Infliximab,DB00065,Berylliosis,C0005138,Terminated,Phase 1/Phase 2,Not enough patients meeting criteria to enroll in the time period
Vorinostat,DB02546,Multiple Myeloma,C0026764,Terminated,Phase 1,
Trimethoprim,DB00440,HIV Infections,C0019693,Terminated,Phase 2/Phase 3,Data Safety Monitoring Board (DSMB) recommended stopping study due to futility
Isoniazid,DB00951,HIV Infections,C0019693,Terminated,Phase 2/Phase 3,Data Safety Monitoring Board (DSMB) recommended stopping study due to futility
Sulfamethoxazole,DB01015,HIV Infections,C0019693,Terminated,Phase 2/Phase 3,Data Safety Monitoring Board (DSMB) recommended stopping study due to futility
Trimethoprim,DB00440,Tuberculosis,C0041296,Terminated,Phase 2/Phase 3,Data Safety Monitoring Board (DSMB) recommended stopping study due to futility
Isoniazid,DB00951,Tuberculosis,C0041296,Terminated,Phase 2/Phase 3,Data Safety Monitoring Board (DSMB) recommended stopping study due to futility
Sulfamethoxazole,DB01015,Tuberculosis,C0041296,Terminated,Phase 2/Phase 3,Data Safety Monitoring Board (DSMB) recommended stopping study due to futility
Exemestane,DB00990,Breast cancer stage II,C0278486,Withdrawn,Phase 2,
Lenalidomide,DB00480,Reflex Sympathetic Dystrophy,C0034931,Terminated,Phase 2,Interim analysis showed the primary outcome was not reached
Thalidomide,DB01041,Reflex Sympathetic Dystrophy,C0034931,Terminated,Phase 2,Interim analysis showed the primary outcome was not reached
Alemtuzumab,DB00087,"Lymphoma, Non-Hodgkin",C0024305,Terminated,Phase 1/Phase 2,
Trastuzumab,DB00072,Breast cancer recurrent,C0278493,Terminated,Phase 2,Slow accrual.
Imatinib,DB00619,chronic myelogenous leukemia in relapse,C0278787,Terminated,Phase 1,
Sirolimus,DB00877,chronic myelogenous leukemia in relapse,C0278787,Terminated,Phase 1,
Everolimus,DB01590,chronic myelogenous leukemia in relapse,C0278787,Terminated,Phase 1,
Lopinavir,DB01601,Human immunodeficiency virus I infection,C0276500,Terminated,Phase 2,
Rituximab,DB00073,contiguous stage II adult diffuse large cell lymphoma,C0677695,Terminated,Phase 2,
Cyclophosphamide,DB00531,contiguous stage II adult diffuse large cell lymphoma,C0677695,Terminated,Phase 2,
Vincristine,DB00541,contiguous stage II adult diffuse large cell lymphoma,C0677695,Terminated,Phase 2,
Prednisone,DB00635,contiguous stage II adult diffuse large cell lymphoma,C0677695,Terminated,Phase 2,
Doxorubicin,DB00997,contiguous stage II adult diffuse large cell lymphoma,C0677695,Terminated,Phase 2,
Rituximab,DB00073,noncontiguous stage II adult diffuse large cell lymphoma,C0677709,Terminated,Phase 2,
Cyclophosphamide,DB00531,noncontiguous stage II adult diffuse large cell lymphoma,C0677709,Terminated,Phase 2,
Vincristine,DB00541,noncontiguous stage II adult diffuse large cell lymphoma,C0677709,Terminated,Phase 2,
Prednisone,DB00635,noncontiguous stage II adult diffuse large cell lymphoma,C0677709,Terminated,Phase 2,
Doxorubicin,DB00997,noncontiguous stage II adult diffuse large cell lymphoma,C0677709,Terminated,Phase 2,
Rituximab,DB00073,stage III adult diffuse large cell lymphoma,C0280162,Terminated,Phase 2,
Cyclophosphamide,DB00531,stage III adult diffuse large cell lymphoma,C0280162,Terminated,Phase 2,
Vincristine,DB00541,stage III adult diffuse large cell lymphoma,C0280162,Terminated,Phase 2,
Prednisone,DB00635,stage III adult diffuse large cell lymphoma,C0280162,Terminated,Phase 2,
Doxorubicin,DB00997,stage III adult diffuse large cell lymphoma,C0280162,Terminated,Phase 2,
Rituximab,DB00073,stage IV adult diffuse large cell lymphoma,C0280175,Terminated,Phase 2,
Cyclophosphamide,DB00531,stage IV adult diffuse large cell lymphoma,C0280175,Terminated,Phase 2,
Vincristine,DB00541,stage IV adult diffuse large cell lymphoma,C0280175,Terminated,Phase 2,
Prednisone,DB00635,stage IV adult diffuse large cell lymphoma,C0280175,Terminated,Phase 2,
Doxorubicin,DB00997,stage IV adult diffuse large cell lymphoma,C0280175,Terminated,Phase 2,
Bevacizumab,DB00112,Colorectal Neoplasms,C0009404,Terminated,Phase 2,After 1 year only 2 subjects enrolled and treated thus no meaningful efficacy analyses could
Irinotecan,DB00762,Colorectal Neoplasms,C0009404,Terminated,Phase 2,After 1 year only 2 subjects enrolled and treated thus no meaningful efficacy analyses could
Bevacizumab,DB00112,Liver neoplasms,C0023903,Terminated,Phase 2,After 1 year only 2 subjects enrolled and treated thus no meaningful efficacy analyses could
Irinotecan,DB00762,Liver neoplasms,C0023903,Terminated,Phase 2,After 1 year only 2 subjects enrolled and treated thus no meaningful efficacy analyses could
Ezetimibe,DB00973,"Lipid Metabolism, Inborn Errors",C0023772,Terminated,Phase 3,
Clofarabine,DB00631,leukemia,C0023418,Terminated,Phase 1,low accrual
Sirolimus,DB00877,Multiple Sclerosis,C0026769,Terminated,Phase 1/Phase 2,
Everolimus,DB01590,Multiple Sclerosis,C0026769,Terminated,Phase 1/Phase 2,
Erlotinib,DB00530,Metastatic malignant neoplasm to brain,C0220650,Terminated,Phase 3,
Temozolomide,DB00853,Metastatic malignant neoplasm to brain,C0220650,Terminated,Phase 3,
Erlotinib,DB00530,Non-small cell lung cancer recurrent,C0278517,Terminated,Phase 3,
Temozolomide,DB00853,Non-small cell lung cancer recurrent,C0278517,Terminated,Phase 3,
Erlotinib,DB00530,Non-small cell lung cancer metastatic,C0278987,Terminated,Phase 3,
Temozolomide,DB00853,Non-small cell lung cancer metastatic,C0278987,Terminated,Phase 3,
Bortezomib,DB00188,adult grade III lymphomatoid granulomatosis,C1541468,Terminated,Phase 1,
Bortezomib,DB00188,Ki-1+ Anaplastic Large Cell Lymphoma,C0206180,Terminated,Phase 1,
Bortezomib,DB00188,Angioimmunoblastic Lymphadenopathy,C0020981,Terminated,Phase 1,
Bortezomib,DB00188,Mucosa-Associated Lymphoid Tissue Lymphoma,C0242647,Terminated,Phase 1,
Bortezomib,DB00188,Monocytoid B-cell lymphoma,C0855139,Terminated,Phase 1,
Bortezomib,DB00188,recurrent adult Burkitt's lymphoma,C0280192,Terminated,Phase 1,
Bortezomib,DB00188,recurrent adult diffuse large cell lymphoma,C0280188,Terminated,Phase 1,
Bortezomib,DB00188,Cutaneous T-cell lymphoma recurrent,C0278580,Terminated,Phase 1,
Bortezomib,DB00188,recurrent grade 1 follicular lymphoma,C0280182,Terminated,Phase 1,
Bortezomib,DB00188,recurrent grade 2 follicular lymphoma,C0280183,Terminated,Phase 1,
Bortezomib,DB00188,recurrent grade 3 follicular lymphoma,C0280185,Terminated,Phase 1,
Bortezomib,DB00188,Mantle cell lymphoma recurrent,C0677725,Terminated,Phase 1,
Bortezomib,DB00188,Marginal zone lymphoma recurrent,C1541273,Terminated,Phase 1,
Bortezomib,DB00188,Mycosis fungoides/Sezary syndrome recurrent,C0862200,Terminated,Phase 1,
Bortezomib,DB00188,B-cell small lymphocytic lymphoma recurrent,C0855096,Terminated,Phase 1,
Bortezomib,DB00188,stage III adult Burkitt's lymphoma,C0280166,Terminated,Phase 1,
Bortezomib,DB00188,stage III adult diffuse large cell lymphoma,C0280162,Terminated,Phase 1,
Bortezomib,DB00188,stage III adult diffuse mixed cell lymphoma,C0280161,Terminated,Phase 1,
Bortezomib,DB00188,stage III adult diffuse small cleaved cell lymphoma,C0280160,Terminated,Phase 1,
Bortezomib,DB00188,stage III adult Hodgkin's lymphoma,C0278472,Terminated,Phase 1,
Bortezomib,DB00188,stage III adult immunoblastic large cell lymphoma,C0280164,Terminated,Phase 1,
Bortezomib,DB00188,stage III adult lymphoblastic lymphoma,C0280165,Terminated,Phase 1,
Bortezomib,DB00188,Adult T-cell lymphoma/leukaemia stage III,C0280425,Terminated,Phase 1,
Bortezomib,DB00188,Cutaneous T-cell lymphoma stage III,C0278570,Terminated,Phase 1,
Bortezomib,DB00188,stage III grade 1 follicular lymphoma,C0280156,Terminated,Phase 1,
Bortezomib,DB00188,stage III grade 2 follicular lymphoma,C0280157,Terminated,Phase 1,
Bortezomib,DB00188,stage III grade 3 follicular lymphoma,C0280159,Terminated,Phase 1,
Bortezomib,DB00188,Mantle cell lymphoma stage III,C0677714,Terminated,Phase 1,
Bortezomib,DB00188,Marginal zone lymphoma stage III,C1541269,Terminated,Phase 1,
Bortezomib,DB00188,Mycosis fungoides/Sezary syndrome stage III,C0862221,Terminated,Phase 1,
Bortezomib,DB00188,B-cell small lymphocytic lymphoma stage III,C0855100,Terminated,Phase 1,
Bortezomib,DB00188,stage IV adult Burkitt's lymphoma,C0280179,Terminated,Phase 1,
Bortezomib,DB00188,stage IV adult diffuse large cell lymphoma,C0280175,Terminated,Phase 1,
Bortezomib,DB00188,stage IV adult diffuse mixed cell lymphoma,C0280174,Terminated,Phase 1,
Bortezomib,DB00188,stage IV adult diffuse small cleaved cell lymphoma,C0280173,Terminated,Phase 1,
Bortezomib,DB00188,stage IV adult Hodgkin's lymphoma,C0278473,Terminated,Phase 1,
Bortezomib,DB00188,stage IV adult immunoblastic large cell lymphoma,C0280177,Terminated,Phase 1,
Bortezomib,DB00188,stage IV adult lymphoblastic lymphoma,C0280178,Terminated,Phase 1,
Bortezomib,DB00188,Adult T-cell lymphoma/leukaemia stage IV,C0280426,Terminated,Phase 1,
Bortezomib,DB00188,Cutaneous T-cell lymphoma stage IV,C0278572,Terminated,Phase 1,
Bortezomib,DB00188,AIDS-related peripheral/systemic lymphoma,C0281240,Terminated,Phase 1,
Bortezomib,DB00188,stage IV grade 1 follicular lymphoma,C0280169,Terminated,Phase 1,
Bortezomib,DB00188,stage IV grade 2 follicular lymphoma,C0280170,Terminated,Phase 1,
Bortezomib,DB00188,stage IV grade 3 follicular lymphoma,C0280172,Terminated,Phase 1,
Bortezomib,DB00188,Mantle cell lymphoma stage IV,C0677721,Terminated,Phase 1,
Bortezomib,DB00188,Marginal zone lymphoma stage IV,C1541270,Terminated,Phase 1,
Bortezomib,DB00188,Mycosis fungoides/Sezary syndrome stage IV,C0862226,Terminated,Phase 1,
Bortezomib,DB00188,B-cell small lymphocytic lymphoma stage IV,C0855101,Terminated,Phase 1,
Bortezomib,DB00188,"unspecified adult solid tumor, protocol specific",C0279004,Terminated,Phase 1,
Bortezomib,DB00188,recurrent adult diffuse mixed cell lymphoma,C0280187,Terminated,Phase 1,
Bortezomib,DB00188,recurrent adult diffuse small cleaved cell lymphoma,C0280186,Terminated,Phase 1,
Bortezomib,DB00188,recurrent adult grade III lymphomatoid granulomatosis,C1541469,Terminated,Phase 1,
Bortezomib,DB00188,recurrent adult Hodgkin's lymphoma,C0278530,Terminated,Phase 1,
Bortezomib,DB00188,recurrent adult immunoblastic large cell lymphoma,C0280190,Terminated,Phase 1,
Bortezomib,DB00188,recurrent adult lymphoblastic lymphoma,C0280191,Terminated,Phase 1,
Bortezomib,DB00188,Adult T-cell lymphoma/leukaemia recurrent,C0280427,Terminated,Phase 1,
Sorafenib,DB00398,Anaplastic thyroid carcinoma,C0238461,Terminated,Phase 2,
Nicotinamide,DB02701,Anaplastic thyroid carcinoma,C0238461,Terminated,Phase 2,
Sorafenib,DB00398,insular thyroid cancer,C1134506,Terminated,Phase 2,
Nicotinamide,DB02701,insular thyroid cancer,C1134506,Terminated,Phase 2,
Sorafenib,DB00398,Recurrent Thyroid Carcinoma,C0278861,Terminated,Phase 2,
Nicotinamide,DB02701,Recurrent Thyroid Carcinoma,C0278861,Terminated,Phase 2,
Sorafenib,DB00398,stage III follicular thyroid cancer,C0279178,Terminated,Phase 2,
Nicotinamide,DB02701,stage III follicular thyroid cancer,C0279178,Terminated,Phase 2,
Sorafenib,DB00398,stage III papillary thyroid cancer,C0279179,Terminated,Phase 2,
Nicotinamide,DB02701,stage III papillary thyroid cancer,C0279179,Terminated,Phase 2,
Sorafenib,DB00398,stage IV follicular thyroid cancer,C0278854,Terminated,Phase 2,
Nicotinamide,DB02701,stage IV follicular thyroid cancer,C0278854,Terminated,Phase 2,
Sorafenib,DB00398,Metastatic papillary thyroid carcinoma,C0278851,Terminated,Phase 2,
Nicotinamide,DB02701,Metastatic papillary thyroid carcinoma,C0278851,Terminated,Phase 2,
Sirolimus,DB00877,recurrent adult diffuse large cell lymphoma,C0280188,Terminated,Phase 2,Administratively complete.
Everolimus,DB01590,recurrent adult diffuse large cell lymphoma,C0280188,Terminated,Phase 2,Administratively complete.
Sirolimus,DB00877,recurrent adult Hodgkin's lymphoma,C0278530,Terminated,Phase 2,Administratively complete.
Everolimus,DB01590,recurrent adult Hodgkin's lymphoma,C0278530,Terminated,Phase 2,Administratively complete.
Sirolimus,DB00877,Chronic lymphocytic leukaemia refractory,C0278791,Terminated,Phase 2,Administratively complete.
Everolimus,DB01590,Chronic lymphocytic leukaemia refractory,C0278791,Terminated,Phase 2,Administratively complete.
Romidepsin,DB06176,melanoma,C0025202,Terminated,Phase 2,"The study was terminated on May 17, 2006 due to slow accrual."
Ciprofloxacin,DB00537,Fever,C0015967,Terminated,Phase 3,Accrual goal for interventional part not achievable
Bortezomib,DB00188,Malignant neoplasm of stomach,C0024623,Terminated,Phase 2,
Levoleucovorin,DB11596,Malignant neoplasm of stomach,C0024623,Terminated,Phase 2,
Venlafaxine,DB00285,Anxiety Disorders,C0003469,Terminated,Phase 2,European reports of liver toxicity from kava meant that the study had to stop
Metronidazole,DB00916,Bladder Adenocarcinoma,C0279682,Terminated,Phase 1,
Metronidazole,DB00916,Bladder Squamous Cell Carcinoma,C0279681,Terminated,Phase 1,
Metronidazole,DB00916,Transitional cell carcinoma of bladder,C0279680,Terminated,Phase 1,
Metronidazole,DB00916,Bladder cancer recurrent,C0278827,Terminated,Phase 1,
Metronidazole,DB00916,Bladder cancer stage II,C0278823,Terminated,Phase 1,
Metronidazole,DB00916,Bladder cancer stage III,C0278824,Terminated,Phase 1,
Infliximab,DB00065,Giant Cell Arteritis,C0039483,Terminated,Phase 2,"Interim analysis, infliximab did not reduce number of first relapses in GCA or cumulative"
Sirolimus,DB00877,Neoplasm Metastasis,C0027627,Terminated,Phase 3,
Letrozole,DB01006,Neoplasm Metastasis,C0027627,Terminated,Phase 3,
Everolimus,DB01590,Neoplasm Metastasis,C0027627,Terminated,Phase 3,
Gemcitabine,DB00441,Meningitis,C0025289,Terminated,Phase 1,
Abciximab,DB00054,Brain Ischemia,C0007786,Terminated,Phase 3,"Based on the data and observed benefit-risk profile, the trial's independent oversight"
Abciximab,DB00054,Acute Disease,C0001314,Terminated,Phase 3,"Based on the data and observed benefit-risk profile, the trial's independent oversight"
Cisplatin,DB00515,extragonadal germ cell tumor,C0262963,Terminated,Phase 3,poor accrual
Vinblastine,DB00570,extragonadal germ cell tumor,C0262963,Terminated,Phase 3,poor accrual
Ifosfamide,DB01181,extragonadal germ cell tumor,C0262963,Terminated,Phase 3,poor accrual
Paclitaxel,DB01229,extragonadal germ cell tumor,C0262963,Terminated,Phase 3,poor accrual
Vinblastine,DB00570,Testicular Germ Cell Tumor,C1336708,Terminated,Phase 3,poor accrual
Paclitaxel,DB01229,Testicular Germ Cell Tumor,C1336708,Terminated,Phase 3,poor accrual
Celecoxib,DB00482,High-Grade Squamous Intraepithelial Lesions,C0333875,Withdrawn,Phase 2,drug issues
Gemcitabine,DB00441,"unspecified adult solid tumor, protocol specific",C0279004,Withdrawn,Phase 1,
Thalidomide,DB01041,Stomatitis,C0038362,Terminated,Phase 2,unable to enroll adequate subjects
Sorafenib,DB00398,Anaplastic thyroid carcinoma,C0238461,Terminated,Phase 2,
Nicotinamide,DB02701,Anaplastic thyroid carcinoma,C0238461,Terminated,Phase 2,
Sorafenib,DB00398,Recurrent Thyroid Carcinoma,C0278861,Terminated,Phase 2,
Nicotinamide,DB02701,Recurrent Thyroid Carcinoma,C0278861,Terminated,Phase 2,
Cyclophosphamide,DB00531,"Leukemia, Myelocytic, Acute",C0023467,Terminated,Phase 3,insufficient patient recruitement
Fludarabine,DB01073,"Leukemia, Myelocytic, Acute",C0023467,Terminated,Phase 3,insufficient patient recruitement
Bortezomib,DB00188,Bronchioloalveolar Adenocarcinoma,C0007120,Terminated,Phase 2,insufficient efficacy
Rituximab,DB00073,Atypical Burkitt's lymphoma,C1629504,Terminated,Phase 2,closed due to slow accrual
Cyclophosphamide,DB00531,Atypical Burkitt's lymphoma,C1629504,Terminated,Phase 2,closed due to slow accrual
Vincristine,DB00541,Atypical Burkitt's lymphoma,C1629504,Terminated,Phase 2,closed due to slow accrual
Methotrexate,DB00563,Atypical Burkitt's lymphoma,C1629504,Terminated,Phase 2,closed due to slow accrual
Etoposide,DB00773,Atypical Burkitt's lymphoma,C1629504,Terminated,Phase 2,closed due to slow accrual
Cytarabine,DB00987,Atypical Burkitt's lymphoma,C1629504,Terminated,Phase 2,closed due to slow accrual
Doxorubicin,DB00997,Atypical Burkitt's lymphoma,C1629504,Terminated,Phase 2,closed due to slow accrual
Ifosfamide,DB01181,Atypical Burkitt's lymphoma,C1629504,Terminated,Phase 2,closed due to slow accrual
Tacrolimus,DB00864,Graft-vs-Host Disease,C0018133,Terminated,Phase 2/Phase 3,safety reasons
Sirolimus,DB00877,Graft-vs-Host Disease,C0018133,Terminated,Phase 2/Phase 3,safety reasons
Everolimus,DB01590,Graft-vs-Host Disease,C0018133,Terminated,Phase 2/Phase 3,safety reasons
Sorafenib,DB00398,Conventional (Clear Cell) Renal Cell Carcinoma,C0279702,Terminated,Phase 2,
Nicotinamide,DB02701,Conventional (Clear Cell) Renal Cell Carcinoma,C0279702,Terminated,Phase 2,
Bevacizumab,DB00112,Adenocarcinoma,C0001418,Terminated,Phase 2,drug now on market
Oxaliplatin,DB00526,Adenocarcinoma,C0001418,Terminated,Phase 2,drug now on market
Fluorouracil,DB00544,Adenocarcinoma,C0001418,Terminated,Phase 2,drug now on market
Irinotecan,DB00544,Adenocarcinoma,C0001418,Terminated,Phase 2,drug now on market
Capecitabine,DB00762,Adenocarcinoma,C0001418,Terminated,Phase 2,drug now on market
,DB01101,Adenocarcinoma,C0001418,Terminated,Phase 2,drug now on market
Bevacizumab,DB00112,adult acute basophilic leukemia,C0279631,Terminated,Phase 2,Administratively complete.
Cytarabine,DB00987,adult acute basophilic leukemia,C0279631,Terminated,Phase 2,Administratively complete.
Idarubicin,DB01177,adult acute basophilic leukemia,C0279631,Terminated,Phase 2,Administratively complete.
Bevacizumab,DB00112,adult acute eosinophilic leukemia,C0279630,Terminated,Phase 2,Administratively complete.
Cytarabine,DB00987,adult acute eosinophilic leukemia,C0279630,Terminated,Phase 2,Administratively complete.
Idarubicin,DB01177,adult acute eosinophilic leukemia,C0279630,Terminated,Phase 2,Administratively complete.
Bevacizumab,DB00112,adult acute megakaryoblastic leukemia (M7),C0279632,Terminated,Phase 2,Administratively complete.
Cytarabine,DB00987,adult acute megakaryoblastic leukemia (M7),C0279632,Terminated,Phase 2,Administratively complete.
Idarubicin,DB01177,adult acute megakaryoblastic leukemia (M7),C0279632,Terminated,Phase 2,Administratively complete.
Bevacizumab,DB00112,adult acute minimally differentiated myeloid leukemia (M0),C0281641,Terminated,Phase 2,Administratively complete.
Cytarabine,DB00987,adult acute minimally differentiated myeloid leukemia (M0),C0281641,Terminated,Phase 2,Administratively complete.
Idarubicin,DB01177,adult acute minimally differentiated myeloid leukemia (M0),C0281641,Terminated,Phase 2,Administratively complete.
Bevacizumab,DB00112,adult acute monoblastic leukemia (M5a),C0279629,Terminated,Phase 2,Administratively complete.
Cytarabine,DB00987,adult acute monoblastic leukemia (M5a),C0279629,Terminated,Phase 2,Administratively complete.
Idarubicin,DB01177,adult acute monoblastic leukemia (M5a),C0279629,Terminated,Phase 2,Administratively complete.
Bevacizumab,DB00112,adult acute monocytic leukemia (M5b),C0280634,Terminated,Phase 2,Administratively complete.
Cytarabine,DB00987,adult acute monocytic leukemia (M5b),C0280634,Terminated,Phase 2,Administratively complete.
Idarubicin,DB01177,adult acute monocytic leukemia (M5b),C0280634,Terminated,Phase 2,Administratively complete.
Bevacizumab,DB00112,adult acute myeloblastic leukemia with maturation (M2),C0279624,Terminated,Phase 2,Administratively complete.
Cytarabine,DB00987,adult acute myeloblastic leukemia with maturation (M2),C0279624,Terminated,Phase 2,Administratively complete.
Idarubicin,DB01177,adult acute myeloblastic leukemia with maturation (M2),C0279624,Terminated,Phase 2,Administratively complete.
Bevacizumab,DB00112,Adult Acute Myeloid Leukemia without Maturation,C0279623,Terminated,Phase 2,Administratively complete.
Cytarabine,DB00987,Adult Acute Myeloid Leukemia without Maturation,C0279623,Terminated,Phase 2,Administratively complete.
Idarubicin,DB01177,Adult Acute Myeloid Leukemia without Maturation,C0279623,Terminated,Phase 2,Administratively complete.
Bevacizumab,DB00112,adult acute myeloid leukemia with 11q23 (MLL) abnormalities,C1541334,Terminated,Phase 2,Administratively complete.
Cytarabine,DB00987,adult acute myeloid leukemia with 11q23 (MLL) abnormalities,C1541334,Terminated,Phase 2,Administratively complete.
Idarubicin,DB01177,adult acute myeloid leukemia with 11q23 (MLL) abnormalities,C1541334,Terminated,Phase 2,Administratively complete.
Bevacizumab,DB00112,adult acute myelomonocytic leukemia (M4),C0279627,Terminated,Phase 2,Administratively complete.
Cytarabine,DB00987,adult acute myelomonocytic leukemia (M4),C0279627,Terminated,Phase 2,Administratively complete.
Idarubicin,DB01177,adult acute myelomonocytic leukemia (M4),C0279627,Terminated,Phase 2,Administratively complete.
Bevacizumab,DB00112,adult erythroleukemia (M6a),C1541339,Terminated,Phase 2,Administratively complete.
Cytarabine,DB00987,adult erythroleukemia (M6a),C1541339,Terminated,Phase 2,Administratively complete.
Idarubicin,DB01177,adult erythroleukemia (M6a),C1541339,Terminated,Phase 2,Administratively complete.
Bevacizumab,DB00112,adult pure erythroid leukemia (M6b),C1541340,Terminated,Phase 2,Administratively complete.
Cytarabine,DB00987,adult pure erythroid leukemia (M6b),C1541340,Terminated,Phase 2,Administratively complete.
Idarubicin,DB01177,adult pure erythroid leukemia (M6b),C1541340,Terminated,Phase 2,Administratively complete.
Bevacizumab,DB00112,childhood acute basophilic leukemia,C0279649,Terminated,Phase 2,Administratively complete.
Cytarabine,DB00987,childhood acute basophilic leukemia,C0279649,Terminated,Phase 2,Administratively complete.
Idarubicin,DB01177,childhood acute basophilic leukemia,C0279649,Terminated,Phase 2,Administratively complete.
Bevacizumab,DB00112,childhood acute eosinophilic leukemia,C0279648,Terminated,Phase 2,Administratively complete.
Cytarabine,DB00987,childhood acute eosinophilic leukemia,C0279648,Terminated,Phase 2,Administratively complete.
Idarubicin,DB01177,childhood acute eosinophilic leukemia,C0279648,Terminated,Phase 2,Administratively complete.
Bevacizumab,DB00112,childhood acute erythroleukemia (M6),C0279647,Terminated,Phase 2,Administratively complete.
Cytarabine,DB00987,childhood acute erythroleukemia (M6),C0279647,Terminated,Phase 2,Administratively complete.
Idarubicin,DB01177,childhood acute erythroleukemia (M6),C0279647,Terminated,Phase 2,Administratively complete.
Bevacizumab,DB00112,childhood acute megakaryocytic leukemia (M7),C0279650,Terminated,Phase 2,Administratively complete.
Cytarabine,DB00987,childhood acute megakaryocytic leukemia (M7),C0279650,Terminated,Phase 2,Administratively complete.
Idarubicin,DB01177,childhood acute megakaryocytic leukemia (M7),C0279650,Terminated,Phase 2,Administratively complete.
Bevacizumab,DB00112,childhood acute myeloblastic leukemia with maturation (M2),C0279636,Terminated,Phase 2,Administratively complete.
Cytarabine,DB00987,childhood acute myeloblastic leukemia with maturation (M2),C0279636,Terminated,Phase 2,Administratively complete.
Idarubicin,DB01177,childhood acute myeloblastic leukemia with maturation (M2),C0279636,Terminated,Phase 2,Administratively complete.
Bevacizumab,DB00112,childhood acute myeloblastic leukemia without maturation (M1),C0279634,Terminated,Phase 2,Administratively complete.
Cytarabine,DB00987,childhood acute myeloblastic leukemia without maturation (M1),C0279634,Terminated,Phase 2,Administratively complete.
Idarubicin,DB01177,childhood acute myeloblastic leukemia without maturation (M1),C0279634,Terminated,Phase 2,Administratively complete.
Bevacizumab,DB00112,childhood acute myelomonocytic leukemia (M4),C0279644,Terminated,Phase 2,Administratively complete.
Cytarabine,DB00987,childhood acute myelomonocytic leukemia (M4),C0279644,Terminated,Phase 2,Administratively complete.
Idarubicin,DB01177,childhood acute myelomonocytic leukemia (M4),C0279644,Terminated,Phase 2,Administratively complete.
Bevacizumab,DB00112,secondary acute myeloid leukemia,C0280449,Terminated,Phase 2,Administratively complete.
Cytarabine,DB00987,secondary acute myeloid leukemia,C0280449,Terminated,Phase 2,Administratively complete.
Idarubicin,DB01177,secondary acute myeloid leukemia,C0280449,Terminated,Phase 2,Administratively complete.
Bevacizumab,DB00112,untreated adult acute myeloid leukemia,C0279089,Terminated,Phase 2,Administratively complete.
Cytarabine,DB00987,untreated adult acute myeloid leukemia,C0279089,Terminated,Phase 2,Administratively complete.
Idarubicin,DB01177,untreated adult acute myeloid leukemia,C0279089,Terminated,Phase 2,Administratively complete.
Bevacizumab,DB00112,untreated childhood acute myeloid leukemia and other myeloid malignancies,C0279090,Terminated,Phase 2,Administratively complete.
Cytarabine,DB00987,untreated childhood acute myeloid leukemia and other myeloid malignancies,C0279090,Terminated,Phase 2,Administratively complete.
Idarubicin,DB01177,untreated childhood acute myeloid leukemia and other myeloid malignancies,C0279090,Terminated,Phase 2,Administratively complete.
Cidofovir,DB00369,BK virus nephropathy,C1697878,Terminated,Phase 1/Phase 2,
Sildenafil,DB00203,Pre-Eclampsia,C0032914,Terminated,Phase 2,Study prematurely discont’d 20-Apr-2006 after interim analysis suggested sample size could be
Alefacept,DB00092,Lichen Planus,C0023646,Terminated,Phase 2,Pharmaceutical sponsor withdrew financial support.
Rituximab,DB00073,Waldenstrom Macroglobulinemia,C0024419,Terminated,Phase 2,Toxicity
Lenalidomide,DB00480,Waldenstrom Macroglobulinemia,C0024419,Terminated,Phase 2,Toxicity
Thalidomide,DB01041,Waldenstrom Macroglobulinemia,C0024419,Terminated,Phase 2,Toxicity
Amlodipine,DB00381,Chronic heart failure,C0264716,Suspended,Phase 2,
Memantine,DB01043,Schizophrenia,C0036341,Terminated,Phase 3,
Pioglitazone,DB01132,HIV-Associated Lipodystrophy Syndrome,C1136321,Terminated,Phase 3,
Memantine,DB01043,Chronic schizophrenia,C0221765,Terminated,Phase 3,
Mycophenolate mofetil,DB00688,Evidence of liver transplantation,C0940823,Terminated,Phase 3,insufficient enrollment
Tacrolimus,DB00864,Evidence of liver transplantation,C0940823,Terminated,Phase 3,insufficient enrollment
Mycophenolic acid,DB01024,Evidence of liver transplantation,C0940823,Terminated,Phase 3,insufficient enrollment
,DB01024,Evidence of liver transplantation,C0940823,Terminated,Phase 3,insufficient enrollment
Cyclophosphamide,DB00531,"Leukemia, Myelocytic, Acute",C0023467,Terminated,Phase 3,Insurance coverage reached
Clonidine,DB00575,Treatment related secondary malignancy,C0877578,Withdrawn,Phase 1/Phase 2,Study was never initiated
Octreotide,DB00104,Proliferative diabetic retinopathy,C0154830,Terminated,Phase 3,"trial stopped on Sept 24, 2007"
Oxaliplatin,DB00526,Colonic Neoplasms,C0009375,Terminated,Phase 2,
Irinotecan,DB00762,Colonic Neoplasms,C0009375,Terminated,Phase 2,
Oxaliplatin,DB00526,Rectal Neoplasms,C0034885,Terminated,Phase 2,
Irinotecan,DB00762,Rectal Neoplasms,C0034885,Terminated,Phase 2,
Oxaliplatin,DB00526,Appendiceal Neoplasms,C0003614,Terminated,Phase 2,
Irinotecan,DB00762,Appendiceal Neoplasms,C0003614,Terminated,Phase 2,
Oxaliplatin,DB00526,Peritoneal Neoplasms,C0031149,Terminated,Phase 2,
Irinotecan,DB00762,Peritoneal Neoplasms,C0031149,Terminated,Phase 2,
Oxaliplatin,DB00526,Endocrine Gland Neoplasms,C0014132,Terminated,Phase 2,
Irinotecan,DB00762,Endocrine Gland Neoplasms,C0014132,Terminated,Phase 2,
Estradiol,DB00783,Malignant epithelial neoplasm of female breast,C3163805,Terminated,Phase 2,Insufficient accrual
Fulvestrant,DB00947,Malignant epithelial neoplasm of female breast,C3163805,Terminated,Phase 2,Insufficient accrual
Rituximab,DB00073,Primary Effusion Lymphoma,C1292753,Terminated,Phase 2,Insufficient Accrual
Doxorubicin,DB00997,Primary Effusion Lymphoma,C1292753,Terminated,Phase 2,Insufficient Accrual
Rituximab,DB00073,"Malignant lymphoma, lymphocytic, intermediate differentiation, diffuse",C0334634,Terminated,Phase 2,Insufficient accrual
Fludarabine,DB01073,"Malignant lymphoma, lymphocytic, intermediate differentiation, diffuse",C0334634,Terminated,Phase 2,Insufficient accrual
Mitoxantrone,DB01204,"Malignant lymphoma, lymphocytic, intermediate differentiation, diffuse",C0334634,Terminated,Phase 2,Insufficient accrual
Gemcitabine,DB00441,Carcinoma of unknown primary,C0220647,Terminated,Phase 2,recruitment goals met
Fluorouracil,DB00544,Carcinoma of unknown primary,C0220647,Terminated,Phase 2,recruitment goals met
Carboplatin,DB00958,Carcinoma of unknown primary,C0220647,Terminated,Phase 2,recruitment goals met
Capecitabine,DB01101,Carcinoma of unknown primary,C0220647,Terminated,Phase 2,recruitment goals met
Cisplatin,DB00515,Esophageal Neoplasms,C0014859,Terminated,Phase 3,
Methotrexate,DB00563,Urticaria,C0042109,Terminated,Phase 2,unable to recruit
Donepezil,DB00843,Schizophrenia,C0036341,Terminated,Phase 2,No more funding
Alemtuzumab,DB00087,"Leukemia, Myelocytic, Acute",C0023467,Withdrawn,Phase 3,the PI is no longer work at Hadassah
Simvastatin,DB00641,Depressive disorder,C0011581,Terminated,Phase 1,Unable to enroll subjects
Simvastatin,DB00641,Coronary Artery Disease,C1956346,Terminated,Phase 1,Unable to enroll subjects
Sertraline,DB01104,Coronary Artery Disease,C1956346,Terminated,Phase 1,Unable to enroll subjects
Omeprazole,DB00338,Nausea,C0027497,Terminated,Phase 3,Accrual was not optimized
Esomeprazole,DB00736,Nausea,C0027497,Terminated,Phase 3,Accrual was not optimized
Erythropoietin,DB00016,Malignant neoplasm of gastrointestinal tract,C0685938,Terminated,Phase 3,
Pentoxifylline,DB00806,"Hepatitis, Alcoholic",C0019187,Terminated,Phase 1,lack of funding
Dexamethasone,DB01234,Malignant neoplasm of lung,C0242379,Terminated,Phase 2,slow accrual
,DB01234,Malignant neoplasm of lung,C0242379,Terminated,Phase 2,slow accrual
Salicylic acid,DB00936,Adenomatous polyp of colon,C0850572,Terminated,Phase 3,
Acetylsalicylic acid,DB00945,Adenomatous polyp of colon,C0850572,Terminated,Phase 3,
Cyclophosphamide,DB00531,long-term effects secondary to cancer therapy in children,C0280954,Suspended,Phase 1,OHSU IRB closed study to further enrollment 2/17/2006
Mannitol,DB00742,long-term effects secondary to cancer therapy in children,C0280954,Suspended,Phase 1,OHSU IRB closed study to further enrollment 2/17/2006
Etoposide,DB00773,long-term effects secondary to cancer therapy in children,C0280954,Suspended,Phase 1,OHSU IRB closed study to further enrollment 2/17/2006
Carboplatin,DB00773,long-term effects secondary to cancer therapy in children,C0280954,Suspended,Phase 1,OHSU IRB closed study to further enrollment 2/17/2006
Acetylcysteine,DB00958,long-term effects secondary to cancer therapy in children,C0280954,Suspended,Phase 1,OHSU IRB closed study to further enrollment 2/17/2006
Sodium thiosulfate,DB06151,long-term effects secondary to cancer therapy in children,C0280954,Suspended,Phase 1,OHSU IRB closed study to further enrollment 2/17/2006
,DB09499,long-term effects secondary to cancer therapy in children,C0280954,Suspended,Phase 1,OHSU IRB closed study to further enrollment 2/17/2006
Ganciclovir,DB01004,Cytomegalovirus Infections,C0010823,Terminated,Phase 3,difficulty to include patients
Valganciclovir,DB01610,Cytomegalovirus Infections,C0010823,Terminated,Phase 3,difficulty to include patients
,DB01234,Multiple Myeloma,C0026764,Withdrawn,Phase 2,"PI left institution, study closed September 2009"
Rituximab,DB00073,"Purpura, Thrombotic Thrombocytopenic",C0034155,Withdrawn,Phase 1/Phase 2,
Atorvastatin,DB01076,Inflammation,C0021368,Terminated,Phase 3,Insufficient power to show therapy difference at interim analysis.
Levofloxacin,DB01137,"Lymphoma, Non-Hodgkin",C0024305,Terminated,Phase 2,Low rate of accrual
Ofloxacin,DB01165,"Lymphoma, Non-Hodgkin",C0024305,Terminated,Phase 2,Low rate of accrual
,DB01234,"Lymphoma, Non-Hodgkin",C0024305,Terminated,Phase 2,Low rate of accrual
Capecitabine,DB01101,Malignant tumor of colon,C0007102,Terminated,Phase 2,Funding unavailable
Tenecteplase,DB00031,Pulmonary Embolism,C0034065,Terminated,Phase 2,competitor study about to start
Nandrolone phenpropionate,DB00984,Malnutrition,C0162429,Terminated,Phase 2,drug no longer available in canada
Nandrolone decanoate,DB08804,Malnutrition,C0162429,Terminated,Phase 2,drug no longer available in canada
Nandrolone phenpropionate,DB00984,Critical Illness,C0010340,Terminated,Phase 2,drug no longer available in canada
Nandrolone decanoate,DB08804,Critical Illness,C0010340,Terminated,Phase 2,drug no longer available in canada
Azacitidine,DB00928,leukemia,C0023418,Terminated,Phase 1,The study was closed due to poor enrollment
Arsenic trioxide,DB01169,leukemia,C0023418,Terminated,Phase 1,The study was closed due to poor enrollment
Topiramate,DB00273,Obesity,C0028754,Terminated,Phase 3,Program discontinued
Topiramate,DB00273,Obesity,C0028754,Terminated,Phase 3,The study was terminated prior to completion to focus on the development of a controlled
Topiramate,DB00273,Hyperlipidemia,C0020473,Terminated,Phase 3,The study was terminated prior to completion to focus on the development of a controlled
Topiramate,DB00273,Hypertriglyceridemia,C0020557,Terminated,Phase 3,The study was terminated prior to completion to focus on the development of a controlled
Belinostat,DB05015,"Lymphoma, T-Cell, Cutaneous",C0079773,Terminated,Phase 2,"Enrollment stopped prior to reaching expected number of patients, study had accumulated"
Belinostat,DB05015,"Lymphoma, Non-Hodgkin",C0024305,Terminated,Phase 2,"Enrollment stopped prior to reaching expected number of patients, study had accumulated"
Rituximab,DB00073,Immune thrombocytopenic purpura,C0398650,Terminated,Phase 2,
Methylphenidate,DB00422,Asthenia,C0004093,Terminated,Phase 3,difficulty of recrutement
Arsenic trioxide,DB01169,MYELODYSPLASTIC SYNDROME,C3463824,Terminated,Phase 2,terminated due to lack of accrual.
Pemetrexed,DB00642,Malignant neoplasm of lung,C0242379,Terminated,Phase 2,Closed due to poor accrual
Simvastatin,DB00641,Dyslipidemias,C0242339,Terminated,Phase 3,
Atorvastatin,DB01076,Dyslipidemias,C0242339,Terminated,Phase 3,
Simvastatin,DB00641,Hyperlipidemia,C0020473,Terminated,Phase 3,
Atorvastatin,DB01076,Hyperlipidemia,C0020473,Terminated,Phase 3,
Simvastatin,DB00641,Hyperlipidemia,C0020473,Terminated,Phase 3,
Atorvastatin,DB01076,Hyperlipidemia,C0020473,Terminated,Phase 3,
Simvastatin,DB00641,Dyslipidemias,C0242339,Terminated,Phase 3,
Ezetimibe,DB00973,Dyslipidemias,C0242339,Terminated,Phase 3,
Atorvastatin,DB01076,Dyslipidemias,C0242339,Terminated,Phase 3,
Erythropoietin,DB00016,Chemotherapy-induced peripheral neuropathy,C3873567,Terminated,Phase 2,Slow enrollment
Diclofenac,DB00586,Non-cyclical mastalgia,C0405473,Terminated,Phase 2/Phase 3,"Lack of funds; FDA approved a topical form of diclofenac during study, no need to continue"
Octreotide,DB00104,Diabetic Retinopathy,C0011884,Terminated,Phase 3,Inconsistent treatment benefit
Bupropion,DB01156,Tobacco Dependence,C0040332,Terminated,Phase 2/Phase 3,PI left NIH
Imatinib,DB00619,Chronic myeloproliferative disorder,C1292778,Terminated,Phase 2,"Per PI, results from another similar study were published prior to study analysis. Negative"
Floxuridine,DB00322,Malignant tumor of colon,C0007102,Terminated,Phase 3,The study was terminated due to low accrual.
Oxaliplatin,DB00526,Malignant tumor of colon,C0007102,Terminated,Phase 3,The study was terminated due to low accrual.
Capecitabine,DB00544,Malignant tumor of colon,C0007102,Terminated,Phase 3,The study was terminated due to low accrual.
,DB01101,Malignant tumor of colon,C0007102,Terminated,Phase 3,The study was terminated due to low accrual.
Aldesleukin,DB00041,"Lymphoma, Non-Hodgkin",C0024305,Terminated,Phase 2,Study terminated due to lack of enrollment.
Mitomycin,DB00305,Malignant tumor of colon,C0007102,Terminated,Phase 2,The study was discontinued due to the death of a co-investigator and a second co-investigator
Irinotecan,DB00762,Malignant tumor of colon,C0007102,Terminated,Phase 2,The study was discontinued due to the death of a co-investigator and a second co-investigator
Ganciclovir,DB01004,Cytomegalovirus Infections,C0010823,Terminated,Phase 3,Due to low accrual
Valganciclovir,DB01610,Cytomegalovirus Infections,C0010823,Terminated,Phase 3,Due to low accrual
Toremifene,DB00539,"Neoplasms, Hormone-Dependent",C0027661,Terminated,Phase 3,This was a follow-on study to Biomed 777-CLP-029 which did not meet superiority endpoint
Letrozole,DB01006,"Neoplasms, Hormone-Dependent",C0027661,Terminated,Phase 3,This was a follow-on study to Biomed 777-CLP-029 which did not meet superiority endpoint
Clofarabine,DB00631,Multiple Myeloma,C0026764,Terminated,Phase 2,No response seen in patients
Rituximab,DB00073,leukemia,C0023418,Terminated,Phase 2,
Ritonavir,DB00503,HIV-1 infection,C2363741,Terminated,Phase 2,
Pemetrexed,DB00642,Lung Neoplasms,C0024121,Terminated,Phase 3,FDA Hold May 2007
Pemetrexed,DB00642,Malignant neoplasm of lung,C0242379,Terminated,Phase 3,FDA Hold May 2007
Etodolac,DB00749,Multiple Myeloma,C0026764,Terminated,Phase 2,
Labetalol,DB00598,Pregnancy associated hypertension,C0852036,Suspended,Phase 2/Phase 3,Lack of funding
Magnesium Sulfate,DB00653,Pregnancy associated hypertension,C0852036,Suspended,Phase 2/Phase 3,Lack of funding
Labetalol,DB00598,hypertension chronic,C0745114,Suspended,Phase 2/Phase 3,Lack of funding
Magnesium Sulfate,DB00653,hypertension chronic,C0745114,Suspended,Phase 2/Phase 3,Lack of funding
Topiramate,DB00273,Metabolic Syndrome X,C0524620,Suspended,Phase 3,Study was discontinued because of high drop out rate.
Cisplatin,DB00515,Non-Small Cell Lung Carcinoma,C0007131,Terminated,Phase 2,no patient recruitment
Hydroxocobalamin,DB00200,Cerebral Edema,C0006114,Terminated,Phase 2,Slow accrual
Bevacizumab,DB00112,Malignant neoplasm of lung,C0242379,Terminated,Phase 2,Terminated due to low subject accrual
Carboplatin,DB00958,Malignant neoplasm of lung,C0242379,Terminated,Phase 2,Terminated due to low subject accrual
Docetaxel,DB01248,Malignant neoplasm of lung,C0242379,Terminated,Phase 2,Terminated due to low subject accrual
Methamphetamine,DB01577,Depressive disorder,C0011581,Terminated,Phase 1,Slow enrollment
Methamphetamine,DB01577,Sexually Transmitted Diseases,C0036916,Terminated,Phase 1,Slow enrollment
Topotecan,DB01030,Malignant neoplasm of lung,C0242379,Terminated,Phase 0,Drugs unavailable:unable to make radioactive topotecan
Topotecan,DB01030,"unspecified adult solid tumor, protocol specific",C0279004,Terminated,Phase 0,Drugs unavailable:unable to make radioactive topotecan
Carboplatin,DB00958,Malignant neoplasm of lung,C0242379,Terminated,Phase 2,Accrual was suboptimal and increasing the number of patients was not feasible.
Paclitaxel,DB01229,Malignant neoplasm of lung,C0242379,Terminated,Phase 2,Accrual was suboptimal and increasing the number of patients was not feasible.
Modafinil,DB00745,Pain,C0030193,Terminated,Phase 3,Low accrual
Armodafinil,DB06413,Pain,C0030193,Terminated,Phase 3,Low accrual
Gemcitabine,DB00441,leukemia,C0023418,Terminated,Phase 2,"If </= 5 of the initial 18 patients had a CR, the study would be stopped. Only 5 patients"
Mitoxantrone,DB01204,leukemia,C0023418,Terminated,Phase 2,"If </= 5 of the initial 18 patients had a CR, the study would be stopped. Only 5 patients"
Leuprolide,DB00007,Multiple Myeloma,C0026764,Terminated,Phase 2,
Leuprolide,DB00007,"Malignant lymphoma, lymphocytic, intermediate differentiation, diffuse",C0334634,Terminated,Phase 2,
Lidocaine,DB00281,Carpal Tunnel Syndrome,C0007286,Terminated,Phase 3,Sponsor decision
Cyclosporine,DB00091,"Leukemia, Large Granular Lymphocytic",C1522378,Terminated,Phase 2,Study terminated due to low accrual and the investigator left the NIH.
Darbepoetin alfa,DB00012,Chronic Kidney Diseases,C1561643,Terminated,Phase 3,The reason for the discontinuation of the study is difficulty with recruitment and timely
Dacarbazine,DB00851,Glioblastoma,C0017636,Terminated,Phase 2,IRB Study Closure
Temozolomide,DB00853,Glioblastoma,C0017636,Terminated,Phase 2,IRB Study Closure
Dacarbazine,DB00851,gliosarcoma,C0206726,Terminated,Phase 2,IRB Study Closure
Temozolomide,DB00853,gliosarcoma,C0206726,Terminated,Phase 2,IRB Study Closure
Micafungin,DB01141,invasive aspergillosis,C0238013,Terminated,Phase 2,Study was stopped due to difficulties in recruitment and changes in standard care for invasive
Pregabalin,DB00230,Epilepsy,C0014544,Terminated,Phase 3,"This study was terminated on April 8, 2011 as Pfizer Canada could no longer supply study drug."
Fenofibrate,DB01039,Obesity,C0028754,Withdrawn,Phase 1,
Cyclosporine,DB00091,"Hepatitis C, Chronic",C0524910,Terminated,Phase 3,Insufficient enrollment
Cyclosporine,DB00091,Evidence of liver transplantation,C0940823,Terminated,Phase 3,Insufficient enrollment
Erlotinib,DB00530,Malignant neoplasm of lung,C0242379,Withdrawn,Phase 2,lack of funding and drug supply
Temozolomide,DB00853,Malignant neoplasm of lung,C0242379,Withdrawn,Phase 2,lack of funding and drug supply
Clopidogrel,DB00758,Atherosclerosis,C0004153,Terminated,Phase 3,Insufficient evidence of the clinical effectiveness of cangrelor
Cangrelor,DB06441,Atherosclerosis,C0004153,Terminated,Phase 3,Insufficient evidence of the clinical effectiveness of cangrelor
Cyclophosphamide,DB00531,Myelofibrosis due to another disorder,C0242006,Terminated,Phase 1,Slow accrual
Mycophenolate mofetil,DB00688,Myelofibrosis due to another disorder,C0242006,Terminated,Phase 1,Slow accrual
Mycophenolic acid,DB01024,Myelofibrosis due to another disorder,C0242006,Terminated,Phase 1,Slow accrual
Fludarabine,DB01024,Myelofibrosis due to another disorder,C0242006,Terminated,Phase 1,Slow accrual
,DB01073,Myelofibrosis due to another disorder,C0242006,Terminated,Phase 1,Slow accrual
Cyclophosphamide,DB00531,leukemia,C0023418,Terminated,Phase 1,Slow accrual
Mycophenolate mofetil,DB00688,leukemia,C0023418,Terminated,Phase 1,Slow accrual
Mycophenolic acid,DB01024,leukemia,C0023418,Terminated,Phase 1,Slow accrual
Fludarabine,DB01024,leukemia,C0023418,Terminated,Phase 1,Slow accrual
,DB01073,leukemia,C0023418,Terminated,Phase 1,Slow accrual
Infliximab,DB00065,Toxic Epidermal Necrolysis,C0014518,Withdrawn,Phase 2,slow enrollment
Trastuzumab,DB00072,Neoplasm Metastasis,C0027627,Terminated,Phase 2,wothdrawal of sponsor
Doxorubicin,DB00997,Neoplasm Metastasis,C0027627,Terminated,Phase 2,wothdrawal of sponsor
Docetaxel,DB01248,Neoplasm Metastasis,C0027627,Terminated,Phase 2,wothdrawal of sponsor
Peginterferon alfa-2b,DB00022,Liver Cirrhosis,C0023890,Withdrawn,Phase 3,Non-protocol feasibility
Cyclosporine,DB00091,Psoriasis,C0033860,Withdrawn,Phase 2,Study terminated by the DSMB due to low recruitment
Salmon Calcitonin,DB00017,Degenerative polyarthritis,C0029408,Terminated,Phase 2,
Methadone,DB00333,Pain,C0030193,Terminated,Phase 2,Study suspended due to low accrual
Imatinib,DB00619,leukemia,C0023418,Terminated,Phase 3,Insufficient Enrollment
Dasatinib,DB01254,leukemia,C0023418,Terminated,Phase 3,Insufficient Enrollment
Doxorubicin,DB00997,ovarian neoplasm,C0919267,Terminated,Phase 3,Business reasons
Methadone,DB00333,Pain,C0030193,Terminated,Phase 2,Study stopped due to low accrual
Reboxetine,DB00234,Pain,C0030193,Terminated,Phase 2,This study has been terminated early as the esreboxetine development program is being
Irinotecan,DB00762,Astrocytoma,C0004114,Terminated,Phase 2,Principal Investigator left Moffitt and study had low accrual.
Sirolimus,DB00877,Non-Small Cell Lung Carcinoma,C0007131,Withdrawn,Phase 1,
Donepezil,DB00843,Advanced cancer,C0877373,Terminated,Phase 3,Low patient accrual
Pregabalin,DB00230,Herpes zoster disease,C0019360,Terminated,Phase 2,This study should be terminated as the study has been closed for years and the investigator
Pemetrexed,DB00642,Esophageal Neoplasms,C0014859,Terminated,Phase 2,Low accrual
Carboplatin,DB00958,Esophageal Neoplasms,C0014859,Terminated,Phase 2,Low accrual
Romidepsin,DB06176,recurrent adult diffuse large cell lymphoma,C0280188,Terminated,Phase 2,
Romidepsin,DB06176,Mantle cell lymphoma recurrent,C0677725,Terminated,Phase 2,
Infliximab,DB00065,Lupus Nephritis,C0024143,Terminated,Phase 2/Phase 3,Failure to recruit patients with membranous lupus nephritis not previously treated with
Azathioprine,DB00993,Lupus Nephritis,C0024143,Terminated,Phase 2/Phase 3,Failure to recruit patients with membranous lupus nephritis not previously treated with
Bevacizumab,DB00112,Colorectal Neoplasms,C0009404,Terminated,Phase 2,
Azacitidine,DB00928,Chronic myeloproliferative disorder,C1292778,Terminated,Phase 2,Due to lack of accrual and trial has demonstrated too little clinical benefit
Azacitidine,DB00928,Myelofibrosis due to another disorder,C0242006,Terminated,Phase 2,Due to lack of accrual and trial has demonstrated too little clinical benefit
Nitazoxanide,DB00507,Clostridium difficile infection,C0343386,Terminated,Phase 3,Study was terminated early due to slow recruitment.
Vancomycin,DB00512,Clostridium difficile infection,C0343386,Terminated,Phase 3,Study was terminated early due to slow recruitment.
Nitazoxanide,DB00507,Clostridium Infections,C0009062,Terminated,Phase 3,Study was terminated early due to slow recruitment.
Vancomycin,DB00512,Clostridium Infections,C0009062,Terminated,Phase 3,Study was terminated early due to slow recruitment.
Hydroxyurea,DB01005,Pulmonary Hypertension,C0020542,Terminated,Phase 1/Phase 2,Low subject accrual
Mitomycin,DB00305,Urinary Bladder Diseases,C0005686,Terminated,Phase 3,slow accrual
Mitomycin,DB00305,Bladder Neoplasm,C0005695,Terminated,Phase 3,slow accrual
Mitomycin,DB00305,Malignant neoplasm of urinary bladder,C0005684,Terminated,Phase 3,slow accrual
Mitomycin,DB00305,Urologic Diseases,C0042075,Terminated,Phase 3,slow accrual
Mitomycin,DB00305,Urologic Neoplasms,C0042076,Terminated,Phase 3,slow accrual
Everolimus,DB01590,Malignant tumor of colon,C0007102,Terminated,Phase 2,Withdrawn due to low accrual
Teriparatide,DB06285,Myelofibrosis,C0026987,Terminated,Phase 2,Study stopped because of toxicity concerns.
Cisplatin,DB00515,untreated childhood medulloblastoma,C0338341,Suspended,Phase 3,Temporarily stopped for assessment
Cyclophosphamide,DB00531,untreated childhood medulloblastoma,C0338341,Suspended,Phase 3,Temporarily stopped for assessment
Vincristine,DB00541,untreated childhood medulloblastoma,C0338341,Suspended,Phase 3,Temporarily stopped for assessment
Carboplatin,DB00958,untreated childhood medulloblastoma,C0338341,Suspended,Phase 3,Temporarily stopped for assessment
Isotretinoin,DB00982,untreated childhood medulloblastoma,C0338341,Suspended,Phase 3,Temporarily stopped for assessment
Cisplatin,DB00515,untreated childhood supratentorial primitive neuroectodermal tumors,C0338333,Suspended,Phase 3,Temporarily stopped for assessment
Cyclophosphamide,DB00531,untreated childhood supratentorial primitive neuroectodermal tumors,C0338333,Suspended,Phase 3,Temporarily stopped for assessment
Vincristine,DB00541,untreated childhood supratentorial primitive neuroectodermal tumors,C0338333,Suspended,Phase 3,Temporarily stopped for assessment
Carboplatin,DB00958,untreated childhood supratentorial primitive neuroectodermal tumors,C0338333,Suspended,Phase 3,Temporarily stopped for assessment
Isotretinoin,DB00982,untreated childhood supratentorial primitive neuroectodermal tumors,C0338333,Suspended,Phase 3,Temporarily stopped for assessment
Cisplatin,DB00515,Malignant neoplasm of lung,C0242379,Terminated,Phase 2,low accrual
Pemetrexed,DB00642,Malignant neoplasm of lung,C0242379,Terminated,Phase 2,low accrual
Bevacizumab,DB00112,Malignant tumor of colon,C0007102,Terminated,Phase 3,Data from the C08 study and Avant study
Oxaliplatin,DB00526,Malignant tumor of colon,C0007102,Terminated,Phase 3,Data from the C08 study and Avant study
Capecitabine,DB00544,Malignant tumor of colon,C0007102,Terminated,Phase 3,Data from the C08 study and Avant study
,DB01101,Malignant tumor of colon,C0007102,Terminated,Phase 3,Data from the C08 study and Avant study
Bevacizumab,DB00112,Secondary malignant neoplasm of liver,C0494165,Terminated,Phase 3,Data from the C08 study and Avant study
Oxaliplatin,DB00526,Secondary malignant neoplasm of liver,C0494165,Terminated,Phase 3,Data from the C08 study and Avant study
Fluorouracil,DB00544,Secondary malignant neoplasm of liver,C0494165,Terminated,Phase 3,Data from the C08 study and Avant study
Capecitabine,DB00544,Secondary malignant neoplasm of liver,C0494165,Terminated,Phase 3,Data from the C08 study and Avant study
,DB01101,Secondary malignant neoplasm of liver,C0494165,Terminated,Phase 3,Data from the C08 study and Avant study
Simvastatin,DB00641,Diabetes Mellitus,C0011849,Terminated,Phase 3,This study was terminated early due to poor recruitment.
Ezetimibe,DB00973,Diabetes Mellitus,C0011849,Terminated,Phase 3,This study was terminated early due to poor recruitment.
Atorvastatin,DB01076,Diabetes Mellitus,C0011849,Terminated,Phase 3,This study was terminated early due to poor recruitment.
Trastuzumab,DB00072,cognitive/functional effects,C0935657,Withdrawn,Phase 1/Phase 2,"after original approval, IRB closed enrollment; major revisions required to re-open."
Methotrexate,DB00563,cognitive/functional effects,C0935657,Withdrawn,Phase 1/Phase 2,"after original approval, IRB closed enrollment; major revisions required to re-open."
Carboplatin,DB00958,cognitive/functional effects,C0935657,Withdrawn,Phase 1/Phase 2,"after original approval, IRB closed enrollment; major revisions required to re-open."
Sodium thiosulfate,DB09499,cognitive/functional effects,C0935657,Withdrawn,Phase 1/Phase 2,"after original approval, IRB closed enrollment; major revisions required to re-open."
Valproic Acid,DB00313,Locally advanced breast cancer,C3495949,Terminated,Phase 2,
Hydralazine,DB01275,Locally advanced breast cancer,C3495949,Terminated,Phase 2,
Heparin,DB01109,Diabetic Angiopathies,C0011875,Terminated,Phase 2/Phase 3,
Pegfilgrastim,DB00019,Multiple Myeloma,C0026764,Terminated,Phase 2,Enrollment terminated in 2005 to focus on Phase 3 study enrollment.
Cocaine,DB00907,Cocaine Dependence,C0600427,Terminated,Phase 2,Funding ran out
Vigabatrin,DB01080,Cocaine Dependence,C0600427,Terminated,Phase 2,Funding ran out
Cetuximab,DB00002,Multiple Myeloma,C0026764,Terminated,Phase 2,Lack of recruitable patients
,DB01234,Multiple Myeloma,C0026764,Terminated,Phase 2,Lack of recruitable patients
Scopolamine,DB00747,Unipolar Depression,C0041696,Terminated,Phase 2,
Fluorouracil,DB00544,Esophageal Neoplasms,C0014859,Terminated,Phase 1,low accrual
Carboplatin,DB00544,Esophageal Neoplasms,C0014859,Terminated,Phase 1,low accrual
Capecitabine,DB00958,Esophageal Neoplasms,C0014859,Terminated,Phase 1,low accrual
,DB01101,Esophageal Neoplasms,C0014859,Terminated,Phase 1,low accrual
Fluorouracil,DB00544,Adenocarcinoma,C0001418,Terminated,Phase 1,low accrual
Carboplatin,DB00544,Adenocarcinoma,C0001418,Terminated,Phase 1,low accrual
Capecitabine,DB00958,Adenocarcinoma,C0001418,Terminated,Phase 1,low accrual
,DB01101,Adenocarcinoma,C0001418,Terminated,Phase 1,low accrual
Bevacizumab,DB00112,Adenocarcinoma of lung (disorder),C0152013,Terminated,Phase 1,
Carboplatin,DB00958,Adenocarcinoma of lung (disorder),C0152013,Terminated,Phase 1,
Paclitaxel,DB01229,Adenocarcinoma of lung (disorder),C0152013,Terminated,Phase 1,
Bevacizumab,DB00112,Large cell carcinoma of lung,C0345958,Terminated,Phase 1,
Carboplatin,DB00958,Large cell carcinoma of lung,C0345958,Terminated,Phase 1,
Paclitaxel,DB01229,Large cell carcinoma of lung,C0345958,Terminated,Phase 1,
Bevacizumab,DB00112,Non-small cell lung cancer stage II,C0278505,Terminated,Phase 1,
Carboplatin,DB00958,Non-small cell lung cancer stage II,C0278505,Terminated,Phase 1,
Paclitaxel,DB01229,Non-small cell lung cancer stage II,C0278505,Terminated,Phase 1,
Bevacizumab,DB00112,Non-small cell lung cancer stage IIIA,C0278983,Terminated,Phase 1,
Carboplatin,DB00958,Non-small cell lung cancer stage IIIA,C0278983,Terminated,Phase 1,
Paclitaxel,DB01229,Non-small cell lung cancer stage IIIA,C0278983,Terminated,Phase 1,
Imatinib,DB00619,Choroidal retinal neovascularization,C0271066,Withdrawn,Phase 1,Lack of recruitment
Imatinib,DB00619,Choroidal Neovascularization,C0600518,Withdrawn,Phase 1,Lack of recruitment
Bevacizumab,DB00112,Malignant neoplasm of lung,C0242379,Terminated,Phase 2,Terminated due to bevacizumab and chemoradiotherapy toxicity
Folic Acid,DB00158,Malignant neoplasm of lung,C0242379,Terminated,Phase 2,Terminated due to bevacizumab and chemoradiotherapy toxicity
Hydroxocobalamin,DB00200,Malignant neoplasm of lung,C0242379,Terminated,Phase 2,Terminated due to bevacizumab and chemoradiotherapy toxicity
Pemetrexed,DB00642,Malignant neoplasm of lung,C0242379,Terminated,Phase 2,Terminated due to bevacizumab and chemoradiotherapy toxicity
Carboplatin,DB00958,Malignant neoplasm of lung,C0242379,Terminated,Phase 2,Terminated due to bevacizumab and chemoradiotherapy toxicity
Cisplatin,DB00515,Squamous cell carcinoma,C0007137,Terminated,Phase 2,Safety reasons
Fluorouracil,DB00544,Squamous cell carcinoma,C0007137,Terminated,Phase 2,Safety reasons
Docetaxel,DB01248,Squamous cell carcinoma,C0007137,Terminated,Phase 2,Safety reasons
Imatinib,DB00619,Metastatic melanoma,C0278883,Terminated,Phase 2,unexpected level of toxicity
Sirolimus,DB00877,Metastatic melanoma,C0278883,Terminated,Phase 2,unexpected level of toxicity
Everolimus,DB01590,Metastatic melanoma,C0278883,Terminated,Phase 2,unexpected level of toxicity
Metoprolol,DB00264,Cardiac Arrest,C0018790,Terminated,Phase 2,Difficult accrual
Metoprolol,DB00264,Sudden Cardiac Death,C0085298,Terminated,Phase 2,Difficult accrual
Metoprolol,DB00264,Ventricular Fibrillation,C0042510,Terminated,Phase 2,Difficult accrual
Cetuximab,DB00002,Colorectal Neoplasms,C0009404,Terminated,Phase 1,Administrative reasons
Irinotecan,DB00762,Colorectal Neoplasms,C0009404,Terminated,Phase 1,Administrative reasons
Minocycline,DB01017,Carotid Stenosis,C0007282,Terminated,Phase 2,PI moved to a new facility
Lithium,DB01356,Major Depressive Disorder,C1269683,Terminated,Phase 3,Recruitment difficulties
Azacitidine,DB00928,Multiple Myeloma,C0026764,Terminated,Phase 2,Lack of efficacy
Salbutamol,DB01001,Status Asthmaticus,C0038218,Terminated,Phase 2,Study was stopped after interim analysis and slow enrollment.
Aminosalicylic Acid,DB00233,Crohn Disease,C0010346,Terminated,Phase 2,Efforts at recruitment have halted as recruitment was poor.
Alemtuzumab,DB00087,leukemia,C0023418,Terminated,Phase 2,Low enrollment
Fludarabine,DB01073,leukemia,C0023418,Terminated,Phase 2,Low enrollment
Bevacizumab,DB00112,Malignant neoplasm of lung,C0242379,Withdrawn,Phase 1/Phase 2,Lack of Patient Accrual
Bortezomib,DB00188,Malignant neoplasm of lung,C0242379,Withdrawn,Phase 1/Phase 2,Lack of Patient Accrual
Rituximab,DB00073,B-Cell Lymphomas,C0079731,Terminated,Phase 2,
Bortezomib,DB00188,B-Cell Lymphomas,C0079731,Terminated,Phase 2,
Cyclophosphamide,DB00531,B-Cell Lymphomas,C0079731,Terminated,Phase 2,
Dexamethasone,DB01234,B-Cell Lymphomas,C0079731,Terminated,Phase 2,
,DB01234,B-Cell Lymphomas,C0079731,Terminated,Phase 2,
Cytarabine,DB00987,leukemia,C0023418,Withdrawn,Phase 3,Per Group Chair: This study will not move forward.
Prednisone,DB00635,Multiple Myeloma,C0026764,Terminated,Phase 1/Phase 2,difficulties in enrolling patients
Defibrotide,DB04932,Multiple Myeloma,C0026764,Terminated,Phase 1/Phase 2,difficulties in enrolling patients
Peginterferon alfa-2b,DB00022,leukemia,C0023418,Terminated,Phase 2,Vaccine sponsor ceased operations.
Imatinib,DB00619,leukemia,C0023418,Terminated,Phase 2,Vaccine sponsor ceased operations.
Azacitidine,DB00928,leukemia,C0023418,Terminated,Phase 2,Slow accrual.
Sorafenib,DB00398,Non-Small Cell Lung Carcinoma,C0007131,Terminated,Phase 1/Phase 2,Negative sorafenib results from ESCAPE trial and safety concerns of regimen
Cisplatin,DB00515,Non-Small Cell Lung Carcinoma,C0007131,Terminated,Phase 1/Phase 2,Negative sorafenib results from ESCAPE trial and safety concerns of regimen
Etoposide,DB00773,Non-Small Cell Lung Carcinoma,C0007131,Terminated,Phase 1/Phase 2,Negative sorafenib results from ESCAPE trial and safety concerns of regimen
,DB00773,Non-Small Cell Lung Carcinoma,C0007131,Terminated,Phase 1/Phase 2,Negative sorafenib results from ESCAPE trial and safety concerns of regimen
Gabapentin,DB00996,Chronic intractable pain,C0476481,Terminated,Phase 2,Study closed and subject follow-up completed following analysis of blinded study data.
Abatacept,DB01281,Crohn Disease,C0010346,Terminated,Phase 3,Sponsor Decision
Sirolimus,DB00877,Malignant neoplasm of lung,C0242379,Terminated,Phase 1/Phase 2,data analysis showed insufficient drug efficacy
Docetaxel,DB01248,Malignant neoplasm of lung,C0242379,Terminated,Phase 1/Phase 2,data analysis showed insufficient drug efficacy
Everolimus,DB01590,Malignant neoplasm of lung,C0242379,Terminated,Phase 1/Phase 2,data analysis showed insufficient drug efficacy
Rituximab,DB00073,Lupus Nephritis,C0024143,Withdrawn,Phase 3,
Bevacizumab,DB00112,Non-Small Cell Lung Carcinoma,C0007131,Terminated,Phase 2,Primary (safety) endpoint reached
Erlotinib,DB00530,adult brain tumor,C0220624,Terminated,Phase 2,Insufficient accrual of population likely to benefit; progression in 6 patients
Topotecan,DB01030,Neuroblastoma,C0027819,Withdrawn,Phase 2,Withdrawn because protocol has been discontinued. It was never opened.
Fentanyl,DB00813,Chronic pain,C0150055,Terminated,Phase 3,The sponsor felt enough information was available for the exploratory assessment of the effect
Fentanyl,DB00813,Breakthrough Pain,C1135120,Terminated,Phase 3,The sponsor felt enough information was available for the exploratory assessment of the effect
Citalopram,DB00215,Malignant tumor of colon,C0007102,Terminated,Phase 3,DSMB stopped study because placebo arm had more adverse events
Citalopram,DB00215,Malignant neoplasm of stomach,C0024623,Terminated,Phase 3,DSMB stopped study because placebo arm had more adverse events
Citalopram,DB00215,Malignant neoplasm of lung,C0242379,Terminated,Phase 3,DSMB stopped study because placebo arm had more adverse events
Dacarbazine,DB00851,Astrocytoma,C0004114,Terminated,Phase 2,AOI Pharma terminated the license agreement. IND Transferred to NCI
Temozolomide,DB00853,Astrocytoma,C0004114,Terminated,Phase 2,AOI Pharma terminated the license agreement. IND Transferred to NCI
Dacarbazine,DB00851,Mixed Oligodendroglioma-Astrocytoma,C0280793,Terminated,Phase 2,AOI Pharma terminated the license agreement. IND Transferred to NCI
Temozolomide,DB00853,Mixed Oligodendroglioma-Astrocytoma,C0280793,Terminated,Phase 2,AOI Pharma terminated the license agreement. IND Transferred to NCI
Sunitinib,DB01268,Acute Undifferentiated Leukemia,C0280141,Terminated,Phase 2,
Sunitinib,DB01268,adult acute lymphoblastic leukemia in remission,C0279095,Terminated,Phase 2,
Sunitinib,DB01268,adult acute myeloid leukemia in remission,C0279094,Terminated,Phase 2,
Sunitinib,DB01268,adult acute myeloid leukemia with 11q23 (MLL) abnormalities,C1541334,Terminated,Phase 2,
Sunitinib,DB01268,adult acute myeloid leukemia with inv(16)(p13;q22),C1541333,Terminated,Phase 2,
Sunitinib,DB01268,adult acute myeloid leukemia with t(15;17)(q22;q12),C1541335,Terminated,Phase 2,
Sunitinib,DB01268,adult acute myeloid leukemia with t(16;16)(p13;q22),C1541332,Terminated,Phase 2,
Sunitinib,DB01268,adult acute myeloid leukemia with t(8;21)(q22;q22),C1541331,Terminated,Phase 2,
Sunitinib,DB01268,"Leukemia, Myeloid, Chronic, Atypical, BCR-ABL Negative",C1292772,Terminated,Phase 2,
Sunitinib,DB01268,"Leukemia, Myelomonocytic, Chronic",C0023480,Terminated,Phase 2,
Sunitinib,DB01268,"Leukemia, Mast-Cell",C0023461,Terminated,Phase 2,
Sunitinib,DB01268,meningeal chronic myelogenous leukemia,C0279083,Terminated,Phase 2,
Sunitinib,DB01268,Primary Myelofibrosis,C0001815,Terminated,Phase 2,
Sunitinib,DB01268,"progressive hairy cell leukemia, initial treatment",C0279779,Terminated,Phase 2,
Sunitinib,DB01268,Prolymphocytic Leukemia,C0023486,Terminated,Phase 2,
Sunitinib,DB01268,recurrent adult acute lymphoblastic leukemia,C0278785,Terminated,Phase 2,
Sunitinib,DB01268,recurrent adult acute myeloid leukemia,C0278780,Terminated,Phase 2,
Sunitinib,DB01268,Chronic lymphocytic leukaemia refractory,C0278791,Terminated,Phase 2,
Sunitinib,DB01268,Hairy cell leukaemia recurrent,C0279780,Terminated,Phase 2,
Sunitinib,DB01268,chronic myelogenous leukemia in relapse,C0278787,Terminated,Phase 2,
Sunitinib,DB01268,secondary acute myeloid leukemia,C0280449,Terminated,Phase 2,
Sunitinib,DB01268,Chronic lymphocytic leukaemia stage 1,C0278767,Terminated,Phase 2,
Sunitinib,DB01268,Chronic lymphocytic leukaemia stage 2,C0854803,Terminated,Phase 2,
Sunitinib,DB01268,Chronic lymphocytic leukaemia stage 3,C0278769,Terminated,Phase 2,
Sunitinib,DB01268,Chronic lymphocytic leukaemia stage 4,C0854804,Terminated,Phase 2,
Sunitinib,DB01268,T-Cell Large Granular Lymphocyte Leukemia,C1955861,Terminated,Phase 2,
Sunitinib,DB01268,untreated adult acute lymphoblastic leukemia,C0279088,Terminated,Phase 2,
Sunitinib,DB01268,untreated adult acute myeloid leukemia,C0279089,Terminated,Phase 2,
Sunitinib,DB01268,untreated hairy cell leukemia,C0279778,Terminated,Phase 2,
Phenylephrine,DB00388,Fecal Incontinence,C0015732,Withdrawn,Phase 3,"Terminated, new protocol to be developed"
Oxymetazoline,DB00935,Fecal Incontinence,C0015732,Withdrawn,Phase 3,"Terminated, new protocol to be developed"
Losartan,DB00678,Prehypertension,C1696708,Terminated,Phase 2,"Few subjects recruited, sponsor withdrew support."
Hydrochlorothiazide,DB00999,Prehypertension,C1696708,Terminated,Phase 2,"Few subjects recruited, sponsor withdrew support."
Losartan,DB00678,Prediabetes syndrome,C0362046,Terminated,Phase 2,"Few subjects recruited, sponsor withdrew support."
Hydrochlorothiazide,DB00999,Prediabetes syndrome,C0362046,Terminated,Phase 2,"Few subjects recruited, sponsor withdrew support."
Methylprednisolone,DB00860,Multiple Sclerosis,C0026769,Terminated,Phase 3,low enrollment
,DB00959,Multiple Sclerosis,C0026769,Terminated,Phase 3,low enrollment
Gemcitabine,DB00441,cervical cancer,C4048328,Terminated,Phase 2,Problems of recruitment
Lidocaine,DB00281,Overactive Bladder,C0878773,Terminated,Phase 3,Data collection complete; analysis to take place
Bevacizumab,DB00112,Non-Small Cell Lung Carcinoma,C0007131,Terminated,Phase 2,"Based on data collected, the combination appeared to be poorly tolearated."
Carboplatin,DB00958,Non-Small Cell Lung Carcinoma,C0007131,Terminated,Phase 2,"Based on data collected, the combination appeared to be poorly tolearated."
Sunitinib,DB01268,Non-Small Cell Lung Carcinoma,C0007131,Terminated,Phase 2,"Based on data collected, the combination appeared to be poorly tolearated."
Ketoprofen,DB01009,Tendinitis,C0039503,Terminated,Phase 3,Sufficient number of subjects accrued to conduct analysis
Ketoprofen,DB01009,Bursitis,C0006444,Terminated,Phase 3,Sufficient number of subjects accrued to conduct analysis
Flucloxacillin,DB00301,Chronic Kidney Diseases,C1561643,Suspended,Phase 1,
Salbutamol,DB01001,"Respiratory Distress Syndrome, Adult",C0035222,Terminated,Phase 2/Phase 3,Stopped for futility by DSMB
Sunitinib,DB01268,Pancreatic Endocrine Carcinoma,C1328479,Terminated,Phase 3,Refer to Detailed Description.
Sunitinib,DB01268,Pancreatic carcinoma,C0235974,Terminated,Phase 3,Refer to Detailed Description.
Dutasteride,DB01126,Benign Prostatic Hyperplasia,C1704272,Terminated,Phase 3,Low enrollment
Imatinib,DB00619,Malignant Peripheral Nerve Sheath Tumor,C0751690,Terminated,Phase 2/Phase 3,stopped due to slow recruitment and no effect
Lorazepam,DB00186,Nausea,C0027497,Terminated,Phase 2,Closed due to poor accrual and lack of feasibility to finish study per DSMB
Ondansetron,DB00904,Nausea,C0027497,Terminated,Phase 2,Closed due to poor accrual and lack of feasibility to finish study per DSMB
Promethazine,DB01069,Nausea,C0027497,Terminated,Phase 2,Closed due to poor accrual and lack of feasibility to finish study per DSMB
Diphenhydramine,DB01075,Nausea,C0027497,Terminated,Phase 2,Closed due to poor accrual and lack of feasibility to finish study per DSMB
Dexamethasone,DB01234,Nausea,C0027497,Terminated,Phase 2,Closed due to poor accrual and lack of feasibility to finish study per DSMB
,DB01234,Nausea,C0027497,Terminated,Phase 2,Closed due to poor accrual and lack of feasibility to finish study per DSMB
Lorazepam,DB00186,Vomiting,C0042963,Terminated,Phase 2,Closed due to poor accrual and lack of feasibility to finish study per DSMB
Ondansetron,DB00904,Vomiting,C0042963,Terminated,Phase 2,Closed due to poor accrual and lack of feasibility to finish study per DSMB
Promethazine,DB01069,Vomiting,C0042963,Terminated,Phase 2,Closed due to poor accrual and lack of feasibility to finish study per DSMB
Diphenhydramine,DB01075,Vomiting,C0042963,Terminated,Phase 2,Closed due to poor accrual and lack of feasibility to finish study per DSMB
Dexamethasone,DB01234,Vomiting,C0042963,Terminated,Phase 2,Closed due to poor accrual and lack of feasibility to finish study per DSMB
,DB01234,Vomiting,C0042963,Terminated,Phase 2,Closed due to poor accrual and lack of feasibility to finish study per DSMB
Lorazepam,DB00186,"unspecified childhood solid tumor, protocol specific",C0279002,Terminated,Phase 2,Closed due to poor accrual and lack of feasibility to finish study per DSMB
Ondansetron,DB00904,"unspecified childhood solid tumor, protocol specific",C0279002,Terminated,Phase 2,Closed due to poor accrual and lack of feasibility to finish study per DSMB
Promethazine,DB01069,"unspecified childhood solid tumor, protocol specific",C0279002,Terminated,Phase 2,Closed due to poor accrual and lack of feasibility to finish study per DSMB
Diphenhydramine,DB01075,"unspecified childhood solid tumor, protocol specific",C0279002,Terminated,Phase 2,Closed due to poor accrual and lack of feasibility to finish study per DSMB
Dexamethasone,DB01234,"unspecified childhood solid tumor, protocol specific",C0279002,Terminated,Phase 2,Closed due to poor accrual and lack of feasibility to finish study per DSMB
,DB01234,"unspecified childhood solid tumor, protocol specific",C0279002,Terminated,Phase 2,Closed due to poor accrual and lack of feasibility to finish study per DSMB
Benzylpenicillin,DB01053,Psoriasis,C0033860,Terminated,Phase 2,Not enough enrollees to obtain a valid conclusion
Procaine benzylpenicillin,DB01053,Psoriasis,C0033860,Terminated,Phase 2,Not enough enrollees to obtain a valid conclusion
Benzathine benzylpenicillin,DB01053,Psoriasis,C0033860,Terminated,Phase 2,Not enough enrollees to obtain a valid conclusion
,DB09320,Psoriasis,C0033860,Terminated,Phase 2,Not enough enrollees to obtain a valid conclusion
,DB09323,Psoriasis,C0033860,Terminated,Phase 2,Not enough enrollees to obtain a valid conclusion
Cyclophosphamide,DB00531,Lupus Nephritis,C0024143,Terminated,Phase 3,Study was terminated early for administrative reasons.
Mycophenolate mofetil,DB00688,Lupus Nephritis,C0024143,Terminated,Phase 3,Study was terminated early for administrative reasons.
Prednisolone,DB00860,Lupus Nephritis,C0024143,Terminated,Phase 3,Study was terminated early for administrative reasons.
Azathioprine,DB00993,Lupus Nephritis,C0024143,Terminated,Phase 3,Study was terminated early for administrative reasons.
Mycophenolic acid,DB01024,Lupus Nephritis,C0024143,Terminated,Phase 3,Study was terminated early for administrative reasons.
,DB01024,Lupus Nephritis,C0024143,Terminated,Phase 3,Study was terminated early for administrative reasons.
Cisplatin,DB00515,Squamous cell carcinoma,C0007137,Terminated,Phase 1,No subjects enrolled and PI went to another facility
Mometasone,DB00764,Sinusitis,C0037199,Terminated,Phase 3,Based on business priorities. Not related to any safety or efficacy issue & took place before
Clavulanate,DB00766,Sinusitis,C0037199,Terminated,Phase 3,Based on business priorities. Not related to any safety or efficacy issue & took place before
Amoxicillin,DB01060,Sinusitis,C0037199,Terminated,Phase 3,Based on business priorities. Not related to any safety or efficacy issue & took place before
Rituximab,DB00073,Churg-Strauss Syndrome,C0008728,Terminated,Phase 2,Company providing study drug terminated study due to lack of funds
Carboplatin,DB00958,Fallopian Tube Neoplasms,C0015558,Terminated,Phase 1,MTD not determined
Paclitaxel,DB01229,Fallopian Tube Neoplasms,C0015558,Terminated,Phase 1,MTD not determined
Carboplatin,DB00958,ovarian neoplasm,C0919267,Terminated,Phase 1,MTD not determined
Paclitaxel,DB01229,ovarian neoplasm,C0919267,Terminated,Phase 1,MTD not determined
Sunitinib,DB01268,Recurrent disease,C0277556,Terminated,Phase 2,Too frequent grade 3-4 toxicities
Folic Acid,DB00158,Infertility,C0021359,Terminated,Phase 2,reports indicating that increased folic acid intake may increase colin cancer
Anastrozole,DB01217,Obesity,C0028754,Terminated,Phase 3,Not able meet target enrollment.
Sorafenib,DB00398,"unspecified adult solid tumor, protocol specific",C0279004,Terminated,Phase 1,
Nicotinamide,DB02701,"unspecified adult solid tumor, protocol specific",C0279004,Terminated,Phase 1,
Sodium phenylbutyrate,DB06819,"Muscular Atrophy, Spinal, Type II",C0393538,Terminated,Phase 1/Phase 2,Due to poor compliance with study drug administration.
Sodium phenylbutyrate,DB06819,Juvenile Spinal Muscular Atrophy,C0152109,Terminated,Phase 1/Phase 2,Due to poor compliance with study drug administration.
Asparaginase,DB00023,recurrent childhood acute lymphoblastic leukemia,C0278519,Terminated,Phase 1,The study was stopped due to poor accrual and lack of funding.
Pegaspargase,DB00059,recurrent childhood acute lymphoblastic leukemia,C0278519,Terminated,Phase 1,The study was stopped due to poor accrual and lack of funding.
Doxorubicin,DB00997,recurrent childhood acute lymphoblastic leukemia,C0278519,Terminated,Phase 1,The study was stopped due to poor accrual and lack of funding.
Dexamethasone,DB01234,recurrent childhood acute lymphoblastic leukemia,C0278519,Terminated,Phase 1,The study was stopped due to poor accrual and lack of funding.
,DB01234,recurrent childhood acute lymphoblastic leukemia,C0278519,Terminated,Phase 1,The study was stopped due to poor accrual and lack of funding.
Carboplatin,DB00958,Non-Small Cell Lung Carcinoma,C0007131,Terminated,Phase 3,slow accrual rate; interim accrual objective met
Olanzapine,DB00334,Schizoaffective Disorder,C0036337,Withdrawn,Phase 3,
Daptomycin,DB00080,"Skin Diseases, Infectious",C0037278,Terminated,Phase 3,
Vancomycin,DB00512,"Skin Diseases, Infectious",C0037278,Terminated,Phase 3,
Teicoplanin,DB06149,"Skin Diseases, Infectious",C0037278,Terminated,Phase 3,
Daptomycin,DB00080,Soft Tissue Infections,C0149778,Terminated,Phase 3,
Vancomycin,DB00512,Soft Tissue Infections,C0149778,Terminated,Phase 3,
Teicoplanin,DB06149,Soft Tissue Infections,C0149778,Terminated,Phase 3,
Atorvastatin,DB01076,Venous Thromboembolism,C1861172,Terminated,Phase 2,Competitive trials and slow recruitment rate
Ropivacaine,DB00296,Phantom Limb Syndrome,C0031315,Terminated,Phase 3,lack of patients
Darbepoetin alfa,DB00012,Chronic Kidney Diseases,C1561643,Terminated,Phase 3,Study Terminated; Commitment met per Regulatory Authorities.
Darbepoetin alfa,DB00012,Kidney Diseases,C0022658,Terminated,Phase 3,Study Terminated; Commitment met per Regulatory Authorities.
Mycophenolate mofetil,DB00688,Interstitial Cystitis,C0282488,Terminated,Phase 3,The major and primary reason for the study termination is the observed reduced efficacy of
Mycophenolic acid,DB01024,Interstitial Cystitis,C0282488,Terminated,Phase 3,The major and primary reason for the study termination is the observed reduced efficacy of
,DB01024,Interstitial Cystitis,C0282488,Terminated,Phase 3,The major and primary reason for the study termination is the observed reduced efficacy of
Mycophenolate mofetil,DB00688,Painful Bladder Syndrome,C1720830,Terminated,Phase 3,The major and primary reason for the study termination is the observed reduced efficacy of
Mycophenolic acid,DB01024,Painful Bladder Syndrome,C1720830,Terminated,Phase 3,The major and primary reason for the study termination is the observed reduced efficacy of
,DB01024,Painful Bladder Syndrome,C1720830,Terminated,Phase 3,The major and primary reason for the study termination is the observed reduced efficacy of
Dapsone,DB00250,Pemphigus Vulgaris,C0030809,Terminated,Phase 2,
Mycophenolate mofetil,DB00688,"Lupus Erythematosus, Systemic",C0024141,Terminated,Phase 2/Phase 3,Terminated due to failure to meet the primary efficacy endpoint in the Short-term Period
Mycophenolic acid,DB01024,"Lupus Erythematosus, Systemic",C0024141,Terminated,Phase 2/Phase 3,Terminated due to failure to meet the primary efficacy endpoint in the Short-term Period
Abatacept,DB01024,"Lupus Erythematosus, Systemic",C0024141,Terminated,Phase 2/Phase 3,Terminated due to failure to meet the primary efficacy endpoint in the Short-term Period
,DB01281,"Lupus Erythematosus, Systemic",C0024141,Terminated,Phase 2/Phase 3,Terminated due to failure to meet the primary efficacy endpoint in the Short-term Period
Ciprofloxacin,DB00537,Inflammation,C0021368,Terminated,Phase 1/Phase 2,Terminated
Triamcinolone,DB00620,Inflammation,C0021368,Terminated,Phase 1/Phase 2,Terminated
,DB00620,Inflammation,C0021368,Terminated,Phase 1/Phase 2,Terminated
,DB00620,Inflammation,C0021368,Terminated,Phase 1/Phase 2,Terminated
Ciprofloxacin,DB00537,Bacterial Infections,C0004623,Terminated,Phase 1/Phase 2,Terminated
Triamcinolone,DB00620,Bacterial Infections,C0004623,Terminated,Phase 1/Phase 2,Terminated
,DB00620,Bacterial Infections,C0004623,Terminated,Phase 1/Phase 2,Terminated
,DB00620,Bacterial Infections,C0004623,Terminated,Phase 1/Phase 2,Terminated
Belinostat,DB05015,Multiple Myeloma,C0026764,Terminated,Phase 2,Terminated due to dose limiting toxicity
Hydroxyprogesterone caproate,DB06789,Premature Birth,C0151526,Terminated,Phase 3,Halted by NICHD after recommendation by DSMC to stop for futility
Hydroxyprogesterone caproate,DB06789,transvaginal ultrasound: length of cervix,C2145605,Terminated,Phase 3,Halted by NICHD after recommendation by DSMC to stop for futility
Lidocaine,DB00281,Vulvar Vestibulitis,C0269084,Terminated,Phase 2,lack of funding
Chloroquine,DB00608,Malaria,C0024530,Suspended,Phase 3,"At the end of the year 2002, Cameroon switched from chloroquine to amodiaquine as first-line"
Erythropoietin,DB00016,Kidney Failure,C0035078,Terminated,Phase 3,The termination of the study is not linked to a product recall or result of any safety signal.
Alemtuzumab,DB00087,leukemia,C0023418,Terminated,Phase 2,Slow accrual.
Pentostatin,DB00552,leukemia,C0023418,Terminated,Phase 2,Slow accrual.
Rosiglitazone,DB00412,Chronic Kidney Diseases,C1561643,Terminated,Phase 3,it was not possible to recruit new patients anymore
Alfuzosin,DB00346,Urinary Retention,C0080274,Terminated,Phase 3,The study was early terminated due to slow and difficult recruitment
Omeprazole,DB00338,Solid tumour,C0280100,Withdrawn,Phase 1,pts. will be captured in core
Midazolam,DB00683,Solid tumour,C0280100,Withdrawn,Phase 1,pts. will be captured in core
Bevacizumab,DB00112,Esophageal Neoplasms,C0014859,Terminated,Phase 2,Slow accrual
Erlotinib,DB00530,Esophageal Neoplasms,C0014859,Terminated,Phase 2,Slow accrual
Bevacizumab,DB00112,Esophageal Diseases,C0014852,Terminated,Phase 2,Slow accrual
Erlotinib,DB00530,Esophageal Diseases,C0014852,Terminated,Phase 2,Slow accrual
Flibanserin,DB04908,Psychosexual Disorders,C0033953,Terminated,Phase 3,terminated for administrative reasons
Vincristine,DB00541,Multiple Myeloma,C0026764,Terminated,Phase 2,TRIAL STOPPED due to a change in standard of care and the required patient numbers could no
,DB01234,Multiple Myeloma,C0026764,Terminated,Phase 2,TRIAL STOPPED due to a change in standard of care and the required patient numbers could no
Methamphetamine,DB01577,Anxiety,C0003467,Withdrawn,Phase 2,This study was withdrawn for lack of progress. No subjects were recruited.
Methamphetamine,DB01577,Substance Dependence,C0038580,Withdrawn,Phase 2,This study was withdrawn for lack of progress. No subjects were recruited.
Sildenafil,DB00203,Coronary Artery Vasospasm,C0010073,Suspended,Phase 3,Patient study insurance expired
Tolterodine,DB01036,Overactive Bladder,C0878773,Terminated,Phase 2,side effect profile did not match expectations
Tolterodine,DB01036,Urinary Incontinence,C0042024,Terminated,Phase 2,side effect profile did not match expectations
Sodium phenylbutyrate,DB06819,HMN (Hereditary Motor Neuropathy) Proximal Type I,C0043116,Terminated,Phase 1/Phase 2,Extremely slow enrollment
Rituximab,DB00073,B-Cell Lymphomas,C0079731,Terminated,Phase 2,Accrual was too slow. Trial terminated
Rituximab,DB00073,"Lymphoma, Diffuse",C3714542,Terminated,Phase 2,Accrual was too slow. Trial terminated
Rimonabant,DB06155,Microalbuminuria,C0730345,Terminated,Phase 3,Company decision has been taken in light of recent demands by certain national health
Rimonabant,DB06155,Dyslipidemias,C0242339,Terminated,Phase 3,Company decision has been taken in light of recent demands by certain national health
Gemcitabine,DB00441,Unknown Primary Tumors,C0087135,Withdrawn,Phase 2,never been started
Cisplatin,DB00515,Unknown Primary Tumors,C0087135,Withdrawn,Phase 2,never been started
Paclitaxel,DB01229,Unknown Primary Tumors,C0087135,Withdrawn,Phase 2,never been started
Cyclosporine,DB00091,Corneal Diseases,C0010034,Terminated,Phase 3,The primary efficacy endpoint was not met
Carboplatin,DB00958,Non-Small Cell Lung Carcinoma,C0007131,Terminated,Phase 3,Amgen discontinued the development of AMG706 because 20050201 did not meet its primary
Mycophenolate mofetil,DB00688,Lupus Nephritis,C0024143,Terminated,Phase 2,The perceived risk-benefit ratio for individuals with early active RA
Mycophenolic acid,DB01024,Lupus Nephritis,C0024143,Terminated,Phase 2,The perceived risk-benefit ratio for individuals with early active RA
,DB01024,Lupus Nephritis,C0024143,Terminated,Phase 2,The perceived risk-benefit ratio for individuals with early active RA
Oxaliplatin,DB00526,Malignant neoplasm of stomach,C0024623,Suspended,Phase 2,There are not enough patients enrolled.
Tretinoin,DB00755,Neuroblastoma,C0027819,Terminated,Phase 1,Lack of enrollment.
Isotretinoin,DB00982,Neuroblastoma,C0027819,Terminated,Phase 1,Lack of enrollment.
Piracetam,DB09210,"Epilepsy, Post-Traumatic",C0014557,Terminated,Phase 3,Sponsor decision because of to small enrollment
Levonorgestrel,DB00367,Hereditary Nonpolyposis Colorectal Cancer,C1333990,Terminated,Phase 3,Withdrawn due to poor accrual
Norgestrel,DB09389,Hereditary Nonpolyposis Colorectal Cancer,C1333990,Terminated,Phase 3,Withdrawn due to poor accrual
Quetiapine,DB01224,Methamphetamine dependence,C1533217,Terminated,Phase 0,Study was terminated due to insufficient funds
Methamphetamine,DB01577,Methamphetamine dependence,C1533217,Terminated,Phase 0,Study was terminated due to insufficient funds
Ticlopidine,DB00208,Acute Coronary Syndrome,C0948089,Terminated,Phase 3,Terminated by Sponsor
Salicylic acid,DB00936,Acute Coronary Syndrome,C0948089,Terminated,Phase 3,Terminated by Sponsor
Acetylsalicylic acid,DB00945,Acute Coronary Syndrome,C0948089,Terminated,Phase 3,Terminated by Sponsor
Ticlopidine,DB00208,Myocardial Infarction,C0027051,Terminated,Phase 3,Terminated by Sponsor
Clopidogrel,DB00758,Myocardial Infarction,C0027051,Terminated,Phase 3,Terminated by Sponsor
Gemcitabine,DB00441,Carcinoma,C0007097,Terminated,Phase 1/Phase 2,
Bexarotene,DB00307,Schizophrenia,C0036341,Withdrawn,Phase 3,The study withdrawn due to lack financial support
Bexarotene,DB00307,Schizoaffective Disorder,C0036337,Withdrawn,Phase 3,The study withdrawn due to lack financial support
Methadone,DB00333,Pain,C0030193,Terminated,Phase 2,Low Accrual.
Cyclosporine,DB00091,Myeloid Leukemia,C0023470,Terminated,Phase 3,Poor accrual
Mycophenolate mofetil,DB00688,Myeloid Leukemia,C0023470,Terminated,Phase 3,Poor accrual
Mycophenolic acid,DB01024,Myeloid Leukemia,C0023470,Terminated,Phase 3,Poor accrual
Cyclosporine,DB00091,leukemia,C0023418,Terminated,Phase 3,Poor accrual
Mycophenolate mofetil,DB00688,leukemia,C0023418,Terminated,Phase 3,Poor accrual
Mycophenolic acid,DB01024,leukemia,C0023418,Terminated,Phase 3,Poor accrual
Omeprazole,DB00338,Laryngeal Diseases,C0023051,Withdrawn,Phase 3,The decision of terminate the study was reached due to difficulties surrounding recruitment
Esomeprazole,DB00736,Laryngeal Diseases,C0023051,Withdrawn,Phase 3,The decision of terminate the study was reached due to difficulties surrounding recruitment
Finasteride,DB01216,Benign Prostatic Hyperplasia,C1704272,Withdrawn,Phase 3,Change of practice pattern. Green light laser
Cisplatin,DB00515,Malignant neoplasm of stomach,C0024623,Terminated,Phase 2,The study has finished.
Alemtuzumab,DB00087,leukemia,C0023418,Terminated,Phase 1/Phase 2,Low accrual
Cyclophosphamide,DB00531,leukemia,C0023418,Terminated,Phase 1/Phase 2,Low accrual
Busulfan,DB01008,leukemia,C0023418,Terminated,Phase 1/Phase 2,Low accrual
Bevacizumab,DB00112,Renal Cell Carcinoma,C0007134,Withdrawn,Phase 2,Toxicity of combination from other trials
Temozolomide,DB00853,Cutaneous Melanoma,C0151779,Terminated,Phase 2,Slow accrual.
Carboplatin,DB00958,Cutaneous Melanoma,C0151779,Terminated,Phase 2,Slow accrual.
Paclitaxel,DB01229,Cutaneous Melanoma,C0151779,Terminated,Phase 2,Slow accrual.
Ketamine,DB01221,Traumatic Brain Injury,C0876926,Withdrawn,Phase 2,This study has been withdraw from the IRB. The PI has transferred to another university. The
Rituximab,DB00073,Chronic rejection of renal transplant,C0403592,Terminated,Phase 2,lacking recruitment
Celecoxib,DB00482,Malignant neoplasm of lung,C0242379,Terminated,Phase 2,slow accrual
Pemetrexed,DB00642,Malignant neoplasm of lung,C0242379,Terminated,Phase 2,slow accrual
Docetaxel,DB01248,Malignant neoplasm of lung,C0242379,Terminated,Phase 2,slow accrual
Sunitinib,DB01268,Kaposi's sarcoma classical type,C0279084,Withdrawn,Phase 2,No participants enrolled.
Ethanol,DB00898,Pancreatic Cyst,C0030283,Terminated,Phase 3,Inability to enroll subjects.
Bevacizumab,DB00112,Malignant tumor of colon,C0007102,Terminated,Phase 2,Poor accrual.
Oxaliplatin,DB00526,Malignant tumor of colon,C0007102,Terminated,Phase 2,Poor accrual.
Methylprednisolone,DB00860,"Lupus Erythematosus, Systemic",C0024141,Terminated,Phase 3,The study was terminated prematurely when the decision was made that ocrelizumab was not
,DB00959,"Lupus Erythematosus, Systemic",C0024141,Terminated,Phase 3,The study was terminated prematurely when the decision was made that ocrelizumab was not
Trastuzumab,DB00072,Advanced breast cancer,C3495917,Terminated,Phase 2,"change in development plan, not due to safety concerns."
Etoposide,DB00773,Neuroblastoma,C0027819,Terminated,Phase 2/Phase 3,Slow Accrual.
Carboplatin,DB00958,Neuroblastoma,C0027819,Terminated,Phase 2/Phase 3,Slow Accrual.
Melphalan,DB01042,Neuroblastoma,C0027819,Terminated,Phase 2/Phase 3,Slow Accrual.
Prednisolone,DB00860,Lupus Nephritis,C0024143,Withdrawn,Phase 3,Local pharmacy unwilling to comply with study protocol
Methylprednisolone,DB00860,Lupus Nephritis,C0024143,Withdrawn,Phase 3,Local pharmacy unwilling to comply with study protocol
,DB00860,Lupus Nephritis,C0024143,Withdrawn,Phase 3,Local pharmacy unwilling to comply with study protocol
,DB00959,Lupus Nephritis,C0024143,Withdrawn,Phase 3,Local pharmacy unwilling to comply with study protocol
,DB00959,Lupus Nephritis,C0024143,Withdrawn,Phase 3,Local pharmacy unwilling to comply with study protocol
Nicotine,DB00184,Postoperative Nausea and Vomiting,C0520909,Terminated,Phase 2,Unexpected difficult recruitment. Study drug expired
Sirolimus,DB00877,Hepatitis C recurrent,C2938989,Terminated,Phase 2,
Everolimus,DB01590,Hepatitis C recurrent,C2938989,Terminated,Phase 2,
Penicillamine,DB00859,Lead Poisoning,C0023176,Withdrawn,Phase 2/Phase 3,
Imatinib,DB00619,Pulmonary Hypertension,C0020542,Terminated,Phase 2,Unable to enroll subjects
Topiramate,DB00273,Epilepsy,C0014544,Terminated,Phase 3,Carisbamate partial onset seizures studies lacked consistent efficacy data so trials in this
Piracetam,DB09210,Epilepsy,C0014544,Terminated,Phase 3,Carisbamate partial onset seizures studies lacked consistent efficacy data so trials in this
Erlotinib,DB00530,Malignant neoplasm of lung,C0242379,Terminated,Phase 2,IDMC made a recommendation to stop the trial as the target for continuing to the 2nd phase was
,DB01234,Multiple Myeloma,C0026764,Terminated,Phase 3,low accrual
Methadone,DB00333,Pain,C0030193,Terminated,Phase 2,Slow accrual.
Cisplatin,DB00515,Primary peritoneal carcinoma,C1514428,Terminated,Phase 2,Study completed per investigator.
Paclitaxel,DB01229,Primary peritoneal carcinoma,C1514428,Terminated,Phase 2,Study completed per investigator.
,DB01234,Multiple Myeloma,C0026764,Withdrawn,Phase 2,Poor accrual
Gemcitabine,DB00441,Pancreatic Neoplasm,C0030297,Terminated,Phase 3,Data Monitoring Committee concluded after a planned interim analysis that aflibercept added to
Belimumab,DB08879,Rheumatoid Arthritis,C0003873,Terminated,Phase 2,Sponsor decision - not related to safety
Clofarabine,DB00631,leukemia,C0023418,Terminated,Phase 1,funding unavailable
,DB01234,Multiple Myeloma,C0026764,Terminated,Phase 3,low accrual
Bevacizumab,DB00112,Malignant tumor of colon,C0007102,Terminated,Phase 2,
Vidarabine,DB00194,"Lymphoma, Non-Hodgkin",C0024305,Terminated,Phase 3,closed to enrollment
Fludarabine,DB01073,"Lymphoma, Non-Hodgkin",C0024305,Terminated,Phase 3,closed to enrollment
Peginterferon alfa-2b,DB00022,Solid tumour,C0280100,Terminated,Phase 2,PI terminated at the recommendation of DSMC & IRB
Imatinib,DB00619,Solid tumour,C0280100,Terminated,Phase 2,PI terminated at the recommendation of DSMC & IRB
Docetaxel,DB01248,Malignant neoplasm of lung,C0242379,Terminated,Phase 1/Phase 2,
Paclitaxel,DB01229,"Mammary Carcinoma, Human",C1257930,Terminated,Phase 1/Phase 2,Avastin approved for first-in-line treatment.
Capecitabine,DB01101,Malignant tumor of colon,C0007102,Terminated,Phase 2,Study was terminated early due to lack of efficacy.
Vancomycin,DB00512,"Pneumonia, Ventilator-Associated",C1701940,Terminated,Phase 2,Trial terminated due to financial resource limitations
Milrinone,DB00235,Congenital Heart Defects,C0018798,Terminated,Phase 2,DSMB recommended termination based on interim outcomes analysis
Sorafenib,DB00398,Malignant neoplasm of lung,C0242379,Terminated,Phase 1,Lack of Accrual.
Nitric Oxide,DB00435,Varicose Ulcer,C0042344,Terminated,Phase 2,Strategic direction of the sponsor changed
Carboplatin,DB00958,Malignant neoplasm of lung,C0242379,Terminated,Phase 1/Phase 2,Ph I completed. Funding became unavailable causing Ph II to cease after two patients were
Paclitaxel,DB01229,Malignant neoplasm of lung,C0242379,Terminated,Phase 1/Phase 2,Ph I completed. Funding became unavailable causing Ph II to cease after two patients were
Cisplatin,DB00515,Esophageal Neoplasms,C0014859,Terminated,Phase 3,difficulty in recruitment
Fluorouracil,DB00544,Esophageal Neoplasms,C0014859,Terminated,Phase 3,difficulty in recruitment
Progesterone,DB00396,Premature Birth,C0151526,Terminated,Phase 3,
Tadalafil,DB00820,Priapism,C0033117,Terminated,Phase 2,
Cisplatin,DB00515,Adenocarcinoma Of Esophagus,C0279628,Terminated,Phase 2,OncoGel did not show any impact on overall tumor response
Cisplatin,DB00515,Squamous cell carcinoma,C0007137,Terminated,Phase 2,OncoGel did not show any impact on overall tumor response
Dasatinib,DB01234,Multiple Myeloma,C0026764,Terminated,Phase 1,
,DB01254,Multiple Myeloma,C0026764,Terminated,Phase 1,
Mycophenolate mofetil,DB00688,Lupus Nephritis,C0024143,Terminated,Phase 2/Phase 3,The study was terminated due to unanticipated safety issues
Mycophenolic acid,DB01024,Lupus Nephritis,C0024143,Terminated,Phase 2/Phase 3,The study was terminated due to unanticipated safety issues
,DB01024,Lupus Nephritis,C0024143,Terminated,Phase 2/Phase 3,The study was terminated due to unanticipated safety issues
Aminolevulinic acid,DB00855,"Leukoplakia, Oral",C0023532,Terminated,Phase 1,
Dacarbazine,DB00851,Adenocarcinoma,C0001418,Terminated,Phase 2,
Temozolomide,DB00853,Adenocarcinoma,C0001418,Terminated,Phase 2,
Dacarbazine,DB00851,"Carcinoma, Large Cell",C0206704,Terminated,Phase 2,
Temozolomide,DB00853,"Carcinoma, Large Cell",C0206704,Terminated,Phase 2,
Alprostadil,DB00770,Pulmonary Hypertension,C0020542,Withdrawn,Phase 2,Withdrawn due to lack of recruitment
Erythropoietin,DB00016,Brain Injuries,C0270611,Terminated,Phase 2,
Erythropoietin,DB00016,Ventricular hemorrhage,C0240059,Terminated,Phase 2,
Erythropoietin,DB00016,"Leukomalacia, Periventricular",C0023529,Terminated,Phase 2,
Prednisone,DB00635,Adenocarcinoma of prostate,C0007112,Withdrawn,Phase 2,Halted due to zero accrual and lack of funding
Docetaxel,DB01248,Adenocarcinoma of prostate,C0007112,Withdrawn,Phase 2,Halted due to zero accrual and lack of funding
Phenylacetic acid,DB09269,Hepatic Encephalopathy,C0019151,Terminated,Phase 2,Study was terminated due to lack of enrollment and business decisions.
Fluticasone Propionate,DB00588,Bronchiolitis,C0006271,Terminated,Phase 2,Terminated due to slow accrual.
Teriparatide,DB06285,Osteoporosis,C0029456,Withdrawn,Phase 2,
Fondaparinux sodium,DB00569,Malignant neoplasm of ovary,C1140680,Withdrawn,Phase 1,Low accrual
Busulfan,DB01008,Retinoblastoma,C0035335,Terminated,Phase 1,Replaced by another study
Ifosfamide,DB01181,Retinoblastoma,C0035335,Terminated,Phase 1,Replaced by another study
Lithium,DB01356,Canavan Disease,C0206307,Withdrawn,Phase 2,
Parecoxib,DB08439,Pain,C0030193,Terminated,Phase 3,See Detailed Description field.
Etoposide,DB00773,"Leukemia, Myelocytic, Acute",C0023467,Terminated,Phase 1,due to new safety information
Mitoxantrone,DB00773,"Leukemia, Myelocytic, Acute",C0023467,Terminated,Phase 1,due to new safety information
,DB01204,"Leukemia, Myelocytic, Acute",C0023467,Terminated,Phase 1,due to new safety information
Nelfinavir,DB00220,Diarrhea,C0011991,Terminated,Phase 3,"The study was prematurely discontinued due to administrative reasons on August 18, 2003. There"
Zidovudine,DB00495,Diarrhea,C0011991,Terminated,Phase 3,"The study was prematurely discontinued due to administrative reasons on August 18, 2003. There"
Lamivudine,DB00709,Diarrhea,C0011991,Terminated,Phase 3,"The study was prematurely discontinued due to administrative reasons on August 18, 2003. There"
Calcium carbonate,DB06724,Diarrhea,C0011991,Terminated,Phase 3,"The study was prematurely discontinued due to administrative reasons on August 18, 2003. There"
Simvastatin,DB00641,Atherosclerosis,C0004153,Terminated,Phase 3,Slow enrollment
Ezetimibe,DB00973,Atherosclerosis,C0004153,Terminated,Phase 3,Slow enrollment
Doxorubicin,DB00997,ovarian neoplasm,C0919267,Terminated,Phase 3,Poor accrual
Paclitaxel,DB01229,ovarian neoplasm,C0919267,Terminated,Phase 3,Poor accrual
Lenalidomide,DB00480,T-Cell Lymphoma,C0079772,Terminated,Phase 2,Decision not to pursue as single agent in the study population.
Thalidomide,DB01041,T-Cell Lymphoma,C0079772,Terminated,Phase 2,Decision not to pursue as single agent in the study population.
Vorinostat,DB02546,adult acute megakaryoblastic leukemia (M7),C0279632,Terminated,Phase 2,
Vorinostat,DB02546,adult acute minimally differentiated myeloid leukemia (M0),C0281641,Terminated,Phase 2,
Vorinostat,DB02546,adult acute monoblastic leukemia (M5a),C0279629,Terminated,Phase 2,
Vorinostat,DB02546,adult acute monocytic leukemia (M5b),C0280634,Terminated,Phase 2,
Vorinostat,DB02546,adult acute myeloblastic leukemia with maturation (M2),C0279624,Terminated,Phase 2,
Vorinostat,DB02546,Adult Acute Myeloid Leukemia without Maturation,C0279623,Terminated,Phase 2,
Vorinostat,DB02546,adult acute myeloid leukemia with 11q23 (MLL) abnormalities,C1541334,Terminated,Phase 2,
Vorinostat,DB02546,adult acute myeloid leukemia with inv(16)(p13;q22),C1541333,Terminated,Phase 2,
Vorinostat,DB02546,adult acute myeloid leukemia with t(16;16)(p13;q22),C1541332,Terminated,Phase 2,
Vorinostat,DB02546,adult acute myeloid leukemia with t(8;21)(q22;q22),C1541331,Terminated,Phase 2,
Vorinostat,DB02546,adult acute myelomonocytic leukemia (M4),C0279627,Terminated,Phase 2,
Vorinostat,DB02546,adult erythroleukemia (M6a),C1541339,Terminated,Phase 2,
Vorinostat,DB02546,adult pure erythroid leukemia (M6b),C1541340,Terminated,Phase 2,
Vorinostat,DB02546,untreated adult acute myeloid leukemia,C0279089,Terminated,Phase 2,
Morphine,DB00295,Advanced cancer,C0877373,Terminated,Phase 3,Slow Accrual
Methadone,DB00333,Advanced cancer,C0877373,Terminated,Phase 3,Slow Accrual
Morphine,DB00295,Solid tumour,C0280100,Terminated,Phase 3,Slow Accrual
Methadone,DB00333,Solid tumour,C0280100,Terminated,Phase 3,Slow Accrual
Aldesleukin,DB00041,leukemia,C0023418,Terminated,Phase 1/Phase 2,No patients exhibited natural killer cell expansion (primary endpoint).
Rituximab,DB00073,leukemia,C0023418,Terminated,Phase 1/Phase 2,No patients exhibited natural killer cell expansion (primary endpoint).
Fludarabine,DB01073,leukemia,C0023418,Terminated,Phase 1/Phase 2,No patients exhibited natural killer cell expansion (primary endpoint).
Teriparatide,DB06285,Hypocalcemia,C0020598,Terminated,Phase 2,Terminated due to slow accrual.
Cyclophosphamide,DB00531,leukemia,C0023418,Terminated,Phase 1/Phase 2,Investigator decision
Clofarabine,DB00631,leukemia,C0023418,Terminated,Phase 1/Phase 2,Investigator decision
Cyclophosphamide,DB00531,Hodgkin Disease,C0019829,Terminated,Phase 1/Phase 2,Investigator decision
Clofarabine,DB00631,Hodgkin Disease,C0019829,Terminated,Phase 1/Phase 2,Investigator decision
Clofarabine,DB00631,Multiple Myeloma,C0026764,Terminated,Phase 1/Phase 2,Investigator decision
Reboxetine,DB00234,Diabetic Neuropathies,C0011882,Terminated,Phase 2,Study was terminated for futility following the planned interim analysis.
Irinotecan,DB00762,Malignant tumor of colon,C0007102,Terminated,Phase 1/Phase 2,Due to changes in portfolio review
Oxaliplatin,DB00526,Malignant tumor of colon,C0007102,Terminated,Phase 2,Withdrawn due to poor/low accrual
Capecitabine,DB01101,Malignant tumor of colon,C0007102,Terminated,Phase 2,Withdrawn due to poor/low accrual
Iloprost,DB01088,Systemic Scleroderma,C0036421,Terminated,Phase 2,sufficient number to reach the primary endpoint and as planned
Cetuximab,DB00002,Esophageal carcinoma,C0152018,Withdrawn,Phase 2,lack of funding
Bevacizumab,DB00112,Esophageal carcinoma,C0152018,Withdrawn,Phase 2,lack of funding
Bevacizumab,DB00112,Renal Cell Carcinoma,C0007134,Terminated,Phase 1/Phase 2,
Zonisamide,DB00909,Epilepsy,C0014544,Terminated,Phase 3,Sponsor's decision
Mesalazine,DB00244,Diverticulitis,C0012813,Terminated,Phase 3,
Lenalidomide,DB00480,Advanced cancer,C0877373,Terminated,Phase 2,Low accrual.
Thalidomide,DB01041,Advanced cancer,C0877373,Terminated,Phase 2,Low accrual.
Lenalidomide,DB00480,Pain,C0030193,Terminated,Phase 2,Low accrual.
Thalidomide,DB01041,Pain,C0030193,Terminated,Phase 2,Low accrual.
Alemtuzumab,DB00087,"Lupus Erythematosus, Systemic",C0024141,Terminated,Phase 1,inactive
Busulfan,DB01008,"Lupus Erythematosus, Systemic",C0024141,Terminated,Phase 1,inactive
Fludarabine,DB01073,"Lupus Erythematosus, Systemic",C0024141,Terminated,Phase 1,inactive
Alemtuzumab,DB00087,Systemic Scleroderma,C0036421,Terminated,Phase 1,inactive
Busulfan,DB01008,Systemic Scleroderma,C0036421,Terminated,Phase 1,inactive
Fludarabine,DB01073,Systemic Scleroderma,C0036421,Terminated,Phase 1,inactive
Adalimumab,DB00051,Sarcoidosis,C0036202,Withdrawn,Phase 2,Dr. Jorizzo has decided to withdraw from this study due to the time it is taking to get the
Propranolol,DB00571,Cocaine Dependence,C0600427,Terminated,Phase 1,
Lovastatin,DB00227,Severe persistent asthma,C1960048,Withdrawn,Phase 1/Phase 2,Study never opened
Pramipexole,DB00413,Fibromyalgia,C0016053,Terminated,Phase 2,
Nitroprusside,DB00325,Sarcopenia,C0872084,Terminated,Phase 1,
Adalimumab,DB00051,Pyoderma Gangrenosum,C0085652,Withdrawn,Phase 2,Dr. Jorizzo has decided to withdraw from this study due to the time it is taking to get the
Alfuzosin,DB00346,Multiple Sclerosis,C0026769,Terminated,Phase 2/Phase 3,Lack of funding
Alfuzosin,DB00346,Bladder dysfunction,C0232841,Terminated,Phase 2/Phase 3,Lack of funding
Pioglitazone,DB01132,Amyotrophic Lateral Sclerosis,C0002736,Terminated,Phase 2,The interim analysis showed no tendency in favour of the verum group. Therefore it was decided
Zonisamide,DB00909,Epilepsy,C0014544,Terminated,Phase 3,Sponsor's decision
Ziprasidone,DB00246,Schizoaffective Disorder,C0036337,Terminated,Phase 3,Please see Detailed Description for termination reason.
Citalopram,DB00215,Sleeplessness,C0917801,Terminated,Phase 3,Enrollment discontinued based on mutually agreed upon decision by PI and funding sponsor
Bevacizumab,DB00112,Malignant tumor of colon,C0007102,Terminated,Phase 2,
Oxaliplatin,DB00526,Malignant tumor of colon,C0007102,Terminated,Phase 2,
Irinotecan,DB00544,Malignant tumor of colon,C0007102,Terminated,Phase 2,
Capecitabine,DB00762,Malignant tumor of colon,C0007102,Terminated,Phase 2,
,DB01101,Malignant tumor of colon,C0007102,Terminated,Phase 2,
Pyrimethamine,DB00205,"Malaria, antepartum",C0747820,Terminated,Phase 3,"Malaria prev. fell in the study area, so we cannot evaluate the primary endpoint"
Sulfadoxine,DB01299,"Malaria, antepartum",C0747820,Terminated,Phase 3,"Malaria prev. fell in the study area, so we cannot evaluate the primary endpoint"
Treprostinil,DB00374,Hamman-Rich syndrome,C0085786,Terminated,Phase 2,Lack of enrollment to the trial. Very difficult population to recruit.
Treprostinil,DB00374,Pulmonary Hypertension,C0020542,Terminated,Phase 2,Lack of enrollment to the trial. Very difficult population to recruit.
Pemetrexed,DB00642,Primary central nervous system lymphoma,C0280803,Withdrawn,Phase 2,Lack of accrual
Lenalidomide,DB00480,Adult T-Cell Lymphoma/Leukemia,C0023493,Terminated,Phase 0,Closed due to futility with only 1 patient accrued
Thalidomide,DB01041,Adult T-Cell Lymphoma/Leukemia,C0023493,Terminated,Phase 0,Closed due to futility with only 1 patient accrued
Lenalidomide,DB00480,Angioimmunoblastic Lymphadenopathy,C0020981,Terminated,Phase 0,Closed due to futility with only 1 patient accrued
Thalidomide,DB01041,Angioimmunoblastic Lymphadenopathy,C0020981,Terminated,Phase 0,Closed due to futility with only 1 patient accrued
Lenalidomide,DB00480,Ki-1+ Anaplastic Large Cell Lymphoma,C0206180,Terminated,Phase 0,Closed due to futility with only 1 patient accrued
Thalidomide,DB01041,Ki-1+ Anaplastic Large Cell Lymphoma,C0206180,Terminated,Phase 0,Closed due to futility with only 1 patient accrued
Salmon Calcitonin,DB00017,Degenerative polyarthritis,C0029408,Terminated,Phase 3,Male subjects were terminated due to an imbalance in prostate cancer events
Testosterone,DB00624,Hypogonadism,C0020619,Withdrawn,Phase 1,financial constraints
Methyltestosterone,DB00624,Hypogonadism,C0020619,Withdrawn,Phase 1,financial constraints
,DB00624,Hypogonadism,C0020619,Withdrawn,Phase 1,financial constraints
,DB06710,Hypogonadism,C0020619,Withdrawn,Phase 1,financial constraints
Aldesleukin,DB00041,Cutaneous Melanoma,C0151779,Terminated,Phase 2,Terminated due to withdrawal of support from our collaborator.
Fludarabine,DB01073,Cutaneous Melanoma,C0151779,Terminated,Phase 2,Terminated due to withdrawal of support from our collaborator.
Aldesleukin,DB00041,"unspecified adult solid tumor, protocol specific",C0279004,Terminated,Phase 2,Terminated due to withdrawal of support from our collaborator.
Fludarabine,DB01073,"unspecified adult solid tumor, protocol specific",C0279004,Terminated,Phase 2,Terminated due to withdrawal of support from our collaborator.
Temozolomide,DB00853,Glioblastoma,C0017636,Withdrawn,Phase 1,
Aminolevulinic acid,DB00855,Cervical Intraepithelial Neoplasia,C0206708,Terminated,Phase 2,"Slow recruitment, study stopped with only 13 of 70 patients included in second part of the"
Riboflavin,DB00140,progressive keratoconus,C2114756,Withdrawn,Phase 2/Phase 3,Investigator no longer at university
Riboflavin,DB00140,Corneal ectasia,C0155135,Withdrawn,Phase 2/Phase 3,Investigator no longer at university
Peginterferon alfa-2b,DB00022,"unspecified adult solid tumor, protocol specific",C0279004,Terminated,Phase 1,
Decitabine,DB01262,"unspecified adult solid tumor, protocol specific",C0279004,Terminated,Phase 1,
Heparin,DB01109,Burn injury,C0006434,Withdrawn,Phase 2/Phase 3,
Bisoprolol,DB00612,Chronic Obstructive Airway Disease,C0024117,Terminated,Phase 2,Inadequate patient recruitment
Calfactant,DB06415,"Respiratory Distress Syndrome, Adult",C0035222,Terminated,Phase 3,Expected mortality rates in placebo and treatment groups lower than predicted
Exenatide,DB01276,Diabetes Mellitus,C0011849,Terminated,Phase 2,"Enrollment was much slower than anticipated, leading to a decision to terminate the study"
Bevacizumab,DB00112,Colorectal Carcinoma,C0009402,Withdrawn,Phase 2/Phase 3,Withdrawn by the study sponsor.
Folic Acid,DB00158,Colorectal Carcinoma,C0009402,Withdrawn,Phase 2/Phase 3,Withdrawn by the study sponsor.
Levoleucovorin,DB11596,Colorectal Carcinoma,C0009402,Withdrawn,Phase 2/Phase 3,Withdrawn by the study sponsor.
Bevacizumab,DB00112,Secondary malignant neoplasm of liver,C0494165,Withdrawn,Phase 2/Phase 3,Withdrawn by the study sponsor.
Folic Acid,DB00158,Secondary malignant neoplasm of liver,C0494165,Withdrawn,Phase 2/Phase 3,Withdrawn by the study sponsor.
Levoleucovorin,DB11596,Secondary malignant neoplasm of liver,C0494165,Withdrawn,Phase 2/Phase 3,Withdrawn by the study sponsor.
Ethanol,DB00898,Pregnancy in Adolescence,C0032968,Terminated,Phase 0,This project was not a clinical trial requiring registration
Mefloquine,DB00358,"Leukoencephalopathy, Progressive Multifocal",C0023524,Terminated,Phase 1/Phase 2,Primary endpoint not achieved
Exemestane,DB00990,Advanced breast cancer,C3495917,Terminated,Phase 2,See termination reason in detailed description.
Tenofovir,DB00300,Hepatitis B,C0019163,Terminated,Phase 3,
,DB00300,Hepatitis B,C0019163,Terminated,Phase 3,
Nitric Oxide,DB00435,MRSA - Methicillin resistant Staphylococcus aureus infection,C0343401,Terminated,Phase 2,Limited recruitment
Alemtuzumab,DB00087,leukemia,C0023418,Terminated,Phase 1/Phase 2,Poor accrual
Vidarabine,DB00194,leukemia,C0023418,Terminated,Phase 1/Phase 2,Poor accrual
Cyclophosphamide,DB00531,leukemia,C0023418,Terminated,Phase 1/Phase 2,Poor accrual
Busulfan,DB01008,leukemia,C0023418,Terminated,Phase 1/Phase 2,Poor accrual
Fludarabine,DB01073,leukemia,C0023418,Terminated,Phase 1/Phase 2,Poor accrual
Thiotepa,DB04572,leukemia,C0023418,Terminated,Phase 1/Phase 2,Poor accrual
Alemtuzumab,DB00087,Neuroblastoma,C0027819,Terminated,Phase 1/Phase 2,Poor accrual
Vidarabine,DB00194,Neuroblastoma,C0027819,Terminated,Phase 1/Phase 2,Poor accrual
Busulfan,DB01008,Neuroblastoma,C0027819,Terminated,Phase 1/Phase 2,Poor accrual
Fludarabine,DB01073,Neuroblastoma,C0027819,Terminated,Phase 1/Phase 2,Poor accrual
Thiotepa,DB04572,Neuroblastoma,C0027819,Terminated,Phase 1/Phase 2,Poor accrual
Alemtuzumab,DB00087,Immunologic Deficiency Syndromes,C0021051,Terminated,Phase 1/Phase 2,Poor accrual
Vidarabine,DB00194,Immunologic Deficiency Syndromes,C0021051,Terminated,Phase 1/Phase 2,Poor accrual
Cyclophosphamide,DB00531,Immunologic Deficiency Syndromes,C0021051,Terminated,Phase 1/Phase 2,Poor accrual
Busulfan,DB01008,Immunologic Deficiency Syndromes,C0021051,Terminated,Phase 1/Phase 2,Poor accrual
Fludarabine,DB01073,Immunologic Deficiency Syndromes,C0021051,Terminated,Phase 1/Phase 2,Poor accrual
Thiotepa,DB04572,Immunologic Deficiency Syndromes,C0021051,Terminated,Phase 1/Phase 2,Poor accrual
Erlotinib,DB00530,Malignant neoplasm of lung,C0242379,Terminated,Phase 1/Phase 2,Closed early due to determination of futility/efficacy.
Dasatinib,DB01254,Malignant neoplasm of lung,C0242379,Terminated,Phase 1/Phase 2,Closed early due to determination of futility/efficacy.
Dasatinib,DB01254,Non-Small Cell Lung Carcinoma,C0007131,Terminated,Phase 1/Phase 2,Closed early due to determination of futility/efficacy.
Nitric Oxide,DB00435,Chronic ulcer of lower extremity,C0263560,Terminated,Phase 2,Subject recuitment halted and won't resume; subjects are no longer being treated.
Budesonide,DB00741,Inflammatory Bowel Diseases,C0021390,Terminated,Phase 2,Study terminated due to insufficient enrollment
,DB01222,Inflammatory Bowel Diseases,C0021390,Terminated,Phase 2,Study terminated due to insufficient enrollment
Budesonide,DB00741,Ulcerative Colitis,C0009324,Terminated,Phase 2,Study terminated due to insufficient enrollment
,DB01222,Ulcerative Colitis,C0009324,Terminated,Phase 2,Study terminated due to insufficient enrollment
Anidulafungin,DB00362,Fungemia,C0085082,Terminated,Phase 3,"The study was prematurely terminated on May 18, 2012 due to slow enrollment. The study was not"
Caspofungin,DB00520,Fungemia,C0085082,Terminated,Phase 3,"The study was prematurely terminated on May 18, 2012 due to slow enrollment. The study was not"
Anidulafungin,DB00362,Candidiasis,C0006840,Terminated,Phase 3,"The study was prematurely terminated on May 18, 2012 due to slow enrollment. The study was not"
Caspofungin,DB00520,Candidiasis,C0006840,Terminated,Phase 3,"The study was prematurely terminated on May 18, 2012 due to slow enrollment. The study was not"
Vidarabine,DB00194,Myeloproliferative disease,C0027022,Terminated,Phase 2,Unacceptable morbidity & mortality
Mycophenolate mofetil,DB00688,Myeloproliferative disease,C0027022,Terminated,Phase 2,Unacceptable morbidity & mortality
Tacrolimus,DB00864,Myeloproliferative disease,C0027022,Terminated,Phase 2,Unacceptable morbidity & mortality
Mycophenolic acid,DB01024,Myeloproliferative disease,C0027022,Terminated,Phase 2,Unacceptable morbidity & mortality
Melphalan,DB01024,Myeloproliferative disease,C0027022,Terminated,Phase 2,Unacceptable morbidity & mortality
Fludarabine,DB01042,Myeloproliferative disease,C0027022,Terminated,Phase 2,Unacceptable morbidity & mortality
,DB01073,Myeloproliferative disease,C0027022,Terminated,Phase 2,Unacceptable morbidity & mortality
Vidarabine,DB00194,leukemia,C0023418,Terminated,Phase 2,Unacceptable morbidity & mortality
Mycophenolate mofetil,DB00688,leukemia,C0023418,Terminated,Phase 2,Unacceptable morbidity & mortality
Tacrolimus,DB00864,leukemia,C0023418,Terminated,Phase 2,Unacceptable morbidity & mortality
Mycophenolic acid,DB01024,leukemia,C0023418,Terminated,Phase 2,Unacceptable morbidity & mortality
Melphalan,DB01024,leukemia,C0023418,Terminated,Phase 2,Unacceptable morbidity & mortality
Fludarabine,DB01042,leukemia,C0023418,Terminated,Phase 2,Unacceptable morbidity & mortality
,DB01073,leukemia,C0023418,Terminated,Phase 2,Unacceptable morbidity & mortality
Budesonide,DB01222,Radiation proctitis,C0400827,Terminated,Phase 2,Study was prematurely stopped due to slow recruitment after 17 of 32 anticipated patients were
Colchicine,DB01394,"Hepatitis C, Chronic",C0524910,Terminated,Phase 2,Preliminary analysis
Pegfilgrastim,DB00019,Non-Small Cell Lung Carcinoma,C0007131,Terminated,Phase 2,Interim analysis indicated low probability of clinically significant result
Erlotinib,DB00530,Meningeal Carcinomatosis,C0220654,Terminated,Phase 2,low accrual rate
Cycloserine,DB00260,Smoker,C0337664,Withdrawn,Phase 2,Study was not funded and pilot work proved impractical.
Clofarabine,DB00631,adult acute myeloid leukemia in remission,C0279094,Terminated,Phase 2,
Cytarabine,DB00987,adult acute myeloid leukemia in remission,C0279094,Terminated,Phase 2,
Clofarabine,DB00631,adult acute myeloid leukemia with 11q23 (MLL) abnormalities,C1541334,Terminated,Phase 2,
Cytarabine,DB00987,adult acute myeloid leukemia with 11q23 (MLL) abnormalities,C1541334,Terminated,Phase 2,
Clofarabine,DB00631,adult acute myeloid leukemia with inv(16)(p13;q22),C1541333,Terminated,Phase 2,
Cytarabine,DB00987,adult acute myeloid leukemia with inv(16)(p13;q22),C1541333,Terminated,Phase 2,
Clofarabine,DB00631,adult acute myeloid leukemia with t(15;17)(q22;q12),C1541335,Terminated,Phase 2,
Cytarabine,DB00987,adult acute myeloid leukemia with t(15;17)(q22;q12),C1541335,Terminated,Phase 2,
Clofarabine,DB00631,adult acute myeloid leukemia with t(16;16)(p13;q22),C1541332,Terminated,Phase 2,
Cytarabine,DB00987,adult acute myeloid leukemia with t(16;16)(p13;q22),C1541332,Terminated,Phase 2,
Clofarabine,DB00631,adult acute myeloid leukemia with t(8;21)(q22;q22),C1541331,Terminated,Phase 2,
Cytarabine,DB00987,adult acute myeloid leukemia with t(8;21)(q22;q22),C1541331,Terminated,Phase 2,
Clofarabine,DB00631,recurrent adult acute myeloid leukemia,C0278780,Terminated,Phase 2,
Cytarabine,DB00987,recurrent adult acute myeloid leukemia,C0278780,Terminated,Phase 2,
Topiramate,DB00273,"Alcoholic Intoxication, Chronic",C0001973,Terminated,Phase 2,Recruitment goals could not be met before ending of funding for this project.
Zonisamide,DB00909,"Alcoholic Intoxication, Chronic",C0001973,Terminated,Phase 2,Recruitment goals could not be met before ending of funding for this project.
Piracetam,DB09210,"Alcoholic Intoxication, Chronic",C0001973,Terminated,Phase 2,Recruitment goals could not be met before ending of funding for this project.
Voriconazole,DB00582,invasive aspergillosis,C0238013,Terminated,Phase 3,"This protocol terminated prematurely on July 8, 2013 due to slow enrollment, not because of"
Sevelamer,DB00658,Chronic Kidney Diseases,C1561643,Terminated,Phase 3,"After an extensive review,the ASPIRE in CKD study was terminated because it was not possible"
Sevelamer,DB00658,Hyperphosphatemia (disorder),C0085681,Terminated,Phase 3,"After an extensive review,the ASPIRE in CKD study was terminated because it was not possible"
Busulfan,DB01008,Refractory Brain Neoplasm,C2347923,Withdrawn,Phase 1,slow accrual
Rituximab,DB00073,leukemia,C0023418,Withdrawn,Phase 2,No patient enrolled on study. Did not get patients in timely fashion. All referrals for study
Lenalidomide,DB00480,leukemia,C0023418,Withdrawn,Phase 2,No patient enrolled on study. Did not get patients in timely fashion. All referrals for study
Paroxetine,DB00715,Anxiety Disorders,C0003469,Terminated,Phase 3,Pfizer has terminated the execution of this protocol
Floxuridine,DB00322,Malignant neoplasm of stomach,C0024623,Terminated,Phase 2,Due to slow accrual
Cisplatin,DB00515,Malignant neoplasm of stomach,C0024623,Terminated,Phase 2,Due to slow accrual
Irinotecan,DB00544,Malignant neoplasm of stomach,C0024623,Terminated,Phase 2,Due to slow accrual
Capecitabine,DB00762,Malignant neoplasm of stomach,C0024623,Terminated,Phase 2,Due to slow accrual
,DB01101,Malignant neoplasm of stomach,C0024623,Terminated,Phase 2,Due to slow accrual
Amphotericin B,DB00681,"Meningitis, Cryptococcal",C0085436,Terminated,Phase 2,
Flucytosine,DB01099,"Meningitis, Cryptococcal",C0085436,Terminated,Phase 2,
Glycine betaine,DB06756,"Hepatitis C, Chronic",C0524910,Terminated,Phase 0,"new medications with improved response released, nonaccrual"
Ampicillin,DB00415,Chorioamnionitis,C0008495,Suspended,Phase 2/Phase 3,We are currently performing and interim analysis for possible neonatal organism resistance to
Sulbactam,DB09324,Chorioamnionitis,C0008495,Suspended,Phase 2/Phase 3,We are currently performing and interim analysis for possible neonatal organism resistance to
Valsartan,DB00177,Oxidative Stress,C0242606,Terminated,Phase 3,insufficient enrollment and retention
Ramipril,DB00178,Oxidative Stress,C0242606,Terminated,Phase 3,insufficient enrollment and retention
Valsartan,DB00177,Endothelial dysfunction,C0856169,Terminated,Phase 3,insufficient enrollment and retention
Ramipril,DB00178,Endothelial dysfunction,C0856169,Terminated,Phase 3,insufficient enrollment and retention
Bevacizumab,DB00112,Biliary Tract Cancer,C0750952,Terminated,Phase 2,It was not possible to get insurance companies to cover bevacizumab.
Pregabalin,DB00230,Spinal Cord Injuries,C0037929,Terminated,Phase 3,lack of funding and patients
Pregabalin,DB00230,Pain,C0030193,Terminated,Phase 3,lack of funding and patients
Prednisone,DB00635,Adenocarcinoma of prostate,C0007112,Terminated,Phase 1/Phase 2,Terminated due to slow accrual.
Sunitinib,DB01268,Adenocarcinoma of prostate,C0007112,Terminated,Phase 1/Phase 2,Terminated due to slow accrual.
Prednisone,DB00635,Prostate cancer recurrent,C0278838,Terminated,Phase 1/Phase 2,Terminated due to slow accrual.
Sunitinib,DB01268,Prostate cancer recurrent,C0278838,Terminated,Phase 1/Phase 2,Terminated due to slow accrual.
Pregabalin,DB00230,Orofacial Pain,C0178782,Terminated,Phase 2,difficulty to recruit patients
Thiamine,DB00152,Hyperemesis Gravidarum,C0020450,Terminated,Phase 3,Difficulties in recruiting patients
Promethazine,DB01069,Hyperemesis Gravidarum,C0020450,Terminated,Phase 3,Difficulties in recruiting patients
Diphenhydramine,DB01075,Hyperemesis Gravidarum,C0020450,Terminated,Phase 3,Difficulties in recruiting patients
Modafinil,DB00745,Methamphetamine dependence,C1533217,Terminated,Phase 2,Terminated due to lack of funding.
Methamphetamine,DB01577,Methamphetamine dependence,C1533217,Terminated,Phase 2,Terminated due to lack of funding.
Armodafinil,DB06413,Methamphetamine dependence,C1533217,Terminated,Phase 2,Terminated due to lack of funding.
Dasatinib,DB01254,Malignant neoplasm of lung,C0242379,Terminated,Phase 2,Slow Accrual
Risperidone,DB00734,Schizoaffective Disorder,C0036337,Terminated,Phase 3,Slow Accrual
Quetiapine,DB01224,Schizoaffective Disorder,C0036337,Terminated,Phase 3,Slow Accrual
Aripiprazole,DB01238,Schizoaffective Disorder,C0036337,Terminated,Phase 3,Slow Accrual
Risperidone,DB00734,Bipolar I disorder,C0853193,Terminated,Phase 3,Slow Accrual
Quetiapine,DB01224,Bipolar I disorder,C0853193,Terminated,Phase 3,Slow Accrual
Aripiprazole,DB01238,Bipolar I disorder,C0853193,Terminated,Phase 3,Slow Accrual
Pregabalin,DB00230,Vulvodynia,C0406670,Terminated,Phase 2,Not feasible due to low accrual
Pregabalin,DB00230,Vulvar Vestibulitis,C0269084,Terminated,Phase 2,Not feasible due to low accrual
Prednisone,DB00635,Multiple Myeloma,C0026764,Terminated,Phase 1/Phase 2,"The Phase I of the study was completed, but Phase 2 has not been activated"
Vorinostat,DB02546,Multiple Myeloma,C0026764,Terminated,Phase 1/Phase 2,"The Phase I of the study was completed, but Phase 2 has not been activated"
Zoledronic acid,DB00399,Adenocarcinoma,C0001418,Terminated,Phase 1,Principal Investigator decided to close the study early.
Linezolid,DB00601,"Skin Diseases, Infectious",C0037278,Terminated,Phase 3,Terminated
Quetiapine,DB01224,Major Depressive Disorder,C1269683,Terminated,Phase 3,Study terminated due to low enrollment
Quetiapine,DB01224,Generalized Anxiety Disorder,C0270549,Terminated,Phase 3,Study terminated due to low enrollment
Cisplatin,DB00515,Epithelial ovarian cancer,C0677886,Terminated,Phase 1/Phase 2,Poor recruitment
Temozolomide,DB00853,Mixed Oligodendroglioma-Astrocytoma,C0280793,Terminated,Phase 3,Difficulty in recruiting patients
Mifepristone,DB00834,"Affective Disorders, Psychotic",C0001723,Terminated,Phase 3,
Rituximab,DB00073,Lymphoproliferative Disorders,C0024314,Terminated,Phase 2,Funding unavailable
Bortezomib,DB00188,Lymphoproliferative Disorders,C0024314,Terminated,Phase 2,Funding unavailable
Dacarbazine,DB00851,Glioblastoma,C0017636,Terminated,Phase 1,Sponsor withdrew support; Study did not progress to Phase II.
Temozolomide,DB00853,Glioblastoma,C0017636,Terminated,Phase 1,Sponsor withdrew support; Study did not progress to Phase II.
Dasatinib,DB01254,Glioblastoma,C0017636,Terminated,Phase 1,Sponsor withdrew support; Study did not progress to Phase II.
Dacarbazine,DB00851,CNS disorder,C0007682,Terminated,Phase 1,Sponsor withdrew support; Study did not progress to Phase II.
Temozolomide,DB00853,CNS disorder,C0007682,Terminated,Phase 1,Sponsor withdrew support; Study did not progress to Phase II.
Dasatinib,DB01254,CNS disorder,C0007682,Terminated,Phase 1,Sponsor withdrew support; Study did not progress to Phase II.
Dacarbazine,DB00851,Brain Diseases,C0006111,Terminated,Phase 1,Sponsor withdrew support; Study did not progress to Phase II.
Temozolomide,DB00853,Brain Diseases,C0006111,Terminated,Phase 1,Sponsor withdrew support; Study did not progress to Phase II.
Dasatinib,DB01254,Brain Diseases,C0006111,Terminated,Phase 1,Sponsor withdrew support; Study did not progress to Phase II.
Cetuximab,DB00002,metastatic squamous neck cancer with occult primary squamous cell carcinoma,C0279696,Terminated,Phase 1,
Sunitinib,DB01268,metastatic squamous neck cancer with occult primary squamous cell carcinoma,C0279696,Terminated,Phase 1,
Cetuximab,DB00002,recurrent metastatic squamous neck cancer with occult primary,C0279100,Terminated,Phase 1,
Sunitinib,DB01268,recurrent metastatic squamous neck cancer with occult primary,C0279100,Terminated,Phase 1,
Cetuximab,DB00002,Recurrent Salivary Gland Cancer,C0278993,Terminated,Phase 1,
Sunitinib,DB01268,Recurrent Salivary Gland Cancer,C0278993,Terminated,Phase 1,
Cetuximab,DB00002,Squamous cell carcinoma of the hypopharynx recurrent,C0280392,Terminated,Phase 1,
Sunitinib,DB01268,Squamous cell carcinoma of the hypopharynx recurrent,C0280392,Terminated,Phase 1,
Cetuximab,DB00002,Laryngeal squamous cell carcinoma recurrent,C0280401,Terminated,Phase 1,
Sunitinib,DB01268,Laryngeal squamous cell carcinoma recurrent,C0280401,Terminated,Phase 1,
Cetuximab,DB00002,recurrent squamous cell carcinoma of the lip and oral cavity,C0280363,Terminated,Phase 1,
Sunitinib,DB01268,recurrent squamous cell carcinoma of the lip and oral cavity,C0280363,Terminated,Phase 1,
Cetuximab,DB00002,Nasopharyngeal squamous cell carcinoma recurrent,C0280386,Terminated,Phase 1,
Sunitinib,DB01268,Nasopharyngeal squamous cell carcinoma recurrent,C0280386,Terminated,Phase 1,
Cetuximab,DB00002,Oropharyngeal squamous cell carcinoma recurrent,C0280376,Terminated,Phase 1,
Sunitinib,DB01268,Oropharyngeal squamous cell carcinoma recurrent,C0280376,Terminated,Phase 1,
Cetuximab,DB00002,recurrent squamous cell carcinoma of the paranasal sinus and nasal cavity,C0280419,Terminated,Phase 1,
Sunitinib,DB01268,recurrent squamous cell carcinoma of the paranasal sinus and nasal cavity,C0280419,Terminated,Phase 1,
Cetuximab,DB00002,Laryngeal verrucous carcinoma recurrent,C0280402,Terminated,Phase 1,
Sunitinib,DB01268,Laryngeal verrucous carcinoma recurrent,C0280402,Terminated,Phase 1,
Cetuximab,DB00002,Verrucous carcinoma of the oral cavity recurrent,C0280365,Terminated,Phase 1,
Sunitinib,DB01268,Verrucous carcinoma of the oral cavity recurrent,C0280365,Terminated,Phase 1,
Cetuximab,DB00002,squamous cell carcinoma of salivary gland,C0279697,Terminated,Phase 1,
Sunitinib,DB01268,squamous cell carcinoma of salivary gland,C0279697,Terminated,Phase 1,
Cetuximab,DB00002,Salivary gland cancer stage III,C0278991,Terminated,Phase 1,
Sunitinib,DB01268,Salivary gland cancer stage III,C0278991,Terminated,Phase 1,
Cetuximab,DB00002,Squamous cell carcinoma of the hypopharynx stage III,C0280390,Terminated,Phase 1,
Sunitinib,DB01268,Squamous cell carcinoma of the hypopharynx stage III,C0280390,Terminated,Phase 1,
Cetuximab,DB00002,Laryngeal squamous cell carcinoma stage III,C0280397,Terminated,Phase 1,
Sunitinib,DB01268,Laryngeal squamous cell carcinoma stage III,C0280397,Terminated,Phase 1,
Cetuximab,DB00002,stage III squamous cell carcinoma of the lip and oral cavity,C0280353,Terminated,Phase 1,
Sunitinib,DB01268,stage III squamous cell carcinoma of the lip and oral cavity,C0280353,Terminated,Phase 1,
Cetuximab,DB00002,Nasopharyngeal squamous cell carcinoma stage III,C0280382,Terminated,Phase 1,
Sunitinib,DB01268,Nasopharyngeal squamous cell carcinoma stage III,C0280382,Terminated,Phase 1,
Cetuximab,DB00002,Oropharyngeal squamous cell carcinoma stage III,C0280372,Terminated,Phase 1,
Sunitinib,DB01268,Oropharyngeal squamous cell carcinoma stage III,C0280372,Terminated,Phase 1,
Cetuximab,DB00002,stage III squamous cell carcinoma of the paranasal sinus and nasal cavity,C0280411,Terminated,Phase 1,
Sunitinib,DB01268,stage III squamous cell carcinoma of the paranasal sinus and nasal cavity,C0280411,Terminated,Phase 1,
Cetuximab,DB00002,Laryngeal verrucous carcinoma stage III,C0280398,Terminated,Phase 1,
Sunitinib,DB01268,Laryngeal verrucous carcinoma stage III,C0280398,Terminated,Phase 1,
Cetuximab,DB00002,Verrucous carcinoma of the oral cavity stage III,C0280355,Terminated,Phase 1,
Sunitinib,DB01268,Verrucous carcinoma of the oral cavity stage III,C0280355,Terminated,Phase 1,
Cetuximab,DB00002,Salivary gland cancer stage IV,C0278992,Terminated,Phase 1,
Sunitinib,DB01268,Salivary gland cancer stage IV,C0278992,Terminated,Phase 1,
Cetuximab,DB00002,Squamous cell carcinoma of the hypopharynx stage IV,C0280391,Terminated,Phase 1,
Sunitinib,DB01268,Squamous cell carcinoma of the hypopharynx stage IV,C0280391,Terminated,Phase 1,
Cetuximab,DB00002,Laryngeal squamous cell carcinoma stage IV,C0280399,Terminated,Phase 1,
Sunitinib,DB01268,Laryngeal squamous cell carcinoma stage IV,C0280399,Terminated,Phase 1,
Cetuximab,DB00002,stage IV squamous cell carcinoma of the lip and oral cavity,C0280358,Terminated,Phase 1,
Sunitinib,DB01268,stage IV squamous cell carcinoma of the lip and oral cavity,C0280358,Terminated,Phase 1,
Cetuximab,DB00002,Nasopharyngeal squamous cell carcinoma stage IV,C0280384,Terminated,Phase 1,
Sunitinib,DB01268,Nasopharyngeal squamous cell carcinoma stage IV,C0280384,Terminated,Phase 1,
Cetuximab,DB00002,stage IV squamous cell carcinoma of the oropharynx,C0280374,Terminated,Phase 1,
Sunitinib,DB01268,stage IV squamous cell carcinoma of the oropharynx,C0280374,Terminated,Phase 1,
Cetuximab,DB00002,stage IV squamous cell carcinoma of the paranasal sinus and nasal cavity,C0280415,Terminated,Phase 1,
Sunitinib,DB01268,stage IV squamous cell carcinoma of the paranasal sinus and nasal cavity,C0280415,Terminated,Phase 1,
Cetuximab,DB00002,Laryngeal verrucous carcinoma stage IV,C0280400,Terminated,Phase 1,
Sunitinib,DB01268,Laryngeal verrucous carcinoma stage IV,C0280400,Terminated,Phase 1,
Cetuximab,DB00002,Verrucous carcinoma of the oral cavity stage IV,C0280360,Terminated,Phase 1,
Sunitinib,DB01268,Verrucous carcinoma of the oral cavity stage IV,C0280360,Terminated,Phase 1,
Cetuximab,DB00002,untreated metastatic squamous neck cancer with occult primary,C0279099,Terminated,Phase 1,
Sunitinib,DB01268,untreated metastatic squamous neck cancer with occult primary,C0279099,Terminated,Phase 1,
Sorafenib,DB00398,Colorectal Neoplasms,C0009404,Terminated,Phase 2,
Oxaliplatin,DB00526,Colorectal Neoplasms,C0009404,Terminated,Phase 2,
Irinotecan,DB00762,Colorectal Neoplasms,C0009404,Terminated,Phase 2,
Oxytocin,DB00107,"Fetal Membranes, Premature Rupture",C0015944,Terminated,Phase 2,Inadequate Patient Recruitment.
Lamotrigine,DB00555,Bipolar Disorder,C0005586,Terminated,Phase 1,Slow recruitment; trial unlikely to reach completion
Zoledronic acid,DB00399,Giant Cell Tumor of Bone,C0206638,Terminated,Phase 2,low recruitment with registration denosumab
Panobinostat,DB06603,Non-Small Cell Lung Carcinoma,C0007131,Terminated,Phase 1,Widespread use firstline Pemetrexed; slow recruitment; funding withdrawn..
Cetuximab,DB00002,Neoplasm Metastasis,C0027627,Terminated,Phase 1/Phase 2,
Sunitinib,DB01268,cognitive/functional effects,C0935657,Terminated,Phase 2,Slow Accrual
Sunitinib,DB01268,"unspecified adult solid tumor, protocol specific",C0279004,Terminated,Phase 2,Slow Accrual
Cisplatin,DB00515,Nausea and vomiting,C0027498,Withdrawn,Phase 3,This study has been cancelled prior to enrollment.
Ondansetron,DB00904,Nausea and vomiting,C0027498,Withdrawn,Phase 3,This study has been cancelled prior to enrollment.
Dexamethasone,DB01234,Nausea and vomiting,C0027498,Withdrawn,Phase 3,This study has been cancelled prior to enrollment.
,DB01234,Nausea and vomiting,C0027498,Withdrawn,Phase 3,This study has been cancelled prior to enrollment.
Vincristine,DB00541,Adult Kidney Wilms Tumor,C1332219,Suspended,Phase 3,Temporarily stopped for assessment
Etoposide,DB00773,Adult Kidney Wilms Tumor,C1332219,Suspended,Phase 3,Temporarily stopped for assessment
Dactinomycin,DB00773,Adult Kidney Wilms Tumor,C1332219,Suspended,Phase 3,Temporarily stopped for assessment
Doxorubicin,DB00970,Adult Kidney Wilms Tumor,C1332219,Suspended,Phase 3,Temporarily stopped for assessment
,DB00997,Adult Kidney Wilms Tumor,C1332219,Suspended,Phase 3,Temporarily stopped for assessment
Vincristine,DB00541,Beckwith-Wiedemann Syndrome,C0004903,Suspended,Phase 3,Temporarily stopped for assessment
Etoposide,DB00773,Beckwith-Wiedemann Syndrome,C0004903,Suspended,Phase 3,Temporarily stopped for assessment
Dactinomycin,DB00773,Beckwith-Wiedemann Syndrome,C0004903,Suspended,Phase 3,Temporarily stopped for assessment
Doxorubicin,DB00970,Beckwith-Wiedemann Syndrome,C0004903,Suspended,Phase 3,Temporarily stopped for assessment
,DB00997,Beckwith-Wiedemann Syndrome,C0004903,Suspended,Phase 3,Temporarily stopped for assessment
Vincristine,DB00541,Childhood Kidney Wilms Tumor,C1333015,Suspended,Phase 3,Temporarily stopped for assessment
Etoposide,DB00773,Childhood Kidney Wilms Tumor,C1333015,Suspended,Phase 3,Temporarily stopped for assessment
Dactinomycin,DB00773,Childhood Kidney Wilms Tumor,C1333015,Suspended,Phase 3,Temporarily stopped for assessment
Doxorubicin,DB00970,Childhood Kidney Wilms Tumor,C1333015,Suspended,Phase 3,Temporarily stopped for assessment
,DB00997,Childhood Kidney Wilms Tumor,C1333015,Suspended,Phase 3,Temporarily stopped for assessment
Vincristine,DB00541,Diffuse Hyperplastic Perilobar Nephroblastomatosis,C1880323,Suspended,Phase 3,Temporarily stopped for assessment
Etoposide,DB00773,Diffuse Hyperplastic Perilobar Nephroblastomatosis,C1880323,Suspended,Phase 3,Temporarily stopped for assessment
Dactinomycin,DB00773,Diffuse Hyperplastic Perilobar Nephroblastomatosis,C1880323,Suspended,Phase 3,Temporarily stopped for assessment
Doxorubicin,DB00970,Diffuse Hyperplastic Perilobar Nephroblastomatosis,C1880323,Suspended,Phase 3,Temporarily stopped for assessment
,DB00997,Diffuse Hyperplastic Perilobar Nephroblastomatosis,C1880323,Suspended,Phase 3,Temporarily stopped for assessment
Vincristine,DB00541,Congenital hemihypertrophy,C0332890,Suspended,Phase 3,Temporarily stopped for assessment
Etoposide,DB00773,Congenital hemihypertrophy,C0332890,Suspended,Phase 3,Temporarily stopped for assessment
Dactinomycin,DB00773,Congenital hemihypertrophy,C0332890,Suspended,Phase 3,Temporarily stopped for assessment
Doxorubicin,DB00970,Congenital hemihypertrophy,C0332890,Suspended,Phase 3,Temporarily stopped for assessment
,DB00997,Congenital hemihypertrophy,C0332890,Suspended,Phase 3,Temporarily stopped for assessment
Vincristine,DB00541,stage I Wilms' tumor,C0278711,Suspended,Phase 3,Temporarily stopped for assessment
Etoposide,DB00773,stage I Wilms' tumor,C0278711,Suspended,Phase 3,Temporarily stopped for assessment
Dactinomycin,DB00773,stage I Wilms' tumor,C0278711,Suspended,Phase 3,Temporarily stopped for assessment
Doxorubicin,DB00970,stage I Wilms' tumor,C0278711,Suspended,Phase 3,Temporarily stopped for assessment
,DB00997,stage I Wilms' tumor,C0278711,Suspended,Phase 3,Temporarily stopped for assessment
Vincristine,DB00541,stage II Wilms' tumor,C0278712,Suspended,Phase 3,Temporarily stopped for assessment
Etoposide,DB00773,stage II Wilms' tumor,C0278712,Suspended,Phase 3,Temporarily stopped for assessment
Dactinomycin,DB00773,stage II Wilms' tumor,C0278712,Suspended,Phase 3,Temporarily stopped for assessment
Doxorubicin,DB00970,stage II Wilms' tumor,C0278712,Suspended,Phase 3,Temporarily stopped for assessment
,DB00997,stage II Wilms' tumor,C0278712,Suspended,Phase 3,Temporarily stopped for assessment
Vincristine,DB00541,stage III Wilms' tumor,C0278713,Suspended,Phase 3,Temporarily stopped for assessment
Etoposide,DB00773,stage III Wilms' tumor,C0278713,Suspended,Phase 3,Temporarily stopped for assessment
Dactinomycin,DB00773,stage III Wilms' tumor,C0278713,Suspended,Phase 3,Temporarily stopped for assessment
Doxorubicin,DB00970,stage III Wilms' tumor,C0278713,Suspended,Phase 3,Temporarily stopped for assessment
,DB00997,stage III Wilms' tumor,C0278713,Suspended,Phase 3,Temporarily stopped for assessment
Vincristine,DB00541,stage IV Wilms' tumor,C0278714,Suspended,Phase 3,Temporarily stopped for assessment
Etoposide,DB00773,stage IV Wilms' tumor,C0278714,Suspended,Phase 3,Temporarily stopped for assessment
Dactinomycin,DB00773,stage IV Wilms' tumor,C0278714,Suspended,Phase 3,Temporarily stopped for assessment
Doxorubicin,DB00970,stage IV Wilms' tumor,C0278714,Suspended,Phase 3,Temporarily stopped for assessment
,DB00997,stage IV Wilms' tumor,C0278714,Suspended,Phase 3,Temporarily stopped for assessment
Vincristine,DB00541,stage V Wilms' tumor,C0278715,Suspended,Phase 3,Temporarily stopped for assessment
Etoposide,DB00773,stage V Wilms' tumor,C0278715,Suspended,Phase 3,Temporarily stopped for assessment
Dactinomycin,DB00773,stage V Wilms' tumor,C0278715,Suspended,Phase 3,Temporarily stopped for assessment
Doxorubicin,DB00970,stage V Wilms' tumor,C0278715,Suspended,Phase 3,Temporarily stopped for assessment
,DB00997,stage V Wilms' tumor,C0278715,Suspended,Phase 3,Temporarily stopped for assessment
Gemcitabine,DB00441,Malignant neoplasm of lung,C0242379,Withdrawn,Phase 2,The study was not activated.
Carboplatin,DB00958,Malignant neoplasm of lung,C0242379,Withdrawn,Phase 2,The study was not activated.
Dexamethasone,DB01234,Acute fungal otitis externa,C0728738,Terminated,Phase 3,
,DB01234,Acute fungal otitis externa,C0728738,Terminated,Phase 3,
Haloperidol,DB00502,Delirium,C0011206,Terminated,Phase 3,few delirious patients were enrolled.
Quetiapine,DB00502,Delirium,C0011206,Terminated,Phase 3,few delirious patients were enrolled.
,DB01224,Delirium,C0011206,Terminated,Phase 3,few delirious patients were enrolled.
Cetuximab,DB00002,Colorectal cancer metastatic,C0948380,Withdrawn,Phase 2,Study has been terminated due to lack of accrual.
Fluorouracil,DB00544,Colorectal cancer metastatic,C0948380,Withdrawn,Phase 2,Study has been terminated due to lack of accrual.
Capecitabine,DB01101,Colorectal cancer metastatic,C0948380,Withdrawn,Phase 2,Study has been terminated due to lack of accrual.
Denileukin diftitox,DB00004,Melanoma recurrent,C0278884,Terminated,Phase 1/Phase 2,"ONTAK has been pulled off the market for further testing. Subsequently, EISAI will no longer"
Aldesleukin,DB00041,Melanoma recurrent,C0278884,Terminated,Phase 1/Phase 2,"ONTAK has been pulled off the market for further testing. Subsequently, EISAI will no longer"
Denileukin diftitox,DB00004,malignant melanoma of skin stage III,C0278882,Terminated,Phase 1/Phase 2,"ONTAK has been pulled off the market for further testing. Subsequently, EISAI will no longer"
Aldesleukin,DB00041,malignant melanoma of skin stage III,C0278882,Terminated,Phase 1/Phase 2,"ONTAK has been pulled off the market for further testing. Subsequently, EISAI will no longer"
Sunitinib,DB01268,Malignant neoplasm of lung,C0242379,Terminated,Phase 2,poorly recruiting
Oxaliplatin,DB00526,Colorectal Neoplasms,C0009404,Terminated,Phase 2,Recruitment rate to low; changed environment made protocol in its current state obsolete
Fluorouracil,DB00544,Colorectal Neoplasms,C0009404,Terminated,Phase 2,Recruitment rate to low; changed environment made protocol in its current state obsolete
Capecitabine,DB00544,Colorectal Neoplasms,C0009404,Terminated,Phase 2,Recruitment rate to low; changed environment made protocol in its current state obsolete
,DB01101,Colorectal Neoplasms,C0009404,Terminated,Phase 2,Recruitment rate to low; changed environment made protocol in its current state obsolete
Methylprednisolone,DB00860,Multiple Sclerosis,C0026769,Terminated,Phase 2/Phase 3,Study reached halfway point in approximately one year time period and was halted to analyze
,DB00959,Multiple Sclerosis,C0026769,Terminated,Phase 2/Phase 3,Study reached halfway point in approximately one year time period and was halted to analyze
Midazolam,DB00683,Pain,C0030193,Terminated,Phase 2,
Carboplatin,DB00958,ovarian neoplasm,C0919267,Terminated,Phase 2,This study stopped due to slow accrual.
Paclitaxel,DB01229,ovarian neoplasm,C0919267,Terminated,Phase 2,This study stopped due to slow accrual.
Alemtuzumab,DB00087,B-cell small lymphocytic lymphoma recurrent,C0855096,Terminated,Phase 1,No more eligible patients
Bendamustine,DB06769,B-cell small lymphocytic lymphoma recurrent,C0855096,Terminated,Phase 1,No more eligible patients
Alemtuzumab,DB00087,Chronic lymphocytic leukaemia refractory,C0278791,Terminated,Phase 1,No more eligible patients
Bendamustine,DB06769,Chronic lymphocytic leukaemia refractory,C0278791,Terminated,Phase 1,No more eligible patients
Alemtuzumab,DB00087,Chronic lymphocytic leukaemia stage 3,C0278769,Terminated,Phase 1,No more eligible patients
Bendamustine,DB06769,Chronic lymphocytic leukaemia stage 3,C0278769,Terminated,Phase 1,No more eligible patients
Alemtuzumab,DB00087,B-cell small lymphocytic lymphoma stage III,C0855100,Terminated,Phase 1,No more eligible patients
Bendamustine,DB06769,B-cell small lymphocytic lymphoma stage III,C0855100,Terminated,Phase 1,No more eligible patients
Alemtuzumab,DB00087,Chronic lymphocytic leukaemia stage 4,C0854804,Terminated,Phase 1,No more eligible patients
Bendamustine,DB06769,Chronic lymphocytic leukaemia stage 4,C0854804,Terminated,Phase 1,No more eligible patients
Alemtuzumab,DB00087,B-cell small lymphocytic lymphoma stage IV,C0855101,Terminated,Phase 1,No more eligible patients
Bendamustine,DB06769,B-cell small lymphocytic lymphoma stage IV,C0855101,Terminated,Phase 1,No more eligible patients
Cyproheptadine,DB00434,leukemia,C0023418,Terminated,Phase 2,study not feasible with low accrual. DSMB recommended closure
Cyproheptadine,DB00434,Malnutrition,C0162429,Terminated,Phase 2,study not feasible with low accrual. DSMB recommended closure
Cyproheptadine,DB00434,"unspecified childhood solid tumor, protocol specific",C0279002,Terminated,Phase 2,study not feasible with low accrual. DSMB recommended closure
Cyproheptadine,DB00434,Body Weight Changes,C0005911,Terminated,Phase 2,study not feasible with low accrual. DSMB recommended closure
Erlotinib,DB00530,Neuroendocrine Tumors,C0206754,Terminated,Phase 2,Extreme toxicity of Pertuzumab and Erlotinib combination
Pertuzumab,DB06366,Neuroendocrine Tumors,C0206754,Terminated,Phase 2,Extreme toxicity of Pertuzumab and Erlotinib combination
Erlotinib,DB00530,Adrenal Gland Neoplasms,C0001624,Terminated,Phase 2,Extreme toxicity of Pertuzumab and Erlotinib combination
Pertuzumab,DB06366,Adrenal Gland Neoplasms,C0001624,Terminated,Phase 2,Extreme toxicity of Pertuzumab and Erlotinib combination
Erlotinib,DB00530,Neuroblastoma,C0027819,Terminated,Phase 2,Extreme toxicity of Pertuzumab and Erlotinib combination
Pertuzumab,DB06366,Neuroblastoma,C0027819,Terminated,Phase 2,Extreme toxicity of Pertuzumab and Erlotinib combination
Erlotinib,DB00530,Multiple Endocrine Neoplasia,C0027662,Terminated,Phase 2,Extreme toxicity of Pertuzumab and Erlotinib combination
Pertuzumab,DB06366,Multiple Endocrine Neoplasia,C0027662,Terminated,Phase 2,Extreme toxicity of Pertuzumab and Erlotinib combination
Bevacizumab,DB00112,Intracranial Meningioma,C0349604,Terminated,Phase 2,Study terminated early due to slow accrual
Sirolimus,DB00877,Intracranial Meningioma,C0349604,Terminated,Phase 2,Study terminated early due to slow accrual
Everolimus,DB01590,Intracranial Meningioma,C0349604,Terminated,Phase 2,Study terminated early due to slow accrual
Lovastatin,DB00227,melanoma,C0025202,Withdrawn,Phase 2,Modifications will be necessary before full IRB approval will be secured.
Darbepoetin alfa,DB00012,Chronic Kidney Diseases,C1561643,Terminated,Phase 2,
Lenalidomide,DB00480,Renal Cell Carcinoma,C0007134,Terminated,Phase 1/Phase 2,MTD determined sub-optimal as efficacious treatment for renal cell carcinoma.
Thalidomide,DB01041,Renal Cell Carcinoma,C0007134,Terminated,Phase 1/Phase 2,MTD determined sub-optimal as efficacious treatment for renal cell carcinoma.
Palonosetron,DB00377,Nausea,C0027497,Terminated,Phase 2,site terminated due to lack of enrollment
Palonosetron,DB00377,Vomiting,C0042963,Terminated,Phase 2,site terminated due to lack of enrollment
Oxycodone,DB00497,Degenerative polyarthritis,C0029408,Terminated,Phase 3,See termination reason in detailed description.
Norepinephrine,DB00368,"orthostatic; hypotension, neurogenic",C1400301,Terminated,Phase 2,Enrollment issues.
Droxidopa,DB06262,"orthostatic; hypotension, neurogenic",C1400301,Terminated,Phase 2,Enrollment issues.
Norepinephrine,DB00368,Chronic Fatigue Syndrome,C0015674,Terminated,Phase 2,Enrollment issues.
Droxidopa,DB06262,Chronic Fatigue Syndrome,C0015674,Terminated,Phase 2,Enrollment issues.
Tramadol,DB00193,Premature Ejaculation,C0033038,Terminated,Phase 3,
Modafinil,DB00745,Traumatic Brain Injury,C0876926,Terminated,Phase 3,Study has been stopped by sponsor decision
Armodafinil,DB06413,Traumatic Brain Injury,C0876926,Terminated,Phase 3,Study has been stopped by sponsor decision
Tramadol,DB00193,Premature Ejaculation,C0033038,Terminated,Phase 3,This study was terminated because of recruitment difficulties.
Cyclophosphamide,DB00531,Solid tumour,C0280100,Terminated,Phase 1,Study was terminated for business reasons.
Vincristine,DB00541,Solid tumour,C0280100,Terminated,Phase 1,Study was terminated for business reasons.
Irinotecan,DB00762,Solid tumour,C0280100,Terminated,Phase 1,Study was terminated for business reasons.
Etoposide,DB00773,Solid tumour,C0280100,Terminated,Phase 1,Study was terminated for business reasons.
Temozolomide,DB00853,Solid tumour,C0280100,Terminated,Phase 1,Study was terminated for business reasons.
Doxorubicin,DB00997,Solid tumour,C0280100,Terminated,Phase 1,Study was terminated for business reasons.
Ifosfamide,DB01181,Solid tumour,C0280100,Terminated,Phase 1,Study was terminated for business reasons.
Cyclophosphamide,DB00531,Kidney Neoplasm,C0022665,Terminated,Phase 1,Study was terminated for business reasons.
Vincristine,DB00541,Kidney Neoplasm,C0022665,Terminated,Phase 1,Study was terminated for business reasons.
Irinotecan,DB00762,Kidney Neoplasm,C0022665,Terminated,Phase 1,Study was terminated for business reasons.
Etoposide,DB00773,Kidney Neoplasm,C0022665,Terminated,Phase 1,Study was terminated for business reasons.
Temozolomide,DB00853,Kidney Neoplasm,C0022665,Terminated,Phase 1,Study was terminated for business reasons.
Doxorubicin,DB00997,Kidney Neoplasm,C0022665,Terminated,Phase 1,Study was terminated for business reasons.
Ifosfamide,DB01181,Kidney Neoplasm,C0022665,Terminated,Phase 1,Study was terminated for business reasons.
Irinotecan,DB00762,Neuroblastoma,C0027819,Terminated,Phase 1,Study was terminated for business reasons.
Etoposide,DB00773,Neuroblastoma,C0027819,Terminated,Phase 1,Study was terminated for business reasons.
Temozolomide,DB00853,Neuroblastoma,C0027819,Terminated,Phase 1,Study was terminated for business reasons.
Ifosfamide,DB01181,Neuroblastoma,C0027819,Terminated,Phase 1,Study was terminated for business reasons.
Clindamycin,DB01190,Malaria,C0024530,Withdrawn,Phase 2,Drug combination is no longer pursued
Vardenafil,DB00862,Cystic Fibrosis,C0010674,Suspended,Phase 2,not yet started
,DB01234,Multiple Myeloma,C0026764,Terminated,Phase 3,
Erlotinib,DB00530,Psoriasis,C0033860,Withdrawn,Phase 2,IND not obtained
Bevacizumab,DB00112,Non-Small Cell Lung Carcinoma,C0007131,Terminated,Phase 2,Poor enrollment
Cisplatin,DB00515,Non-Small Cell Lung Carcinoma,C0007131,Terminated,Phase 2,Poor enrollment
Triptorelin,DB06825,Infertility,C0021359,Terminated,Phase 3,Lower than anticipated recruitment
Sorafenib,DB00398,Liver cell carcinoma non-resectable,C1112459,Terminated,Phase 3,See termination reason in detailed description
Sorafenib,DB00398,Hepatoma recurrent,C0861876,Terminated,Phase 3,See termination reason in detailed description
Sorafenib,DB00398,Neoplasms by Histologic Type,C0027652,Terminated,Phase 3,See termination reason in detailed description
Sorafenib,DB00398,Carcinoma,C0007097,Terminated,Phase 3,See termination reason in detailed description
Sorafenib,DB00398,Liver neoplasms,C0023903,Terminated,Phase 3,See termination reason in detailed description
Sorafenib,DB00398,Adenocarcinoma,C0001418,Terminated,Phase 3,See termination reason in detailed description
Sorafenib,DB00398,"Neoplasms, Glandular and Epithelial",C0027660,Terminated,Phase 3,See termination reason in detailed description
Cetuximab,DB00002,Colorectal cancer metastatic,C0948380,Terminated,Phase 1/Phase 2,The study is terminated prematurely as the sponsor decided to discontinue program with EMD
Irinotecan,DB00762,Colorectal cancer metastatic,C0948380,Terminated,Phase 1/Phase 2,The study is terminated prematurely as the sponsor decided to discontinue program with EMD
Carboplatin,DB00958,Epithelial ovarian cancer,C0677886,Withdrawn,Phase 1,AstraZeneca has discontinued the development of AZD0530. No new AstraZeneca-sponsored clinical
Paclitaxel,DB01229,Epithelial ovarian cancer,C0677886,Withdrawn,Phase 1,AstraZeneca has discontinued the development of AZD0530. No new AstraZeneca-sponsored clinical
Azacitidine,DB00928,leukemia,C0023418,Terminated,Phase 2,Drug no longer being supplied by sponsor
Danazol,DB01406,Dyskeratosis Congenita,C0265965,Terminated,Phase 1/Phase 2,Study was terminated due to under enrollment
Indomethacin,DB00328,Gout acute,C2062908,Withdrawn,Phase 2,Colaborator withdrew support.
Apremilast,DB05676,Gout acute,C2062908,Withdrawn,Phase 2,Colaborator withdrew support.
Cetuximab,DB00002,Malignant neoplasm of lung,C0242379,Withdrawn,Phase 2,Study was withdrawn due issuses related to the science
Carboplatin,DB00958,Malignant neoplasm of lung,C0242379,Withdrawn,Phase 2,Study was withdrawn due issuses related to the science
Ramipril,DB00178,Low density lipoprotein increased,C0549399,Terminated,Phase 2,
Simvastatin,DB00641,Low density lipoprotein increased,C0549399,Terminated,Phase 2,
Salicylic acid,DB00936,Low density lipoprotein increased,C0549399,Terminated,Phase 2,
Acetylsalicylic acid,DB00945,Low density lipoprotein increased,C0549399,Terminated,Phase 2,
Simvastatin,DB00641,Hypertensive disease,C0020538,Terminated,Phase 2,
Salicylic acid,DB00936,Hypertensive disease,C0020538,Terminated,Phase 2,
Acetylsalicylic acid,DB00945,Hypertensive disease,C0020538,Terminated,Phase 2,
Magnesium Sulfate,DB00653,Pain,C0030193,Terminated,Phase 3,lack of accrual
Aminosalicylic Acid,DB00233,Ulcerative Colitis,C0009324,Terminated,Phase 3,Pediatric enrollment very slow.
Prednisone,DB00635,"Myasthenia Gravis, Ocular",C0751340,Terminated,Phase 3,Slow recruitment rate
Bevacizumab,DB00112,Non-small cell lung cancer recurrent,C0278517,Terminated,Phase 2,
Erlotinib,DB00530,Non-small cell lung cancer recurrent,C0278517,Terminated,Phase 2,
Carboplatin,DB00958,Non-small cell lung cancer recurrent,C0278517,Terminated,Phase 2,
Paclitaxel,DB01229,Non-small cell lung cancer recurrent,C0278517,Terminated,Phase 2,
Bevacizumab,DB00112,Non-small cell lung cancer metastatic,C0278987,Terminated,Phase 2,
Erlotinib,DB00530,Non-small cell lung cancer metastatic,C0278987,Terminated,Phase 2,
Carboplatin,DB00958,Non-small cell lung cancer metastatic,C0278987,Terminated,Phase 2,
Paclitaxel,DB01229,Non-small cell lung cancer metastatic,C0278987,Terminated,Phase 2,
Carboplatin,DB00958,ovarian neoplasm,C0919267,Terminated,Phase 1/Phase 2,toxicities
Vorinostat,DB02546,ovarian neoplasm,C0919267,Terminated,Phase 1/Phase 2,toxicities
Hydroxyurea,DB01005,"Fibromatosis, Aggressive",C0079218,Withdrawn,Phase 2,Study was administratively withdrawn by the IRB; no subjects were enrolled
Hydroxyurea,DB01005,Fibromatosis,C0016048,Withdrawn,Phase 2,Study was administratively withdrawn by the IRB; no subjects were enrolled
Cisplatin,DB00515,Small cell carcinoma of lung,C0149925,Terminated,Phase 2,See termination reason in detailed description.
Carboplatin,DB00773,Small cell carcinoma of lung,C0149925,Terminated,Phase 2,See termination reason in detailed description.
,DB00958,Small cell carcinoma of lung,C0149925,Terminated,Phase 2,See termination reason in detailed description.
Irinotecan,DB00762,Malignant tumor of colon,C0007102,Terminated,Phase 2,former PI left institute
Asparaginase,DB00023,leukemia,C0023418,Terminated,Phase 2,Increased rate of bacterial infections
Pegaspargase,DB00059,leukemia,C0023418,Terminated,Phase 2,Increased rate of bacterial infections
Cyclophosphamide,DB00531,leukemia,C0023418,Terminated,Phase 2,Increased rate of bacterial infections
Vincristine,DB00541,leukemia,C0023418,Terminated,Phase 2,Increased rate of bacterial infections
Methotrexate,DB00563,leukemia,C0023418,Terminated,Phase 2,Increased rate of bacterial infections
Imatinib,DB00619,leukemia,C0023418,Terminated,Phase 2,Increased rate of bacterial infections
Prednisolone,DB00860,leukemia,C0023418,Terminated,Phase 2,Increased rate of bacterial infections
Methylprednisolone,DB00860,leukemia,C0023418,Terminated,Phase 2,Increased rate of bacterial infections
Doxorubicin,DB00860,leukemia,C0023418,Terminated,Phase 2,Increased rate of bacterial infections
Dexamethasone,DB00959,leukemia,C0023418,Terminated,Phase 2,Increased rate of bacterial infections
,DB00959,leukemia,C0023418,Terminated,Phase 2,Increased rate of bacterial infections
,DB00959,leukemia,C0023418,Terminated,Phase 2,Increased rate of bacterial infections
,DB00997,leukemia,C0023418,Terminated,Phase 2,Increased rate of bacterial infections
,DB01234,leukemia,C0023418,Terminated,Phase 2,Increased rate of bacterial infections
Metoprolol,DB00264,Obesity,C0028754,Terminated,Phase 2,Clinical trial terminated due to results from recent nonclinical studies
Pregabalin,DB00230,Chronic pain,C0150055,Withdrawn,Phase 3,No funding
Artesunate,DB09274,Plasmodium falciparum infection,C0858318,Terminated,Phase 2,Company decision to modify the ferroquine development strategy; discontinuation not due to
Darbepoetin alfa,DB00012,Cancer anemia,C1536115,Terminated,Phase 2,slow enrollment and change in product development strategy
Darbepoetin alfa,DB00012,Carcinoma,C0007097,Terminated,Phase 2,slow enrollment and change in product development strategy
Erlotinib,DB00530,Squamous cell carcinoma,C0007137,Terminated,Phase 2,High patient withdrawal rate
Sirolimus,DB00877,Squamous cell carcinoma,C0007137,Terminated,Phase 2,High patient withdrawal rate
Everolimus,DB01590,Squamous cell carcinoma,C0007137,Terminated,Phase 2,High patient withdrawal rate
Sitagliptin,DB01261,Renal Insufficiency,C1565489,Terminated,Phase 3,Technical/operational issues
Bevacizumab,DB00112,Malignant tumor of colon,C0007102,Suspended,Phase 2,Interim analysis
Hydroxychloroquine,DB01611,Malignant tumor of colon,C0007102,Suspended,Phase 2,Interim analysis
Warfarin,DB00682,Hamman-Rich syndrome,C0085786,Terminated,Phase 3,Excess of mortality in the treatment group created safety concerns.
Riluzole,DB00740,"unspecified adult solid tumor, protocol specific",C0279004,Terminated,Phase 1,Slow accrual
Bevacizumab,DB00112,Hemangioblastoma,C0206734,Terminated,Phase 0,Study terminated due to low accrual.
Bevacizumab,DB00112,Von Hippel-Lindau Syndrome,C0019562,Terminated,Phase 0,Study terminated due to low accrual.
Dopamine,DB00988,Malignant Carcinoid Syndrome,C0024586,Terminated,Phase 2,Preliminary data from study NCT00994214 do not support expected inhibition of GH and IGF-1
Somatostatin,DB09099,Malignant Carcinoid Syndrome,C0024586,Terminated,Phase 2,Preliminary data from study NCT00994214 do not support expected inhibition of GH and IGF-1
Cytarabine,DB00987,leukemia,C0023418,Terminated,Phase 2,Failed to reach endpoints
Idarubicin,DB01177,leukemia,C0023418,Terminated,Phase 2,Failed to reach endpoints
Cyclophosphamide,DB00531,Lupus Nephritis,C0024143,Terminated,Phase 3,Data Safety Monitoring Board concerning of the participants' safety
Mycophenolate mofetil,DB00688,Lupus Nephritis,C0024143,Terminated,Phase 3,Data Safety Monitoring Board concerning of the participants' safety
Mycophenolic acid,DB01024,Lupus Nephritis,C0024143,Terminated,Phase 3,Data Safety Monitoring Board concerning of the participants' safety
,DB01024,Lupus Nephritis,C0024143,Terminated,Phase 3,Data Safety Monitoring Board concerning of the participants' safety
Irinotecan,DB00762,Malignant tumor of colon,C0007102,Terminated,Phase 1,This study was discontinued due to a shown lack of efficacy in the investigational agent
Gemcitabine,DB00441,Ovarian Diseases,C0029928,Terminated,Phase 1,Trial was terminated to allow sponsors to evaluate the future development of the drug program
Carboplatin,DB00958,Ovarian Diseases,C0029928,Terminated,Phase 1,Trial was terminated to allow sponsors to evaluate the future development of the drug program
Doxorubicin,DB00997,Ovarian Diseases,C0029928,Terminated,Phase 1,Trial was terminated to allow sponsors to evaluate the future development of the drug program
Gemcitabine,DB00441,ovarian neoplasm,C0919267,Terminated,Phase 1,Trial was terminated to allow sponsors to evaluate the future development of the drug program
Carboplatin,DB00958,ovarian neoplasm,C0919267,Terminated,Phase 1,Trial was terminated to allow sponsors to evaluate the future development of the drug program
Doxorubicin,DB00997,ovarian neoplasm,C0919267,Terminated,Phase 1,Trial was terminated to allow sponsors to evaluate the future development of the drug program
Gemcitabine,DB00441,Carcinoma,C0007097,Terminated,Phase 1,Trial was terminated to allow sponsors to evaluate the future development of the drug program
Carboplatin,DB00958,Carcinoma,C0007097,Terminated,Phase 1,Trial was terminated to allow sponsors to evaluate the future development of the drug program
Doxorubicin,DB00997,Carcinoma,C0007097,Terminated,Phase 1,Trial was terminated to allow sponsors to evaluate the future development of the drug program
Valproic Acid,DB00313,High Grade Sarcoma,C1334008,Terminated,Phase 1,Slow accrual
Sirolimus,DB00877,Hormone refractory prostate cancer,C1328504,Terminated,Phase 1/Phase 2,Decision by funding sponsor due to poor accrual
Bicalutamide,DB01128,Hormone refractory prostate cancer,C1328504,Terminated,Phase 1/Phase 2,Decision by funding sponsor due to poor accrual
Everolimus,DB01590,Hormone refractory prostate cancer,C1328504,Terminated,Phase 1/Phase 2,Decision by funding sponsor due to poor accrual
Cisplatin,DB00515,Cervical carcinoma stage IB,C0278582,Withdrawn,Phase 2,
Cisplatin,DB00515,Cervix carcinoma stage III,C0278577,Withdrawn,Phase 2,
Atomoxetine,DB00289,Methamphetamine dependence,C1533217,Terminated,Phase 1,End in funding
Methamphetamine,DB01577,Methamphetamine dependence,C1533217,Terminated,Phase 1,End in funding
Atomoxetine,DB00289,Methamphetamine abuse,C1456624,Terminated,Phase 1,End in funding
Methamphetamine,DB01577,Methamphetamine abuse,C1456624,Terminated,Phase 1,End in funding
Hydrocortisone,DB00741,"Pneumonia, Viral",C0032310,Terminated,Phase 3,"the H1N1 pandemic is now over, and fewer cases than expected were observed"
,DB00741,"Pneumonia, Viral",C0032310,Terminated,Phase 3,"the H1N1 pandemic is now over, and fewer cases than expected were observed"
Choline,DB00122,leukemia,C0023418,Terminated,Phase 2,Study was terminated early due to lack of experimental medication (supply issues)
Dexamethasone,DB01234,leukemia,C0023418,Terminated,Phase 2,Study was terminated early due to lack of experimental medication (supply issues)
,DB01234,leukemia,C0023418,Terminated,Phase 2,Study was terminated early due to lack of experimental medication (supply issues)
Sirolimus,DB00877,Polycystic Kidney Diseases,C0022680,Terminated,Phase 2/Phase 3,"After primary completition date, experimental drug was no longer available"
Everolimus,DB01590,Polycystic Kidney Diseases,C0022680,Terminated,Phase 2/Phase 3,"After primary completition date, experimental drug was no longer available"
Carboplatin,DB00958,Breast cancer recurrent,C0278493,Terminated,Phase 2,Slow accrual
Paclitaxel,DB01229,Breast cancer recurrent,C0278493,Terminated,Phase 2,Slow accrual
Thalidomide,DB01041,"Malignant lymphoma, lymphocytic, intermediate differentiation, diffuse",C0334634,Terminated,Phase 3,Terminated by sponsor due to new unpublished data that rendered the current design of the
Lenalidomide,DB00480,"Lymphoma, Non-Hodgkin",C0024305,Terminated,Phase 3,Terminated by sponsor due to new unpublished data that rendered the current design of the
Thalidomide,DB01041,"Lymphoma, Non-Hodgkin",C0024305,Terminated,Phase 3,Terminated by sponsor due to new unpublished data that rendered the current design of the
Rosuvastatin,DB01098,Malignant tumor of colon,C0007102,Terminated,Phase 3,
Rosuvastatin,DB01098,Precancerous Conditions,C0032927,Terminated,Phase 3,
Dopamine,DB00988,Acromegaly,C0001206,Terminated,Phase 2,Preliminary data from this study does not support expected inhibition of GH and IGF-1
Somatostatin,DB09099,Acromegaly,C0001206,Terminated,Phase 2,Preliminary data from this study does not support expected inhibition of GH and IGF-1
Topotecan,DB01030,Recurrent Primary Peritoneal Carcinoma,C3897731,Suspended,Phase 1/Phase 2,Completion of dose escalation phase
Irinotecan,DB00762,Malignant glioma of brain,C0349541,Terminated,Phase 2,study did not reach benchmark efficacy rule at 16 subjects
Pegfilgrastim,DB00019,Lymphoma,C0024299,Terminated,Phase 2,"Study closed Nov 2000 by Amgen, who stopped drug delivery"
Cyclophosphamide,DB00531,Non-Small Cell Lung Carcinoma,C0007131,Terminated,Phase 3,The study is terminated prematurely as the sponsor decided to discontinue program with
Oxycodone,DB00497,Constipation,C0009806,Terminated,Phase 3,Lack of recruitment
Naloxone,DB01183,Constipation,C0009806,Terminated,Phase 3,Lack of recruitment
Oxycodone,DB00497,Pain,C0030193,Terminated,Phase 3,Lack of recruitment
Dexmedetomidine,DB00633,Traumatic Brain Injury,C0876926,Withdrawn,Phase 2,Study will not be intiated
Fentanyl,DB00813,Traumatic Brain Injury,C0876926,Withdrawn,Phase 2,Study will not be intiated
Propofol,DB00818,Traumatic Brain Injury,C0876926,Withdrawn,Phase 2,Study will not be intiated
Acetaminophen,DB00316,Cardiac Arrhythmia,C0003811,Withdrawn,Phase 1/Phase 2,Study is no longer required by Brazil health authority.
Phenylephrine,DB00388,Cardiac Arrhythmia,C0003811,Withdrawn,Phase 1/Phase 2,Study is no longer required by Brazil health authority.
Oxymetazoline,DB00935,Cardiac Arrhythmia,C0003811,Withdrawn,Phase 1/Phase 2,Study is no longer required by Brazil health authority.
Dimetindene,DB08801,Cardiac Arrhythmia,C0003811,Withdrawn,Phase 1/Phase 2,Study is no longer required by Brazil health authority.
Acetylcysteine,DB06151,Bulimia Nervosa,C2267227,Terminated,Phase 3,
Warfarin,DB00682,Pulmonary Hypertension,C0020542,Terminated,Phase 2,Difficulty in accruing subjects
Norepinephrine,DB00368,Psychosexual Disorders,C0033953,Terminated,Phase 3,Study terminated by Sponsor for administrative reasons prior to completion of all study visits
Flibanserin,DB04908,Psychosexual Disorders,C0033953,Terminated,Phase 3,Study terminated by Sponsor for administrative reasons prior to completion of all study visits
Norepinephrine,DB00368,Depressive disorder,C0011581,Terminated,Phase 3,Study terminated by Sponsor for administrative reasons prior to completion of all study visits
Flibanserin,DB04908,Depressive disorder,C0011581,Terminated,Phase 3,Study terminated by Sponsor for administrative reasons prior to completion of all study visits
Prednisolone,DB00860,Clinically isolated syndrome,C2921627,Suspended,Phase 2,
Methylprednisolone,DB00860,Clinically isolated syndrome,C2921627,Suspended,Phase 2,
,DB00860,Clinically isolated syndrome,C2921627,Suspended,Phase 2,
,DB00959,Clinically isolated syndrome,C2921627,Suspended,Phase 2,
,DB00959,Clinically isolated syndrome,C2921627,Suspended,Phase 2,
Lenalidomide,DB00480,Malignant tumor of colon,C0007102,Terminated,Phase 2,A business decision not to continue with Phase 2b based on non-safety observations during
Thalidomide,DB01041,Malignant tumor of colon,C0007102,Terminated,Phase 2,A business decision not to continue with Phase 2b based on non-safety observations during
Mesalazine,DB00244,Diverticulitis,C0012813,Terminated,Phase 3,Stopped due to futility.
Rituximab,DB00073,Metastatic melanoma,C0278883,Terminated,Phase 1,"the only reason is that recruitment was not sufficient to meet the planned patient numbers,"
Prednisolone,DB00860,Chronic graft-versus-host disease,C0867389,Withdrawn,Phase 2,A decision was made to not move forward with the study. No participants were enrolled or
Methylprednisolone,DB00860,Chronic graft-versus-host disease,C0867389,Withdrawn,Phase 2,A decision was made to not move forward with the study. No participants were enrolled or
Panobinostat,DB00860,Chronic graft-versus-host disease,C0867389,Withdrawn,Phase 2,A decision was made to not move forward with the study. No participants were enrolled or
,DB00959,Chronic graft-versus-host disease,C0867389,Withdrawn,Phase 2,A decision was made to not move forward with the study. No participants were enrolled or
,DB00959,Chronic graft-versus-host disease,C0867389,Withdrawn,Phase 2,A decision was made to not move forward with the study. No participants were enrolled or
,DB00959,Chronic graft-versus-host disease,C0867389,Withdrawn,Phase 2,A decision was made to not move forward with the study. No participants were enrolled or
,DB06603,Chronic graft-versus-host disease,C0867389,Withdrawn,Phase 2,A decision was made to not move forward with the study. No participants were enrolled or
Propranolol,DB00571,Recurrent respiratory papillomatosis,C1168198,Withdrawn,Phase 2/Phase 3,No participants enrolled
Simvastatin,DB00641,Pneumonia,C0032285,Terminated,Phase 3,stopped for futility
Cefixime,DB00671,Uterine Cervicitis,C0007860,Terminated,Phase 3,
Clofarabine,DB00631,"Leukemia, Myelocytic, Acute",C0023467,Withdrawn,Phase 1,Due to funding issues.
Tretinoin,DB00755,"Leukemia, Myelocytic, Acute",C0023467,Withdrawn,Phase 3,Study abandoned
Azacitidine,DB00928,"Leukemia, Myelocytic, Acute",C0023467,Withdrawn,Phase 3,Study abandoned
Paclitaxel,DB01229,Pain,C0030193,Terminated,Phase 1,slow accrual
Paclitaxel,DB01229,"unspecified adult solid tumor, protocol specific",C0279004,Terminated,Phase 1,slow accrual
Dexmedetomidine,DB00633,Respiratory Failure,C1145670,Terminated,Phase 3,Poor inclusion rate.
Rituximab,DB00073,Chronic lymphocytic leukaemia stage 4,C0854804,Terminated,Phase 1,
Cyclophosphamide,DB00531,Chronic lymphocytic leukaemia stage 4,C0854804,Terminated,Phase 1,
Rituximab,DB00073,B-cell small lymphocytic lymphoma stage IV,C0855101,Terminated,Phase 1,
Cyclophosphamide,DB00531,B-cell small lymphocytic lymphoma stage IV,C0855101,Terminated,Phase 1,
Rituximab,DB00073,Prolymphocytic Leukemia,C0023486,Terminated,Phase 1,
Cyclophosphamide,DB00531,Prolymphocytic Leukemia,C0023486,Terminated,Phase 1,
Rituximab,DB00073,B-cell small lymphocytic lymphoma recurrent,C0855096,Terminated,Phase 1,
Cyclophosphamide,DB00531,B-cell small lymphocytic lymphoma recurrent,C0855096,Terminated,Phase 1,
Rituximab,DB00073,Chronic lymphocytic leukaemia refractory,C0278791,Terminated,Phase 1,
Cyclophosphamide,DB00531,Chronic lymphocytic leukaemia refractory,C0278791,Terminated,Phase 1,
Rituximab,DB00073,Chronic lymphocytic leukaemia stage 1,C0278767,Terminated,Phase 1,
Cyclophosphamide,DB00531,Chronic lymphocytic leukaemia stage 1,C0278767,Terminated,Phase 1,
Rituximab,DB00073,B-cell small lymphocytic lymphoma stage I,C0855098,Terminated,Phase 1,
Cyclophosphamide,DB00531,B-cell small lymphocytic lymphoma stage I,C0855098,Terminated,Phase 1,
Rituximab,DB00073,Chronic lymphocytic leukaemia stage 2,C0854803,Terminated,Phase 1,
Cyclophosphamide,DB00531,Chronic lymphocytic leukaemia stage 2,C0854803,Terminated,Phase 1,
Rituximab,DB00073,B-cell small lymphocytic lymphoma stage II,C0855099,Terminated,Phase 1,
Cyclophosphamide,DB00531,B-cell small lymphocytic lymphoma stage II,C0855099,Terminated,Phase 1,
Rituximab,DB00073,Chronic lymphocytic leukaemia stage 3,C0278769,Terminated,Phase 1,
Cyclophosphamide,DB00531,Chronic lymphocytic leukaemia stage 3,C0278769,Terminated,Phase 1,
Rituximab,DB00073,B-cell small lymphocytic lymphoma stage III,C0855100,Terminated,Phase 1,
Cyclophosphamide,DB00531,B-cell small lymphocytic lymphoma stage III,C0855100,Terminated,Phase 1,
Fenofibrate,DB01039,Coronary Arteriosclerosis,C0010054,Terminated,Phase 3,Lack of patient population
Atorvastatin,DB01076,Coronary Arteriosclerosis,C0010054,Terminated,Phase 3,Lack of patient population
Rifampicin,DB01045,"Diabetes Mellitus, Non-Insulin-Dependent",C0011860,Terminated,Phase 1,
Sildenafil,DB00203,Persistent Fetal Circulation Syndrome,C0031190,Terminated,Phase 2,See termination reason in detailed description.
Sildenafil,DB00203,Hypoxic respiratory failure,C3805211,Terminated,Phase 2,See termination reason in detailed description.
Ibuprofen,DB01050,Patent ductus arteriosus,C0013274,Withdrawn,Phase 2,Changes in approach to PDA therapy
Simvastatin,DB00641,Cystic Fibrosis,C0010674,Withdrawn,Phase 1/Phase 2,Lack of funding
Voriconazole,DB00582,Candidiasis,C0006840,Terminated,Phase 3,"This protocol terminated prematurely on July 8, 2013 due to slow enrollment, not because of"
Venlafaxine,DB00285,Depressive disorder,C0011581,Terminated,Phase 2,Study was terminated due to sponsor portfolio decision.
Cisplatin,DB00515,Carcinomatosis of peritoneal cavity,C0346990,Terminated,Phase 2,Insufficient enrollment in Pancreatic & Biliary arm
Cisplatin,DB00515,Malignant neoplasm of gastrointestinal tract,C0685938,Terminated,Phase 2,Insufficient enrollment in Pancreatic & Biliary arm
Cisplatin,DB00515,Mesothelioma malignant advanced,C0278752,Withdrawn,Phase 2,withdrawn
Pemetrexed,DB00642,Mesothelioma malignant advanced,C0278752,Withdrawn,Phase 2,withdrawn
Cisplatin,DB00515,"Epithelioid mesothelioma, malignant",C0862312,Withdrawn,Phase 2,withdrawn
Pemetrexed,DB00642,"Epithelioid mesothelioma, malignant",C0862312,Withdrawn,Phase 2,withdrawn
Cisplatin,DB00515,Mesothelioma malignant recurrent,C0278753,Withdrawn,Phase 2,withdrawn
Pemetrexed,DB00642,Mesothelioma malignant recurrent,C0278753,Withdrawn,Phase 2,withdrawn
Cisplatin,DB00515,Sarcomatoid Mesothelioma,C0334513,Withdrawn,Phase 2,withdrawn
Pemetrexed,DB00642,Sarcomatoid Mesothelioma,C0334513,Withdrawn,Phase 2,withdrawn
Ziprasidone,DB00246,Bipolar Disorder,C0005586,Terminated,Phase 3,See termination reason in detailed description.
Lovastatin,DB00227,Smith-Lemli-Opitz Syndrome,C0175694,Withdrawn,Phase 2,Study was withdrawn due to lack of eligible population for study
Lovastatin,DB00227,"Chondrodysplasia punctata, X-linked dominant type",C0282102,Withdrawn,Phase 2,Study was withdrawn due to lack of eligible population for study
Omeprazole,DB00338,Helicobacter pylori infection,C0850666,Terminated,Phase 1/Phase 2,Poor efficacy (2 of 31 completing participants with H.pylori eradication)
Gemcitabine,DB00441,Colorectal cancer metastatic,C0948380,Terminated,Phase 2,Lacking effect of treatment
Pemetrexed,DB00642,Colorectal cancer metastatic,C0948380,Terminated,Phase 2,Lacking effect of treatment
Erythromycin,DB00199,Gastroparesis,C0152020,Terminated,Phase 2,The study was prematurely terminated because of unavailibility of Methylnaltrexone in the
Naltrexone,DB00199,Gastroparesis,C0152020,Terminated,Phase 2,The study was prematurely terminated because of unavailibility of Methylnaltrexone in the
Methylnaltrexone,DB00704,Gastroparesis,C0152020,Terminated,Phase 2,The study was prematurely terminated because of unavailibility of Methylnaltrexone in the
,DB06800,Gastroparesis,C0152020,Terminated,Phase 2,The study was prematurely terminated because of unavailibility of Methylnaltrexone in the
Bevacizumab,DB00112,Colorectal Carcinoma,C0009402,Terminated,Phase 2,recruiting inadequate
Edetic Acid,DB00974,Acetaminophen overdose,C0572025,Terminated,Phase 3,
Acetylcysteine,DB06151,Acetaminophen overdose,C0572025,Terminated,Phase 3,
Lapatinib,DB01259,Neoplasm Metastasis,C0027627,Terminated,Phase 1/Phase 2,Lost sponsorship for study drug
Vorinostat,DB02546,Neoplasm Metastasis,C0027627,Terminated,Phase 1/Phase 2,Lost sponsorship for study drug
Goserelin,DB00014,HER2/Neu Negative,C2348908,Terminated,Phase 1,Manufacturer discontinued drug development.
Exemestane,DB00990,HER2/Neu Negative,C2348908,Terminated,Phase 1,Manufacturer discontinued drug development.
Goserelin,DB00014,Carcinoma of Male Breast,C0238033,Terminated,Phase 1,Manufacturer discontinued drug development.
Exemestane,DB00990,Carcinoma of Male Breast,C0238033,Terminated,Phase 1,Manufacturer discontinued drug development.
Dextroamphetamine,DB01576,Depressive disorder,C0011581,Terminated,Phase 3,Sponsor halted study.
Carboplatin,DB00958,Hepatobiliary neoplasm,C0854196,Terminated,Phase 2,"Poor accrual, lack of enthusiasm from referring physicians, unusual outcomes regarding 2"
Amitriptyline,DB00321,Transformed migraine,C1960870,Terminated,Phase 3,Study was never initiated under new location/provider group. Contract to continue was never
Cyclobenzaprine,DB00924,Transformed migraine,C1960870,Terminated,Phase 3,Study was never initiated under new location/provider group. Contract to continue was never
Aminolevulinic acid,DB00855,adult anaplastic astrocytoma,C0280483,Terminated,Phase 1/Phase 2,
Aminolevulinic acid,DB00855,adult anaplastic oligodendroglioma,C0280790,Terminated,Phase 1/Phase 2,
Aminolevulinic acid,DB00855,adult giant cell glioblastoma,C1541316,Terminated,Phase 1/Phase 2,
Aminolevulinic acid,DB00855,adult glioblastoma,C0278878,Terminated,Phase 1/Phase 2,
Aminolevulinic acid,DB00855,adult gliosarcoma,C1541317,Terminated,Phase 1/Phase 2,
Aminolevulinic acid,DB00855,Adult Mixed Glioma,C3900099,Terminated,Phase 1/Phase 2,
Aminolevulinic acid,DB00855,recurrent adult brain tumor,C0278786,Terminated,Phase 1/Phase 2,
Vitamin C,DB00126,Adenocarcinoma,C0001418,Suspended,Phase 2,Awaiting response from FDA as to status of parenteral ascorbic acid manufactured by Bioniche
Vitamin C,DB00126,Carcinoma,C0007097,Suspended,Phase 2,Awaiting response from FDA as to status of parenteral ascorbic acid manufactured by Bioniche
Vitamin C,DB00126,Multiple Myeloma,C0026764,Suspended,Phase 2,Awaiting response from FDA as to status of parenteral ascorbic acid manufactured by Bioniche
Vitamin C,DB00126,Desmoplastic Small Round Cell Tumor,C0281508,Suspended,Phase 2,Awaiting response from FDA as to status of parenteral ascorbic acid manufactured by Bioniche
Atorvastatin,DB01076,Acute Coronary Syndrome,C0948089,Terminated,Phase 3,Interim analysis showed significant effect in favour of full-dose atorvastatin.
Tolbutamide,DB01124,Advanced cancer,C0877373,Terminated,Phase 1,Terminated based on safety results from another trial
Lidocaine,DB00281,Pain,C0030193,Terminated,Phase 2,Trial was stopped due to difficult enrolment
Lidocaine,DB00281,Chronic pain,C0150055,Terminated,Phase 2,Trial was stopped due to difficult enrolment
Peginterferon alfa-2a,DB00008,Hepatitis C,C0019196,Suspended,Phase 2,Interim analysis
Ribavirin,DB00811,Hepatitis C,C0019196,Suspended,Phase 2,Interim analysis
Docetaxel,DB01248,Urologic Neoplasms,C0042076,Terminated,Phase 1,
Anidulafungin,DB00362,Aspergillosis,C0004030,Withdrawn,Phase 3,
Voriconazole,DB00582,Aspergillosis,C0004030,Withdrawn,Phase 3,
Anidulafungin,DB00362,Invasive Pulmonary Aspergillosis,C0276653,Withdrawn,Phase 3,
Anidulafungin,DB00362,Neuroaspergillosis,C0752342,Withdrawn,Phase 3,
Voriconazole,DB00582,Neuroaspergillosis,C0752342,Withdrawn,Phase 3,
Cisplatin,DB00515,Small cell carcinoma of lung,C0149925,Terminated,Phase 1,
Pemetrexed,DB00642,Small cell carcinoma of lung,C0149925,Terminated,Phase 1,
Rasagiline,DB01367,Progressive supranuclear palsy,C0038868,Terminated,Phase 3,IMP used off label by phys. in pat. with PSP. Thus no more eligible patients were available
Nicardipine,DB00622,Cerebral Hemorrhage,C2937358,Suspended,Phase 3,Pre-planned interim analysis.
Celecoxib,DB00482,Malignant neoplasm of ovary,C1140680,Terminated,Phase 2,Due to change in the national policy of medications
Methotrexate,DB00563,Malignant neoplasm of ovary,C1140680,Terminated,Phase 2,Due to change in the national policy of medications
Methotrexate,DB00563,"Neoplasm, Residual",C0242596,Terminated,Phase 2,Study terminated for lack of accrual.
Clofarabine,DB00631,"Neoplasm, Residual",C0242596,Terminated,Phase 2,Study terminated for lack of accrual.
Cytarabine,DB00987,"Neoplasm, Residual",C0242596,Terminated,Phase 2,Study terminated for lack of accrual.
Cisplatin,DB00515,Squamous cell carcinoma,C0007137,Terminated,Phase 3,The changing aetiology of squamous cell carcinoma of the head and neck (SCCHN).
Cisplatin,DB00515,Malignant neoplasm of lung,C0242379,Withdrawn,Phase 1,
Etoposide,DB00773,Malignant neoplasm of lung,C0242379,Withdrawn,Phase 1,
Panobinostat,DB00773,Malignant neoplasm of lung,C0242379,Withdrawn,Phase 1,
,DB06603,Malignant neoplasm of lung,C0242379,Withdrawn,Phase 1,
Aldesleukin,DB00041,Metastatic melanoma,C0278883,Terminated,Phase 2,The study was terminated because we were not able to obtain the study drug.
Aldesleukin,DB00041,Renal cancer metastatic,C0919976,Terminated,Phase 2,The study was terminated because we were not able to obtain the study drug.
Pioglitazone,DB01132,Endometriosis,C0014175,Withdrawn,Phase 2/Phase 3,
Pegaspargase,DB00059,"Leukemia, Lymphocytic, Acute, L1",C0023452,Terminated,Phase 1,The company (Enzon Pharmaceuticals)providing the drug EZN-3042 decided to end its development
Vincristine,DB00541,"Leukemia, Lymphocytic, Acute, L1",C0023452,Terminated,Phase 1,The company (Enzon Pharmaceuticals)providing the drug EZN-3042 decided to end its development
Methotrexate,DB00563,"Leukemia, Lymphocytic, Acute, L1",C0023452,Terminated,Phase 1,The company (Enzon Pharmaceuticals)providing the drug EZN-3042 decided to end its development
Prednisone,DB00635,"Leukemia, Lymphocytic, Acute, L1",C0023452,Terminated,Phase 1,The company (Enzon Pharmaceuticals)providing the drug EZN-3042 decided to end its development
Alefacept,DB00092,"transplant; failure, kidney",C1404117,Terminated,Phase 1,"Noted increased risks, greater than expected for standard of care therapy."
Sirolimus,DB00877,Mucosal Melanoma,C3898222,Terminated,Phase 2,
Everolimus,DB01590,Mucosal Melanoma,C3898222,Terminated,Phase 2,
Sirolimus,DB00877,Melanoma recurrent,C0278884,Terminated,Phase 2,
Everolimus,DB01590,Melanoma recurrent,C0278884,Terminated,Phase 2,
Zoledronic acid,DB00399,Multiple Sclerosis,C0026769,Terminated,Phase 3,
Oxaliplatin,DB00526,Colorectal Carcinoma,C0009402,Withdrawn,Phase 2,abandoned
Oxaliplatin,DB00526,Malignant tumor of colon,C0007102,Withdrawn,Phase 2,abandoned
Clomifene,DB00624,Hypogonadotropic hypogonadism,C0271623,Terminated,Phase 2,lack of funding
Methyltestosterone,DB00624,Hypogonadotropic hypogonadism,C0271623,Terminated,Phase 2,lack of funding
,DB00882,Hypogonadotropic hypogonadism,C0271623,Terminated,Phase 2,lack of funding
,DB06710,Hypogonadotropic hypogonadism,C0271623,Terminated,Phase 2,lack of funding
Pramlintide,DB01278,Diabetes Mellitus,C0011849,Withdrawn,Phase 1/Phase 2,
Bortezomib,DB00188,leukemia,C0023418,Withdrawn,Phase 2,Low accrual
Teriparatide,DB06285,Post-surgical hypoparathyroidism,C0342341,Terminated,Phase 2,Funding problems
Valproic Acid,DB00313,"unspecified childhood solid tumor, protocol specific",C0279002,Terminated,Phase 1,Funding has become unavailable
Sirolimus,DB00877,"unspecified childhood solid tumor, protocol specific",C0279002,Terminated,Phase 1,Funding has become unavailable
Everolimus,DB01590,"unspecified childhood solid tumor, protocol specific",C0279002,Terminated,Phase 1,Funding has become unavailable
Valproic Acid,DB00313,Neuroblastoma,C0027819,Terminated,Phase 1,Funding has become unavailable
Sirolimus,DB00877,Neuroblastoma,C0027819,Terminated,Phase 1,Funding has become unavailable
Everolimus,DB01590,Neuroblastoma,C0027819,Terminated,Phase 1,Funding has become unavailable
Miltefosine,DB09031,Chronic urticaria,C0263338,Terminated,Phase 2,Study medication expired
Gemcitabine,DB00441,Biliary Tract Cancer,C0750952,Terminated,Phase 2,The objective response rate by more than two people are confirmed.
Arsenic trioxide,DB01169,Endometrial Carcinoma,C0476089,Terminated,Phase 2,Accrual was very low. No subject had been enrolled in a year.
Carboplatin,DB00958,Non-Small Cell Lung Carcinoma,C0007131,Withdrawn,Phase 2,Program discontinued
Latanoprost,DB00654,"Glaucoma, Primary Open Angle",C0339573,Terminated,Phase 1,"Study terminated early due to manufacturer not replenishing study site supply of inserts,"
Mesalazine,DB00244,Proctitis,C0033246,Terminated,Phase 3,Enrollment difficulties
Sirolimus,DB00877,Brain Stem Neoplasms,C0677866,Withdrawn,Phase 1,
Everolimus,DB01590,Brain Stem Neoplasms,C0677866,Withdrawn,Phase 1,
Cyclophosphamide,DB00531,secondary acute myeloid leukemia,C0280449,Terminated,Phase 3,
Busulfan,DB01008,secondary acute myeloid leukemia,C0280449,Terminated,Phase 3,
Bevacizumab,DB00112,adult anaplastic astrocytoma,C0280483,Terminated,Phase 1/Phase 2,Company decided to stop development of drug - 7/31/12
Bevacizumab,DB00112,adult anaplastic oligodendroglioma,C0280790,Terminated,Phase 1/Phase 2,Company decided to stop development of drug - 7/31/12
Bevacizumab,DB00112,adult giant cell glioblastoma,C1541316,Terminated,Phase 1/Phase 2,Company decided to stop development of drug - 7/31/12
Bevacizumab,DB00112,adult glioblastoma,C0278878,Terminated,Phase 1/Phase 2,Company decided to stop development of drug - 7/31/12
Bevacizumab,DB00112,adult gliosarcoma,C1541317,Terminated,Phase 1/Phase 2,Company decided to stop development of drug - 7/31/12
Bevacizumab,DB00112,recurrent adult brain tumor,C0278786,Terminated,Phase 1/Phase 2,Company decided to stop development of drug - 7/31/12
Sunitinib,DB01268,Neuroendocrine Tumors,C0206754,Terminated,Phase 2,lack of recruitement
Sunitinib,DB01268,advanced disease,C0679246,Terminated,Phase 2,lack of recruitement
Cisplatin,DB00515,Malignant neoplasm of lung,C0242379,Terminated,Phase 1/Phase 2,Slow accrual due to restrictive eligibility criteria
Etoposide,DB00773,Malignant neoplasm of lung,C0242379,Terminated,Phase 1/Phase 2,Slow accrual due to restrictive eligibility criteria
Aldesleukin,DB00041,Malignant tumor of colon,C0007102,Terminated,Phase 1,due to safety concerns and lack of efficacy
Vidarabine,DB00194,Malignant tumor of colon,C0007102,Terminated,Phase 1,due to safety concerns and lack of efficacy
Cyclophosphamide,DB00531,Malignant tumor of colon,C0007102,Terminated,Phase 1,due to safety concerns and lack of efficacy
Fludarabine,DB01073,Malignant tumor of colon,C0007102,Terminated,Phase 1,due to safety concerns and lack of efficacy
Aldesleukin,DB00041,Malignant neoplasm of stomach,C0024623,Terminated,Phase 1,due to safety concerns and lack of efficacy
Vidarabine,DB00194,Malignant neoplasm of stomach,C0024623,Terminated,Phase 1,due to safety concerns and lack of efficacy
Cyclophosphamide,DB00531,Malignant neoplasm of stomach,C0024623,Terminated,Phase 1,due to safety concerns and lack of efficacy
Fludarabine,DB01073,Malignant neoplasm of stomach,C0024623,Terminated,Phase 1,due to safety concerns and lack of efficacy
Aldesleukin,DB00041,Malignant neoplasm of lung,C0242379,Terminated,Phase 1,due to safety concerns and lack of efficacy
Vidarabine,DB00194,Malignant neoplasm of lung,C0242379,Terminated,Phase 1,due to safety concerns and lack of efficacy
Cyclophosphamide,DB00531,Malignant neoplasm of lung,C0242379,Terminated,Phase 1,due to safety concerns and lack of efficacy
Fludarabine,DB01073,Malignant neoplasm of lung,C0242379,Terminated,Phase 1,due to safety concerns and lack of efficacy
Aldesleukin,DB00041,"unspecified adult solid tumor, protocol specific",C0279004,Terminated,Phase 1,due to safety concerns and lack of efficacy
Vidarabine,DB00194,"unspecified adult solid tumor, protocol specific",C0279004,Terminated,Phase 1,due to safety concerns and lack of efficacy
Cyclophosphamide,DB00531,"unspecified adult solid tumor, protocol specific",C0279004,Terminated,Phase 1,due to safety concerns and lack of efficacy
Fludarabine,DB01073,"unspecified adult solid tumor, protocol specific",C0279004,Terminated,Phase 1,due to safety concerns and lack of efficacy
Duloxetine,DB00476,Traumatic Brain Injury,C0876926,Terminated,Phase 2,Most potential subjects had already been prescribed Cymbalta.
Duloxetine,DB00476,Depressive disorder,C0011581,Terminated,Phase 2,Most potential subjects had already been prescribed Cymbalta.
Doxorubicin,DB00997,Hormone-Resistant Prostate Cancer,C3898877,Suspended,Phase 1/Phase 2,Drug shortage
Doxorubicin,DB00997,Prostate cancer recurrent,C0278838,Suspended,Phase 1/Phase 2,Drug shortage
Cisplatin,DB00515,Secondary malignant neoplasm of lung,C0153676,Terminated,Phase 1,PI no longer affiliated with institution; only 2 subjects enrolled
Etoposide,DB00773,Secondary malignant neoplasm of lung,C0153676,Terminated,Phase 1,PI no longer affiliated with institution; only 2 subjects enrolled
Doxorubicin,DB00773,Secondary malignant neoplasm of lung,C0153676,Terminated,Phase 1,PI no longer affiliated with institution; only 2 subjects enrolled
Ifosfamide,DB00997,Secondary malignant neoplasm of lung,C0153676,Terminated,Phase 1,PI no longer affiliated with institution; only 2 subjects enrolled
,DB01181,Secondary malignant neoplasm of lung,C0153676,Terminated,Phase 1,PI no longer affiliated with institution; only 2 subjects enrolled
Amlodipine,DB00381,Cardiovascular event,C1320716,Terminated,Phase 3,Terminated early in agreement with Health Authorities for feasibility reasons
Hydrochlorothiazide,DB00999,Cardiovascular event,C1320716,Terminated,Phase 3,Terminated early in agreement with Health Authorities for feasibility reasons
Aprepitant,DB00673,Nausea,C0027497,Suspended,Phase 2,lack of personnel resource and protocol amendment needed
Fosaprepitant,DB00673,Nausea,C0027497,Suspended,Phase 2,lack of personnel resource and protocol amendment needed
,DB06717,Nausea,C0027497,Suspended,Phase 2,lack of personnel resource and protocol amendment needed
Aprepitant,DB00673,Vomiting,C0042963,Suspended,Phase 2,lack of personnel resource and protocol amendment needed
Fosaprepitant,DB00673,Vomiting,C0042963,Suspended,Phase 2,lack of personnel resource and protocol amendment needed
,DB06717,Vomiting,C0042963,Suspended,Phase 2,lack of personnel resource and protocol amendment needed
Erlotinib,DB00530,Ependymoma,C0014474,Terminated,Phase 2,"In a pre-planned interim analysis, OSI-774-205 met futility for efficacy with no safety"
Sitagliptin,DB01261,Cystic Fibrosis,C0010674,Terminated,Phase 2,Lack of recruitment
Etomidate,DB00292,Hypertensive disease,C0020538,Withdrawn,Phase 3,Did not begin
Propofol,DB00818,Hypertensive disease,C0020538,Withdrawn,Phase 3,Did not begin
Memantine,DB01043,Glioblastoma,C0017636,Terminated,Phase 2,
Etoposide,DB00773,adult acute basophilic leukemia,C0279631,Terminated,Phase 1,Inadequate accrual rate
Azacitidine,DB00773,adult acute basophilic leukemia,C0279631,Terminated,Phase 1,Inadequate accrual rate
Mitoxantrone,DB00928,adult acute basophilic leukemia,C0279631,Terminated,Phase 1,Inadequate accrual rate
,DB01204,adult acute basophilic leukemia,C0279631,Terminated,Phase 1,Inadequate accrual rate
Etoposide,DB00773,adult acute eosinophilic leukemia,C0279630,Terminated,Phase 1,Inadequate accrual rate
Azacitidine,DB00773,adult acute eosinophilic leukemia,C0279630,Terminated,Phase 1,Inadequate accrual rate
Mitoxantrone,DB00928,adult acute eosinophilic leukemia,C0279630,Terminated,Phase 1,Inadequate accrual rate
,DB01204,adult acute eosinophilic leukemia,C0279630,Terminated,Phase 1,Inadequate accrual rate
Etoposide,DB00773,adult acute myeloid leukemia in remission,C0279094,Terminated,Phase 1,Inadequate accrual rate
Azacitidine,DB00773,adult acute myeloid leukemia in remission,C0279094,Terminated,Phase 1,Inadequate accrual rate
Mitoxantrone,DB00928,adult acute myeloid leukemia in remission,C0279094,Terminated,Phase 1,Inadequate accrual rate
,DB01204,adult acute myeloid leukemia in remission,C0279094,Terminated,Phase 1,Inadequate accrual rate
Etoposide,DB00773,Adult Acute Myeloid Leukemia with inv(16)(p13.1q22); CBFB-MYH11,C2825114,Terminated,Phase 1,Inadequate accrual rate
Azacitidine,DB00773,Adult Acute Myeloid Leukemia with inv(16)(p13.1q22); CBFB-MYH11,C2825114,Terminated,Phase 1,Inadequate accrual rate
Mitoxantrone,DB00928,Adult Acute Myeloid Leukemia with inv(16)(p13.1q22); CBFB-MYH11,C2825114,Terminated,Phase 1,Inadequate accrual rate
,DB01204,Adult Acute Myeloid Leukemia with inv(16)(p13.1q22); CBFB-MYH11,C2825114,Terminated,Phase 1,Inadequate accrual rate
Etoposide,DB00773,Adult Acute Myeloid Leukemia with t(8;21)(q22;q22); RUNX1-RUNX1T1,C2347540,Terminated,Phase 1,Inadequate accrual rate
Azacitidine,DB00773,Adult Acute Myeloid Leukemia with t(8;21)(q22;q22); RUNX1-RUNX1T1,C2347540,Terminated,Phase 1,Inadequate accrual rate
Mitoxantrone,DB00928,Adult Acute Myeloid Leukemia with t(8;21)(q22;q22); RUNX1-RUNX1T1,C2347540,Terminated,Phase 1,Inadequate accrual rate
,DB01204,Adult Acute Myeloid Leukemia with t(8;21)(q22;q22); RUNX1-RUNX1T1,C2347540,Terminated,Phase 1,Inadequate accrual rate
Etoposide,DB00773,untreated adult acute myeloid leukemia,C0279089,Terminated,Phase 1,Inadequate accrual rate
Azacitidine,DB00773,untreated adult acute myeloid leukemia,C0279089,Terminated,Phase 1,Inadequate accrual rate
Mitoxantrone,DB00928,untreated adult acute myeloid leukemia,C0279089,Terminated,Phase 1,Inadequate accrual rate
,DB01204,untreated adult acute myeloid leukemia,C0279089,Terminated,Phase 1,Inadequate accrual rate
Etoposide,DB00773,Adult Erythroleukemia,C2347748,Terminated,Phase 1,Inadequate accrual rate
Azacitidine,DB00773,Adult Erythroleukemia,C2347748,Terminated,Phase 1,Inadequate accrual rate
Mitoxantrone,DB00928,Adult Erythroleukemia,C2347748,Terminated,Phase 1,Inadequate accrual rate
,DB01204,Adult Erythroleukemia,C2347748,Terminated,Phase 1,Inadequate accrual rate
Etoposide,DB00773,Adult Pure Erythroid Leukemia,C2347753,Terminated,Phase 1,Inadequate accrual rate
Azacitidine,DB00773,Adult Pure Erythroid Leukemia,C2347753,Terminated,Phase 1,Inadequate accrual rate
Mitoxantrone,DB00928,Adult Pure Erythroid Leukemia,C2347753,Terminated,Phase 1,Inadequate accrual rate
,DB01204,Adult Pure Erythroid Leukemia,C2347753,Terminated,Phase 1,Inadequate accrual rate
Etoposide,DB00773,Alkylating Agent-Related Acute Myeloid Leukemia,C1332233,Terminated,Phase 1,Inadequate accrual rate
Azacitidine,DB00773,Alkylating Agent-Related Acute Myeloid Leukemia,C1332233,Terminated,Phase 1,Inadequate accrual rate
Mitoxantrone,DB00928,Alkylating Agent-Related Acute Myeloid Leukemia,C1332233,Terminated,Phase 1,Inadequate accrual rate
,DB01204,Alkylating Agent-Related Acute Myeloid Leukemia,C1332233,Terminated,Phase 1,Inadequate accrual rate
Etoposide,DB00773,recurrent adult acute myeloid leukemia,C0278780,Terminated,Phase 1,Inadequate accrual rate
Azacitidine,DB00773,recurrent adult acute myeloid leukemia,C0278780,Terminated,Phase 1,Inadequate accrual rate
Mitoxantrone,DB00928,recurrent adult acute myeloid leukemia,C0278780,Terminated,Phase 1,Inadequate accrual rate
,DB01204,recurrent adult acute myeloid leukemia,C0278780,Terminated,Phase 1,Inadequate accrual rate
Etoposide,DB00773,secondary acute myeloid leukemia,C0280449,Terminated,Phase 1,Inadequate accrual rate
Azacitidine,DB00773,secondary acute myeloid leukemia,C0280449,Terminated,Phase 1,Inadequate accrual rate
Mitoxantrone,DB00928,secondary acute myeloid leukemia,C0280449,Terminated,Phase 1,Inadequate accrual rate
,DB01204,secondary acute myeloid leukemia,C0280449,Terminated,Phase 1,Inadequate accrual rate
Amphotericin B,DB00681,Lung transplant recipient,C2063401,Suspended,Phase 2,Study has been placed on hold due to unavailability of funding.
Ramipril,DB00178,"unspecified adult solid tumor, protocol specific",C0279004,Terminated,Phase 2,slow accrual
Benazepril,DB00542,"unspecified adult solid tumor, protocol specific",C0279004,Terminated,Phase 2,slow accrual
Losartan,DB00678,"unspecified adult solid tumor, protocol specific",C0279004,Terminated,Phase 2,slow accrual
Lisinopril,DB00722,"unspecified adult solid tumor, protocol specific",C0279004,Terminated,Phase 2,slow accrual
Sirolimus,DB00877,Multiple Myeloma,C0026764,Withdrawn,Phase 2,Study never undertaken
Everolimus,DB01590,Multiple Myeloma,C0026764,Withdrawn,Phase 2,Study never undertaken
Cyclophosphamide,DB00531,"Polyradiculoneuropathy, Chronic Inflammatory Demyelinating",C0393819,Withdrawn,Phase 2,I am relocating to Johns Hopkins Medical Center
Denileukin diftitox,DB00004,Multiple Myeloma,C0026764,Terminated,Phase 1,Drug unavailable
Cyclophosphamide,DB00531,Malignant neoplasm of skin,C0007114,Terminated,Phase 1/Phase 2,"Unexpected toxicities, likely due to TIL/IL-12 & low % of durable responses."
Fludarabine,DB01073,Malignant neoplasm of skin,C0007114,Terminated,Phase 1/Phase 2,"Unexpected toxicities, likely due to TIL/IL-12 & low % of durable responses."
Cyclophosphamide,DB00531,Metastatic melanoma,C0278883,Terminated,Phase 1/Phase 2,"Unexpected toxicities, likely due to TIL/IL-12 & low % of durable responses."
Fludarabine,DB01073,Metastatic melanoma,C0278883,Terminated,Phase 1/Phase 2,"Unexpected toxicities, likely due to TIL/IL-12 & low % of durable responses."
Infliximab,DB00065,Stevens-Johnson Syndrome,C0038325,Withdrawn,Phase 1/Phase 2,Steven Johnson's Syndrome (SJS) and Toxic Epidermal Necrolysis Syndrome (TENS) are rare (~3 in
Norepinephrine,DB00368,Septic Shock,C0036983,Terminated,Phase 3,Low recruitment rate
Terlipressin,DB02638,Septic Shock,C0036983,Terminated,Phase 3,Low recruitment rate
Norepinephrine,DB00368,Radiodermatitis,C0034561,Terminated,Phase 1,Enrollment issues
Irinotecan,DB00762,Secondary malignant neoplasm of liver,C0494165,Terminated,Phase 2,This study was closed early by the DSMB due to increased toxicity.
Irinotecan,DB00762,Mucinous adenocarcinoma of colon,C0279639,Terminated,Phase 2,This study was closed early by the DSMB due to increased toxicity.
Irinotecan,DB00762,mucinous adenocarcinoma of rectum,C0279652,Terminated,Phase 2,This study was closed early by the DSMB due to increased toxicity.
Irinotecan,DB00762,Colon cancer recurrent,C0278553,Terminated,Phase 2,This study was closed early by the DSMB due to increased toxicity.
Irinotecan,DB00762,Recurrent Rectal Cancer,C0278554,Terminated,Phase 2,This study was closed early by the DSMB due to increased toxicity.
Irinotecan,DB00762,signet ring adenocarcinoma of the colon,C0279640,Terminated,Phase 2,This study was closed early by the DSMB due to increased toxicity.
Irinotecan,DB00762,signet ring adenocarcinoma of the rectum,C0279654,Terminated,Phase 2,This study was closed early by the DSMB due to increased toxicity.
Lapatinib,DB01259,melanoma,C0025202,Terminated,Phase 2,Protocol would not be able to reach stated accrual.
Aldesleukin,DB00041,Stage IV Skin Melanoma,C1321872,Terminated,Phase 2,Study was terminated due to poor accrual.
Cyclophosphamide,DB00531,Stage IV Skin Melanoma,C1321872,Terminated,Phase 2,Study was terminated due to poor accrual.
Fludarabine,DB01073,Stage IV Skin Melanoma,C1321872,Terminated,Phase 2,Study was terminated due to poor accrual.
Lenalidomide,DB00480,Chronic lymphocytic leukaemia stage 3,C0278769,Withdrawn,Phase 2,
Lenalidomide,DB00480,Chronic lymphocytic leukaemia stage 4,C0854804,Withdrawn,Phase 2,
Cholecalciferol,DB00169,Hyperlipidemia,C0020473,Withdrawn,Phase 1,PI resigned.
Sirolimus,DB00877,Liver neoplasms,C0023903,Withdrawn,Phase 2,Doxil Shortage
Doxorubicin,DB00997,Liver neoplasms,C0023903,Withdrawn,Phase 2,Doxil Shortage
Everolimus,DB01590,Liver neoplasms,C0023903,Withdrawn,Phase 2,Doxil Shortage
Varenicline,DB01273,Drug Dependence,C1510472,Withdrawn,Phase 1,
Niacin,DB00627,Primary hypercholesterolemia,C0342879,Terminated,Phase 3,
Simvastatin,DB00641,Primary hypercholesterolemia,C0342879,Terminated,Phase 3,
Nicotinamide,DB02701,Primary hypercholesterolemia,C0342879,Terminated,Phase 3,
Niacin,DB00627,Dyslipidemias,C0242339,Terminated,Phase 3,
Simvastatin,DB00641,Dyslipidemias,C0242339,Terminated,Phase 3,
Nicotinamide,DB02701,Dyslipidemias,C0242339,Terminated,Phase 3,
Bevacizumab,DB00112,Colorectal cancer metastatic,C0948380,Withdrawn,Phase 2,
Oxaliplatin,DB00526,Colorectal cancer metastatic,C0948380,Withdrawn,Phase 2,
Fluorouracil,DB00544,Colorectal cancer metastatic,C0948380,Withdrawn,Phase 2,
Irinotecan,DB00762,Colorectal cancer metastatic,C0948380,Withdrawn,Phase 2,
Capecitabine,DB01101,Colorectal cancer metastatic,C0948380,Withdrawn,Phase 2,
Ropivacaine,DB00296,Other reconstructive surgery,C0418696,Withdrawn,Phase 2,
Clonidine,DB00575,Other reconstructive surgery,C0418696,Withdrawn,Phase 2,
Tacrolimus,DB00864,function of renal transplant,C2170323,Terminated,Phase 3,Difficulties of recruitment
Thalidomide,DB01041,Rheumatoid Arthritis,C0003873,Terminated,Phase 2,Study is terminated due to lack of efficacy
Apremilast,DB05676,Rheumatoid Arthritis,C0003873,Terminated,Phase 2,Study is terminated due to lack of efficacy
Bupivacaine,DB00297,Fracture of lower leg,C1542178,Withdrawn,Phase 3,The Sponsor has no interest in continuing the study.
Levobupivacaine,DB01002,Fracture of lower leg,C1542178,Withdrawn,Phase 3,The Sponsor has no interest in continuing the study.
Gemcitabine,DB00441,advanced adult primary liver cancer,C0278774,Terminated,Phase 1,
Cisplatin,DB00515,advanced adult primary liver cancer,C0278774,Terminated,Phase 1,
Gemcitabine,DB00441,localized unresectable adult primary liver cancer,C0278773,Terminated,Phase 1,
Cisplatin,DB00515,localized unresectable adult primary liver cancer,C0278773,Terminated,Phase 1,
Gemcitabine,DB00441,Transitional cell cancer of renal pelvis and ureter metastatic,C0279937,Terminated,Phase 1,
Cisplatin,DB00515,Transitional cell cancer of renal pelvis and ureter metastatic,C0279937,Terminated,Phase 1,
Gemcitabine,DB00441,Regional Urothelial Carcinoma of the Renal Pelvis and Ureter,C0280281,Terminated,Phase 1,
Cisplatin,DB00515,Regional Urothelial Carcinoma of the Renal Pelvis and Ureter,C0280281,Terminated,Phase 1,
Gemcitabine,DB00441,Bladder cancer stage III,C0278824,Terminated,Phase 1,
Cisplatin,DB00515,Bladder cancer stage III,C0278824,Terminated,Phase 1,
Gemcitabine,DB00441,Pancreatic carcinoma stage III,C1167722,Terminated,Phase 1,
Cisplatin,DB00515,Pancreatic carcinoma stage III,C1167722,Terminated,Phase 1,
Gemcitabine,DB00441,Non-small cell lung cancer stage IIIA,C0278983,Terminated,Phase 1,
Cisplatin,DB00515,Non-small cell lung cancer stage IIIA,C0278983,Terminated,Phase 1,
Gemcitabine,DB00441,Non-small cell lung cancer metastatic,C0278987,Terminated,Phase 1,
Cisplatin,DB00515,Non-small cell lung cancer metastatic,C0278987,Terminated,Phase 1,
Gemcitabine,DB00441,Stage IV Pancreatic Cancer,C1167725,Terminated,Phase 1,
Cisplatin,DB00515,Stage IV Pancreatic Cancer,C1167725,Terminated,Phase 1,
Gemcitabine,DB00441,unresectable extrahepatic bile duct cancer,C0278811,Terminated,Phase 1,
Cisplatin,DB00515,unresectable extrahepatic bile duct cancer,C0278811,Terminated,Phase 1,
Gemcitabine,DB00441,unresectable gallbladder cancer,C0278807,Terminated,Phase 1,
Cisplatin,DB00515,unresectable gallbladder cancer,C0278807,Terminated,Phase 1,
Gemcitabine,DB00441,ovarian neoplasm,C0919267,Terminated,Phase 1,The study was stopped due to the inability to determine an acceptable dose with the potential
Carboplatin,DB00958,ovarian neoplasm,C0919267,Terminated,Phase 1,The study was stopped due to the inability to determine an acceptable dose with the potential
Doxorubicin,DB00997,ovarian neoplasm,C0919267,Terminated,Phase 1,The study was stopped due to the inability to determine an acceptable dose with the potential
Paclitaxel,DB01229,ovarian neoplasm,C0919267,Terminated,Phase 1,The study was stopped due to the inability to determine an acceptable dose with the potential
Gemcitabine,DB00441,Fallopian Tube Neoplasms,C0015558,Terminated,Phase 1,The study was stopped due to the inability to determine an acceptable dose with the potential
Carboplatin,DB00958,Fallopian Tube Neoplasms,C0015558,Terminated,Phase 1,The study was stopped due to the inability to determine an acceptable dose with the potential
Doxorubicin,DB00997,Fallopian Tube Neoplasms,C0015558,Terminated,Phase 1,The study was stopped due to the inability to determine an acceptable dose with the potential
Paclitaxel,DB01229,Fallopian Tube Neoplasms,C0015558,Terminated,Phase 1,The study was stopped due to the inability to determine an acceptable dose with the potential
Tacrolimus,DB00864,Lupus Nephritis,C0024143,Withdrawn,Phase 3,sponsor withdraw from this study
Temozolomide,DB00853,Melanoma recurrent,C0278884,Suspended,Phase 2,
Carboplatin,DB00958,ovarian neoplasm,C0919267,Terminated,Phase 1,
Doxorubicin,DB00997,ovarian neoplasm,C0919267,Terminated,Phase 1,
Nintedanib,DB09079,ovarian neoplasm,C0919267,Terminated,Phase 1,
Bortezomib,DB00188,multiple myeloma in relapse,C2349261,Withdrawn,Phase 2,Clinical trial being transferred to Columbia University with the Investigator.
Dexamethasone,DB01234,multiple myeloma in relapse,C2349261,Withdrawn,Phase 2,Clinical trial being transferred to Columbia University with the Investigator.
,DB01234,multiple myeloma in relapse,C2349261,Withdrawn,Phase 2,Clinical trial being transferred to Columbia University with the Investigator.
,DB01234,Multiple Myeloma,C0026764,Withdrawn,Phase 2,Clinical trial being transferred to Columbia University with the Investigator.
Milnacipran,DB04896,Primary fibromyalgia syndrome,C0521517,Terminated,Phase 2,
Cholecalciferol,DB00169,"Hyperparathyroidism, Primary",C0221002,Withdrawn,Phase 2/Phase 3,Poor enrollment
Cholecalciferol,DB00169,Hypercalcemia,C0020437,Withdrawn,Phase 2/Phase 3,Poor enrollment
Cyclophosphamide,DB00531,Ewings sarcoma,C0553580,Terminated,Phase 2,
Vincristine,DB00541,Ewings sarcoma,C0553580,Terminated,Phase 2,
Irinotecan,DB00762,Ewings sarcoma,C0553580,Terminated,Phase 2,
Temozolomide,DB00853,Ewings sarcoma,C0553580,Terminated,Phase 2,
Doxorubicin,DB00997,Ewings sarcoma,C0553580,Terminated,Phase 2,
Cisplatin,DB00515,Adenocarcinoma,C0001418,Withdrawn,Phase 2,Regulatory requirement. A phase III study is being designed.
Cisplatin,DB00515,Carcinoma,C0007097,Withdrawn,Phase 2,Regulatory requirement. A phase III study is being designed.
Bortezomib,DB00188,"Lymphoma, Non-Hodgkin",C0024305,Terminated,Phase 1,closed for low accrual and no data is available.
Etoposide,DB00773,"Lymphoma, Non-Hodgkin",C0024305,Terminated,Phase 1,closed for low accrual and no data is available.
Carboplatin,DB00773,"Lymphoma, Non-Hodgkin",C0024305,Terminated,Phase 1,closed for low accrual and no data is available.
Ifosfamide,DB00958,"Lymphoma, Non-Hodgkin",C0024305,Terminated,Phase 1,closed for low accrual and no data is available.
,DB01181,"Lymphoma, Non-Hodgkin",C0024305,Terminated,Phase 1,closed for low accrual and no data is available.
Sirolimus,DB00877,Pemphigus,C0030807,Terminated,Phase 0,Lack of funding
Everolimus,DB01590,Pemphigus,C0030807,Terminated,Phase 0,Lack of funding
Dexamethasone,DB01234,Liver Cirrhosis,C0023890,Terminated,Phase 3,Recruitment problems (not enough patients were found who met eligibility criteria)
,DB01234,Liver Cirrhosis,C0023890,Terminated,Phase 3,Recruitment problems (not enough patients were found who met eligibility criteria)
Heparin,DB01109,Coronary Artery Disease,C1956346,Terminated,Phase 2,PolyMedix decided to stop enrollment in both clinical trials due to observations of reductions
Gefitinib,DB00317,Glioblastoma,C0017636,Terminated,Phase 2,closed to recruitment early due to AstraZeneca not developing cediranib further
Bevacizumab,DB00112,Secondary malignant neoplasm of liver,C0494165,Terminated,Phase 2,This study will not be written up.
Oxaliplatin,DB00526,Secondary malignant neoplasm of liver,C0494165,Terminated,Phase 2,This study will not be written up.
Fluorouracil,DB00544,Secondary malignant neoplasm of liver,C0494165,Terminated,Phase 2,This study will not be written up.
Irinotecan,DB00762,Secondary malignant neoplasm of liver,C0494165,Terminated,Phase 2,This study will not be written up.
Levoleucovorin,DB11596,Secondary malignant neoplasm of liver,C0494165,Terminated,Phase 2,This study will not be written up.
Bevacizumab,DB00112,Colon cancer recurrent,C0278553,Terminated,Phase 2,This study will not be written up.
Oxaliplatin,DB00526,Colon cancer recurrent,C0278553,Terminated,Phase 2,This study will not be written up.
Fluorouracil,DB00544,Colon cancer recurrent,C0278553,Terminated,Phase 2,This study will not be written up.
Irinotecan,DB00762,Colon cancer recurrent,C0278553,Terminated,Phase 2,This study will not be written up.
Levoleucovorin,DB11596,Colon cancer recurrent,C0278553,Terminated,Phase 2,This study will not be written up.
Bevacizumab,DB00112,Recurrent Rectal Cancer,C0278554,Terminated,Phase 2,This study will not be written up.
Oxaliplatin,DB00526,Recurrent Rectal Cancer,C0278554,Terminated,Phase 2,This study will not be written up.
Fluorouracil,DB00544,Recurrent Rectal Cancer,C0278554,Terminated,Phase 2,This study will not be written up.
Irinotecan,DB00762,Recurrent Rectal Cancer,C0278554,Terminated,Phase 2,This study will not be written up.
Levoleucovorin,DB11596,Recurrent Rectal Cancer,C0278554,Terminated,Phase 2,This study will not be written up.
Bevacizumab,DB00112,Stage IVA Colon Cancer,C3897082,Terminated,Phase 2,This study will not be written up.
Oxaliplatin,DB00526,Stage IVA Colon Cancer,C3897082,Terminated,Phase 2,This study will not be written up.
Fluorouracil,DB00544,Stage IVA Colon Cancer,C3897082,Terminated,Phase 2,This study will not be written up.
Irinotecan,DB00762,Stage IVA Colon Cancer,C3897082,Terminated,Phase 2,This study will not be written up.
Levoleucovorin,DB11596,Stage IVA Colon Cancer,C3897082,Terminated,Phase 2,This study will not be written up.
Bevacizumab,DB00112,Stage IVA Rectal Cancer,C3897520,Terminated,Phase 2,This study will not be written up.
Oxaliplatin,DB00526,Stage IVA Rectal Cancer,C3897520,Terminated,Phase 2,This study will not be written up.
Fluorouracil,DB00544,Stage IVA Rectal Cancer,C3897520,Terminated,Phase 2,This study will not be written up.
Irinotecan,DB00762,Stage IVA Rectal Cancer,C3897520,Terminated,Phase 2,This study will not be written up.
Levoleucovorin,DB11596,Stage IVA Rectal Cancer,C3897520,Terminated,Phase 2,This study will not be written up.
Bevacizumab,DB00112,Stage IVB Colon Cancer,C3897517,Terminated,Phase 2,This study will not be written up.
Oxaliplatin,DB00526,Stage IVB Colon Cancer,C3897517,Terminated,Phase 2,This study will not be written up.
Fluorouracil,DB00544,Stage IVB Colon Cancer,C3897517,Terminated,Phase 2,This study will not be written up.
Irinotecan,DB00762,Stage IVB Colon Cancer,C3897517,Terminated,Phase 2,This study will not be written up.
Levoleucovorin,DB11596,Stage IVB Colon Cancer,C3897517,Terminated,Phase 2,This study will not be written up.
Bevacizumab,DB00112,Stage IVB Rectal Cancer,C3897513,Terminated,Phase 2,This study will not be written up.
Oxaliplatin,DB00526,Stage IVB Rectal Cancer,C3897513,Terminated,Phase 2,This study will not be written up.
Fluorouracil,DB00544,Stage IVB Rectal Cancer,C3897513,Terminated,Phase 2,This study will not be written up.
Irinotecan,DB00762,Stage IVB Rectal Cancer,C3897513,Terminated,Phase 2,This study will not be written up.
Levoleucovorin,DB11596,Stage IVB Rectal Cancer,C3897513,Terminated,Phase 2,This study will not be written up.
Propofol,DB00818,leukemia,C0023418,Withdrawn,Phase 2/Phase 3,The Sponsor has no interest in continuing the study.
Erythromycin,DB00199,Gastroparesis,C0152020,Terminated,Phase 2,"Original investigator left this institution, replacement investigator retired."
,DB00199,Gastroparesis,C0152020,Terminated,Phase 2,"Original investigator left this institution, replacement investigator retired."
Buprenorphine,DB00921,Other acute postoperative pain,C1719392,Withdrawn,Phase 3,Due to change in development plan.
Buprenorphine,DB00921,INTUBATION ENDOTRACHEAL PROLONGED,C0745398,Withdrawn,Phase 3,Due to change in development plan.
Cyclosporine,DB00091,Lupus Nephritis,C0024143,Withdrawn,Phase 3,IT was impossible to find patients
Mycophenolate mofetil,DB00688,Lupus Nephritis,C0024143,Withdrawn,Phase 3,IT was impossible to find patients
Mycophenolic acid,DB01024,Lupus Nephritis,C0024143,Withdrawn,Phase 3,IT was impossible to find patients
,DB01024,Lupus Nephritis,C0024143,Withdrawn,Phase 3,IT was impossible to find patients
Nicotine,DB00184,Tobacco Dependence,C0040332,Terminated,Phase 3,Study terminated due to a technical issue (randomization error).
Fluvoxamine,DB00176,Solid tumour,C0280100,Terminated,Phase 1,
Methylphenidate,DB00422,"central nervous system tumor, pediatric",C1377665,Terminated,Phase 2,Study only randomized 1 subject and was determined not feasible by DSMB
Modafinil,DB00745,"central nervous system tumor, pediatric",C1377665,Terminated,Phase 2,Study only randomized 1 subject and was determined not feasible by DSMB
Armodafinil,DB06413,"central nervous system tumor, pediatric",C1377665,Terminated,Phase 2,Study only randomized 1 subject and was determined not feasible by DSMB
Ethanol,DB00898,Alcohol problem,C0549393,Terminated,Phase 3,
Ethanol,DB00898,AOD misuse,C0678254,Terminated,Phase 3,
Gemcitabine,DB00441,Non-small cell lung cancer stage III,C0278506,Withdrawn,Phase 2,"Low accrual, small patient population at center."
Pemetrexed,DB00642,Non-small cell lung cancer stage III,C0278506,Withdrawn,Phase 2,"Low accrual, small patient population at center."
Etoposide,DB00773,Non-small cell lung cancer stage III,C0278506,Withdrawn,Phase 2,"Low accrual, small patient population at center."
Carboplatin,DB00958,Non-small cell lung cancer metastatic,C0278987,Terminated,Phase 2,Interim analysis showed that the primary endpoint would not be met.
,DB01234,Multiple Myeloma,C0026764,Terminated,Phase 1/Phase 2,
Irinotecan,DB00762,Advanced cancer,C0877373,Terminated,Phase 1,Refer to Detailed Description for documentaion of Termination Statement.
Sirolimus,DB00877,Advanced cancer,C0877373,Terminated,Phase 1,Refer to Detailed Description for documentaion of Termination Statement.
Everolimus,DB01590,Advanced cancer,C0877373,Terminated,Phase 1,Refer to Detailed Description for documentaion of Termination Statement.
Isotretinoin,DB00982,Neuroblastoma,C0027819,Withdrawn,Phase 1,no patient enrollment
Milnacipran,DB04896,"Fibromyalgia, Primary",C0751152,Terminated,Phase 2,
Norepinephrine,DB00368,"Gait Disorders, Neurologic",C0751830,Withdrawn,Phase 1/Phase 2,Never initiated. Withdrawn by sponsor.
Droxidopa,DB06262,"Gait Disorders, Neurologic",C0751830,Withdrawn,Phase 1/Phase 2,Never initiated. Withdrawn by sponsor.
Amikacin,DB00479,Cystic Fibrosis,C0010674,Withdrawn,Phase 3,
Nifedipine,DB01115,Threatened premature labor,C0473390,Withdrawn,Phase 3,
Gemcitabine,DB00441,Bladder Neoplasm,C0005695,Terminated,Phase 1/Phase 2,low accrual
Lenalidomide,DB00480,Bladder Neoplasm,C0005695,Terminated,Phase 1/Phase 2,low accrual
Cisplatin,DB00515,Bladder Neoplasm,C0005695,Terminated,Phase 1/Phase 2,low accrual
Thalidomide,DB01041,Bladder Neoplasm,C0005695,Terminated,Phase 1/Phase 2,low accrual
Atomoxetine,DB00289,alcohol sensitivity,C0678306,Terminated,Phase 1,Terminated due to lack of funding
Heparin,DB01109,Malignant Childhood Neoplasm,C0278704,Terminated,Phase 3,Poor patient accrual
Heparin,DB01109,Aplastic Anemia,C0002874,Terminated,Phase 3,Poor patient accrual
Heparin,DB01109,Metabolic Diseases,C0025517,Terminated,Phase 3,Poor patient accrual
Cisplatin,DB00515,Carcinoma,C0007097,Withdrawn,Phase 3,change company strategy
Tacrolimus,DB00864,Lupus Nephritis,C0024143,Terminated,Phase 3,Due to safety concern of active control drug
Leflunomide,DB01097,Lupus Nephritis,C0024143,Terminated,Phase 3,Due to safety concern of active control drug
Teriflunomide,DB08880,Lupus Nephritis,C0024143,Terminated,Phase 3,Due to safety concern of active control drug
Melatonin,DB01065,Depressive disorder,C0011581,Terminated,Phase 2/Phase 3,Inclusion rate not as expected. Not financially possible to involve other centres.
Prednisone,DB00635,Polymyalgia Rheumatica,C0032533,Terminated,Phase 2,Data did not show that the two biologic treatments impacted PMR disease activity to the same
Prednisone,DB00635,Inflammatory disorder,C1290884,Terminated,Phase 2,Data did not show that the two biologic treatments impacted PMR disease activity to the same
Bevacizumab,DB00112,Malignant tumor of colon,C0007102,Withdrawn,Phase 3,
Irinotecan,DB00762,Colorectal Neoplasms,C0009404,Terminated,Phase 1,
Cyclosporine,DB00091,adult acute monocytic leukemia (M5b),C0280634,Terminated,Phase 1/Phase 2,
Pravastatin,DB00175,adult acute monocytic leukemia (M5b),C0280634,Terminated,Phase 1/Phase 2,
Etoposide,DB00773,adult acute monocytic leukemia (M5b),C0280634,Terminated,Phase 1/Phase 2,
Mitoxantrone,DB00773,adult acute monocytic leukemia (M5b),C0280634,Terminated,Phase 1/Phase 2,
,DB01204,adult acute monocytic leukemia (M5b),C0280634,Terminated,Phase 1/Phase 2,
Cyclosporine,DB00091,adult acute myeloblastic leukemia with maturation (M2),C0279624,Terminated,Phase 1/Phase 2,
Pravastatin,DB00175,adult acute myeloblastic leukemia with maturation (M2),C0279624,Terminated,Phase 1/Phase 2,
Etoposide,DB00773,adult acute myeloblastic leukemia with maturation (M2),C0279624,Terminated,Phase 1/Phase 2,
Mitoxantrone,DB00773,adult acute myeloblastic leukemia with maturation (M2),C0279624,Terminated,Phase 1/Phase 2,
,DB01204,adult acute myeloblastic leukemia with maturation (M2),C0279624,Terminated,Phase 1/Phase 2,
Cyclosporine,DB00091,Adult Acute Myeloid Leukemia without Maturation,C0279623,Terminated,Phase 1/Phase 2,
Pravastatin,DB00175,Adult Acute Myeloid Leukemia without Maturation,C0279623,Terminated,Phase 1/Phase 2,
Etoposide,DB00773,Adult Acute Myeloid Leukemia without Maturation,C0279623,Terminated,Phase 1/Phase 2,
Mitoxantrone,DB00773,Adult Acute Myeloid Leukemia without Maturation,C0279623,Terminated,Phase 1/Phase 2,
,DB01204,Adult Acute Myeloid Leukemia without Maturation,C0279623,Terminated,Phase 1/Phase 2,
Cyclosporine,DB00091,adult acute myeloid leukemia with 11q23 (MLL) abnormalities,C1541334,Terminated,Phase 1/Phase 2,
Pravastatin,DB00175,adult acute myeloid leukemia with 11q23 (MLL) abnormalities,C1541334,Terminated,Phase 1/Phase 2,
Etoposide,DB00773,adult acute myeloid leukemia with 11q23 (MLL) abnormalities,C1541334,Terminated,Phase 1/Phase 2,
Mitoxantrone,DB00773,adult acute myeloid leukemia with 11q23 (MLL) abnormalities,C1541334,Terminated,Phase 1/Phase 2,
,DB01204,adult acute myeloid leukemia with 11q23 (MLL) abnormalities,C1541334,Terminated,Phase 1/Phase 2,
Cyclosporine,DB00091,adult acute myeloid leukemia with inv(16)(p13;q22),C1541333,Terminated,Phase 1/Phase 2,
Pravastatin,DB00175,adult acute myeloid leukemia with inv(16)(p13;q22),C1541333,Terminated,Phase 1/Phase 2,
Etoposide,DB00773,adult acute myeloid leukemia with inv(16)(p13;q22),C1541333,Terminated,Phase 1/Phase 2,
Mitoxantrone,DB00773,adult acute myeloid leukemia with inv(16)(p13;q22),C1541333,Terminated,Phase 1/Phase 2,
,DB01204,adult acute myeloid leukemia with inv(16)(p13;q22),C1541333,Terminated,Phase 1/Phase 2,
Cyclosporine,DB00091,adult acute myeloid leukemia with t(16;16)(p13;q22),C1541332,Terminated,Phase 1/Phase 2,
Pravastatin,DB00175,adult acute myeloid leukemia with t(16;16)(p13;q22),C1541332,Terminated,Phase 1/Phase 2,
Etoposide,DB00773,adult acute myeloid leukemia with t(16;16)(p13;q22),C1541332,Terminated,Phase 1/Phase 2,
Mitoxantrone,DB00773,adult acute myeloid leukemia with t(16;16)(p13;q22),C1541332,Terminated,Phase 1/Phase 2,
,DB01204,adult acute myeloid leukemia with t(16;16)(p13;q22),C1541332,Terminated,Phase 1/Phase 2,
Cyclosporine,DB00091,adult acute myeloid leukemia with t(8;21)(q22;q22),C1541331,Terminated,Phase 1/Phase 2,
Pravastatin,DB00175,adult acute myeloid leukemia with t(8;21)(q22;q22),C1541331,Terminated,Phase 1/Phase 2,
Etoposide,DB00773,adult acute myeloid leukemia with t(8;21)(q22;q22),C1541331,Terminated,Phase 1/Phase 2,
Mitoxantrone,DB00773,adult acute myeloid leukemia with t(8;21)(q22;q22),C1541331,Terminated,Phase 1/Phase 2,
,DB01204,adult acute myeloid leukemia with t(8;21)(q22;q22),C1541331,Terminated,Phase 1/Phase 2,
Cyclosporine,DB00091,adult acute myelomonocytic leukemia (M4),C0279627,Terminated,Phase 1/Phase 2,
Pravastatin,DB00175,adult acute myelomonocytic leukemia (M4),C0279627,Terminated,Phase 1/Phase 2,
Etoposide,DB00773,adult acute myelomonocytic leukemia (M4),C0279627,Terminated,Phase 1/Phase 2,
Mitoxantrone,DB00773,adult acute myelomonocytic leukemia (M4),C0279627,Terminated,Phase 1/Phase 2,
,DB01204,adult acute myelomonocytic leukemia (M4),C0279627,Terminated,Phase 1/Phase 2,
Cyclosporine,DB00091,adult acute megakaryoblastic leukemia (M7),C0279632,Terminated,Phase 1/Phase 2,
Pravastatin,DB00175,adult acute megakaryoblastic leukemia (M7),C0279632,Terminated,Phase 1/Phase 2,
Etoposide,DB00773,adult acute megakaryoblastic leukemia (M7),C0279632,Terminated,Phase 1/Phase 2,
Mitoxantrone,DB00773,adult acute megakaryoblastic leukemia (M7),C0279632,Terminated,Phase 1/Phase 2,
,DB01204,adult acute megakaryoblastic leukemia (M7),C0279632,Terminated,Phase 1/Phase 2,
Cyclosporine,DB00091,adult acute minimally differentiated myeloid leukemia (M0),C0281641,Terminated,Phase 1/Phase 2,
Pravastatin,DB00175,adult acute minimally differentiated myeloid leukemia (M0),C0281641,Terminated,Phase 1/Phase 2,
Etoposide,DB00773,adult acute minimally differentiated myeloid leukemia (M0),C0281641,Terminated,Phase 1/Phase 2,
Mitoxantrone,DB00773,adult acute minimally differentiated myeloid leukemia (M0),C0281641,Terminated,Phase 1/Phase 2,
,DB01204,adult acute minimally differentiated myeloid leukemia (M0),C0281641,Terminated,Phase 1/Phase 2,
Cyclosporine,DB00091,adult acute monoblastic leukemia (M5a),C0279629,Terminated,Phase 1/Phase 2,
Pravastatin,DB00175,adult acute monoblastic leukemia (M5a),C0279629,Terminated,Phase 1/Phase 2,
Etoposide,DB00773,adult acute monoblastic leukemia (M5a),C0279629,Terminated,Phase 1/Phase 2,
Mitoxantrone,DB00773,adult acute monoblastic leukemia (M5a),C0279629,Terminated,Phase 1/Phase 2,
,DB01204,adult acute monoblastic leukemia (M5a),C0279629,Terminated,Phase 1/Phase 2,
Cyclosporine,DB00091,adult erythroleukemia (M6a),C1541339,Terminated,Phase 1/Phase 2,
Pravastatin,DB00175,adult erythroleukemia (M6a),C1541339,Terminated,Phase 1/Phase 2,
Etoposide,DB00773,adult erythroleukemia (M6a),C1541339,Terminated,Phase 1/Phase 2,
Mitoxantrone,DB00773,adult erythroleukemia (M6a),C1541339,Terminated,Phase 1/Phase 2,
,DB01204,adult erythroleukemia (M6a),C1541339,Terminated,Phase 1/Phase 2,
Cyclosporine,DB00091,adult pure erythroid leukemia (M6b),C1541340,Terminated,Phase 1/Phase 2,
Pravastatin,DB00175,adult pure erythroid leukemia (M6b),C1541340,Terminated,Phase 1/Phase 2,
Etoposide,DB00773,adult pure erythroid leukemia (M6b),C1541340,Terminated,Phase 1/Phase 2,
Mitoxantrone,DB00773,adult pure erythroid leukemia (M6b),C1541340,Terminated,Phase 1/Phase 2,
,DB01204,adult pure erythroid leukemia (M6b),C1541340,Terminated,Phase 1/Phase 2,
Cyclosporine,DB00091,recurrent adult acute myeloid leukemia,C0278780,Terminated,Phase 1/Phase 2,
Pravastatin,DB00175,recurrent adult acute myeloid leukemia,C0278780,Terminated,Phase 1/Phase 2,
Etoposide,DB00773,recurrent adult acute myeloid leukemia,C0278780,Terminated,Phase 1/Phase 2,
Mitoxantrone,DB00773,recurrent adult acute myeloid leukemia,C0278780,Terminated,Phase 1/Phase 2,
,DB01204,recurrent adult acute myeloid leukemia,C0278780,Terminated,Phase 1/Phase 2,
Clonidine,DB00575,Neonatal Abstinence Syndrome,C0027609,Terminated,Phase 2/Phase 3,The study was treminated because of low accural
Niacin,DB00627,Primary hypercholesterolemia,C0342879,Terminated,Phase 3,
Simvastatin,DB00641,Primary hypercholesterolemia,C0342879,Terminated,Phase 3,
Nicotinamide,DB02701,Primary hypercholesterolemia,C0342879,Terminated,Phase 3,
Erlotinib,DB00530,recurrent metastatic squamous neck cancer with occult primary,C0279100,Withdrawn,Phase 1,Pharmaceutical co. withdrew support. Study was never activated and did not accrue any
Sirolimus,DB00877,recurrent metastatic squamous neck cancer with occult primary,C0279100,Withdrawn,Phase 1,Pharmaceutical co. withdrew support. Study was never activated and did not accrue any
Everolimus,DB01590,recurrent metastatic squamous neck cancer with occult primary,C0279100,Withdrawn,Phase 1,Pharmaceutical co. withdrew support. Study was never activated and did not accrue any
Erlotinib,DB00530,Recurrent Salivary Gland Cancer,C0278993,Withdrawn,Phase 1,Pharmaceutical co. withdrew support. Study was never activated and did not accrue any
Sirolimus,DB00877,Recurrent Salivary Gland Cancer,C0278993,Withdrawn,Phase 1,Pharmaceutical co. withdrew support. Study was never activated and did not accrue any
Everolimus,DB01590,Recurrent Salivary Gland Cancer,C0278993,Withdrawn,Phase 1,Pharmaceutical co. withdrew support. Study was never activated and did not accrue any
Erlotinib,DB00530,Squamous cell carcinoma of the hypopharynx recurrent,C0280392,Withdrawn,Phase 1,Pharmaceutical co. withdrew support. Study was never activated and did not accrue any
Sirolimus,DB00877,Squamous cell carcinoma of the hypopharynx recurrent,C0280392,Withdrawn,Phase 1,Pharmaceutical co. withdrew support. Study was never activated and did not accrue any
Everolimus,DB01590,Squamous cell carcinoma of the hypopharynx recurrent,C0280392,Withdrawn,Phase 1,Pharmaceutical co. withdrew support. Study was never activated and did not accrue any
Erlotinib,DB00530,Laryngeal squamous cell carcinoma recurrent,C0280401,Withdrawn,Phase 1,Pharmaceutical co. withdrew support. Study was never activated and did not accrue any
Sirolimus,DB00877,Laryngeal squamous cell carcinoma recurrent,C0280401,Withdrawn,Phase 1,Pharmaceutical co. withdrew support. Study was never activated and did not accrue any
Everolimus,DB01590,Laryngeal squamous cell carcinoma recurrent,C0280401,Withdrawn,Phase 1,Pharmaceutical co. withdrew support. Study was never activated and did not accrue any
Erlotinib,DB00530,recurrent squamous cell carcinoma of the lip and oral cavity,C0280363,Withdrawn,Phase 1,Pharmaceutical co. withdrew support. Study was never activated and did not accrue any
Sirolimus,DB00877,recurrent squamous cell carcinoma of the lip and oral cavity,C0280363,Withdrawn,Phase 1,Pharmaceutical co. withdrew support. Study was never activated and did not accrue any
Everolimus,DB01590,recurrent squamous cell carcinoma of the lip and oral cavity,C0280363,Withdrawn,Phase 1,Pharmaceutical co. withdrew support. Study was never activated and did not accrue any
Erlotinib,DB00530,Oropharyngeal squamous cell carcinoma recurrent,C0280376,Withdrawn,Phase 1,Pharmaceutical co. withdrew support. Study was never activated and did not accrue any
Sirolimus,DB00877,Oropharyngeal squamous cell carcinoma recurrent,C0280376,Withdrawn,Phase 1,Pharmaceutical co. withdrew support. Study was never activated and did not accrue any
Everolimus,DB01590,Oropharyngeal squamous cell carcinoma recurrent,C0280376,Withdrawn,Phase 1,Pharmaceutical co. withdrew support. Study was never activated and did not accrue any
Erlotinib,DB00530,recurrent squamous cell carcinoma of the paranasal sinus and nasal cavity,C0280419,Withdrawn,Phase 1,Pharmaceutical co. withdrew support. Study was never activated and did not accrue any
Sirolimus,DB00877,recurrent squamous cell carcinoma of the paranasal sinus and nasal cavity,C0280419,Withdrawn,Phase 1,Pharmaceutical co. withdrew support. Study was never activated and did not accrue any
Everolimus,DB01590,recurrent squamous cell carcinoma of the paranasal sinus and nasal cavity,C0280419,Withdrawn,Phase 1,Pharmaceutical co. withdrew support. Study was never activated and did not accrue any
Erlotinib,DB00530,Laryngeal verrucous carcinoma recurrent,C0280402,Withdrawn,Phase 1,Pharmaceutical co. withdrew support. Study was never activated and did not accrue any
Sirolimus,DB00877,Laryngeal verrucous carcinoma recurrent,C0280402,Withdrawn,Phase 1,Pharmaceutical co. withdrew support. Study was never activated and did not accrue any
Everolimus,DB01590,Laryngeal verrucous carcinoma recurrent,C0280402,Withdrawn,Phase 1,Pharmaceutical co. withdrew support. Study was never activated and did not accrue any
Erlotinib,DB00530,Verrucous carcinoma of the oral cavity recurrent,C0280365,Withdrawn,Phase 1,Pharmaceutical co. withdrew support. Study was never activated and did not accrue any
Sirolimus,DB00877,Verrucous carcinoma of the oral cavity recurrent,C0280365,Withdrawn,Phase 1,Pharmaceutical co. withdrew support. Study was never activated and did not accrue any
Everolimus,DB01590,Verrucous carcinoma of the oral cavity recurrent,C0280365,Withdrawn,Phase 1,Pharmaceutical co. withdrew support. Study was never activated and did not accrue any
Erlotinib,DB00530,squamous cell carcinoma of salivary gland,C0279697,Withdrawn,Phase 1,Pharmaceutical co. withdrew support. Study was never activated and did not accrue any
Sirolimus,DB00877,squamous cell carcinoma of salivary gland,C0279697,Withdrawn,Phase 1,Pharmaceutical co. withdrew support. Study was never activated and did not accrue any
Everolimus,DB01590,squamous cell carcinoma of salivary gland,C0279697,Withdrawn,Phase 1,Pharmaceutical co. withdrew support. Study was never activated and did not accrue any
Letrozole,DB01006,HER-2 positive breast cancer,C1699634,Withdrawn,Phase 1/Phase 2,Closed due to no enrollment
Lapatinib,DB01259,HER-2 positive breast cancer,C1699634,Withdrawn,Phase 1/Phase 2,Closed due to no enrollment
Ramipril,DB00178,Low density lipoprotein increased,C0549399,Terminated,Phase 2,Per sponsor's decision
Simvastatin,DB00641,Low density lipoprotein increased,C0549399,Terminated,Phase 2,Per sponsor's decision
Salicylic acid,DB00936,Low density lipoprotein increased,C0549399,Terminated,Phase 2,Per sponsor's decision
Acetylsalicylic acid,DB00945,Low density lipoprotein increased,C0549399,Terminated,Phase 2,Per sponsor's decision
Busulfan,DB01008,Hematological Disease,C0018939,Terminated,Phase 2,did not accrue enough patients.
Melphalan,DB01042,Hematological Disease,C0018939,Terminated,Phase 2,did not accrue enough patients.
Fludarabine,DB01073,Hematological Disease,C0018939,Terminated,Phase 2,did not accrue enough patients.
Metformin,DB00331,Squamous cell carcinoma,C0007137,Terminated,Phase 2,Low accrual
Paclitaxel,DB01229,Squamous cell carcinoma,C0007137,Terminated,Phase 2,Low accrual
Aminolevulinic acid,DB00855,Astrocytoma,C0004114,Terminated,Phase 2,Limited staff available for enrollment and limited availability of drug
Aminolevulinic acid,DB00855,Malignant Glioma,C0555198,Terminated,Phase 2,Limited staff available for enrollment and limited availability of drug
Aminolevulinic acid,DB00855,Glioblastoma,C0017636,Terminated,Phase 2,Limited staff available for enrollment and limited availability of drug
Magnesium Sulfate,DB00653,Traumatic Brain Injury,C0876926,Terminated,Phase 2,Low accrual
Cyclosporine,DB00091,Bronchiolitis Obliterans,C0006272,Terminated,Phase 2/Phase 3,"Interim analysis results revealed substantial increase of patient number, with unfeasible"
Vitamin E,DB00163,Nonalcoholic Steatohepatitis,C3241937,Withdrawn,Phase 3,Lack of funds
Pentoxifylline,DB00806,Nonalcoholic Steatohepatitis,C3241937,Withdrawn,Phase 3,Lack of funds
Vigabatrin,DB01080,"Alcoholic Intoxication, Chronic",C0001973,Terminated,Phase 2,
Vigabatrin,DB01080,Cocaine Dependence,C0600427,Terminated,Phase 2,
Sirolimus,DB00877,Non-small cell lung cancer recurrent,C0278517,Withdrawn,Phase 1,lack of access to study drug
Everolimus,DB01590,Non-small cell lung cancer recurrent,C0278517,Withdrawn,Phase 1,lack of access to study drug
Sodium aurothiomalate,DB09276,Non-small cell lung cancer recurrent,C0278517,Withdrawn,Phase 1,lack of access to study drug
Sirolimus,DB00877,Non-small cell lung cancer stage IIIA,C0278983,Withdrawn,Phase 1,lack of access to study drug
Everolimus,DB01590,Non-small cell lung cancer stage IIIA,C0278983,Withdrawn,Phase 1,lack of access to study drug
Sodium aurothiomalate,DB09276,Non-small cell lung cancer stage IIIA,C0278983,Withdrawn,Phase 1,lack of access to study drug
Sirolimus,DB00877,Non-small cell lung cancer metastatic,C0278987,Withdrawn,Phase 1,lack of access to study drug
Everolimus,DB01590,Non-small cell lung cancer metastatic,C0278987,Withdrawn,Phase 1,lack of access to study drug
Sodium aurothiomalate,DB09276,Non-small cell lung cancer metastatic,C0278987,Withdrawn,Phase 1,lack of access to study drug
Sirolimus,DB00877,"unspecified adult solid tumor, protocol specific",C0279004,Withdrawn,Phase 1,lack of access to study drug
Everolimus,DB01590,"unspecified adult solid tumor, protocol specific",C0279004,Withdrawn,Phase 1,lack of access to study drug
Sodium aurothiomalate,DB09276,"unspecified adult solid tumor, protocol specific",C0279004,Withdrawn,Phase 1,lack of access to study drug
Imatinib,DB00619,recurrent adult acute lymphoblastic leukemia,C0278785,Terminated,Phase 1/Phase 2,Administratively complete.
Vorinostat,DB02546,adult anaplastic astrocytoma,C0280483,Terminated,Phase 1,
Vorinostat,DB02546,adult anaplastic oligodendroglioma,C0280790,Terminated,Phase 1,
Vorinostat,DB02546,adult giant cell glioblastoma,C1541316,Terminated,Phase 1,
Vorinostat,DB02546,adult glioblastoma,C0278878,Terminated,Phase 1,
Vorinostat,DB02546,adult gliosarcoma,C1541317,Terminated,Phase 1,
Vorinostat,DB02546,Adult Mixed Glioma,C3900099,Terminated,Phase 1,
Docetaxel,DB01248,Bladder cancer stage III,C0278824,Terminated,Phase 2,Trial not progressing toward scientific goals
Lapatinib,DB01259,Bladder cancer stage III,C0278824,Terminated,Phase 2,Trial not progressing toward scientific goals
Sevoflurane,DB01236,Brain Injuries,C0270611,Terminated,Phase 2,Sponsor decision
Tadalafil,DB00820,Multiple Myeloma,C0026764,Terminated,Phase 2,early stopping rule
,DB01234,Multiple Myeloma,C0026764,Terminated,Phase 2,early stopping rule
Sildenafil,DB00203,Persistent Fetal Circulation Syndrome,C0031190,Withdrawn,Phase 2,
Melphalan,DB01042,Hodgkin Disease,C0019829,Terminated,Phase 1/Phase 2,Poor accrual
Fludarabine,DB01073,Hodgkin Disease,C0019829,Terminated,Phase 1/Phase 2,Poor accrual
Melphalan,DB01042,"Lymphoma, Non-Hodgkin",C0024305,Terminated,Phase 1/Phase 2,Poor accrual
Fludarabine,DB01073,"Lymphoma, Non-Hodgkin",C0024305,Terminated,Phase 1/Phase 2,Poor accrual
Bortezomib,DB00188,Disorder of transplanted kidney,C1261281,Terminated,Phase 2,Study halted due to lack of funding
Domperidone,DB01184,Gastroparesis,C0152020,Withdrawn,Phase 3,
Irinotecan,DB00762,Malignant tumor of colon,C0007102,Terminated,Phase 2,Sponsor closed study
Irinotecan,DB00762,Adenocarcinoma of large intestine,C1319315,Terminated,Phase 2,Sponsor closed study
Midazolam,DB00683,Traumatic Brain Injury,C0876926,Withdrawn,Phase 2,"Institution decided on starting a new protocol of sedation, with another methods and that´s"
Chloral hydrate,DB01563,Traumatic Brain Injury,C0876926,Withdrawn,Phase 2,"Institution decided on starting a new protocol of sedation, with another methods and that´s"
Bosentan,DB00559,Persistent Fetal Circulation Syndrome,C0031190,Terminated,Phase 3,To be compliant with the timelines as agreed with Paediatric Committee (PC) within the
Formoterol,DB00983,Chronic Obstructive Airway Disease,C0024117,Terminated,Phase 3,
Peginterferon alfa-2a,DB00008,leukemia,C0023418,Terminated,Phase 2,Slow Accrual
Bortezomib,DB00188,recurrent adult diffuse large cell lymphoma,C0280188,Terminated,Phase 2,Study closed by PI due to lower than expected accrual.
Bortezomib,DB00188,recurrent grade 1 follicular lymphoma,C0280182,Terminated,Phase 2,Study closed by PI due to lower than expected accrual.
Bortezomib,DB00188,recurrent grade 2 follicular lymphoma,C0280183,Terminated,Phase 2,Study closed by PI due to lower than expected accrual.
Bortezomib,DB00188,recurrent grade 3 follicular lymphoma,C0280185,Terminated,Phase 2,Study closed by PI due to lower than expected accrual.
Bortezomib,DB00188,Mantle cell lymphoma recurrent,C0677725,Terminated,Phase 2,Study closed by PI due to lower than expected accrual.
Oxytocin,DB00107,Dystocia,C0013418,Terminated,Phase 3,"Due to budgetary concerns, the TSC decided it best to adjust sample size as there was"
Sunitinib,DB01268,Plexiform Neurofibroma,C0206728,Suspended,Phase 2,1 patient died of uncertain cause but possibly related to drug. Regulatory currently reviewing
Modafinil,DB00745,Malignant Glioma,C0555198,Terminated,Phase 2,"Slow Accrual, Initiating Principal Investigator (PI) left Moffitt"
Temozolomide,DB00853,Malignant Glioma,C0555198,Terminated,Phase 2,"Slow Accrual, Initiating Principal Investigator (PI) left Moffitt"
Armodafinil,DB06413,Malignant Glioma,C0555198,Terminated,Phase 2,"Slow Accrual, Initiating Principal Investigator (PI) left Moffitt"
Bevacizumab,DB00112,Malignant tumor of colon,C0007102,Terminated,Phase 2,efficacy interim analysis as per protocol
Leucovorin,DB00650,Malignant tumor of colon,C0007102,Terminated,Phase 2,efficacy interim analysis as per protocol
Irinotecan,DB00762,Malignant tumor of colon,C0007102,Terminated,Phase 2,efficacy interim analysis as per protocol
Levoleucovorin,DB11596,Malignant tumor of colon,C0007102,Terminated,Phase 2,efficacy interim analysis as per protocol
Norepinephrine,DB00368,Alopecia,C0002170,Terminated,Phase 1,Study site has terminated the study due to the complexity of the study
Norepinephrine,DB00368,Radiodermatitis,C0034561,Terminated,Phase 1,Study site has terminated the study due to the complexity of the study
Testosterone,DB00624,hormone deficiency,C0599750,Terminated,Phase 2,Recruitment problems due to change of patient population at site.
Methyltestosterone,DB00624,hormone deficiency,C0599750,Terminated,Phase 2,Recruitment problems due to change of patient population at site.
,DB00624,hormone deficiency,C0599750,Terminated,Phase 2,Recruitment problems due to change of patient population at site.
,DB06710,hormone deficiency,C0599750,Terminated,Phase 2,Recruitment problems due to change of patient population at site.
Dutasteride,DB01126,Adenocarcinoma of prostate,C0007112,Withdrawn,Phase 2,Loss of funding.
Goserelin,DB00014,Oestrogen receptor positive breast cancer,C2938924,Terminated,Phase 2,Due to funding source and lack of accrual
Letrozole,DB01006,Oestrogen receptor positive breast cancer,C2938924,Terminated,Phase 2,Due to funding source and lack of accrual
Anastrozole,DB01217,Oestrogen receptor positive breast cancer,C2938924,Terminated,Phase 2,Due to funding source and lack of accrual
Goserelin,DB00014,Breast cancer stage II,C0278486,Terminated,Phase 2,Due to funding source and lack of accrual
Letrozole,DB01006,Breast cancer stage II,C0278486,Terminated,Phase 2,Due to funding source and lack of accrual
Anastrozole,DB01217,Breast cancer stage II,C0278486,Terminated,Phase 2,Due to funding source and lack of accrual
Niacin,DB00627,Psoriasis,C0033860,Suspended,Phase 2,Sponsor seeking additional financial support before starting the study
Calcipotriol,DB02300,Psoriasis,C0033860,Suspended,Phase 2,Sponsor seeking additional financial support before starting the study
Nicotinamide,DB02701,Psoriasis,C0033860,Suspended,Phase 2,Sponsor seeking additional financial support before starting the study
Riboflavin,DB00140,Pathological Dilatation,C0012359,Terminated,Phase 3,
Gemcitabine,DB00441,leiomyosarcoma,C0023269,Terminated,Phase 1/Phase 2,Lack of accrual
Docetaxel,DB01248,leiomyosarcoma,C0023269,Terminated,Phase 1/Phase 2,Lack of accrual
Lenalidomide,DB00480,leukemia,C0023418,Terminated,Phase 2,low accrual
Thalidomide,DB01041,leukemia,C0023418,Terminated,Phase 2,low accrual
Glycine,DB00145,Cystic Fibrosis,C0010674,Terminated,Phase 2,Some of the researchers finished their participation in the study.
Mycophenolate mofetil,DB00688,Lupus Nephritis,C0024143,Terminated,Phase 1,Please see Purpose Statement below
Mycophenolic acid,DB01024,Lupus Nephritis,C0024143,Terminated,Phase 1,Please see Purpose Statement below
,DB01024,Lupus Nephritis,C0024143,Terminated,Phase 1,Please see Purpose Statement below
Methylphenidate,DB00422,Traumatic Brain Injury,C0876926,Terminated,Phase 2,"The funding agency, DoD, determined that the study could not meet its enrollment numbers by"
Galantamine,DB00674,Traumatic Brain Injury,C0876926,Terminated,Phase 2,"The funding agency, DoD, determined that the study could not meet its enrollment numbers by"
Cisplatin,DB00515,Malignant neoplasm of lung,C0242379,Withdrawn,Phase 1,Neutron therapy has become unavailable
Etoposide,DB00773,Malignant neoplasm of lung,C0242379,Withdrawn,Phase 1,Neutron therapy has become unavailable
Rituximab,DB00073,adult nasal type extranodal NK/T-cell lymphoma,C1879279,Terminated,Phase 2,Low accrual
Lenalidomide,DB00480,adult nasal type extranodal NK/T-cell lymphoma,C1879279,Terminated,Phase 2,Low accrual
Thalidomide,DB01041,adult nasal type extranodal NK/T-cell lymphoma,C1879279,Terminated,Phase 2,Low accrual
Rituximab,DB00073,Ki-1+ Anaplastic Large Cell Lymphoma,C0206180,Terminated,Phase 2,Low accrual
Lenalidomide,DB00480,Ki-1+ Anaplastic Large Cell Lymphoma,C0206180,Terminated,Phase 2,Low accrual
Thalidomide,DB01041,Ki-1+ Anaplastic Large Cell Lymphoma,C0206180,Terminated,Phase 2,Low accrual
Rituximab,DB00073,Angioimmunoblastic Lymphadenopathy,C0020981,Terminated,Phase 2,Low accrual
Lenalidomide,DB00480,Angioimmunoblastic Lymphadenopathy,C0020981,Terminated,Phase 2,Low accrual
Thalidomide,DB01041,Angioimmunoblastic Lymphadenopathy,C0020981,Terminated,Phase 2,Low accrual
Rituximab,DB00073,Cutaneous B-Cell Non-Hodgkin Lymphoma,C1511566,Terminated,Phase 2,Low accrual
Lenalidomide,DB00480,Cutaneous B-Cell Non-Hodgkin Lymphoma,C1511566,Terminated,Phase 2,Low accrual
Thalidomide,DB01041,Cutaneous B-Cell Non-Hodgkin Lymphoma,C1511566,Terminated,Phase 2,Low accrual
Rituximab,DB00073,Mucosa-Associated Lymphoid Tissue Lymphoma,C0242647,Terminated,Phase 2,Low accrual
Lenalidomide,DB00480,Mucosa-Associated Lymphoid Tissue Lymphoma,C0242647,Terminated,Phase 2,Low accrual
Thalidomide,DB01041,Mucosa-Associated Lymphoid Tissue Lymphoma,C0242647,Terminated,Phase 2,Low accrual
Rituximab,DB00073,Hepatosplenic T-cell lymphoma,C1333984,Terminated,Phase 2,Low accrual
Lenalidomide,DB00480,Hepatosplenic T-cell lymphoma,C1333984,Terminated,Phase 2,Low accrual
Thalidomide,DB01041,Hepatosplenic T-cell lymphoma,C1333984,Terminated,Phase 2,Low accrual
Rituximab,DB00073,Monocytoid B-cell lymphoma,C0855139,Terminated,Phase 2,Low accrual
Lenalidomide,DB00480,Monocytoid B-cell lymphoma,C0855139,Terminated,Phase 2,Low accrual
Thalidomide,DB01041,Monocytoid B-cell lymphoma,C0855139,Terminated,Phase 2,Low accrual
Rituximab,DB00073,Peripheral T-Cell Lymphoma,C0079774,Terminated,Phase 2,Low accrual
Lenalidomide,DB00480,Peripheral T-Cell Lymphoma,C0079774,Terminated,Phase 2,Low accrual
Thalidomide,DB01041,Peripheral T-Cell Lymphoma,C0079774,Terminated,Phase 2,Low accrual
Rituximab,DB00073,Prolymphocytic Leukemia,C0023486,Terminated,Phase 2,Low accrual
Lenalidomide,DB00480,Prolymphocytic Leukemia,C0023486,Terminated,Phase 2,Low accrual
Thalidomide,DB01041,Prolymphocytic Leukemia,C0023486,Terminated,Phase 2,Low accrual
Rituximab,DB00073,recurrent adult Burkitt's lymphoma,C0280192,Terminated,Phase 2,Low accrual
Lenalidomide,DB00480,recurrent adult Burkitt's lymphoma,C0280192,Terminated,Phase 2,Low accrual
Thalidomide,DB01041,recurrent adult Burkitt's lymphoma,C0280192,Terminated,Phase 2,Low accrual
Rituximab,DB00073,recurrent adult diffuse large cell lymphoma,C0280188,Terminated,Phase 2,Low accrual
Lenalidomide,DB00480,recurrent adult diffuse large cell lymphoma,C0280188,Terminated,Phase 2,Low accrual
Thalidomide,DB01041,recurrent adult diffuse large cell lymphoma,C0280188,Terminated,Phase 2,Low accrual
Rituximab,DB00073,recurrent adult diffuse mixed cell lymphoma,C0280187,Terminated,Phase 2,Low accrual
Lenalidomide,DB00480,recurrent adult diffuse mixed cell lymphoma,C0280187,Terminated,Phase 2,Low accrual
Thalidomide,DB01041,recurrent adult diffuse mixed cell lymphoma,C0280187,Terminated,Phase 2,Low accrual
Rituximab,DB00073,recurrent adult diffuse small cleaved cell lymphoma,C0280186,Terminated,Phase 2,Low accrual
Lenalidomide,DB00480,recurrent adult diffuse small cleaved cell lymphoma,C0280186,Terminated,Phase 2,Low accrual
Thalidomide,DB01041,recurrent adult diffuse small cleaved cell lymphoma,C0280186,Terminated,Phase 2,Low accrual
Rituximab,DB00073,recurrent grade 1 follicular lymphoma,C0280182,Terminated,Phase 2,Low accrual
Lenalidomide,DB00480,recurrent grade 1 follicular lymphoma,C0280182,Terminated,Phase 2,Low accrual
Thalidomide,DB01041,recurrent grade 1 follicular lymphoma,C0280182,Terminated,Phase 2,Low accrual
Rituximab,DB00073,recurrent grade 2 follicular lymphoma,C0280183,Terminated,Phase 2,Low accrual
Lenalidomide,DB00480,recurrent grade 2 follicular lymphoma,C0280183,Terminated,Phase 2,Low accrual
Thalidomide,DB01041,recurrent grade 2 follicular lymphoma,C0280183,Terminated,Phase 2,Low accrual
Rituximab,DB00073,recurrent grade 3 follicular lymphoma,C0280185,Terminated,Phase 2,Low accrual
Lenalidomide,DB00480,recurrent grade 3 follicular lymphoma,C0280185,Terminated,Phase 2,Low accrual
Thalidomide,DB01041,recurrent grade 3 follicular lymphoma,C0280185,Terminated,Phase 2,Low accrual
Rituximab,DB00073,Mantle cell lymphoma recurrent,C0677725,Terminated,Phase 2,Low accrual
Lenalidomide,DB00480,Mantle cell lymphoma recurrent,C0677725,Terminated,Phase 2,Low accrual
Thalidomide,DB01041,Mantle cell lymphoma recurrent,C0677725,Terminated,Phase 2,Low accrual
Rituximab,DB00073,Marginal zone lymphoma recurrent,C1541273,Terminated,Phase 2,Low accrual
Lenalidomide,DB00480,Marginal zone lymphoma recurrent,C1541273,Terminated,Phase 2,Low accrual
Thalidomide,DB01041,Marginal zone lymphoma recurrent,C1541273,Terminated,Phase 2,Low accrual
Rituximab,DB00073,Mycosis fungoides/Sezary syndrome recurrent,C0862200,Terminated,Phase 2,Low accrual
Lenalidomide,DB00480,Mycosis fungoides/Sezary syndrome recurrent,C0862200,Terminated,Phase 2,Low accrual
Thalidomide,DB01041,Mycosis fungoides/Sezary syndrome recurrent,C0862200,Terminated,Phase 2,Low accrual
Rituximab,DB00073,B-cell small lymphocytic lymphoma recurrent,C0855096,Terminated,Phase 2,Low accrual
Lenalidomide,DB00480,B-cell small lymphocytic lymphoma recurrent,C0855096,Terminated,Phase 2,Low accrual
Thalidomide,DB01041,B-cell small lymphocytic lymphoma recurrent,C0855096,Terminated,Phase 2,Low accrual
Rituximab,DB00073,Chronic lymphocytic leukaemia refractory,C0278791,Terminated,Phase 2,Low accrual
Lenalidomide,DB00480,Chronic lymphocytic leukaemia refractory,C0278791,Terminated,Phase 2,Low accrual
Thalidomide,DB01041,Chronic lymphocytic leukaemia refractory,C0278791,Terminated,Phase 2,Low accrual
Rituximab,DB00073,Hairy cell leukaemia recurrent,C0279780,Terminated,Phase 2,Low accrual
Lenalidomide,DB00480,Hairy cell leukaemia recurrent,C0279780,Terminated,Phase 2,Low accrual
Thalidomide,DB01041,Hairy cell leukaemia recurrent,C0279780,Terminated,Phase 2,Low accrual
Rituximab,DB00073,Small Intestinal Lymphoma,C0278805,Terminated,Phase 2,Low accrual
Lenalidomide,DB00480,Small Intestinal Lymphoma,C0278805,Terminated,Phase 2,Low accrual
Thalidomide,DB01041,Small Intestinal Lymphoma,C0278805,Terminated,Phase 2,Low accrual
Rituximab,DB00073,Splenic Marginal Zone B-Cell Lymphoma,C0349632,Terminated,Phase 2,Low accrual
Lenalidomide,DB00480,Splenic Marginal Zone B-Cell Lymphoma,C0349632,Terminated,Phase 2,Low accrual
Thalidomide,DB01041,Splenic Marginal Zone B-Cell Lymphoma,C0349632,Terminated,Phase 2,Low accrual
Rituximab,DB00073,T-Cell Large Granular Lymphocyte Leukemia,C1955861,Terminated,Phase 2,Low accrual
Lenalidomide,DB00480,T-Cell Large Granular Lymphocyte Leukemia,C1955861,Terminated,Phase 2,Low accrual
Thalidomide,DB01041,T-Cell Large Granular Lymphocyte Leukemia,C1955861,Terminated,Phase 2,Low accrual
Rituximab,DB00073,Malignant lymphoma of testis,C0349644,Terminated,Phase 2,Low accrual
Lenalidomide,DB00480,Malignant lymphoma of testis,C0349644,Terminated,Phase 2,Low accrual
Thalidomide,DB01041,Malignant lymphoma of testis,C0349644,Terminated,Phase 2,Low accrual
Rituximab,DB00073,recurrent adult grade III lymphomatoid granulomatosis,C1541469,Terminated,Phase 2,Low accrual
Lenalidomide,DB00480,recurrent adult grade III lymphomatoid granulomatosis,C1541469,Terminated,Phase 2,Low accrual
Thalidomide,DB01041,recurrent adult grade III lymphomatoid granulomatosis,C1541469,Terminated,Phase 2,Low accrual
Rituximab,DB00073,recurrent adult immunoblastic large cell lymphoma,C0280190,Terminated,Phase 2,Low accrual
Lenalidomide,DB00480,recurrent adult immunoblastic large cell lymphoma,C0280190,Terminated,Phase 2,Low accrual
Thalidomide,DB01041,recurrent adult immunoblastic large cell lymphoma,C0280190,Terminated,Phase 2,Low accrual
Rituximab,DB00073,recurrent adult lymphoblastic lymphoma,C0280191,Terminated,Phase 2,Low accrual
Lenalidomide,DB00480,recurrent adult lymphoblastic lymphoma,C0280191,Terminated,Phase 2,Low accrual
Thalidomide,DB01041,recurrent adult lymphoblastic lymphoma,C0280191,Terminated,Phase 2,Low accrual
Rituximab,DB00073,Adult T-cell lymphoma/leukaemia recurrent,C0280427,Terminated,Phase 2,Low accrual
Lenalidomide,DB00480,Adult T-cell lymphoma/leukaemia recurrent,C0280427,Terminated,Phase 2,Low accrual
Thalidomide,DB01041,Adult T-cell lymphoma/leukaemia recurrent,C0280427,Terminated,Phase 2,Low accrual
Rituximab,DB00073,Cutaneous T-cell lymphoma recurrent,C0278580,Terminated,Phase 2,Low accrual
Lenalidomide,DB00480,Cutaneous T-cell lymphoma recurrent,C0278580,Terminated,Phase 2,Low accrual
Thalidomide,DB01041,Cutaneous T-cell lymphoma recurrent,C0278580,Terminated,Phase 2,Low accrual
Sildenafil,DB00203,Respiratory Failure,C1145670,Terminated,Phase 2,
Sildenafil,DB00203,Persistent pulmonary hypertension,C1135361,Terminated,Phase 2,
Prednisolone,DB00860,Microscopic Polyarteritis,C2347126,Terminated,Phase 2/Phase 3,Completed
Methylprednisolone,DB00860,Microscopic Polyarteritis,C2347126,Terminated,Phase 2/Phase 3,Completed
,DB00860,Microscopic Polyarteritis,C2347126,Terminated,Phase 2/Phase 3,Completed
,DB00959,Microscopic Polyarteritis,C2347126,Terminated,Phase 2/Phase 3,Completed
,DB00959,Microscopic Polyarteritis,C2347126,Terminated,Phase 2/Phase 3,Completed
Omeprazole,DB00338,Dyspepsia,C0013395,Suspended,Phase 2,Lack of adherence and huge loss of follow up.
Atomoxetine,DB00289,Craving for alcohol,C0556385,Terminated,Phase 1,
Atomoxetine,DB00289,Mood swings,C0085633,Terminated,Phase 1,
Bevacizumab,DB00112,Glioblastoma,C0017636,Withdrawn,Phase 2,
Bevacizumab,DB00112,Brain Neoplasms,C0006118,Withdrawn,Phase 2,
Timolol,DB00373,Strawberry nevus of skin,C0206733,Withdrawn,Phase 2,Difficulty with recruitment
Mupirocin,DB00410,Strawberry nevus of skin,C0206733,Withdrawn,Phase 2,Difficulty with recruitment
Cisplatin,DB00515,Non-small cell lung cancer recurrent,C0278517,Terminated,Phase 1,Low accrual
Etoposide,DB00773,Non-small cell lung cancer recurrent,C0278517,Terminated,Phase 1,Low accrual
,DB00773,Non-small cell lung cancer recurrent,C0278517,Terminated,Phase 1,Low accrual
Cisplatin,DB00515,Stage IIB Non-Small Cell Lung Carcinoma,C1336190,Terminated,Phase 1,Low accrual
Etoposide,DB00773,Stage IIB Non-Small Cell Lung Carcinoma,C1336190,Terminated,Phase 1,Low accrual
,DB00773,Stage IIB Non-Small Cell Lung Carcinoma,C1336190,Terminated,Phase 1,Low accrual
Cisplatin,DB00515,Non-small cell lung cancer stage IIIA,C0278983,Terminated,Phase 1,Low accrual
Etoposide,DB00773,Non-small cell lung cancer stage IIIA,C0278983,Terminated,Phase 1,Low accrual
,DB00773,Non-small cell lung cancer stage IIIA,C0278983,Terminated,Phase 1,Low accrual
Alitretinoin,DB00523,"Lupus Erythematosus, Cutaneous",C0024137,Terminated,Phase 2,
Tretinoin,DB00755,"Lupus Erythematosus, Cutaneous",C0024137,Terminated,Phase 2,
Melphalan,DB01042,Retinoblastoma,C0035335,Terminated,Phase 2,Only 5 subjects could be enrolled. The sample of 25 subjects could not be achieved due to it
Bevacizumab,DB00112,Anaplastic astrocytoma,C0334579,Suspended,Phase 1/Phase 2,In the process of transferring IRB to PI's current institution
Carboplatin,DB00958,Anaplastic astrocytoma,C0334579,Suspended,Phase 1/Phase 2,In the process of transferring IRB to PI's current institution
Anastrozole,DB01217,Oestrogen receptor positive breast cancer,C2938924,Terminated,Phase 2,Slow accrual
Anastrozole,DB01217,Breast cancer recurrent,C0278493,Terminated,Phase 2,Slow accrual
Anastrozole,DB01217,Breast cancer stage II,C0278486,Terminated,Phase 2,Slow accrual
Verapamil,DB00661,Classical phenylketonuria,C0751434,Terminated,Phase 2,Difficulty with recruitment and agreed with Sponsor to report completed data as case reports
Carboplatin,DB00958,Adenocarcinoma Of Esophagus,C0279628,Terminated,Phase 1/Phase 2,Research Cancelled
Paclitaxel,DB01229,Adenocarcinoma Of Esophagus,C0279628,Terminated,Phase 1/Phase 2,Research Cancelled
Lapatinib,DB01259,Adenocarcinoma Of Esophagus,C0279628,Terminated,Phase 1/Phase 2,Research Cancelled
Carboplatin,DB00958,Adenocarcinoma of the gastroesophageal junction,C1332166,Terminated,Phase 1/Phase 2,Research Cancelled
Paclitaxel,DB01229,Adenocarcinoma of the gastroesophageal junction,C1332166,Terminated,Phase 1/Phase 2,Research Cancelled
Lapatinib,DB01259,Adenocarcinoma of the gastroesophageal junction,C1332166,Terminated,Phase 1/Phase 2,Research Cancelled
Doxycycline,DB00254,Colorectal Carcinoma,C0009402,Terminated,Phase 2,Recruitement did not meet expectations. Prev. differentiation of RAS-wild-type and mutated RAS
Hydroxychloroquine,DB01611,Secondary malignant neoplasm of bone,C0153690,Terminated,Phase 1,Recently published data that has shown HCQ to be safe when combined with chemo and or
Hydroxychloroquine,DB01611,"unspecified adult solid tumor, protocol specific",C0279004,Terminated,Phase 1,Recently published data that has shown HCQ to be safe when combined with chemo and or
Trastuzumab,DB00072,HER-2 positive breast cancer,C1699634,Terminated,Phase 1/Phase 2,Closed early due to increased hematologic toxicity and possible reduced efficacy
Carboplatin,DB00958,HER-2 positive breast cancer,C1699634,Terminated,Phase 1/Phase 2,Closed early due to increased hematologic toxicity and possible reduced efficacy
Oxaliplatin,DB00526,Nasopharyngeal carcinoma,C2931822,Terminated,Phase 2,poor accrual of eligible patients
Cyclophosphamide,DB00531,Glioblastoma,C0017636,Terminated,Phase 1,Due to poor accrual. This decision was taken without any safety reasons. Since beginning of
Imiquimod,DB00724,Glioblastoma,C0017636,Terminated,Phase 1,Due to poor accrual. This decision was taken without any safety reasons. Since beginning of
Tigecycline,DB00560,Dialysis Catheter Infection,C1400574,Terminated,Phase 3,The study was stopped due to poor enrollment.
Heparin,DB01109,Dialysis Catheter Infection,C1400574,Terminated,Phase 3,The study was stopped due to poor enrollment.
Milnacipran,DB04896,Irritable Bowel Syndrome,C0022104,Terminated,Phase 2,Due to recruitment difficulties the study is terminated.
Doxorubicin,DB00997,colon cancer liver metastasis,C0742558,Terminated,Phase 2,trial design contingent on RFA optimization
Lansoprazole,DB00448,Eosinophilic esophagitis,C0341106,Withdrawn,Phase 1/Phase 2,Souces of funding have been terminated
Lansoprazole,DB00448,Deglutition Disorders,C0011168,Withdrawn,Phase 1/Phase 2,Souces of funding have been terminated
Pregabalin,DB00230,Neuralgia,C0027796,Terminated,Phase 2,The trial was early terminated after it was concluded that there was no added benefit from
Tenofovir,DB00300,HIV-1 infection,C2363741,Terminated,Phase 2,
Efavirenz,DB00625,HIV-1 infection,C2363741,Terminated,Phase 2,
Lamivudine,DB00709,HIV-1 infection,C2363741,Terminated,Phase 2,
Tacrolimus,DB00864,Acute leukemia in remission,C0686586,Terminated,Phase 2,We could not receive the support from the national medical insurance owing to the changed
Sirolimus,DB00877,Acute leukemia in remission,C0686586,Terminated,Phase 2,We could not receive the support from the national medical insurance owing to the changed
Everolimus,DB01590,Acute leukemia in remission,C0686586,Terminated,Phase 2,We could not receive the support from the national medical insurance owing to the changed
Doxorubicin,DB00997,Solid tumour,C0280100,Withdrawn,Phase 1,
Diclofenac,DB00586,"Kidney Failure, Chronic",C0022661,Terminated,Phase 2,Interim analysis shows harma to one of the study arms.
Lumiracoxib,DB01283,"Kidney Failure, Chronic",C0022661,Terminated,Phase 2,Interim analysis shows harma to one of the study arms.
Spironolactone,DB00421,Type 2 diabetes mellitus with established diabetic nephropathy,C0837031,Terminated,Phase 1,See termination reason in detailed description.
Paromomycin,DB01421,"Leishmaniasis, Cutaneous",C0023283,Terminated,Phase 2,This study was closed prematurely due study team travel restrictions.
Citalopram,DB00215,Anxiety,C0003467,Withdrawn,Phase 3,Study was not given ethical approval- a alternative protocol required
Vorinostat,DB02546,"Malignant lymphoma, lymphocytic, intermediate differentiation, diffuse",C0334634,Terminated,Phase 2,Poor recruitment rate
Ezogabine,DB04953,Epilepsy,C0014544,Terminated,Phase 2,Terminated after placing the study on hold at the request of the FDA
Vorinostat,DB01234,Multiple Myeloma,C0026764,Withdrawn,Phase 2,
,DB02546,Multiple Myeloma,C0026764,Withdrawn,Phase 2,
Ketamine,DB01221,Bipolar Disorder,C0005586,Suspended,Phase 2/Phase 3,Protocol Revisions
Atorvastatin,DB01076,"Diabetes Mellitus, Non-Insulin-Dependent",C0011860,Terminated,Phase 3,
Bortezomib,DB00188,Malignant tumor of colon,C0007102,Terminated,Phase 1/Phase 2,Low accrual--unable to meet accrual goals
Bexarotene,DB00307,Solid tumour,C0280100,Terminated,Phase 1,Drug no longer available
Bexarotene,DB00307,Multiple Myeloma,C0026764,Terminated,Phase 1,Drug no longer available
Fludarabine,DB01073,"Leukemia, Myelocytic, Acute",C0023467,Withdrawn,Phase 1,The treatment planned was determined to be of low feasibility as no subject was found eligible
Lidocaine,DB00281,Interstitial Cystitis,C0282488,Terminated,Phase 2,This study was not enrolled completely and was terminated.
Sirolimus,DB00877,Endocrine Breast Diseases,C1449718,Terminated,Phase 2,low accrual
Letrozole,DB01006,Endocrine Breast Diseases,C1449718,Terminated,Phase 2,low accrual
Lapatinib,DB01259,Endocrine Breast Diseases,C1449718,Terminated,Phase 2,low accrual
Everolimus,DB01590,Endocrine Breast Diseases,C1449718,Terminated,Phase 2,low accrual
Sirolimus,DB00877,Neoplasm Metastasis,C0027627,Terminated,Phase 2,low accrual
Letrozole,DB01006,Neoplasm Metastasis,C0027627,Terminated,Phase 2,low accrual
Lapatinib,DB01259,Neoplasm Metastasis,C0027627,Terminated,Phase 2,low accrual
Everolimus,DB01590,Neoplasm Metastasis,C0027627,Terminated,Phase 2,low accrual
Bevacizumab,DB00112,Metastatic melanoma,C0278883,Terminated,Phase 2,Slow accrual; toxicity; change in priorities
Pravastatin,DB00175,HIV-1 infection,C2363741,Withdrawn,Phase 2,"On 05/08/12, team working on revising protocol and re-open study under version 2.0"
Tenofovir,DB00300,HIV-1 infection,C2363741,Withdrawn,Phase 2,"On 05/08/12, team working on revising protocol and re-open study under version 2.0"
Emtricitabine,DB00300,HIV-1 infection,C2363741,Withdrawn,Phase 2,"On 05/08/12, team working on revising protocol and re-open study under version 2.0"
,DB00879,HIV-1 infection,C2363741,Withdrawn,Phase 2,"On 05/08/12, team working on revising protocol and re-open study under version 2.0"
Irinotecan,DB00762,Neuroblastoma,C0027819,Terminated,Phase 1/Phase 2,Lack of Enrollment
Dacarbazine,DB00851,Neuroblastoma,C0027819,Terminated,Phase 1/Phase 2,Lack of Enrollment
Temozolomide,DB00853,Neuroblastoma,C0027819,Terminated,Phase 1/Phase 2,Lack of Enrollment
Bevacizumab,DB00112,Secondary malignant neoplasm of liver,C0494165,Terminated,Phase 2,Low or poor accrual
Cholecalciferol,DB00169,Adult Acute Myeloid Leukemia without Maturation,C0279623,Terminated,Phase 2,Lack of funding
Cholecalciferol,DB00169,adult acute myeloid leukemia with 11q23 (MLL) abnormalities,C1541334,Terminated,Phase 2,Lack of funding
Cholecalciferol,DB00169,adult acute myeloid leukemia with inv(16)(p13;q22),C1541333,Terminated,Phase 2,Lack of funding
Cholecalciferol,DB00169,adult acute myeloid leukemia with t(16;16)(p13;q22),C1541332,Terminated,Phase 2,Lack of funding
Cholecalciferol,DB00169,adult acute myeloid leukemia with t(8;21)(q22;q22),C1541331,Terminated,Phase 2,Lack of funding
Cholecalciferol,DB00169,adult acute myelomonocytic leukemia (M4),C0279627,Terminated,Phase 2,Lack of funding
Cholecalciferol,DB00169,adult erythroleukemia (M6a),C1541339,Terminated,Phase 2,Lack of funding
Cholecalciferol,DB00169,adult pure erythroid leukemia (M6b),C1541340,Terminated,Phase 2,Lack of funding
Cholecalciferol,DB00169,untreated adult acute myeloid leukemia,C0279089,Terminated,Phase 2,Lack of funding
Cholecalciferol,DB00169,adult acute megakaryoblastic leukemia (M7),C0279632,Terminated,Phase 2,Lack of funding
Cholecalciferol,DB00169,adult acute monoblastic leukemia (M5a),C0279629,Terminated,Phase 2,Lack of funding
Cholecalciferol,DB00169,adult acute monocytic leukemia (M5b),C0280634,Terminated,Phase 2,Lack of funding
Cholecalciferol,DB00169,adult acute myeloblastic leukemia with maturation (M2),C0279624,Terminated,Phase 2,Lack of funding
Aripiprazole,DB01238,Bipolar Disorder,C0005586,Terminated,Phase 3,recruitment issues
Aripiprazole,DB01238,"Depressive episode, unspecified",C0349217,Terminated,Phase 3,recruitment issues
Alemtuzumab,DB00087,leukemia,C0023418,Terminated,Phase 2,Objectives not met.
Methotrexate,DB00563,leukemia,C0023418,Terminated,Phase 2,Objectives not met.
Tacrolimus,DB00864,leukemia,C0023418,Terminated,Phase 2,Objectives not met.
Melphalan,DB01042,leukemia,C0023418,Terminated,Phase 2,Objectives not met.
Fludarabine,DB01073,leukemia,C0023418,Terminated,Phase 2,Objectives not met.
Azacitidine,DB00928,leukemia,C0023418,Terminated,Phase 2,Slow Accrual
Cyclophosphamide,DB00531,Metastatic melanoma,C0278883,Terminated,Phase 2,Low accrual not allowing to support statistical endpoints
Vinblastine,DB00570,Metastatic melanoma,C0278883,Terminated,Phase 2,Low accrual not allowing to support statistical endpoints
Vorinostat,DB02546,Multiple Myeloma,C0026764,Withdrawn,Phase 2,Doxil is currently unavailable
Pioglitazone,DB01132,Opioid-Related Disorders,C0027412,Terminated,Phase 1,
Testosterone,DB00624,Multiple Sclerosis,C0026769,Terminated,Phase 2,Poor recruitment
Methyltestosterone,DB00624,Multiple Sclerosis,C0026769,Terminated,Phase 2,Poor recruitment
,DB00624,Multiple Sclerosis,C0026769,Terminated,Phase 2,Poor recruitment
,DB06710,Multiple Sclerosis,C0026769,Terminated,Phase 2,Poor recruitment
Erlotinib,DB00530,Non-small cell lung cancer recurrent,C0278517,Suspended,Phase 1,Interim analysis of PK and toxicity data
Erlotinib,DB00530,Non-small cell lung cancer metastatic,C0278987,Suspended,Phase 1,Interim analysis of PK and toxicity data
Pegfilgrastim,DB00019,Multiple Myeloma,C0026764,Terminated,Phase 0,Unexpected toxicity (2 early deaths)
Hydroxychloroquine,DB01611,"Kidney Failure, Chronic",C0022661,Terminated,Phase 2,lack of funding
Penciclovir,DB00299,Meniere Disease,C0025281,Terminated,Phase 3,HRI no longer conducting research.
Famciclovir,DB00426,Meniere Disease,C0025281,Terminated,Phase 3,HRI no longer conducting research.
Vitamin C,DB00126,Disorder of vitamin C,C1272557,Withdrawn,Phase 2,Unable to obtain funding to initiate the study. No subjects were enrolled.
Vitamin C,DB00126,Growth Hormone Secretion Abnormality,C3536718,Withdrawn,Phase 2,Unable to obtain funding to initiate the study. No subjects were enrolled.
Sirolimus,DB00877,Acinar cell carcinoma of pancreas,C0279661,Suspended,Phase 1,
Everolimus,DB01590,Acinar cell carcinoma of pancreas,C0279661,Suspended,Phase 1,
Sirolimus,DB00877,duct cell adenocarcinoma of the pancreas,C0279176,Suspended,Phase 1,
Everolimus,DB01590,duct cell adenocarcinoma of the pancreas,C0279176,Suspended,Phase 1,
Sirolimus,DB00877,Pancreatic carcinoma recurrent,C0854777,Suspended,Phase 1,
Everolimus,DB01590,Pancreatic carcinoma recurrent,C0854777,Suspended,Phase 1,
Sirolimus,DB00877,Stage IV Pancreatic Cancer,C1167725,Suspended,Phase 1,
Everolimus,DB01590,Stage IV Pancreatic Cancer,C1167725,Suspended,Phase 1,
Sirolimus,DB00877,"unspecified adult solid tumor, protocol specific",C0279004,Suspended,Phase 1,
Everolimus,DB01590,"unspecified adult solid tumor, protocol specific",C0279004,Suspended,Phase 1,
Bupivacaine,DB00297,Shoulder Pain,C0037011,Withdrawn,Phase 3,
Dexamethasone,DB01234,Shoulder Pain,C0037011,Withdrawn,Phase 3,
,DB01234,Shoulder Pain,C0037011,Withdrawn,Phase 3,
Bupivacaine,DB00297,Shoulder Injuries,C0149776,Withdrawn,Phase 3,
Dexamethasone,DB01234,Shoulder Injuries,C0149776,Withdrawn,Phase 3,
,DB01234,Shoulder Injuries,C0149776,Withdrawn,Phase 3,
Bupivacaine,DB00297,Disorder of shoulder,C1290859,Withdrawn,Phase 3,
Dexamethasone,DB01234,Disorder of shoulder,C1290859,Withdrawn,Phase 3,
,DB01234,Disorder of shoulder,C1290859,Withdrawn,Phase 3,
Bupivacaine,DB00297,Disorder of rotator cuff,C1532240,Withdrawn,Phase 3,
Dexamethasone,DB01234,Disorder of rotator cuff,C1532240,Withdrawn,Phase 3,
,DB01234,Disorder of rotator cuff,C1532240,Withdrawn,Phase 3,
Bupivacaine,DB00297,Disorder of tendon of biceps,C1996944,Withdrawn,Phase 3,
Dexamethasone,DB01234,Disorder of tendon of biceps,C1996944,Withdrawn,Phase 3,
,DB01234,Disorder of tendon of biceps,C1996944,Withdrawn,Phase 3,
L-Carnitine,DB00583,Ulcerative Colitis,C0009324,Terminated,Phase 3,Evidence of very low probability to success. No safety issues.
Rituximab,DB00073,contiguous stage II adult diffuse large cell lymphoma,C0677695,Withdrawn,Phase 2,No Funding Source and Competing Trials
Cyclophosphamide,DB00531,contiguous stage II adult diffuse large cell lymphoma,C0677695,Withdrawn,Phase 2,No Funding Source and Competing Trials
Vincristine,DB00541,contiguous stage II adult diffuse large cell lymphoma,C0677695,Withdrawn,Phase 2,No Funding Source and Competing Trials
Doxorubicin,DB00997,contiguous stage II adult diffuse large cell lymphoma,C0677695,Withdrawn,Phase 2,No Funding Source and Competing Trials
Rituximab,DB00073,noncontiguous stage II adult diffuse large cell lymphoma,C0677709,Withdrawn,Phase 2,No Funding Source and Competing Trials
Cyclophosphamide,DB00531,noncontiguous stage II adult diffuse large cell lymphoma,C0677709,Withdrawn,Phase 2,No Funding Source and Competing Trials
Vincristine,DB00541,noncontiguous stage II adult diffuse large cell lymphoma,C0677709,Withdrawn,Phase 2,No Funding Source and Competing Trials
Doxorubicin,DB00997,noncontiguous stage II adult diffuse large cell lymphoma,C0677709,Withdrawn,Phase 2,No Funding Source and Competing Trials
Rituximab,DB00073,stage I adult diffuse large cell lymphoma,C0279960,Withdrawn,Phase 2,No Funding Source and Competing Trials
Cyclophosphamide,DB00531,stage I adult diffuse large cell lymphoma,C0279960,Withdrawn,Phase 2,No Funding Source and Competing Trials
Vincristine,DB00541,stage I adult diffuse large cell lymphoma,C0279960,Withdrawn,Phase 2,No Funding Source and Competing Trials
Doxorubicin,DB00997,stage I adult diffuse large cell lymphoma,C0279960,Withdrawn,Phase 2,No Funding Source and Competing Trials
Rituximab,DB00073,stage III adult diffuse large cell lymphoma,C0280162,Withdrawn,Phase 2,No Funding Source and Competing Trials
Cyclophosphamide,DB00531,stage III adult diffuse large cell lymphoma,C0280162,Withdrawn,Phase 2,No Funding Source and Competing Trials
Vincristine,DB00541,stage III adult diffuse large cell lymphoma,C0280162,Withdrawn,Phase 2,No Funding Source and Competing Trials
Doxorubicin,DB00997,stage III adult diffuse large cell lymphoma,C0280162,Withdrawn,Phase 2,No Funding Source and Competing Trials
Rituximab,DB00073,stage IV adult diffuse large cell lymphoma,C0280175,Withdrawn,Phase 2,No Funding Source and Competing Trials
Cyclophosphamide,DB00531,stage IV adult diffuse large cell lymphoma,C0280175,Withdrawn,Phase 2,No Funding Source and Competing Trials
Vincristine,DB00541,stage IV adult diffuse large cell lymphoma,C0280175,Withdrawn,Phase 2,No Funding Source and Competing Trials
Doxorubicin,DB00997,stage IV adult diffuse large cell lymphoma,C0280175,Withdrawn,Phase 2,No Funding Source and Competing Trials
Atorvastatin,DB01076,Psoriasis,C0033860,Withdrawn,Phase 3,We strongly feel that the ability to recruit the required number of patients is very low and
Panobinostat,DB06603,Malignant neoplasm of stomach stage IV,C0278498,Terminated,Phase 2,medical/ethical reasons
Bevacizumab,DB00112,colon cancer liver metastasis,C0742558,Withdrawn,Phase 2,insufficient recruitment
Imiquimod,DB00724,melanoma,C0025202,Terminated,Phase 2,Diminished rectruitment
Temozolomide,DB00853,melanoma,C0025202,Terminated,Phase 2,Diminished rectruitment
Norepinephrine,DB00368,Radiodermatitis,C0034561,Withdrawn,Phase 1/Phase 2,The principal investigator withdrew from the study. The study was withdrawn because a
Eptifibatide,DB00063,Pneumonia,C0032285,Suspended,Phase 2,
Heparin,DB01109,Pneumonia,C0032285,Suspended,Phase 2,
Tamsulosin,DB00706,Benign Prostatic Hyperplasia,C1704272,Terminated,Phase 3,Business Reasons
Finasteride,DB01216,Benign Prostatic Hyperplasia,C1704272,Terminated,Phase 3,Business Reasons
Cyclophosphamide,DB00531,leukemia,C0023418,Terminated,Phase 2,Slow accrual
Mycophenolate mofetil,DB00688,leukemia,C0023418,Terminated,Phase 2,Slow accrual
Tacrolimus,DB00864,leukemia,C0023418,Terminated,Phase 2,Slow accrual
Mycophenolic acid,DB01024,leukemia,C0023418,Terminated,Phase 2,Slow accrual
,DB01024,leukemia,C0023418,Terminated,Phase 2,Slow accrual
Cyclophosphamide,DB00531,Hodgkin Disease,C0019829,Terminated,Phase 2,Slow accrual
Mycophenolate mofetil,DB00688,Hodgkin Disease,C0019829,Terminated,Phase 2,Slow accrual
Tacrolimus,DB00864,Hodgkin Disease,C0019829,Terminated,Phase 2,Slow accrual
Mycophenolic acid,DB01024,Hodgkin Disease,C0019829,Terminated,Phase 2,Slow accrual
,DB01024,Hodgkin Disease,C0019829,Terminated,Phase 2,Slow accrual
Erythromycin,DB00199,Preterm premature rupture of membranes (disorder),C0729264,Withdrawn,Phase 3,Terminated before starting due to need for IND determined by FDA.
,DB00199,Preterm premature rupture of membranes (disorder),C0729264,Withdrawn,Phase 3,Terminated before starting due to need for IND determined by FDA.
Cisplatin,DB00515,Multiple Myeloma,C0026764,Terminated,Phase 2,Met study stopping rules
Etoposide,DB00773,Multiple Myeloma,C0026764,Terminated,Phase 2,Met study stopping rules
Doxorubicin,DB00773,Multiple Myeloma,C0026764,Terminated,Phase 2,Met study stopping rules
Thalidomide,DB00997,Multiple Myeloma,C0026764,Terminated,Phase 2,Met study stopping rules
Melphalan,DB01041,Multiple Myeloma,C0026764,Terminated,Phase 2,Met study stopping rules
Dexamethasone,DB01042,Multiple Myeloma,C0026764,Terminated,Phase 2,Met study stopping rules
,DB01234,Multiple Myeloma,C0026764,Terminated,Phase 2,Met study stopping rules
,DB01234,Multiple Myeloma,C0026764,Terminated,Phase 2,Met study stopping rules
Imatinib,DB00619,Scleroderma,C0011644,Terminated,Phase 2,Frequent adverse events occurred early in treatment with poor tolerability.
Paclitaxel,DB01229,Solid tumour,C0280100,Terminated,Phase 1,Drug toxicity
Torasemide,DB00214,Renal Insufficiency,C1565489,Terminated,Phase 1,
Furosemide,DB00695,Renal Insufficiency,C1565489,Terminated,Phase 1,
Varenicline,DB01273,Nicotine Dependence,C0028043,Terminated,Phase 2/Phase 3,Low Recruitment
Alendronic acid,DB00630,Osteoporosis,C0029456,Withdrawn,Phase 3,
Calcium carbonate,DB06724,Osteoporosis,C0029456,Withdrawn,Phase 3,
Acetaminophen,DB00316,Headache,C0018681,Terminated,Phase 3,
Salicylic acid,DB00936,Headache,C0018681,Terminated,Phase 3,
Acetylsalicylic acid,DB00945,Headache,C0018681,Terminated,Phase 3,
Loperamide,DB00836,Clostridium difficile diarrhea,C0235952,Terminated,Phase 2,"Study was stopped for slow enrollment - only 2 patients, no evaluable results"
Exenatide,DB01276,Septic Shock,C0036983,Withdrawn,Phase 1/Phase 2,No funding
Exenatide,DB01276,Inflammation,C0021368,Withdrawn,Phase 1/Phase 2,No funding
Memantine,DB01043,Asperger Syndrome,C0236792,Terminated,Phase 2,Terminated because primary efficacy parameter failed to demonstrate statistically significant
Fluconazole,DB00196,CRYPTOCOCCAL INFECTION DISSEMINATED,C0742909,Terminated,Phase 2,Stopped in accordance with pre-specified stopping rules for poor recruitment.
Flucytosine,DB01099,CRYPTOCOCCAL INFECTION DISSEMINATED,C0742909,Terminated,Phase 2,Stopped in accordance with pre-specified stopping rules for poor recruitment.
Metformin,DB00331,Prostate carcinoma,C0600139,Withdrawn,Phase 2,Study closed due to slow/low enrollment; no subjects were enrolled.
Simvastatin,DB00641,Prostate carcinoma,C0600139,Withdrawn,Phase 2,Study closed due to slow/low enrollment; no subjects were enrolled.
Dexmedetomidine,DB00633,"Subarachnoid Hemorrhage, Aneurysmal",C0751530,Terminated,Phase 3,"Slow enrollment along with new competing studies, investigators decided to stop study"
Carboplatin,DB00958,Malignant neoplasm of lung,C0242379,Withdrawn,Phase 1,
Docetaxel,DB01248,Malignant neoplasm of lung,C0242379,Withdrawn,Phase 1,
Carboplatin,DB00958,Chemotherapeutic Agent Toxicity,C1707372,Withdrawn,Phase 1,
Docetaxel,DB01248,Chemotherapeutic Agent Toxicity,C1707372,Withdrawn,Phase 1,
Cisplatin,DB00515,Non-Small Cell Lung Carcinoma,C0007131,Terminated,Phase 1,Slow accrual
Etoposide,DB00773,Non-Small Cell Lung Carcinoma,C0007131,Terminated,Phase 1,Slow accrual
,DB00773,Non-Small Cell Lung Carcinoma,C0007131,Terminated,Phase 1,Slow accrual
Rasburicase,DB00049,adult acute myeloid leukemia with t(16;16)(p13;q22),C1541332,Terminated,Phase 2,low accrual
Allopurinol,DB00437,adult acute myeloid leukemia with t(16;16)(p13;q22),C1541332,Terminated,Phase 2,low accrual
Rasburicase,DB00049,adult acute myeloid leukemia with t(8;21)(q22;q22),C1541331,Terminated,Phase 2,low accrual
Allopurinol,DB00437,adult acute myeloid leukemia with t(8;21)(q22;q22),C1541331,Terminated,Phase 2,low accrual
Rasburicase,DB00049,contiguous stage II adult Burkitt's lymphoma,C0677696,Terminated,Phase 2,low accrual
Allopurinol,DB00437,contiguous stage II adult Burkitt's lymphoma,C0677696,Terminated,Phase 2,low accrual
Rasburicase,DB00049,de novo myelodysplastic syndromes,C0280451,Terminated,Phase 2,low accrual
Allopurinol,DB00437,de novo myelodysplastic syndromes,C0280451,Terminated,Phase 2,low accrual
Rasburicase,DB00049,noncontiguous stage II adult Burkitt's lymphoma,C0677710,Terminated,Phase 2,low accrual
Allopurinol,DB00437,noncontiguous stage II adult Burkitt's lymphoma,C0677710,Terminated,Phase 2,low accrual
Rasburicase,DB00049,previously treated myelodysplastic syndromes,C0280744,Terminated,Phase 2,low accrual
Allopurinol,DB00437,previously treated myelodysplastic syndromes,C0280744,Terminated,Phase 2,low accrual
Rasburicase,DB00049,recurrent adult acute lymphoblastic leukemia,C0278785,Terminated,Phase 2,low accrual
Allopurinol,DB00437,recurrent adult acute lymphoblastic leukemia,C0278785,Terminated,Phase 2,low accrual
Rasburicase,DB00049,recurrent adult acute myeloid leukemia,C0278780,Terminated,Phase 2,low accrual
Allopurinol,DB00437,recurrent adult acute myeloid leukemia,C0278780,Terminated,Phase 2,low accrual
Rasburicase,DB00049,recurrent adult Burkitt's lymphoma,C0280192,Terminated,Phase 2,low accrual
Allopurinol,DB00437,recurrent adult Burkitt's lymphoma,C0280192,Terminated,Phase 2,low accrual
Rasburicase,DB00049,stage I adult Burkitt's lymphoma,C0279963,Terminated,Phase 2,low accrual
Allopurinol,DB00437,stage I adult Burkitt's lymphoma,C0279963,Terminated,Phase 2,low accrual
Rasburicase,DB00049,stage III adult Burkitt's lymphoma,C0280166,Terminated,Phase 2,low accrual
Allopurinol,DB00437,stage III adult Burkitt's lymphoma,C0280166,Terminated,Phase 2,low accrual
Rasburicase,DB00049,stage IV adult Burkitt's lymphoma,C0280179,Terminated,Phase 2,low accrual
Allopurinol,DB00437,stage IV adult Burkitt's lymphoma,C0280179,Terminated,Phase 2,low accrual
Rasburicase,DB00049,untreated adult acute lymphoblastic leukemia,C0279088,Terminated,Phase 2,low accrual
Allopurinol,DB00437,untreated adult acute lymphoblastic leukemia,C0279088,Terminated,Phase 2,low accrual
Rasburicase,DB00049,untreated adult acute myeloid leukemia,C0279089,Terminated,Phase 2,low accrual
Allopurinol,DB00437,untreated adult acute myeloid leukemia,C0279089,Terminated,Phase 2,low accrual
Rasburicase,DB00049,adult acute myeloid leukemia with 11q23 (MLL) abnormalities,C1541334,Terminated,Phase 2,low accrual
Allopurinol,DB00437,adult acute myeloid leukemia with 11q23 (MLL) abnormalities,C1541334,Terminated,Phase 2,low accrual
Rasburicase,DB00049,adult acute myeloid leukemia with inv(16)(p13;q22),C1541333,Terminated,Phase 2,low accrual
Allopurinol,DB00437,adult acute myeloid leukemia with inv(16)(p13;q22),C1541333,Terminated,Phase 2,low accrual
Rasburicase,DB00049,adult acute myeloid leukemia with t(15;17)(q22;q12),C1541335,Terminated,Phase 2,low accrual
Allopurinol,DB00437,adult acute myeloid leukemia with t(15;17)(q22;q12),C1541335,Terminated,Phase 2,low accrual
Ketoconazole,DB01026,Granulosa cell tumor of the ovary,C1370419,Terminated,Phase 2,Insufficient recruitment rate
Bupivacaine,DB00297,Chronic pain,C0150055,Terminated,Phase 2,Because of a very slow patient recruitment.
Adalimumab,DB00051,Inflammatory disease of mucous membrane,C0333355,Terminated,Phase 3,Not enough patient population according to selection criteria to complete the study
L-Carnitine,DB00583,Ulcerative Colitis,C0009324,Terminated,Phase 3,Evidence of very low probability to success. No safety issues
Imatinib,DB00619,Pulmonary Hypertension,C0020542,Withdrawn,Phase 1,
Carvedilol,DB01136,Pulmonary Hypertension,C0020542,Withdrawn,Phase 1,
L-Carnitine,DB00583,Postpoliomyelitis Syndrome,C0080040,Withdrawn,Phase 3,Study was not approved by Health Surveillance Agency
Aminolevulinic acid,DB00855,adult giant cell glioblastoma,C1541316,Terminated,Phase 2,Drugs unavailable
Aminolevulinic acid,DB00855,adult glioblastoma,C0278878,Terminated,Phase 2,Drugs unavailable
Aminolevulinic acid,DB00855,adult gliosarcoma,C1541317,Terminated,Phase 2,Drugs unavailable
Aminolevulinic acid,DB00855,recurrent adult brain tumor,C0278786,Terminated,Phase 2,Drugs unavailable
Ropivacaine,DB00296,Appendicitis,C0003615,Terminated,Phase 2,The study was allowed to expire due to changes in standard care for the patient population
Tobramycin,DB00684,"Pneumonia, Bacterial",C0004626,Terminated,Phase 2,NIAID terminated the study due to low subject enrollment
Meropenem,DB00760,"Pneumonia, Bacterial",C0004626,Terminated,Phase 2,NIAID terminated the study due to low subject enrollment
Methylprednisolone,DB00860,Rheumatoid Arthritis,C0003873,Terminated,Phase 2,"missed endpoint of meaningful clinical benefit, compared to prednisolone 2.7mg"
Dipyridamole,DB00860,Rheumatoid Arthritis,C0003873,Terminated,Phase 2,"missed endpoint of meaningful clinical benefit, compared to prednisolone 2.7mg"
,DB00959,Rheumatoid Arthritis,C0003873,Terminated,Phase 2,"missed endpoint of meaningful clinical benefit, compared to prednisolone 2.7mg"
,DB00959,Rheumatoid Arthritis,C0003873,Terminated,Phase 2,"missed endpoint of meaningful clinical benefit, compared to prednisolone 2.7mg"
,DB00975,Rheumatoid Arthritis,C0003873,Terminated,Phase 2,"missed endpoint of meaningful clinical benefit, compared to prednisolone 2.7mg"
Pentoxifylline,DB00806,"Diabetes Mellitus, Insulin-Dependent",C0011854,Terminated,Phase 1/Phase 2,Unable to enroll sufficient number of subjects
Gemcitabine,DB00441,"unspecified adult solid tumor, protocol specific",C0279004,Terminated,Phase 1,Sponsor did not have funds to continue study
Hydrocortisone,DB00741,Phobic anxiety disorder,C0349231,Terminated,Phase 2,Recruiting problems
,DB00741,Phobic anxiety disorder,C0349231,Terminated,Phase 2,Recruiting problems
Glucagon recombinant,DB00040,Short Bowel Syndrome,C0036992,Terminated,Phase 1/Phase 2,GLP-2 Drug product stability concerns
Zonisamide,DB00909,alcohol use disorder,C0001956,Terminated,Phase 2,recruitment infeasible
Zonisamide,DB00909,Bipolar Disorder,C0005586,Terminated,Phase 2,recruitment infeasible
Ganirelix,DB06785,Infertility,C0021359,Withdrawn,Phase 3,
Rivaroxaban,DB06228,Heparin-induced thrombocytopenia,C0272285,Terminated,Phase 3,slow recruitment
Folic Acid,DB00158,Pervasive Development Disorder,C0524528,Terminated,Phase 2,Non-compliance
Leucovorin,DB00650,Pervasive Development Disorder,C0524528,Terminated,Phase 2,Non-compliance
Levoleucovorin,DB11596,Pervasive Development Disorder,C0524528,Terminated,Phase 2,Non-compliance
Methamphetamine,DB01577,Methamphetamine dependence,C1533217,Withdrawn,Phase 1,
Methamphetamine,DB01577,Methamphetamine abuse,C1456624,Withdrawn,Phase 1,
Ertapenem,DB00303,Endometritis,C0014179,Terminated,Phase 1,study terminated due to low subject accrual
Finasteride,DB01216,Retinal Diseases,C0035309,Terminated,Phase 2,This study was terminated early due to lack of enrollment.
Cetuximab,DB00002,Malignant neoplasm of stomach,C0024623,Terminated,Phase 1/Phase 2,Outcome of EXPAND study (no benefit from adding cetuximab to the first-line chemotherapy in
Cisplatin,DB00515,Malignant neoplasm of stomach,C0024623,Terminated,Phase 1/Phase 2,Outcome of EXPAND study (no benefit from adding cetuximab to the first-line chemotherapy in
Capsaicin,DB06774,Hyperalgesia,C0020429,Terminated,Phase 1,
Capsaicin,DB06774,Allodynia,C0458247,Terminated,Phase 1,
Capsaicin,DB06774,Pain,C0030193,Terminated,Phase 1,
Timolol,DB00373,"Optic Neuropathy, Ischemic",C0155305,Withdrawn,Phase 1,Unable to recruit participants from recruiting sites.
Timolol,DB00373,Anterior Ischemic Optic Neuropathy,C0751711,Withdrawn,Phase 1,Unable to recruit participants from recruiting sites.
Letrozole,DB01006,"Medical abortion, complete or unspecified, without complication",C0495144,Terminated,Phase 2,No access to study drug Trilostan. Company closed down
Trilostane,DB01108,"Medical abortion, complete or unspecified, without complication",C0495144,Terminated,Phase 2,No access to study drug Trilostan. Company closed down
Misoprostol,DB00929,Missed abortion,C0000814,Suspended,Phase 2/Phase 3,No funding
Mefloquine,DB00358,Malaria,C0024530,Terminated,Phase 1,Decision taken to halt progression of mefloquine as a potential partner for OZ439 as a single
,DB01234,Multiple Myeloma,C0026764,Withdrawn,Phase 2,
Folic Acid,DB00158,Secondary malignant neoplasm of liver,C0494165,Withdrawn,Phase 2/Phase 3,
Oxaliplatin,DB00526,Secondary malignant neoplasm of liver,C0494165,Withdrawn,Phase 2/Phase 3,
Levoleucovorin,DB11596,Secondary malignant neoplasm of liver,C0494165,Withdrawn,Phase 2/Phase 3,
Udenafil,DB06267,"Heart Failure, Systolic",C1135191,Terminated,Phase 3,Substantial benefit was observed in the active treatment group
Metformin,DB00331,Polycystic Ovary Syndrome,C0032460,Withdrawn,Phase 3,Previous studies have been done regarding same condition
Clomifene,DB00882,Polycystic Ovary Syndrome,C0032460,Withdrawn,Phase 3,Previous studies have been done regarding same condition
Ezogabine,DB04953,Epilepsy,C0014544,Terminated,Phase 3,"Registration of the medicine is no longer being pursued in South Korea, Taiwan or Vietnam"
Gemcitabine,DB00441,anterior urethral cancer,C0279930,Withdrawn,Phase 2,Lack of funding
Cisplatin,DB00515,anterior urethral cancer,C0279930,Withdrawn,Phase 2,Lack of funding
Methotrexate,DB00563,anterior urethral cancer,C0279930,Withdrawn,Phase 2,Lack of funding
Vinblastine,DB00570,anterior urethral cancer,C0279930,Withdrawn,Phase 2,Lack of funding
Doxorubicin,DB00997,anterior urethral cancer,C0279930,Withdrawn,Phase 2,Lack of funding
Gemcitabine,DB00441,Transitional cell cancer of the renal pelvis and ureter localised,C0280240,Withdrawn,Phase 2,Lack of funding
Cisplatin,DB00515,Transitional cell cancer of the renal pelvis and ureter localised,C0280240,Withdrawn,Phase 2,Lack of funding
Methotrexate,DB00563,Transitional cell cancer of the renal pelvis and ureter localised,C0280240,Withdrawn,Phase 2,Lack of funding
Vinblastine,DB00570,Transitional cell cancer of the renal pelvis and ureter localised,C0280240,Withdrawn,Phase 2,Lack of funding
Doxorubicin,DB00997,Transitional cell cancer of the renal pelvis and ureter localised,C0280240,Withdrawn,Phase 2,Lack of funding
Gemcitabine,DB00441,posterior urethral cancer,C0279931,Withdrawn,Phase 2,Lack of funding
Cisplatin,DB00515,posterior urethral cancer,C0279931,Withdrawn,Phase 2,Lack of funding
Methotrexate,DB00563,posterior urethral cancer,C0279931,Withdrawn,Phase 2,Lack of funding
Vinblastine,DB00570,posterior urethral cancer,C0279931,Withdrawn,Phase 2,Lack of funding
Doxorubicin,DB00997,posterior urethral cancer,C0279931,Withdrawn,Phase 2,Lack of funding
Gemcitabine,DB00441,Recurrent Urethral Cancer,C0279912,Withdrawn,Phase 2,Lack of funding
Cisplatin,DB00515,Recurrent Urethral Cancer,C0279912,Withdrawn,Phase 2,Lack of funding
Methotrexate,DB00563,Recurrent Urethral Cancer,C0279912,Withdrawn,Phase 2,Lack of funding
Vinblastine,DB00570,Recurrent Urethral Cancer,C0279912,Withdrawn,Phase 2,Lack of funding
Doxorubicin,DB00997,Recurrent Urethral Cancer,C0279912,Withdrawn,Phase 2,Lack of funding
Gemcitabine,DB00441,Regional Urothelial Carcinoma of the Renal Pelvis and Ureter,C0280281,Withdrawn,Phase 2,Lack of funding
Cisplatin,DB00515,Regional Urothelial Carcinoma of the Renal Pelvis and Ureter,C0280281,Withdrawn,Phase 2,Lack of funding
Methotrexate,DB00563,Regional Urothelial Carcinoma of the Renal Pelvis and Ureter,C0280281,Withdrawn,Phase 2,Lack of funding
Vinblastine,DB00570,Regional Urothelial Carcinoma of the Renal Pelvis and Ureter,C0280281,Withdrawn,Phase 2,Lack of funding
Doxorubicin,DB00997,Regional Urothelial Carcinoma of the Renal Pelvis and Ureter,C0280281,Withdrawn,Phase 2,Lack of funding
Gemcitabine,DB00441,Bladder cancer stage III,C0278824,Withdrawn,Phase 2,Lack of funding
Cisplatin,DB00515,Bladder cancer stage III,C0278824,Withdrawn,Phase 2,Lack of funding
Methotrexate,DB00563,Bladder cancer stage III,C0278824,Withdrawn,Phase 2,Lack of funding
Vinblastine,DB00570,Bladder cancer stage III,C0278824,Withdrawn,Phase 2,Lack of funding
Doxorubicin,DB00997,Bladder cancer stage III,C0278824,Withdrawn,Phase 2,Lack of funding
Gemcitabine,DB00441,Malignant neoplasm of ureter,C0153619,Withdrawn,Phase 2,Lack of funding
Cisplatin,DB00515,Malignant neoplasm of ureter,C0153619,Withdrawn,Phase 2,Lack of funding
Methotrexate,DB00563,Malignant neoplasm of ureter,C0153619,Withdrawn,Phase 2,Lack of funding
Vinblastine,DB00570,Malignant neoplasm of ureter,C0153619,Withdrawn,Phase 2,Lack of funding
Doxorubicin,DB00997,Malignant neoplasm of ureter,C0153619,Withdrawn,Phase 2,Lack of funding
Gemcitabine,DB00441,urethral carcinoma associated with invasive bladder cancer,C0279932,Withdrawn,Phase 2,Lack of funding
Cisplatin,DB00515,urethral carcinoma associated with invasive bladder cancer,C0279932,Withdrawn,Phase 2,Lack of funding
Methotrexate,DB00563,urethral carcinoma associated with invasive bladder cancer,C0279932,Withdrawn,Phase 2,Lack of funding
Vinblastine,DB00570,urethral carcinoma associated with invasive bladder cancer,C0279932,Withdrawn,Phase 2,Lack of funding
Doxorubicin,DB00997,urethral carcinoma associated with invasive bladder cancer,C0279932,Withdrawn,Phase 2,Lack of funding
Sorafenib,DB00398,Malignant neoplasm of lung,C0242379,Withdrawn,Phase 2,Terminated with slow accrual in early phase of study.
Vidarabine,DB00194,previously treated myelodysplastic syndromes,C0280744,Suspended,Phase 2,Funding unavailable
Cyclophosphamide,DB00531,previously treated myelodysplastic syndromes,C0280744,Suspended,Phase 2,Funding unavailable
Mycophenolate mofetil,DB00688,previously treated myelodysplastic syndromes,C0280744,Suspended,Phase 2,Funding unavailable
Tacrolimus,DB00864,previously treated myelodysplastic syndromes,C0280744,Suspended,Phase 2,Funding unavailable
Mycophenolic acid,DB01024,previously treated myelodysplastic syndromes,C0280744,Suspended,Phase 2,Funding unavailable
Fludarabine,DB01024,previously treated myelodysplastic syndromes,C0280744,Suspended,Phase 2,Funding unavailable
,DB01073,previously treated myelodysplastic syndromes,C0280744,Suspended,Phase 2,Funding unavailable
Vidarabine,DB00194,recurrent adult acute lymphoblastic leukemia,C0278785,Suspended,Phase 2,Funding unavailable
Cyclophosphamide,DB00531,recurrent adult acute lymphoblastic leukemia,C0278785,Suspended,Phase 2,Funding unavailable
Mycophenolate mofetil,DB00688,recurrent adult acute lymphoblastic leukemia,C0278785,Suspended,Phase 2,Funding unavailable
Tacrolimus,DB00864,recurrent adult acute lymphoblastic leukemia,C0278785,Suspended,Phase 2,Funding unavailable
Mycophenolic acid,DB01024,recurrent adult acute lymphoblastic leukemia,C0278785,Suspended,Phase 2,Funding unavailable
Fludarabine,DB01024,recurrent adult acute lymphoblastic leukemia,C0278785,Suspended,Phase 2,Funding unavailable
,DB01073,recurrent adult acute lymphoblastic leukemia,C0278785,Suspended,Phase 2,Funding unavailable
Vidarabine,DB00194,recurrent adult acute myeloid leukemia,C0278780,Suspended,Phase 2,Funding unavailable
Cyclophosphamide,DB00531,recurrent adult acute myeloid leukemia,C0278780,Suspended,Phase 2,Funding unavailable
Mycophenolate mofetil,DB00688,recurrent adult acute myeloid leukemia,C0278780,Suspended,Phase 2,Funding unavailable
Tacrolimus,DB00864,recurrent adult acute myeloid leukemia,C0278780,Suspended,Phase 2,Funding unavailable
Mycophenolic acid,DB01024,recurrent adult acute myeloid leukemia,C0278780,Suspended,Phase 2,Funding unavailable
Fludarabine,DB01024,recurrent adult acute myeloid leukemia,C0278780,Suspended,Phase 2,Funding unavailable
,DB01073,recurrent adult acute myeloid leukemia,C0278780,Suspended,Phase 2,Funding unavailable
Vidarabine,DB00194,recurrent adult Burkitt's lymphoma,C0280192,Suspended,Phase 2,Funding unavailable
Cyclophosphamide,DB00531,recurrent adult Burkitt's lymphoma,C0280192,Suspended,Phase 2,Funding unavailable
Mycophenolate mofetil,DB00688,recurrent adult Burkitt's lymphoma,C0280192,Suspended,Phase 2,Funding unavailable
Tacrolimus,DB00864,recurrent adult Burkitt's lymphoma,C0280192,Suspended,Phase 2,Funding unavailable
Mycophenolic acid,DB01024,recurrent adult Burkitt's lymphoma,C0280192,Suspended,Phase 2,Funding unavailable
Fludarabine,DB01024,recurrent adult Burkitt's lymphoma,C0280192,Suspended,Phase 2,Funding unavailable
,DB01073,recurrent adult Burkitt's lymphoma,C0280192,Suspended,Phase 2,Funding unavailable
Vidarabine,DB00194,recurrent adult diffuse large cell lymphoma,C0280188,Suspended,Phase 2,Funding unavailable
Cyclophosphamide,DB00531,recurrent adult diffuse large cell lymphoma,C0280188,Suspended,Phase 2,Funding unavailable
Mycophenolate mofetil,DB00688,recurrent adult diffuse large cell lymphoma,C0280188,Suspended,Phase 2,Funding unavailable
Tacrolimus,DB00864,recurrent adult diffuse large cell lymphoma,C0280188,Suspended,Phase 2,Funding unavailable
Mycophenolic acid,DB01024,recurrent adult diffuse large cell lymphoma,C0280188,Suspended,Phase 2,Funding unavailable
Fludarabine,DB01024,recurrent adult diffuse large cell lymphoma,C0280188,Suspended,Phase 2,Funding unavailable
,DB01073,recurrent adult diffuse large cell lymphoma,C0280188,Suspended,Phase 2,Funding unavailable
Vidarabine,DB00194,recurrent adult diffuse mixed cell lymphoma,C0280187,Suspended,Phase 2,Funding unavailable
Cyclophosphamide,DB00531,recurrent adult diffuse mixed cell lymphoma,C0280187,Suspended,Phase 2,Funding unavailable
Mycophenolate mofetil,DB00688,recurrent adult diffuse mixed cell lymphoma,C0280187,Suspended,Phase 2,Funding unavailable
Tacrolimus,DB00864,recurrent adult diffuse mixed cell lymphoma,C0280187,Suspended,Phase 2,Funding unavailable
Mycophenolic acid,DB01024,recurrent adult diffuse mixed cell lymphoma,C0280187,Suspended,Phase 2,Funding unavailable
Fludarabine,DB01024,recurrent adult diffuse mixed cell lymphoma,C0280187,Suspended,Phase 2,Funding unavailable
,DB01073,recurrent adult diffuse mixed cell lymphoma,C0280187,Suspended,Phase 2,Funding unavailable
Vidarabine,DB00194,recurrent adult diffuse small cleaved cell lymphoma,C0280186,Suspended,Phase 2,Funding unavailable
Cyclophosphamide,DB00531,recurrent adult diffuse small cleaved cell lymphoma,C0280186,Suspended,Phase 2,Funding unavailable
Mycophenolate mofetil,DB00688,recurrent adult diffuse small cleaved cell lymphoma,C0280186,Suspended,Phase 2,Funding unavailable
Tacrolimus,DB00864,recurrent adult diffuse small cleaved cell lymphoma,C0280186,Suspended,Phase 2,Funding unavailable
Mycophenolic acid,DB01024,recurrent adult diffuse small cleaved cell lymphoma,C0280186,Suspended,Phase 2,Funding unavailable
Fludarabine,DB01024,recurrent adult diffuse small cleaved cell lymphoma,C0280186,Suspended,Phase 2,Funding unavailable
,DB01073,recurrent adult diffuse small cleaved cell lymphoma,C0280186,Suspended,Phase 2,Funding unavailable
Vidarabine,DB00194,recurrent adult grade III lymphomatoid granulomatosis,C1541469,Suspended,Phase 2,Funding unavailable
Cyclophosphamide,DB00531,recurrent adult grade III lymphomatoid granulomatosis,C1541469,Suspended,Phase 2,Funding unavailable
Mycophenolate mofetil,DB00688,recurrent adult grade III lymphomatoid granulomatosis,C1541469,Suspended,Phase 2,Funding unavailable
Tacrolimus,DB00864,recurrent adult grade III lymphomatoid granulomatosis,C1541469,Suspended,Phase 2,Funding unavailable
Mycophenolic acid,DB01024,recurrent adult grade III lymphomatoid granulomatosis,C1541469,Suspended,Phase 2,Funding unavailable
Fludarabine,DB01024,recurrent adult grade III lymphomatoid granulomatosis,C1541469,Suspended,Phase 2,Funding unavailable
,DB01073,recurrent adult grade III lymphomatoid granulomatosis,C1541469,Suspended,Phase 2,Funding unavailable
Vidarabine,DB00194,recurrent adult Hodgkin's lymphoma,C0278530,Suspended,Phase 2,Funding unavailable
Cyclophosphamide,DB00531,recurrent adult Hodgkin's lymphoma,C0278530,Suspended,Phase 2,Funding unavailable
Mycophenolate mofetil,DB00688,recurrent adult Hodgkin's lymphoma,C0278530,Suspended,Phase 2,Funding unavailable
Tacrolimus,DB00864,recurrent adult Hodgkin's lymphoma,C0278530,Suspended,Phase 2,Funding unavailable
Mycophenolic acid,DB01024,recurrent adult Hodgkin's lymphoma,C0278530,Suspended,Phase 2,Funding unavailable
Fludarabine,DB01024,recurrent adult Hodgkin's lymphoma,C0278530,Suspended,Phase 2,Funding unavailable
,DB01073,recurrent adult Hodgkin's lymphoma,C0278530,Suspended,Phase 2,Funding unavailable
Vidarabine,DB00194,recurrent adult immunoblastic large cell lymphoma,C0280190,Suspended,Phase 2,Funding unavailable
Cyclophosphamide,DB00531,recurrent adult immunoblastic large cell lymphoma,C0280190,Suspended,Phase 2,Funding unavailable
Mycophenolate mofetil,DB00688,recurrent adult immunoblastic large cell lymphoma,C0280190,Suspended,Phase 2,Funding unavailable
Tacrolimus,DB00864,recurrent adult immunoblastic large cell lymphoma,C0280190,Suspended,Phase 2,Funding unavailable
Mycophenolic acid,DB01024,recurrent adult immunoblastic large cell lymphoma,C0280190,Suspended,Phase 2,Funding unavailable
Fludarabine,DB01024,recurrent adult immunoblastic large cell lymphoma,C0280190,Suspended,Phase 2,Funding unavailable
,DB01073,recurrent adult immunoblastic large cell lymphoma,C0280190,Suspended,Phase 2,Funding unavailable
Vidarabine,DB00194,recurrent adult lymphoblastic lymphoma,C0280191,Suspended,Phase 2,Funding unavailable
Cyclophosphamide,DB00531,recurrent adult lymphoblastic lymphoma,C0280191,Suspended,Phase 2,Funding unavailable
Mycophenolate mofetil,DB00688,recurrent adult lymphoblastic lymphoma,C0280191,Suspended,Phase 2,Funding unavailable
Tacrolimus,DB00864,recurrent adult lymphoblastic lymphoma,C0280191,Suspended,Phase 2,Funding unavailable
Mycophenolic acid,DB01024,recurrent adult lymphoblastic lymphoma,C0280191,Suspended,Phase 2,Funding unavailable
Fludarabine,DB01024,recurrent adult lymphoblastic lymphoma,C0280191,Suspended,Phase 2,Funding unavailable
,DB01073,recurrent adult lymphoblastic lymphoma,C0280191,Suspended,Phase 2,Funding unavailable
Vidarabine,DB00194,Adult T-cell lymphoma/leukaemia recurrent,C0280427,Suspended,Phase 2,Funding unavailable
Cyclophosphamide,DB00531,Adult T-cell lymphoma/leukaemia recurrent,C0280427,Suspended,Phase 2,Funding unavailable
Mycophenolate mofetil,DB00688,Adult T-cell lymphoma/leukaemia recurrent,C0280427,Suspended,Phase 2,Funding unavailable
Tacrolimus,DB00864,Adult T-cell lymphoma/leukaemia recurrent,C0280427,Suspended,Phase 2,Funding unavailable
Mycophenolic acid,DB01024,Adult T-cell lymphoma/leukaemia recurrent,C0280427,Suspended,Phase 2,Funding unavailable
Fludarabine,DB01024,Adult T-cell lymphoma/leukaemia recurrent,C0280427,Suspended,Phase 2,Funding unavailable
,DB01073,Adult T-cell lymphoma/leukaemia recurrent,C0280427,Suspended,Phase 2,Funding unavailable
Vidarabine,DB00194,Cutaneous T-cell lymphoma recurrent,C0278580,Suspended,Phase 2,Funding unavailable
Cyclophosphamide,DB00531,Cutaneous T-cell lymphoma recurrent,C0278580,Suspended,Phase 2,Funding unavailable
Mycophenolate mofetil,DB00688,Cutaneous T-cell lymphoma recurrent,C0278580,Suspended,Phase 2,Funding unavailable
Tacrolimus,DB00864,Cutaneous T-cell lymphoma recurrent,C0278580,Suspended,Phase 2,Funding unavailable
Mycophenolic acid,DB01024,Cutaneous T-cell lymphoma recurrent,C0278580,Suspended,Phase 2,Funding unavailable
Fludarabine,DB01024,Cutaneous T-cell lymphoma recurrent,C0278580,Suspended,Phase 2,Funding unavailable
,DB01073,Cutaneous T-cell lymphoma recurrent,C0278580,Suspended,Phase 2,Funding unavailable
Vidarabine,DB00194,recurrent grade 1 follicular lymphoma,C0280182,Suspended,Phase 2,Funding unavailable
Cyclophosphamide,DB00531,recurrent grade 1 follicular lymphoma,C0280182,Suspended,Phase 2,Funding unavailable
Mycophenolate mofetil,DB00688,recurrent grade 1 follicular lymphoma,C0280182,Suspended,Phase 2,Funding unavailable
Tacrolimus,DB00864,recurrent grade 1 follicular lymphoma,C0280182,Suspended,Phase 2,Funding unavailable
Mycophenolic acid,DB01024,recurrent grade 1 follicular lymphoma,C0280182,Suspended,Phase 2,Funding unavailable
Fludarabine,DB01024,recurrent grade 1 follicular lymphoma,C0280182,Suspended,Phase 2,Funding unavailable
,DB01073,recurrent grade 1 follicular lymphoma,C0280182,Suspended,Phase 2,Funding unavailable
Vidarabine,DB00194,recurrent grade 2 follicular lymphoma,C0280183,Suspended,Phase 2,Funding unavailable
Cyclophosphamide,DB00531,recurrent grade 2 follicular lymphoma,C0280183,Suspended,Phase 2,Funding unavailable
Mycophenolate mofetil,DB00688,recurrent grade 2 follicular lymphoma,C0280183,Suspended,Phase 2,Funding unavailable
Tacrolimus,DB00864,recurrent grade 2 follicular lymphoma,C0280183,Suspended,Phase 2,Funding unavailable
Mycophenolic acid,DB01024,recurrent grade 2 follicular lymphoma,C0280183,Suspended,Phase 2,Funding unavailable
Fludarabine,DB01024,recurrent grade 2 follicular lymphoma,C0280183,Suspended,Phase 2,Funding unavailable
,DB01073,recurrent grade 2 follicular lymphoma,C0280183,Suspended,Phase 2,Funding unavailable
Vidarabine,DB00194,recurrent grade 3 follicular lymphoma,C0280185,Suspended,Phase 2,Funding unavailable
Cyclophosphamide,DB00531,recurrent grade 3 follicular lymphoma,C0280185,Suspended,Phase 2,Funding unavailable
Mycophenolate mofetil,DB00688,recurrent grade 3 follicular lymphoma,C0280185,Suspended,Phase 2,Funding unavailable
Tacrolimus,DB00864,recurrent grade 3 follicular lymphoma,C0280185,Suspended,Phase 2,Funding unavailable
Mycophenolic acid,DB01024,recurrent grade 3 follicular lymphoma,C0280185,Suspended,Phase 2,Funding unavailable
Fludarabine,DB01024,recurrent grade 3 follicular lymphoma,C0280185,Suspended,Phase 2,Funding unavailable
,DB01073,recurrent grade 3 follicular lymphoma,C0280185,Suspended,Phase 2,Funding unavailable
Vidarabine,DB00194,Mantle cell lymphoma recurrent,C0677725,Suspended,Phase 2,Funding unavailable
Cyclophosphamide,DB00531,Mantle cell lymphoma recurrent,C0677725,Suspended,Phase 2,Funding unavailable
Mycophenolate mofetil,DB00688,Mantle cell lymphoma recurrent,C0677725,Suspended,Phase 2,Funding unavailable
Tacrolimus,DB00864,Mantle cell lymphoma recurrent,C0677725,Suspended,Phase 2,Funding unavailable
Mycophenolic acid,DB01024,Mantle cell lymphoma recurrent,C0677725,Suspended,Phase 2,Funding unavailable
Fludarabine,DB01024,Mantle cell lymphoma recurrent,C0677725,Suspended,Phase 2,Funding unavailable
,DB01073,Mantle cell lymphoma recurrent,C0677725,Suspended,Phase 2,Funding unavailable
Vidarabine,DB00194,Marginal zone lymphoma recurrent,C1541273,Suspended,Phase 2,Funding unavailable
Cyclophosphamide,DB00531,Marginal zone lymphoma recurrent,C1541273,Suspended,Phase 2,Funding unavailable
Mycophenolate mofetil,DB00688,Marginal zone lymphoma recurrent,C1541273,Suspended,Phase 2,Funding unavailable
Tacrolimus,DB00864,Marginal zone lymphoma recurrent,C1541273,Suspended,Phase 2,Funding unavailable
Mycophenolic acid,DB01024,Marginal zone lymphoma recurrent,C1541273,Suspended,Phase 2,Funding unavailable
Fludarabine,DB01024,Marginal zone lymphoma recurrent,C1541273,Suspended,Phase 2,Funding unavailable
,DB01073,Marginal zone lymphoma recurrent,C1541273,Suspended,Phase 2,Funding unavailable
Vidarabine,DB00194,Mycosis fungoides/Sezary syndrome recurrent,C0862200,Suspended,Phase 2,Funding unavailable
Cyclophosphamide,DB00531,Mycosis fungoides/Sezary syndrome recurrent,C0862200,Suspended,Phase 2,Funding unavailable
Mycophenolate mofetil,DB00688,Mycosis fungoides/Sezary syndrome recurrent,C0862200,Suspended,Phase 2,Funding unavailable
Tacrolimus,DB00864,Mycosis fungoides/Sezary syndrome recurrent,C0862200,Suspended,Phase 2,Funding unavailable
Mycophenolic acid,DB01024,Mycosis fungoides/Sezary syndrome recurrent,C0862200,Suspended,Phase 2,Funding unavailable
Fludarabine,DB01024,Mycosis fungoides/Sezary syndrome recurrent,C0862200,Suspended,Phase 2,Funding unavailable
,DB01073,Mycosis fungoides/Sezary syndrome recurrent,C0862200,Suspended,Phase 2,Funding unavailable
Vidarabine,DB00194,B-cell small lymphocytic lymphoma recurrent,C0855096,Suspended,Phase 2,Funding unavailable
Cyclophosphamide,DB00531,B-cell small lymphocytic lymphoma recurrent,C0855096,Suspended,Phase 2,Funding unavailable
Mycophenolate mofetil,DB00688,B-cell small lymphocytic lymphoma recurrent,C0855096,Suspended,Phase 2,Funding unavailable
Tacrolimus,DB00864,B-cell small lymphocytic lymphoma recurrent,C0855096,Suspended,Phase 2,Funding unavailable
Mycophenolic acid,DB01024,B-cell small lymphocytic lymphoma recurrent,C0855096,Suspended,Phase 2,Funding unavailable
Fludarabine,DB01024,B-cell small lymphocytic lymphoma recurrent,C0855096,Suspended,Phase 2,Funding unavailable
,DB01073,B-cell small lymphocytic lymphoma recurrent,C0855096,Suspended,Phase 2,Funding unavailable
Vidarabine,DB00194,Chronic lymphocytic leukaemia refractory,C0278791,Suspended,Phase 2,Funding unavailable
Cyclophosphamide,DB00531,Chronic lymphocytic leukaemia refractory,C0278791,Suspended,Phase 2,Funding unavailable
Mycophenolate mofetil,DB00688,Chronic lymphocytic leukaemia refractory,C0278791,Suspended,Phase 2,Funding unavailable
Tacrolimus,DB00864,Chronic lymphocytic leukaemia refractory,C0278791,Suspended,Phase 2,Funding unavailable
Mycophenolic acid,DB01024,Chronic lymphocytic leukaemia refractory,C0278791,Suspended,Phase 2,Funding unavailable
Fludarabine,DB01024,Chronic lymphocytic leukaemia refractory,C0278791,Suspended,Phase 2,Funding unavailable
,DB01073,Chronic lymphocytic leukaemia refractory,C0278791,Suspended,Phase 2,Funding unavailable
Vidarabine,DB00194,Hairy cell leukaemia recurrent,C0279780,Suspended,Phase 2,Funding unavailable
Cyclophosphamide,DB00531,Hairy cell leukaemia recurrent,C0279780,Suspended,Phase 2,Funding unavailable
Mycophenolate mofetil,DB00688,Hairy cell leukaemia recurrent,C0279780,Suspended,Phase 2,Funding unavailable
Tacrolimus,DB00864,Hairy cell leukaemia recurrent,C0279780,Suspended,Phase 2,Funding unavailable
Mycophenolic acid,DB01024,Hairy cell leukaemia recurrent,C0279780,Suspended,Phase 2,Funding unavailable
Fludarabine,DB01024,Hairy cell leukaemia recurrent,C0279780,Suspended,Phase 2,Funding unavailable
,DB01073,Hairy cell leukaemia recurrent,C0279780,Suspended,Phase 2,Funding unavailable
Vidarabine,DB00194,chronic myelogenous leukemia in relapse,C0278787,Suspended,Phase 2,Funding unavailable
Cyclophosphamide,DB00531,chronic myelogenous leukemia in relapse,C0278787,Suspended,Phase 2,Funding unavailable
Mycophenolate mofetil,DB00688,chronic myelogenous leukemia in relapse,C0278787,Suspended,Phase 2,Funding unavailable
Tacrolimus,DB00864,chronic myelogenous leukemia in relapse,C0278787,Suspended,Phase 2,Funding unavailable
Mycophenolic acid,DB01024,chronic myelogenous leukemia in relapse,C0278787,Suspended,Phase 2,Funding unavailable
Fludarabine,DB01024,chronic myelogenous leukemia in relapse,C0278787,Suspended,Phase 2,Funding unavailable
,DB01073,chronic myelogenous leukemia in relapse,C0278787,Suspended,Phase 2,Funding unavailable
Vidarabine,DB00194,secondary acute myeloid leukemia,C0280449,Suspended,Phase 2,Funding unavailable
Cyclophosphamide,DB00531,secondary acute myeloid leukemia,C0280449,Suspended,Phase 2,Funding unavailable
Mycophenolate mofetil,DB00688,secondary acute myeloid leukemia,C0280449,Suspended,Phase 2,Funding unavailable
Tacrolimus,DB00864,secondary acute myeloid leukemia,C0280449,Suspended,Phase 2,Funding unavailable
Mycophenolic acid,DB01024,secondary acute myeloid leukemia,C0280449,Suspended,Phase 2,Funding unavailable
Fludarabine,DB01024,secondary acute myeloid leukemia,C0280449,Suspended,Phase 2,Funding unavailable
,DB01073,secondary acute myeloid leukemia,C0280449,Suspended,Phase 2,Funding unavailable
Vidarabine,DB00194,secondary myelodysplastic syndromes,C0280745,Suspended,Phase 2,Funding unavailable
Cyclophosphamide,DB00531,secondary myelodysplastic syndromes,C0280745,Suspended,Phase 2,Funding unavailable
Mycophenolate mofetil,DB00688,secondary myelodysplastic syndromes,C0280745,Suspended,Phase 2,Funding unavailable
Tacrolimus,DB00864,secondary myelodysplastic syndromes,C0280745,Suspended,Phase 2,Funding unavailable
Mycophenolic acid,DB01024,secondary myelodysplastic syndromes,C0280745,Suspended,Phase 2,Funding unavailable
Fludarabine,DB01024,secondary myelodysplastic syndromes,C0280745,Suspended,Phase 2,Funding unavailable
,DB01073,secondary myelodysplastic syndromes,C0280745,Suspended,Phase 2,Funding unavailable
Vidarabine,DB00194,Small Intestinal Lymphoma,C0278805,Suspended,Phase 2,Funding unavailable
Cyclophosphamide,DB00531,Small Intestinal Lymphoma,C0278805,Suspended,Phase 2,Funding unavailable
Mycophenolate mofetil,DB00688,Small Intestinal Lymphoma,C0278805,Suspended,Phase 2,Funding unavailable
Tacrolimus,DB00864,Small Intestinal Lymphoma,C0278805,Suspended,Phase 2,Funding unavailable
Mycophenolic acid,DB01024,Small Intestinal Lymphoma,C0278805,Suspended,Phase 2,Funding unavailable
Fludarabine,DB01024,Small Intestinal Lymphoma,C0278805,Suspended,Phase 2,Funding unavailable
,DB01073,Small Intestinal Lymphoma,C0278805,Suspended,Phase 2,Funding unavailable
Vidarabine,DB00194,Splenic Marginal Zone B-Cell Lymphoma,C0349632,Suspended,Phase 2,Funding unavailable
Cyclophosphamide,DB00531,Splenic Marginal Zone B-Cell Lymphoma,C0349632,Suspended,Phase 2,Funding unavailable
Mycophenolate mofetil,DB00688,Splenic Marginal Zone B-Cell Lymphoma,C0349632,Suspended,Phase 2,Funding unavailable
Tacrolimus,DB00864,Splenic Marginal Zone B-Cell Lymphoma,C0349632,Suspended,Phase 2,Funding unavailable
Mycophenolic acid,DB01024,Splenic Marginal Zone B-Cell Lymphoma,C0349632,Suspended,Phase 2,Funding unavailable
Fludarabine,DB01024,Splenic Marginal Zone B-Cell Lymphoma,C0349632,Suspended,Phase 2,Funding unavailable
,DB01073,Splenic Marginal Zone B-Cell Lymphoma,C0349632,Suspended,Phase 2,Funding unavailable
Vidarabine,DB00194,T-Cell Large Granular Lymphocyte Leukemia,C1955861,Suspended,Phase 2,Funding unavailable
Cyclophosphamide,DB00531,T-Cell Large Granular Lymphocyte Leukemia,C1955861,Suspended,Phase 2,Funding unavailable
Mycophenolate mofetil,DB00688,T-Cell Large Granular Lymphocyte Leukemia,C1955861,Suspended,Phase 2,Funding unavailable
Tacrolimus,DB00864,T-Cell Large Granular Lymphocyte Leukemia,C1955861,Suspended,Phase 2,Funding unavailable
Mycophenolic acid,DB01024,T-Cell Large Granular Lymphocyte Leukemia,C1955861,Suspended,Phase 2,Funding unavailable
Fludarabine,DB01024,T-Cell Large Granular Lymphocyte Leukemia,C1955861,Suspended,Phase 2,Funding unavailable
,DB01073,T-Cell Large Granular Lymphocyte Leukemia,C1955861,Suspended,Phase 2,Funding unavailable
Vidarabine,DB00194,Malignant lymphoma of testis,C0349644,Suspended,Phase 2,Funding unavailable
Cyclophosphamide,DB00531,Malignant lymphoma of testis,C0349644,Suspended,Phase 2,Funding unavailable
Mycophenolate mofetil,DB00688,Malignant lymphoma of testis,C0349644,Suspended,Phase 2,Funding unavailable
Tacrolimus,DB00864,Malignant lymphoma of testis,C0349644,Suspended,Phase 2,Funding unavailable
Mycophenolic acid,DB01024,Malignant lymphoma of testis,C0349644,Suspended,Phase 2,Funding unavailable
Fludarabine,DB01024,Malignant lymphoma of testis,C0349644,Suspended,Phase 2,Funding unavailable
,DB01073,Malignant lymphoma of testis,C0349644,Suspended,Phase 2,Funding unavailable
Vidarabine,DB00194,Acute Myeloid Leukemia Arising from Previous Myelodysplastic Syndrome,C1332153,Suspended,Phase 2,Funding unavailable
Cyclophosphamide,DB00531,Acute Myeloid Leukemia Arising from Previous Myelodysplastic Syndrome,C1332153,Suspended,Phase 2,Funding unavailable
Mycophenolate mofetil,DB00688,Acute Myeloid Leukemia Arising from Previous Myelodysplastic Syndrome,C1332153,Suspended,Phase 2,Funding unavailable
Tacrolimus,DB00864,Acute Myeloid Leukemia Arising from Previous Myelodysplastic Syndrome,C1332153,Suspended,Phase 2,Funding unavailable
Mycophenolic acid,DB01024,Acute Myeloid Leukemia Arising from Previous Myelodysplastic Syndrome,C1332153,Suspended,Phase 2,Funding unavailable
Fludarabine,DB01024,Acute Myeloid Leukemia Arising from Previous Myelodysplastic Syndrome,C1332153,Suspended,Phase 2,Funding unavailable
,DB01073,Acute Myeloid Leukemia Arising from Previous Myelodysplastic Syndrome,C1332153,Suspended,Phase 2,Funding unavailable
Vidarabine,DB00194,adult acute lymphoblastic leukemia in remission,C0279095,Suspended,Phase 2,Funding unavailable
Cyclophosphamide,DB00531,adult acute lymphoblastic leukemia in remission,C0279095,Suspended,Phase 2,Funding unavailable
Mycophenolate mofetil,DB00688,adult acute lymphoblastic leukemia in remission,C0279095,Suspended,Phase 2,Funding unavailable
Tacrolimus,DB00864,adult acute lymphoblastic leukemia in remission,C0279095,Suspended,Phase 2,Funding unavailable
Mycophenolic acid,DB01024,adult acute lymphoblastic leukemia in remission,C0279095,Suspended,Phase 2,Funding unavailable
Fludarabine,DB01024,adult acute lymphoblastic leukemia in remission,C0279095,Suspended,Phase 2,Funding unavailable
,DB01073,adult acute lymphoblastic leukemia in remission,C0279095,Suspended,Phase 2,Funding unavailable
Vidarabine,DB00194,adult acute myeloid leukemia in remission,C0279094,Suspended,Phase 2,Funding unavailable
Cyclophosphamide,DB00531,adult acute myeloid leukemia in remission,C0279094,Suspended,Phase 2,Funding unavailable
Mycophenolate mofetil,DB00688,adult acute myeloid leukemia in remission,C0279094,Suspended,Phase 2,Funding unavailable
Tacrolimus,DB00864,adult acute myeloid leukemia in remission,C0279094,Suspended,Phase 2,Funding unavailable
Mycophenolic acid,DB01024,adult acute myeloid leukemia in remission,C0279094,Suspended,Phase 2,Funding unavailable
Fludarabine,DB01024,adult acute myeloid leukemia in remission,C0279094,Suspended,Phase 2,Funding unavailable
,DB01073,adult acute myeloid leukemia in remission,C0279094,Suspended,Phase 2,Funding unavailable
Vidarabine,DB00194,adult acute myeloid leukemia with 11q23 (MLL) abnormalities,C1541334,Suspended,Phase 2,Funding unavailable
Cyclophosphamide,DB00531,adult acute myeloid leukemia with 11q23 (MLL) abnormalities,C1541334,Suspended,Phase 2,Funding unavailable
Mycophenolate mofetil,DB00688,adult acute myeloid leukemia with 11q23 (MLL) abnormalities,C1541334,Suspended,Phase 2,Funding unavailable
Tacrolimus,DB00864,adult acute myeloid leukemia with 11q23 (MLL) abnormalities,C1541334,Suspended,Phase 2,Funding unavailable
Mycophenolic acid,DB01024,adult acute myeloid leukemia with 11q23 (MLL) abnormalities,C1541334,Suspended,Phase 2,Funding unavailable
Fludarabine,DB01024,adult acute myeloid leukemia with 11q23 (MLL) abnormalities,C1541334,Suspended,Phase 2,Funding unavailable
,DB01073,adult acute myeloid leukemia with 11q23 (MLL) abnormalities,C1541334,Suspended,Phase 2,Funding unavailable
Vidarabine,DB00194,adult acute myeloid leukemia with inv(16)(p13;q22),C1541333,Suspended,Phase 2,Funding unavailable
Cyclophosphamide,DB00531,adult acute myeloid leukemia with inv(16)(p13;q22),C1541333,Suspended,Phase 2,Funding unavailable
Mycophenolate mofetil,DB00688,adult acute myeloid leukemia with inv(16)(p13;q22),C1541333,Suspended,Phase 2,Funding unavailable
Tacrolimus,DB00864,adult acute myeloid leukemia with inv(16)(p13;q22),C1541333,Suspended,Phase 2,Funding unavailable
Mycophenolic acid,DB01024,adult acute myeloid leukemia with inv(16)(p13;q22),C1541333,Suspended,Phase 2,Funding unavailable
Fludarabine,DB01024,adult acute myeloid leukemia with inv(16)(p13;q22),C1541333,Suspended,Phase 2,Funding unavailable
,DB01073,adult acute myeloid leukemia with inv(16)(p13;q22),C1541333,Suspended,Phase 2,Funding unavailable
Vidarabine,DB00194,adult acute myeloid leukemia with t(15;17)(q22;q12),C1541335,Suspended,Phase 2,Funding unavailable
Cyclophosphamide,DB00531,adult acute myeloid leukemia with t(15;17)(q22;q12),C1541335,Suspended,Phase 2,Funding unavailable
Mycophenolate mofetil,DB00688,adult acute myeloid leukemia with t(15;17)(q22;q12),C1541335,Suspended,Phase 2,Funding unavailable
Tacrolimus,DB00864,adult acute myeloid leukemia with t(15;17)(q22;q12),C1541335,Suspended,Phase 2,Funding unavailable
Mycophenolic acid,DB01024,adult acute myeloid leukemia with t(15;17)(q22;q12),C1541335,Suspended,Phase 2,Funding unavailable
Fludarabine,DB01024,adult acute myeloid leukemia with t(15;17)(q22;q12),C1541335,Suspended,Phase 2,Funding unavailable
,DB01073,adult acute myeloid leukemia with t(15;17)(q22;q12),C1541335,Suspended,Phase 2,Funding unavailable
Vidarabine,DB00194,adult acute myeloid leukemia with t(16;16)(p13;q22),C1541332,Suspended,Phase 2,Funding unavailable
Cyclophosphamide,DB00531,adult acute myeloid leukemia with t(16;16)(p13;q22),C1541332,Suspended,Phase 2,Funding unavailable
Mycophenolate mofetil,DB00688,adult acute myeloid leukemia with t(16;16)(p13;q22),C1541332,Suspended,Phase 2,Funding unavailable
Tacrolimus,DB00864,adult acute myeloid leukemia with t(16;16)(p13;q22),C1541332,Suspended,Phase 2,Funding unavailable
Mycophenolic acid,DB01024,adult acute myeloid leukemia with t(16;16)(p13;q22),C1541332,Suspended,Phase 2,Funding unavailable
Fludarabine,DB01024,adult acute myeloid leukemia with t(16;16)(p13;q22),C1541332,Suspended,Phase 2,Funding unavailable
,DB01073,adult acute myeloid leukemia with t(16;16)(p13;q22),C1541332,Suspended,Phase 2,Funding unavailable
Vidarabine,DB00194,adult acute myeloid leukemia with t(8;21)(q22;q22),C1541331,Suspended,Phase 2,Funding unavailable
Cyclophosphamide,DB00531,adult acute myeloid leukemia with t(8;21)(q22;q22),C1541331,Suspended,Phase 2,Funding unavailable
Mycophenolate mofetil,DB00688,adult acute myeloid leukemia with t(8;21)(q22;q22),C1541331,Suspended,Phase 2,Funding unavailable
Tacrolimus,DB00864,adult acute myeloid leukemia with t(8;21)(q22;q22),C1541331,Suspended,Phase 2,Funding unavailable
Mycophenolic acid,DB01024,adult acute myeloid leukemia with t(8;21)(q22;q22),C1541331,Suspended,Phase 2,Funding unavailable
Fludarabine,DB01024,adult acute myeloid leukemia with t(8;21)(q22;q22),C1541331,Suspended,Phase 2,Funding unavailable
,DB01073,adult acute myeloid leukemia with t(8;21)(q22;q22),C1541331,Suspended,Phase 2,Funding unavailable
Vidarabine,DB00194,adult nasal type extranodal NK/T-cell lymphoma,C1879279,Suspended,Phase 2,Funding unavailable
Cyclophosphamide,DB00531,adult nasal type extranodal NK/T-cell lymphoma,C1879279,Suspended,Phase 2,Funding unavailable
Mycophenolate mofetil,DB00688,adult nasal type extranodal NK/T-cell lymphoma,C1879279,Suspended,Phase 2,Funding unavailable
Tacrolimus,DB00864,adult nasal type extranodal NK/T-cell lymphoma,C1879279,Suspended,Phase 2,Funding unavailable
Mycophenolic acid,DB01024,adult nasal type extranodal NK/T-cell lymphoma,C1879279,Suspended,Phase 2,Funding unavailable
Fludarabine,DB01024,adult nasal type extranodal NK/T-cell lymphoma,C1879279,Suspended,Phase 2,Funding unavailable
,DB01073,adult nasal type extranodal NK/T-cell lymphoma,C1879279,Suspended,Phase 2,Funding unavailable
Vidarabine,DB00194,Ki-1+ Anaplastic Large Cell Lymphoma,C0206180,Suspended,Phase 2,Funding unavailable
Cyclophosphamide,DB00531,Ki-1+ Anaplastic Large Cell Lymphoma,C0206180,Suspended,Phase 2,Funding unavailable
Mycophenolate mofetil,DB00688,Ki-1+ Anaplastic Large Cell Lymphoma,C0206180,Suspended,Phase 2,Funding unavailable
Tacrolimus,DB00864,Ki-1+ Anaplastic Large Cell Lymphoma,C0206180,Suspended,Phase 2,Funding unavailable
Mycophenolic acid,DB01024,Ki-1+ Anaplastic Large Cell Lymphoma,C0206180,Suspended,Phase 2,Funding unavailable
Fludarabine,DB01024,Ki-1+ Anaplastic Large Cell Lymphoma,C0206180,Suspended,Phase 2,Funding unavailable
,DB01073,Ki-1+ Anaplastic Large Cell Lymphoma,C0206180,Suspended,Phase 2,Funding unavailable
Vidarabine,DB00194,Angioimmunoblastic Lymphadenopathy,C0020981,Suspended,Phase 2,Funding unavailable
Cyclophosphamide,DB00531,Angioimmunoblastic Lymphadenopathy,C0020981,Suspended,Phase 2,Funding unavailable
Mycophenolate mofetil,DB00688,Angioimmunoblastic Lymphadenopathy,C0020981,Suspended,Phase 2,Funding unavailable
Tacrolimus,DB00864,Angioimmunoblastic Lymphadenopathy,C0020981,Suspended,Phase 2,Funding unavailable
Mycophenolic acid,DB01024,Angioimmunoblastic Lymphadenopathy,C0020981,Suspended,Phase 2,Funding unavailable
Fludarabine,DB01024,Angioimmunoblastic Lymphadenopathy,C0020981,Suspended,Phase 2,Funding unavailable
,DB01073,Angioimmunoblastic Lymphadenopathy,C0020981,Suspended,Phase 2,Funding unavailable
Vidarabine,DB00194,Cutaneous B-Cell Non-Hodgkin Lymphoma,C1511566,Suspended,Phase 2,Funding unavailable
Cyclophosphamide,DB00531,Cutaneous B-Cell Non-Hodgkin Lymphoma,C1511566,Suspended,Phase 2,Funding unavailable
Mycophenolate mofetil,DB00688,Cutaneous B-Cell Non-Hodgkin Lymphoma,C1511566,Suspended,Phase 2,Funding unavailable
Tacrolimus,DB00864,Cutaneous B-Cell Non-Hodgkin Lymphoma,C1511566,Suspended,Phase 2,Funding unavailable
Mycophenolic acid,DB01024,Cutaneous B-Cell Non-Hodgkin Lymphoma,C1511566,Suspended,Phase 2,Funding unavailable
Fludarabine,DB01024,Cutaneous B-Cell Non-Hodgkin Lymphoma,C1511566,Suspended,Phase 2,Funding unavailable
,DB01073,Cutaneous B-Cell Non-Hodgkin Lymphoma,C1511566,Suspended,Phase 2,Funding unavailable
Vidarabine,DB00194,de novo myelodysplastic syndromes,C0280451,Suspended,Phase 2,Funding unavailable
Cyclophosphamide,DB00531,de novo myelodysplastic syndromes,C0280451,Suspended,Phase 2,Funding unavailable
Mycophenolate mofetil,DB00688,de novo myelodysplastic syndromes,C0280451,Suspended,Phase 2,Funding unavailable
Tacrolimus,DB00864,de novo myelodysplastic syndromes,C0280451,Suspended,Phase 2,Funding unavailable
Mycophenolic acid,DB01024,de novo myelodysplastic syndromes,C0280451,Suspended,Phase 2,Funding unavailable
Fludarabine,DB01024,de novo myelodysplastic syndromes,C0280451,Suspended,Phase 2,Funding unavailable
,DB01073,de novo myelodysplastic syndromes,C0280451,Suspended,Phase 2,Funding unavailable
Vidarabine,DB00194,Mucosa-Associated Lymphoid Tissue Lymphoma,C0242647,Suspended,Phase 2,Funding unavailable
Cyclophosphamide,DB00531,Mucosa-Associated Lymphoid Tissue Lymphoma,C0242647,Suspended,Phase 2,Funding unavailable
Mycophenolate mofetil,DB00688,Mucosa-Associated Lymphoid Tissue Lymphoma,C0242647,Suspended,Phase 2,Funding unavailable
Tacrolimus,DB00864,Mucosa-Associated Lymphoid Tissue Lymphoma,C0242647,Suspended,Phase 2,Funding unavailable
Mycophenolic acid,DB01024,Mucosa-Associated Lymphoid Tissue Lymphoma,C0242647,Suspended,Phase 2,Funding unavailable
Fludarabine,DB01024,Mucosa-Associated Lymphoid Tissue Lymphoma,C0242647,Suspended,Phase 2,Funding unavailable
,DB01073,Mucosa-Associated Lymphoid Tissue Lymphoma,C0242647,Suspended,Phase 2,Funding unavailable
Vidarabine,DB00194,Hepatosplenic T-cell lymphoma,C1333984,Suspended,Phase 2,Funding unavailable
Cyclophosphamide,DB00531,Hepatosplenic T-cell lymphoma,C1333984,Suspended,Phase 2,Funding unavailable
Mycophenolate mofetil,DB00688,Hepatosplenic T-cell lymphoma,C1333984,Suspended,Phase 2,Funding unavailable
Tacrolimus,DB00864,Hepatosplenic T-cell lymphoma,C1333984,Suspended,Phase 2,Funding unavailable
Mycophenolic acid,DB01024,Hepatosplenic T-cell lymphoma,C1333984,Suspended,Phase 2,Funding unavailable
Fludarabine,DB01024,Hepatosplenic T-cell lymphoma,C1333984,Suspended,Phase 2,Funding unavailable
,DB01073,Hepatosplenic T-cell lymphoma,C1333984,Suspended,Phase 2,Funding unavailable
Vidarabine,DB00194,"Myelodysplastic/myeloproliferative neoplasm, unclassifiable",C1328061,Suspended,Phase 2,Funding unavailable
Cyclophosphamide,DB00531,"Myelodysplastic/myeloproliferative neoplasm, unclassifiable",C1328061,Suspended,Phase 2,Funding unavailable
Mycophenolate mofetil,DB00688,"Myelodysplastic/myeloproliferative neoplasm, unclassifiable",C1328061,Suspended,Phase 2,Funding unavailable
Tacrolimus,DB00864,"Myelodysplastic/myeloproliferative neoplasm, unclassifiable",C1328061,Suspended,Phase 2,Funding unavailable
Mycophenolic acid,DB01024,"Myelodysplastic/myeloproliferative neoplasm, unclassifiable",C1328061,Suspended,Phase 2,Funding unavailable
Fludarabine,DB01024,"Myelodysplastic/myeloproliferative neoplasm, unclassifiable",C1328061,Suspended,Phase 2,Funding unavailable
,DB01073,"Myelodysplastic/myeloproliferative neoplasm, unclassifiable",C1328061,Suspended,Phase 2,Funding unavailable
Vidarabine,DB00194,Monocytoid B-cell lymphoma,C0855139,Suspended,Phase 2,Funding unavailable
Cyclophosphamide,DB00531,Monocytoid B-cell lymphoma,C0855139,Suspended,Phase 2,Funding unavailable
Mycophenolate mofetil,DB00688,Monocytoid B-cell lymphoma,C0855139,Suspended,Phase 2,Funding unavailable
Tacrolimus,DB00864,Monocytoid B-cell lymphoma,C0855139,Suspended,Phase 2,Funding unavailable
Mycophenolic acid,DB01024,Monocytoid B-cell lymphoma,C0855139,Suspended,Phase 2,Funding unavailable
Fludarabine,DB01024,Monocytoid B-cell lymphoma,C0855139,Suspended,Phase 2,Funding unavailable
,DB01073,Monocytoid B-cell lymphoma,C0855139,Suspended,Phase 2,Funding unavailable
Vidarabine,DB00194,Peripheral T-Cell Lymphoma,C0079774,Suspended,Phase 2,Funding unavailable
Cyclophosphamide,DB00531,Peripheral T-Cell Lymphoma,C0079774,Suspended,Phase 2,Funding unavailable
Mycophenolate mofetil,DB00688,Peripheral T-Cell Lymphoma,C0079774,Suspended,Phase 2,Funding unavailable
Tacrolimus,DB00864,Peripheral T-Cell Lymphoma,C0079774,Suspended,Phase 2,Funding unavailable
Mycophenolic acid,DB01024,Peripheral T-Cell Lymphoma,C0079774,Suspended,Phase 2,Funding unavailable
Fludarabine,DB01024,Peripheral T-Cell Lymphoma,C0079774,Suspended,Phase 2,Funding unavailable
,DB01073,Peripheral T-Cell Lymphoma,C0079774,Suspended,Phase 2,Funding unavailable
Vidarabine,DB00194,Post-transplant lymphoproliferative disorder,C0432487,Suspended,Phase 2,Funding unavailable
Cyclophosphamide,DB00531,Post-transplant lymphoproliferative disorder,C0432487,Suspended,Phase 2,Funding unavailable
Mycophenolate mofetil,DB00688,Post-transplant lymphoproliferative disorder,C0432487,Suspended,Phase 2,Funding unavailable
Tacrolimus,DB00864,Post-transplant lymphoproliferative disorder,C0432487,Suspended,Phase 2,Funding unavailable
Mycophenolic acid,DB01024,Post-transplant lymphoproliferative disorder,C0432487,Suspended,Phase 2,Funding unavailable
Fludarabine,DB01024,Post-transplant lymphoproliferative disorder,C0432487,Suspended,Phase 2,Funding unavailable
,DB01073,Post-transplant lymphoproliferative disorder,C0432487,Suspended,Phase 2,Funding unavailable
Etoposide,DB00773,Multiple Myeloma,C0026764,Terminated,Phase 2,Due to the high rate of morbidity and mortality
Cytarabine,DB00773,Multiple Myeloma,C0026764,Terminated,Phase 2,Due to the high rate of morbidity and mortality
Melphalan,DB00987,Multiple Myeloma,C0026764,Terminated,Phase 2,Due to the high rate of morbidity and mortality
,DB01042,Multiple Myeloma,C0026764,Terminated,Phase 2,Due to the high rate of morbidity and mortality
Cisplatin,DB00515,stage III squamous cell carcinoma of the lip and oral cavity,C0280353,Terminated,Phase 2,Due to a lack of funding
Cisplatin,DB00515,Nasopharyngeal squamous cell carcinoma stage III,C0280382,Terminated,Phase 2,Due to a lack of funding
Cisplatin,DB00515,Oropharyngeal squamous cell carcinoma stage III,C0280372,Terminated,Phase 2,Due to a lack of funding
Cisplatin,DB00515,stage III squamous cell carcinoma of the paranasal sinus and nasal cavity,C0280411,Terminated,Phase 2,Due to a lack of funding
Cisplatin,DB00515,Squamous cell carcinoma of the hypopharynx stage IV,C0280391,Terminated,Phase 2,Due to a lack of funding
Cisplatin,DB00515,Laryngeal squamous cell carcinoma stage IV,C0280399,Terminated,Phase 2,Due to a lack of funding
Cisplatin,DB00515,stage IV squamous cell carcinoma of the lip and oral cavity,C0280358,Terminated,Phase 2,Due to a lack of funding
Cisplatin,DB00515,Chemotherapeutic Agent Toxicity,C1707372,Terminated,Phase 2,Due to a lack of funding
Cisplatin,DB00515,Radiation Sickness,C1510432,Terminated,Phase 2,Due to a lack of funding
Cisplatin,DB00515,Squamous cell carcinoma of the hypopharynx stage III,C0280390,Terminated,Phase 2,Due to a lack of funding
Cisplatin,DB00515,Laryngeal squamous cell carcinoma stage III,C0280397,Terminated,Phase 2,Due to a lack of funding
Cisplatin,DB00515,Nasopharyngeal squamous cell carcinoma stage IV,C0280384,Terminated,Phase 2,Due to a lack of funding
Cisplatin,DB00515,stage IV squamous cell carcinoma of the oropharynx,C0280374,Terminated,Phase 2,Due to a lack of funding
Cisplatin,DB00515,stage IV squamous cell carcinoma of the paranasal sinus and nasal cavity,C0280415,Terminated,Phase 2,Due to a lack of funding
Cisplatin,DB00515,Xerostomia,C0043352,Terminated,Phase 2,Due to a lack of funding
Ketamine,DB01221,Depressive disorder,C0011581,Terminated,Phase 2,Slow enrollment
Ketamine,DB01221,Anxiety,C0003467,Terminated,Phase 2,Slow enrollment
Alemtuzumab,DB00087,Multiple Sclerosis,C0026769,Terminated,Phase 2,Insufficient accruals; PI leaving site
Cyclophosphamide,DB00531,Multiple Sclerosis,C0026769,Terminated,Phase 2,Insufficient accruals; PI leaving site
Fludarabine,DB01073,Multiple Sclerosis,C0026769,Terminated,Phase 2,Insufficient accruals; PI leaving site
Trastuzumab,DB00072,Malignant neoplasm of lung,C0242379,Withdrawn,Phase 2,
Bevacizumab,DB00112,Colorectal Neoplasms,C0009404,Terminated,Phase 2,
Citalopram,DB00215,Acute Coronary Syndrome,C0948089,Withdrawn,Phase 1/Phase 2,unfunded
Cocaine,DB00907,Cocaine Dependence,C0600427,Withdrawn,Phase 2,Funding was not received
Ezogabine,DB04953,Epilepsy,C0014544,Terminated,Phase 3,FDA placed a clinical hold on the Pediatric Program requiring retigabine discontinuation in
Dexmedetomidine,DB00633,"Sleep Apnea, Obstructive",C0520679,Withdrawn,Phase 2/Phase 3,Failure to secure funding
Prednisolone,DB00860,Ischemic reperfusion injury,C0349419,Terminated,Phase 2,The first phase was completed
Methylprednisolone,DB00860,Ischemic reperfusion injury,C0349419,Terminated,Phase 2,The first phase was completed
Acetylcysteine,DB00860,Ischemic reperfusion injury,C0349419,Terminated,Phase 2,The first phase was completed
,DB00959,Ischemic reperfusion injury,C0349419,Terminated,Phase 2,The first phase was completed
,DB00959,Ischemic reperfusion injury,C0349419,Terminated,Phase 2,The first phase was completed
,DB00959,Ischemic reperfusion injury,C0349419,Terminated,Phase 2,The first phase was completed
,DB06151,Ischemic reperfusion injury,C0349419,Terminated,Phase 2,The first phase was completed
Prednisolone,DB00860,"insufficiency; hepatic, postoperative",C1401063,Terminated,Phase 2,The first phase was completed
Methylprednisolone,DB00860,"insufficiency; hepatic, postoperative",C1401063,Terminated,Phase 2,The first phase was completed
Acetylcysteine,DB00860,"insufficiency; hepatic, postoperative",C1401063,Terminated,Phase 2,The first phase was completed
,DB00959,"insufficiency; hepatic, postoperative",C1401063,Terminated,Phase 2,The first phase was completed
,DB00959,"insufficiency; hepatic, postoperative",C1401063,Terminated,Phase 2,The first phase was completed
,DB00959,"insufficiency; hepatic, postoperative",C1401063,Terminated,Phase 2,The first phase was completed
,DB06151,"insufficiency; hepatic, postoperative",C1401063,Terminated,Phase 2,The first phase was completed
Carboplatin,DB00773,Small cell carcinoma of lung,C0149925,Terminated,Phase 1/Phase 2,Change in clinical strategy.
,DB00958,Small cell carcinoma of lung,C0149925,Terminated,Phase 1/Phase 2,Change in clinical strategy.
Cisplatin,DB00515,Squamous cell carcinoma of the hypopharynx recurrent,C0280392,Withdrawn,Phase 1,Financial Sponsor requested termination
Cisplatin,DB00515,Laryngeal squamous cell carcinoma recurrent,C0280401,Withdrawn,Phase 1,Financial Sponsor requested termination
Cisplatin,DB00515,recurrent squamous cell carcinoma of the lip and oral cavity,C0280363,Withdrawn,Phase 1,Financial Sponsor requested termination
Cisplatin,DB00515,Nasopharyngeal squamous cell carcinoma recurrent,C0280386,Withdrawn,Phase 1,Financial Sponsor requested termination
Cisplatin,DB00515,Oropharyngeal squamous cell carcinoma recurrent,C0280376,Withdrawn,Phase 1,Financial Sponsor requested termination
Cisplatin,DB00515,recurrent squamous cell carcinoma of the paranasal sinus and nasal cavity,C0280419,Withdrawn,Phase 1,Financial Sponsor requested termination
Cisplatin,DB00515,Laryngeal verrucous carcinoma recurrent,C0280402,Withdrawn,Phase 1,Financial Sponsor requested termination
Cisplatin,DB00515,Verrucous carcinoma of the oral cavity recurrent,C0280365,Withdrawn,Phase 1,Financial Sponsor requested termination
Cisplatin,DB00515,Squamous cell carcinoma of the hypopharynx stage III,C0280390,Withdrawn,Phase 1,Financial Sponsor requested termination
Cisplatin,DB00515,Laryngeal squamous cell carcinoma stage III,C0280397,Withdrawn,Phase 1,Financial Sponsor requested termination
Cisplatin,DB00515,stage III squamous cell carcinoma of the lip and oral cavity,C0280353,Withdrawn,Phase 1,Financial Sponsor requested termination
Cisplatin,DB00515,Nasopharyngeal squamous cell carcinoma stage III,C0280382,Withdrawn,Phase 1,Financial Sponsor requested termination
Cisplatin,DB00515,Oropharyngeal squamous cell carcinoma stage III,C0280372,Withdrawn,Phase 1,Financial Sponsor requested termination
Cisplatin,DB00515,stage III squamous cell carcinoma of the paranasal sinus and nasal cavity,C0280411,Withdrawn,Phase 1,Financial Sponsor requested termination
Cisplatin,DB00515,Laryngeal verrucous carcinoma stage III,C0280398,Withdrawn,Phase 1,Financial Sponsor requested termination
Cisplatin,DB00515,Verrucous carcinoma of the oral cavity stage III,C0280355,Withdrawn,Phase 1,Financial Sponsor requested termination
Cisplatin,DB00515,Squamous cell carcinoma of the hypopharynx stage IV,C0280391,Withdrawn,Phase 1,Financial Sponsor requested termination
Cisplatin,DB00515,Nasopharyngeal squamous cell carcinoma stage IV,C0280384,Withdrawn,Phase 1,Financial Sponsor requested termination
Cisplatin,DB00515,Stage IVA Laryngeal Squamous Cell Carcinoma,C1336343,Withdrawn,Phase 1,Financial Sponsor requested termination
Cisplatin,DB00515,Stage IVA Lip and Oral Cavity Squamous Cell Carcinoma,C3897523,Withdrawn,Phase 1,Financial Sponsor requested termination
Cisplatin,DB00515,Stage IVA Oropharyngeal Squamous Cell Carcinoma,C1336356,Withdrawn,Phase 1,Financial Sponsor requested termination
Cisplatin,DB00515,Stage IVA Nasal Cavity and Paranasal Sinus Squamous Cell Carcinoma,C3897522,Withdrawn,Phase 1,Financial Sponsor requested termination
Cisplatin,DB00515,Stage IVA Laryngeal Verrucous Carcinoma,C1336344,Withdrawn,Phase 1,Financial Sponsor requested termination
Cisplatin,DB00515,Stage IVA Oral Cavity Verrucous Carcinoma,C1336354,Withdrawn,Phase 1,Financial Sponsor requested termination
Cisplatin,DB00515,Stage IVB Laryngeal Squamous Cell Carcinoma,C1336374,Withdrawn,Phase 1,Financial Sponsor requested termination
Cisplatin,DB00515,Stage IVB Lip and Oral Cavity Squamous Cell Carcinoma,C3897516,Withdrawn,Phase 1,Financial Sponsor requested termination
Cisplatin,DB00515,Stage IVB Oropharyngeal Squamous Cell Carcinoma,C1336387,Withdrawn,Phase 1,Financial Sponsor requested termination
Cisplatin,DB00515,Stage IVB Nasal Cavity and Paranasal Sinus Squamous Cell Carcinoma,C3897515,Withdrawn,Phase 1,Financial Sponsor requested termination
Cisplatin,DB00515,Stage IVB Laryngeal Verrucous Carcinoma,C1336375,Withdrawn,Phase 1,Financial Sponsor requested termination
Cisplatin,DB00515,Stage IVB Oral Cavity Verrucous Carcinoma,C1336385,Withdrawn,Phase 1,Financial Sponsor requested termination
Cisplatin,DB00515,Stage IVC Laryngeal Squamous Cell Carcinoma,C1336395,Withdrawn,Phase 1,Financial Sponsor requested termination
Cisplatin,DB00515,Stage IVC Lip and Oral Cavity Squamous Cell Carcinoma,C3897510,Withdrawn,Phase 1,Financial Sponsor requested termination
Cisplatin,DB00515,Stage IVC Oropharyngeal Squamous Cell Carcinoma,C1336407,Withdrawn,Phase 1,Financial Sponsor requested termination
Cisplatin,DB00515,Stage IVC Nasal Cavity and Paranasal Sinus Squamous Cell Carcinoma,C3897509,Withdrawn,Phase 1,Financial Sponsor requested termination
Cisplatin,DB00515,Stage IVC Laryngeal Verrucous Carcinoma,C1336396,Withdrawn,Phase 1,Financial Sponsor requested termination
Cisplatin,DB00515,Stage IVC Oral Cavity Verrucous Carcinoma,C1336405,Withdrawn,Phase 1,Financial Sponsor requested termination
Naproxen,DB00788,Headache,C0018681,Withdrawn,Phase 3,"Due to budget limitations, the company decided to withdraw this study."
Naratriptan,DB00952,Headache,C0018681,Withdrawn,Phase 3,"Due to budget limitations, the company decided to withdraw this study."
Asenapine,DB06216,Stuttering,C0038506,Suspended,Phase 3,Study transferring to another facility
Haloperidol,DB00502,Nausea,C0027497,Withdrawn,Phase 0,lack of accrual and funding is about to expire.
,DB00502,Nausea,C0027497,Withdrawn,Phase 0,lack of accrual and funding is about to expire.
Haloperidol,DB00502,Vomiting,C0042963,Withdrawn,Phase 0,lack of accrual and funding is about to expire.
,DB00502,Vomiting,C0042963,Withdrawn,Phase 0,lack of accrual and funding is about to expire.
Nitric Oxide,DB00435,Bronchopulmonary Dysplasia,C0006287,Terminated,Phase 2/Phase 3,Enrollenment has been suspended due to poor enrollment
Tamsulosin,DB00706,Urinary Retention,C0080274,Terminated,Phase 3,low inclusion
Dextroamphetamine,DB01576,Schizophrenia,C0036341,Terminated,Phase 3,Study was discontinued due to non-safety related business prioritization decisions. No
Zinc sulfate,DB09322,Acute gastroenteritis,C0267446,Terminated,Phase 2/Phase 3,Terminated due to lack of eligible patients.
Sorafenib,DB00398,Medullary carcinoma of thyroid,C0238462,Withdrawn,Phase 2,Study was withdrawn due to unanticipated hassle in patient recruitment.
Cytarabine,DB00987,acute leukemia in relapse,C2367453,Terminated,Phase 1,Material sponsor withdrew support
Mitoxantrone,DB01204,acute leukemia in relapse,C2367453,Terminated,Phase 1,Material sponsor withdrew support
Carboplatin,DB00958,Anaplastic thyroid carcinoma,C0238461,Withdrawn,Phase 3,Expected inability to recruit study participants in a reasonable amount of time.
Paclitaxel,DB01229,Anaplastic thyroid carcinoma,C0238461,Withdrawn,Phase 3,Expected inability to recruit study participants in a reasonable amount of time.
Dextroamphetamine,DB01576,Schizophrenia,C0036341,Terminated,Phase 3,Study was discontinued due to non-safety related business prioritization decisions. No
Estradiol,DB00783,Atrophy of vagina,C0241616,Terminated,Phase 3,Slow recruitment
,DB00783,Atrophy of vagina,C0241616,Terminated,Phase 3,Slow recruitment
Topiramate,DB00273,heavy drinking,C0687132,Terminated,Phase 2,We terminated the study due to problems recruiting alcoholic subjects with HIV.
Leuprolide,DB00007,Hypertensive disease,C0020538,Withdrawn,Phase 0,
Testosterone,DB00624,Hypertensive disease,C0020538,Withdrawn,Phase 0,
Estradiol,DB00624,Hypertensive disease,C0020538,Withdrawn,Phase 0,
Anastrozole,DB00624,Hypertensive disease,C0020538,Withdrawn,Phase 0,
Methyltestosterone,DB00783,Hypertensive disease,C0020538,Withdrawn,Phase 0,
,DB00783,Hypertensive disease,C0020538,Withdrawn,Phase 0,
,DB00783,Hypertensive disease,C0020538,Withdrawn,Phase 0,
,DB01217,Hypertensive disease,C0020538,Withdrawn,Phase 0,
,DB06710,Hypertensive disease,C0020538,Withdrawn,Phase 0,
Isoniazid,DB00951,Latent Tuberculosis,C1609538,Terminated,Phase 3,Recruitment rythm not sufficent to reach the simple size needed.
Levofloxacin,DB01137,Latent Tuberculosis,C1609538,Terminated,Phase 3,Recruitment rythm not sufficent to reach the simple size needed.
Ofloxacin,DB01165,Latent Tuberculosis,C1609538,Terminated,Phase 3,Recruitment rythm not sufficent to reach the simple size needed.
Isoniazid,DB00951,Infection in solid organ transplant recipients,C0857825,Terminated,Phase 3,Recruitment rythm not sufficent to reach the simple size needed.
Levofloxacin,DB01137,Infection in solid organ transplant recipients,C0857825,Terminated,Phase 3,Recruitment rythm not sufficent to reach the simple size needed.
Ofloxacin,DB01165,Infection in solid organ transplant recipients,C0857825,Terminated,Phase 3,Recruitment rythm not sufficent to reach the simple size needed.
Belimumab,DB08879,Membranous glomerulonephritis,C0017665,Withdrawn,Phase 2,"Withdrawn due to difficulties in to recruiting due to competing studies, changing treatment"
Fluoxetine,DB00472,Cerebral Hemorrhage,C2937358,Terminated,Phase 3,Study recruitment was suspended due to lack of funding
Rituximab,DB00073,Lupus Nephritis,C0024143,Terminated,Phase 3,The recruitment period has finished without reaching sample size
Vancomycin,DB00512,Surgical Wound Infection,C0038941,Suspended,Phase 1,awaiting FDA approval for next dose group
Loteprednol,DB00873,Keratitis,C0022568,Withdrawn,Phase 3,withdrawn by industry
Bevacizumab,DB00112,Malignant tumor of colon,C0007102,Terminated,Phase 2,slow accrual
Capecitabine,DB01101,Malignant tumor of colon,C0007102,Terminated,Phase 2,slow accrual
Fluticasone Propionate,DB00588,Chronic Obstructive Airway Disease,C0024117,Withdrawn,Phase 3,
Salmeterol,DB00938,Chronic Obstructive Airway Disease,C0024117,Withdrawn,Phase 3,
Oxaliplatin,DB00526,Gastric carcinoma stage IV,C0863191,Terminated,Phase 3,Poor enrollment of patients
Fluorouracil,DB00544,Gastric carcinoma stage IV,C0863191,Terminated,Phase 3,Poor enrollment of patients
Capecitabine,DB01101,Gastric carcinoma stage IV,C0863191,Terminated,Phase 3,Poor enrollment of patients
Omeprazole,DB00338,Laryngomalacia,C0264303,Withdrawn,Phase 1,Unable to recruit a sufficient amount of subjects
Simvastatin,DB00641,Rhinosinusitis,C0948780,Terminated,Phase 2,Lack of efficacy with one month of treatement
Denileukin diftitox,DB00004,Epithelial ovarian cancer,C0677886,Terminated,Phase 2,Lack of funding
Denileukin diftitox,DB00004,Fallopian Tube Carcinoma,C0238122,Terminated,Phase 2,Lack of funding
Unoprostone,DB06826,Retinitis Pigmentosa,C0035334,Terminated,Phase 3,
Ketamine,DB01221,Chronic pain,C0150055,Terminated,Phase 2,Inability to enroll sufficient patients
Chloroquine,DB00608,Malaria,C0024530,Withdrawn,Phase 3,Lack of funding
Prednisone,DB00635,Malaria,C0024530,Withdrawn,Phase 3,Lack of funding
Bevacizumab,DB00112,Glioblastoma,C0017636,Withdrawn,Phase 2,
Heparin,DB01109,Inhalation injury,C0745334,Terminated,Phase 3,insufficient recruitment of patients and high costs associated with the purchase and blinding
Nitrous oxide,DB06690,Labor Pain,C0474368,Suspended,Phase 2,
Ranolazine,DB00243,Acute Coronary Syndrome,C0948089,Terminated,Phase 2,Sponsor terminated study due to lack of enrollment
Rosuvastatin,DB01098,Influenza due to Influenza A virus subtype H1N1,C2076600,Terminated,Phase 2,H1N1 pandemic concluded
Azacitidine,DB00928,"Leukemia, Myelocytic, Acute",C0023467,Terminated,Phase 2,Poor recruitment
Theophylline,DB00277,Non-Small Cell Lung Carcinoma,C0007131,Withdrawn,Phase 1,Insufficient funding
Aminophylline,DB01223,Non-Small Cell Lung Carcinoma,C0007131,Withdrawn,Phase 1,Insufficient funding
Theophylline,DB00277,Malignant neoplasm of lung,C0242379,Withdrawn,Phase 1,Insufficient funding
Aminophylline,DB01223,Malignant neoplasm of lung,C0242379,Withdrawn,Phase 1,Insufficient funding
Estradiol,DB00783,Infertility,C0021359,Terminated,Phase 2/Phase 3,Obtained results were not good. Protocol was proved ineffective.
Triptorelin,DB00783,Infertility,C0021359,Terminated,Phase 2/Phase 3,Obtained results were not good. Protocol was proved ineffective.
,DB00783,Infertility,C0021359,Terminated,Phase 2/Phase 3,Obtained results were not good. Protocol was proved ineffective.
,DB06825,Infertility,C0021359,Terminated,Phase 2/Phase 3,Obtained results were not good. Protocol was proved ineffective.
Clofarabine,DB00631,"Histiocytosis, Langerhans-Cell",C0019621,Withdrawn,Phase 2,
Eplerenone,DB00700,Ascites,C0003962,Withdrawn,Phase 2,difficulties to include patients
Hydroxychloroquine,DB01611,Antiphospholipid Syndrome,C0085278,Terminated,Phase 3,low recruitment rate exacerbated by manufacturing shortage and price increase of
Papaverine,DB01113,Schizophrenia,C0036341,Terminated,Phase 0,Patient recruitment insufficient
Metformin,DB00331,Colorectal Carcinoma,C0009402,Terminated,Phase 1,Slow Accrual
Nicardipine,DB00622,Cerebral Vasospasm,C0265110,Terminated,Phase 2,Unable to secure drug.
Ifosfamide,DB01181,adult central nervous system germ cell tumor,C0280796,Terminated,Phase 2,Due to Low Accrual
Ifosfamide,DB01181,Adult teratoma,C1368898,Terminated,Phase 2,Due to Low Accrual
Ifosfamide,DB01181,Malignant Extragonadal Germ Cell Tumor,C1334581,Terminated,Phase 2,Due to Low Accrual
Ifosfamide,DB01181,Malignant Extragonadal Non-Seminomatous Germ Cell Tumor,C1334582,Terminated,Phase 2,Due to Low Accrual
Ifosfamide,DB01181,Extragonadal Seminoma,C1333502,Terminated,Phase 2,Due to Low Accrual
Ifosfamide,DB01181,Testis cancer recurrent,C0278841,Terminated,Phase 2,Due to Low Accrual
Ifosfamide,DB01181,recurrent ovarian germ cell tumor,C0279975,Terminated,Phase 2,Due to Low Accrual
Ifosfamide,DB01181,Stage IV Extragonadal Non-Seminomatous Germ Cell Tumor,C1336415,Terminated,Phase 2,Due to Low Accrual
Ifosfamide,DB01181,Stage IV Extragonadal Seminoma,C1336416,Terminated,Phase 2,Due to Low Accrual
Ifosfamide,DB01181,Ovarian germ cell cancer stage IV,C0279974,Terminated,Phase 2,Due to Low Accrual
Sirolimus,DB00877,Eosinophilic gastroenteritis,C1262481,Terminated,Phase 1,
Everolimus,DB01590,Eosinophilic gastroenteritis,C1262481,Terminated,Phase 1,
Sirolimus,DB00877,Eosinophilic esophagitis,C0341106,Terminated,Phase 1,
Everolimus,DB01590,Eosinophilic esophagitis,C0341106,Terminated,Phase 1,
Ponatinib,DB08901,Thyroid Neoplasm,C0040136,Terminated,Phase 2,Recruiting halted prematurely and will not resume. New study to open soon.
Prednisone,DB00635,Polymyalgia Rheumatica,C0032533,Terminated,Phase 3,
Cyclophosphamide,DB00531,Breast cancer stage II,C0278486,Suspended,Phase 2,Lack of funding
Carboplatin,DB00958,Breast cancer stage II,C0278486,Suspended,Phase 2,Lack of funding
Doxorubicin,DB00997,Breast cancer stage II,C0278486,Suspended,Phase 2,Lack of funding
Paclitaxel,DB01229,Breast cancer stage II,C0278486,Suspended,Phase 2,Lack of funding
Heparin,DB01109,Bacteremia,C0004610,Terminated,Phase 3,Because the inclusion rate was lower than expected.
Aluminum hydroxide,DB06723,"viral; infection, enterovirus",C1400756,Withdrawn,Phase 2,"Based on the previous study results, inactivated EV71 vaccine with aluminum adjuvant was"
Naltrexone,DB00704,Inflammatory Bowel Diseases,C0021390,Withdrawn,Phase 2,Low patient enrollment
Naltrexone,DB00704,Crohn Disease,C0010346,Withdrawn,Phase 2,Low patient enrollment
Naltrexone,DB00704,Ulcerative Colitis,C0009324,Withdrawn,Phase 2,Low patient enrollment
Levoleucovorin,DB11596,Non-Small Cell Lung Carcinoma,C0007131,Withdrawn,Phase 1,
Sulindac,DB00605,Malignant tumor of colon,C0007102,Terminated,Phase 2,The trial was prematurely closed due to lack of accrual.
Sulindac,DB00605,Adenocarcinoma of large intestine,C1319315,Terminated,Phase 2,The trial was prematurely closed due to lack of accrual.
Lidocaine,DB00281,colorectal disorders,C2103078,Withdrawn,Phase 1/Phase 2,Study was closed due to recommendations of performing a PK study first.
Cyclophosphamide,DB00531,Metastatic melanoma,C0278883,Withdrawn,Phase 2,No participants enrolled
Mechlorethamine,DB00888,DS Stage I Plasma Cell Myeloma,C0278722,Suspended,Phase 1/Phase 2,Accrual to dose level 3 (56 mg/m2 Carfilzomib; 100 mg/m2 Melphalan) has been met.
Melphalan,DB01042,DS Stage I Plasma Cell Myeloma,C0278722,Suspended,Phase 1/Phase 2,Accrual to dose level 3 (56 mg/m2 Carfilzomib; 100 mg/m2 Melphalan) has been met.
Mechlorethamine,DB00888,DS Stage II Plasma Cell Myeloma,C0278723,Suspended,Phase 1/Phase 2,Accrual to dose level 3 (56 mg/m2 Carfilzomib; 100 mg/m2 Melphalan) has been met.
Melphalan,DB01042,DS Stage II Plasma Cell Myeloma,C0278723,Suspended,Phase 1/Phase 2,Accrual to dose level 3 (56 mg/m2 Carfilzomib; 100 mg/m2 Melphalan) has been met.
Mechlorethamine,DB00888,DS Stage III Plasma Cell Myeloma,C0278724,Suspended,Phase 1/Phase 2,Accrual to dose level 3 (56 mg/m2 Carfilzomib; 100 mg/m2 Melphalan) has been met.
Melphalan,DB01042,DS Stage III Plasma Cell Myeloma,C0278724,Suspended,Phase 1/Phase 2,Accrual to dose level 3 (56 mg/m2 Carfilzomib; 100 mg/m2 Melphalan) has been met.
Sulindac,DB00605,"Leukemia, Myelocytic, Acute",C0023467,Withdrawn,Phase 2,Lack of Funding
Doxorubicin,DB00997,Epithelial ovarian cancer,C0677886,Terminated,Phase 3,the study was terminated due to medication supply issue from current manufacturer
Topotecan,DB01030,Epithelial ovarian cancer,C0677886,Terminated,Phase 3,the study was terminated due to medication supply issue from current manufacturer
Tacrolimus,DB00864,Vitiligo,C0042900,Terminated,Phase 2/Phase 3,
Paroxetine,DB00715,Hepatitis C,C0019196,Terminated,Phase 2,"Telaprevir will not be used in NL, no more inclusions are expected."
Lipoic Acid,DB00166,Chronic Fatigue Syndrome,C0015674,Withdrawn,Phase 1,
Acetylcarnitine,DB08842,Chronic Fatigue Syndrome,C0015674,Withdrawn,Phase 1,
Sorafenib,DB00398,Melanoma recurrent,C0278884,Withdrawn,Phase 2,No progression of Phase 1 trial to Phase 2.
Sirolimus,DB00877,Melanoma recurrent,C0278884,Withdrawn,Phase 2,No progression of Phase 1 trial to Phase 2.
Everolimus,DB01590,Melanoma recurrent,C0278884,Withdrawn,Phase 2,No progression of Phase 1 trial to Phase 2.
Sorafenib,DB00398,malignant melanoma of skin stage III,C0278882,Withdrawn,Phase 2,No progression of Phase 1 trial to Phase 2.
Sirolimus,DB00877,malignant melanoma of skin stage III,C0278882,Withdrawn,Phase 2,No progression of Phase 1 trial to Phase 2.
Everolimus,DB01590,malignant melanoma of skin stage III,C0278882,Withdrawn,Phase 2,No progression of Phase 1 trial to Phase 2.
Lapatinib,DB01259,Breast cancer recurrent,C0278493,Terminated,Phase 2,Protocol modification
Valproic Acid,DB00313,childhood brain tumor,C0220603,Withdrawn,Phase 1,Feasibility of the trial was proven to be absent.
Valproic Acid,DB00313,Anaplastic astrocytoma,C0334579,Withdrawn,Phase 1,Feasibility of the trial was proven to be absent.
Valproic Acid,DB00313,Glioblastoma,C0017636,Withdrawn,Phase 1,Feasibility of the trial was proven to be absent.
Warfarin,DB00682,primary disorders,C0277554,Terminated,Phase 2/Phase 3,because a significant decrease of viable candidates for the study.
Melatonin,DB01065,"ENCEPHALOPATHY, HYPOXIC-ISCHEMIC, NEWBORN",C0149878,Withdrawn,Phase 1,Lack of enrollment of suitable candidates
Trametinib,DB08911,recurrent adult acute myeloid leukemia,C0278780,Suspended,Phase 2,Drug supply issues
Trametinib,DB08911,untreated adult acute myeloid leukemia,C0279089,Suspended,Phase 2,Drug supply issues
Lidocaine,DB00281,Periodontitis,C0031099,Terminated,Phase 2,Too slow patient inclusion and superior effect of the injection
Bupivacaine,DB00297,Periodontitis,C0031099,Terminated,Phase 2,Too slow patient inclusion and superior effect of the injection
Epinephrine,DB00668,Periodontitis,C0031099,Terminated,Phase 2,Too slow patient inclusion and superior effect of the injection
Eslicarbazepine acetate,DB09119,Epilepsy,C0014544,Terminated,Phase 1,prematurely terminated due to impossibility of recruiting the planned number of patients by
Asparaginase,DB00023,T-cell lymphoma recurrent,C0854826,Terminated,Phase 0,Slow accrual
Pegaspargase,DB00059,T-cell lymphoma recurrent,C0854826,Terminated,Phase 0,Slow accrual
Dexamethasone,DB01234,T-cell lymphoma recurrent,C0854826,Terminated,Phase 0,Slow accrual
,DB01234,T-cell lymphoma recurrent,C0854826,Terminated,Phase 0,Slow accrual
Asparaginase,DB00023,T-cell lymphoma refractory,C0854827,Terminated,Phase 0,Slow accrual
Pegaspargase,DB00059,T-cell lymphoma refractory,C0854827,Terminated,Phase 0,Slow accrual
Dexamethasone,DB01234,T-cell lymphoma refractory,C0854827,Terminated,Phase 0,Slow accrual
,DB01234,T-cell lymphoma refractory,C0854827,Terminated,Phase 0,Slow accrual
Moxifloxacin,DB00218,Tuberculosis,C0041296,Withdrawn,Phase 1,
Octreotide,DB00104,"Carcinoma, Neuroendocrine",C0206695,Terminated,Phase 2,Slow accrual
Gemcitabine,DB00441,duct cell adenocarcinoma of the pancreas,C0279176,Terminated,Phase 1,Funding discontinued; all patients off study
Fluorouracil,DB00544,duct cell adenocarcinoma of the pancreas,C0279176,Terminated,Phase 1,Funding discontinued; all patients off study
Gemcitabine,DB00441,Pancreatic carcinoma stage III,C1167722,Terminated,Phase 1,Funding discontinued; all patients off study
Fluorouracil,DB00544,Pancreatic carcinoma stage III,C1167722,Terminated,Phase 1,Funding discontinued; all patients off study
Gemcitabine,DB00441,Stage IV Pancreatic Cancer,C1167725,Terminated,Phase 1,Funding discontinued; all patients off study
Fluorouracil,DB00544,Stage IV Pancreatic Cancer,C1167725,Terminated,Phase 1,Funding discontinued; all patients off study
Abatacept,DB01281,Alopecia Areata,C0002171,Withdrawn,Phase 2,Unfortunately we did not receive funding and therefore were not able to begin the trial.
Mifepristone,DB00834,Pituitary-dependent Cushing's disease,C0221406,Withdrawn,Phase 3,Lack of enrollment
Cetuximab,DB00002,Colorectal cancer metastatic,C0948380,Terminated,Phase 2,Enrollment to the study was terminated on 11Nvo2014 due to slow recruitment. There were no
Irinotecan,DB00762,Colorectal cancer metastatic,C0948380,Terminated,Phase 2,Enrollment to the study was terminated on 11Nvo2014 due to slow recruitment. There were no
Vitamin C,DB00126,Blood Coagulation Disorders,C0005779,Terminated,Phase 2,Study was terminated due to inability to recruit enough patients that meet inclusion criteria.
Vitamin E,DB00163,Blood Coagulation Disorders,C0005779,Terminated,Phase 2,Study was terminated due to inability to recruit enough patients that meet inclusion criteria.
Vitamin C,DB00126,Nosocomial pneumonia,C0949083,Terminated,Phase 2,Study was terminated due to inability to recruit enough patients that meet inclusion criteria.
Vitamin E,DB00163,Nosocomial pneumonia,C0949083,Terminated,Phase 2,Study was terminated due to inability to recruit enough patients that meet inclusion criteria.
Amitriptyline,DB00321,Sleep Initiation and Maintenance Disorders,C0021603,Terminated,Phase 2,Accrual terminated early because of poor accrual
Cyclobenzaprine,DB00924,Sleep Initiation and Maintenance Disorders,C0021603,Terminated,Phase 2,Accrual terminated early because of poor accrual
Amitriptyline,DB00321,Pain,C0030193,Terminated,Phase 2,Accrual terminated early because of poor accrual
Cyclobenzaprine,DB00924,Pain,C0030193,Terminated,Phase 2,Accrual terminated early because of poor accrual
Cisplatin,DB00515,Breast cancer recurrent,C0278493,Terminated,Phase 1/Phase 2,company stopped production of study drug due to excessive toxicities
Trametinib,DB08911,malignant neoplasm of large intestine stage IIIc,C2217039,Suspended,Phase 1/Phase 2,Temporarily stopped for assessment. Contact ctsucontact@westat.com for specifics
Dabrafenib,DB08912,malignant neoplasm of large intestine stage IIIc,C2217039,Suspended,Phase 1/Phase 2,Temporarily stopped for assessment. Contact ctsucontact@westat.com for specifics
Trametinib,DB08911,Melanoma recurrent,C0278884,Suspended,Phase 1/Phase 2,Temporarily stopped for assessment. Contact ctsucontact@westat.com for specifics
Dabrafenib,DB08912,Melanoma recurrent,C0278884,Suspended,Phase 1/Phase 2,Temporarily stopped for assessment. Contact ctsucontact@westat.com for specifics
Trametinib,DB08911,Stage IIIC Skin Melanoma,C2828036,Suspended,Phase 1/Phase 2,Temporarily stopped for assessment. Contact ctsucontact@westat.com for specifics
Dabrafenib,DB08912,Stage IIIC Skin Melanoma,C2828036,Suspended,Phase 1/Phase 2,Temporarily stopped for assessment. Contact ctsucontact@westat.com for specifics
,DB01234,Otitis Externa,C0029878,Terminated,Phase 3,FDA's draft guidance (March 2015) provided option of in-vitro or in-vivo studies for
Paclitaxel,DB01229,Metastatic melanoma,C0278883,Withdrawn,Phase 2,Strategic decision not to proceed with the opening of this study. There are no concerns over
Pegfilgrastim,DB00019,Solid tumour,C0280100,Withdrawn,Phase 2,
Megestrol acetate,DB00351,Atypical Endometrial Hyperplasia,C0349579,Withdrawn,Phase 2,Lack of funding
Levonorgestrel,DB00367,Atypical Endometrial Hyperplasia,C0349579,Withdrawn,Phase 2,Lack of funding
Norgestrel,DB09389,Atypical Endometrial Hyperplasia,C0349579,Withdrawn,Phase 2,Lack of funding
Megestrol acetate,DB00351,Endometrial adenocarcinoma,C1153706,Withdrawn,Phase 2,Lack of funding
Levonorgestrel,DB00367,Endometrial adenocarcinoma,C1153706,Withdrawn,Phase 2,Lack of funding
Norgestrel,DB09389,Endometrial adenocarcinoma,C1153706,Withdrawn,Phase 2,Lack of funding
Megestrol acetate,DB00351,Recurrent Endometrial Cancer,C0278802,Withdrawn,Phase 2,Lack of funding
Levonorgestrel,DB00367,Recurrent Endometrial Cancer,C0278802,Withdrawn,Phase 2,Lack of funding
Norgestrel,DB09389,Recurrent Endometrial Cancer,C0278802,Withdrawn,Phase 2,Lack of funding
Megestrol acetate,DB00351,Endometrial cancer stage II,C0278799,Withdrawn,Phase 2,Lack of funding
Levonorgestrel,DB00367,Endometrial cancer stage II,C0278799,Withdrawn,Phase 2,Lack of funding
Norgestrel,DB09389,Endometrial cancer stage II,C0278799,Withdrawn,Phase 2,Lack of funding
Chlorhexidine,DB00878,Cerebral Hemorrhage,C2937358,Terminated,Phase 1,Closed study due to issues we have encountered with meeting our enrollment goals of this study
Carboplatin,DB00958,Solid tumour,C0280100,Terminated,Phase 1,Part B was cancelled based on business decision
Paclitaxel,DB01229,Solid tumour,C0280100,Terminated,Phase 1,Part B was cancelled based on business decision
Doxycycline,DB00254,Non-ischemic cardiomyopathy,C0877438,Terminated,Phase 2,End of funding
Sodium thiosulfate,DB09499,Calcinosis cutis,C0006664,Withdrawn,Phase 2,
Isotretinoin,DB00982,Neuroblastoma,C0027819,Withdrawn,Phase 1,drug company withdrww support following a re-examination of the benefit-risk assessment for
Ifosfamide,DB01181,"Liposarcoma, Dedifferentiated",C0205824,Suspended,Phase 2,Major amendment - change in design
Azacitidine,DB00928,"Leukemia, Myelomonocytic, Chronic",C0023480,Terminated,Phase 1,Due to Slow Accrual study was terminated.
Azacitidine,DB00928,"Leukemia, Myelocytic, Acute",C0023467,Terminated,Phase 1,Due to Slow Accrual study was terminated.
Azacitidine,DB00928,Multiple Myeloma,C0026764,Terminated,Phase 1,Due to Slow Accrual study was terminated.
Deferasirox,DB01609,Iron Overload,C0282193,Withdrawn,Phase 2,This study was withdrawn until the evaluation of the nonclinical rat findings is complete.
Deferasirox,DB01609,Transfusion hemosiderosis,C0268064,Withdrawn,Phase 2,This study was withdrawn until the evaluation of the nonclinical rat findings is complete.
Deferasirox,DB01609,Iron Metabolism Disorders,C0012715,Withdrawn,Phase 2,This study was withdrawn until the evaluation of the nonclinical rat findings is complete.
Norepinephrine,DB00368,Pure Autonomic Failure,C0393911,Terminated,Phase 3,Due to potential competition with a post-marketing study requested by FDA
Droxidopa,DB06262,Pure Autonomic Failure,C0393911,Terminated,Phase 3,Due to potential competition with a post-marketing study requested by FDA
Norepinephrine,DB00368,dopamine beta hydroxylase deficiency,C0342687,Terminated,Phase 3,Due to potential competition with a post-marketing study requested by FDA
Droxidopa,DB06262,dopamine beta hydroxylase deficiency,C0342687,Terminated,Phase 3,Due to potential competition with a post-marketing study requested by FDA
Gemcitabine,DB00441,Secondary malignant neoplasm of pancreas,C0346976,Terminated,Phase 3,"The DSMB conducted an interim analysis on overall survival, which showed that the treatment"
Lidocaine,DB00281,Pain,C0030193,Withdrawn,Phase 2,Withdrawn by PI
Abciximab,DB00054,Hb-SS disease with vasoocclusive pain,C2873760,Withdrawn,Phase 2,Insufficient recruitment
Morphine,DB00295,Hb-SS disease with vasoocclusive pain,C2873760,Withdrawn,Phase 2,Insufficient recruitment
Hydromorphone,DB00327,Hb-SS disease with vasoocclusive pain,C2873760,Withdrawn,Phase 2,Insufficient recruitment
Fentanyl,DB00813,Hb-SS disease with vasoocclusive pain,C2873760,Withdrawn,Phase 2,Insufficient recruitment
Ibuprofen,DB01050,Hb-SS disease with vasoocclusive pain,C2873760,Withdrawn,Phase 2,Insufficient recruitment
Abciximab,DB00054,Hemoglobin SS disease with vasoocclusive crisis,C2585715,Withdrawn,Phase 2,Insufficient recruitment
Morphine,DB00295,Hemoglobin SS disease with vasoocclusive crisis,C2585715,Withdrawn,Phase 2,Insufficient recruitment
Hydromorphone,DB00327,Hemoglobin SS disease with vasoocclusive crisis,C2585715,Withdrawn,Phase 2,Insufficient recruitment
Fentanyl,DB00813,Hemoglobin SS disease with vasoocclusive crisis,C2585715,Withdrawn,Phase 2,Insufficient recruitment
Ibuprofen,DB01050,Hemoglobin SS disease with vasoocclusive crisis,C2585715,Withdrawn,Phase 2,Insufficient recruitment
Abciximab,DB00054,Other sickle-cell disease with vaso-occlusive pain,C1260331,Withdrawn,Phase 2,Insufficient recruitment
Morphine,DB00295,Other sickle-cell disease with vaso-occlusive pain,C1260331,Withdrawn,Phase 2,Insufficient recruitment
Hydromorphone,DB00327,Other sickle-cell disease with vaso-occlusive pain,C1260331,Withdrawn,Phase 2,Insufficient recruitment
Fentanyl,DB00813,Other sickle-cell disease with vaso-occlusive pain,C1260331,Withdrawn,Phase 2,Insufficient recruitment
Ibuprofen,DB01050,Other sickle-cell disease with vaso-occlusive pain,C1260331,Withdrawn,Phase 2,Insufficient recruitment
Clofarabine,DB00631,"Leukemia, Myelocytic, Acute",C0023467,Terminated,Phase 2,lack of accrual
Cisplatin,DB00515,Non-small cell lung cancer recurrent,C0278517,Withdrawn,Phase 2,study not accruing
Erlotinib,DB00530,Non-small cell lung cancer recurrent,C0278517,Withdrawn,Phase 2,study not accruing
Pemetrexed,DB00642,Non-small cell lung cancer recurrent,C0278517,Withdrawn,Phase 2,study not accruing
Carboplatin,DB00958,Non-small cell lung cancer recurrent,C0278517,Withdrawn,Phase 2,study not accruing
Cisplatin,DB00515,Non-small cell lung cancer metastatic,C0278987,Withdrawn,Phase 2,study not accruing
Erlotinib,DB00530,Non-small cell lung cancer metastatic,C0278987,Withdrawn,Phase 2,study not accruing
Pemetrexed,DB00642,Non-small cell lung cancer metastatic,C0278987,Withdrawn,Phase 2,study not accruing
Carboplatin,DB00958,Non-small cell lung cancer metastatic,C0278987,Withdrawn,Phase 2,study not accruing
Cisplatin,DB00515,Oropharyngeal squamous cell carcinoma stage III,C0280372,Withdrawn,Phase 2,Slow accrual
Cisplatin,DB00515,Stage IVA Oropharyngeal Squamous Cell Carcinoma,C1336356,Withdrawn,Phase 2,Slow accrual
Metformin,DB00331,Stage IA Pancreatic Cancer,C2981674,Withdrawn,Phase 1,Slow accrual
Metformin,DB00331,Stage IB Pancreatic Cancer,C2981675,Withdrawn,Phase 1,Slow accrual
Metformin,DB00331,Stage IIA Pancreatic Cancer,C2981676,Withdrawn,Phase 1,Slow accrual
Metformin,DB00331,Stage IIB Pancreatic Cancer,C2981677,Withdrawn,Phase 1,Slow accrual
Hydroxyurea,DB01005,Pulmonary Hypertension,C0020542,Withdrawn,Phase 0,
Fluconazole,DB00196,"Leishmaniasis, Cutaneous",C0023283,Terminated,Phase 3,Low cure rate in the study (fluconazole) group
Granisetron,DB00889,Malignant Glioma,C0555198,Withdrawn,Phase 2,Lack of approval and funding from company
Ondansetron,DB00904,Malignant Glioma,C0555198,Withdrawn,Phase 2,Lack of approval and funding from company
Mannitol,DB00742,Acute Cerebrovascular Accidents,C0751956,Withdrawn,Phase 2,Investigator is leaving the institution.
Verapamil,DB00661,Classical phenylketonuria,C0751434,Terminated,Phase 2,Recruitment challenges
Omeprazole,DB00338,Cystic Fibrosis,C0010674,Terminated,Phase 2,Closed by sponsor of the study; PI has left the institution and Columbia is now the sponsor of
Esomeprazole,DB00736,Cystic Fibrosis,C0010674,Terminated,Phase 2,Closed by sponsor of the study; PI has left the institution and Columbia is now the sponsor of
Prednisone,DB00635,Castration-resistant prostate cancer,C4049338,Terminated,Phase 2,Study stopped after results of cabozantinib Phase 3 CRPC study XL184-307.
Hydromorphone,DB00327,Back Pain,C0004604,Terminated,Phase 3,Lack of recruitment.
Rituximab,DB00073,Non-Hodgkin's lymphoma of central nervous system,C2213246,Terminated,Phase 2,Funding Unavailable
Trastuzumab,DB00072,Malignant neoplasm of stomach,C0024623,Terminated,Phase 2,Study terminated due to slow patient recruitment.
Atomoxetine,DB00289,Nicotine Dependence,C0028043,Suspended,Phase 1/Phase 2,funding lost
Trastuzumab,DB00072,Cancer of Urinary Tract,C0751571,Terminated,Phase 2,Trial was terminated prematurely because of recruitment difficulties.
Exenatide,DB01276,"Diabetes Mellitus, Non-Insulin-Dependent",C0011860,Terminated,Phase 1/Phase 2,Lack of Efficacy
Cytarabine,DB00987,Acute Myeloid Leukemia Arising from Previous Myelodysplastic Syndrome,C1332153,Terminated,Phase 2,Major revisions needed in study
Decitabine,DB01262,Acute Myeloid Leukemia Arising from Previous Myelodysplastic Syndrome,C1332153,Terminated,Phase 2,Major revisions needed in study
Homoharringtonine,DB04865,Acute Myeloid Leukemia Arising from Previous Myelodysplastic Syndrome,C1332153,Terminated,Phase 2,Major revisions needed in study
Cytarabine,DB00987,adult acute megakaryoblastic leukemia (M7),C0279632,Terminated,Phase 2,Major revisions needed in study
Decitabine,DB01262,adult acute megakaryoblastic leukemia (M7),C0279632,Terminated,Phase 2,Major revisions needed in study
Homoharringtonine,DB04865,adult acute megakaryoblastic leukemia (M7),C0279632,Terminated,Phase 2,Major revisions needed in study
Cytarabine,DB00987,adult acute minimally differentiated myeloid leukemia (M0),C0281641,Terminated,Phase 2,Major revisions needed in study
Decitabine,DB01262,adult acute minimally differentiated myeloid leukemia (M0),C0281641,Terminated,Phase 2,Major revisions needed in study
Homoharringtonine,DB04865,adult acute minimally differentiated myeloid leukemia (M0),C0281641,Terminated,Phase 2,Major revisions needed in study
Cytarabine,DB00987,adult acute monoblastic leukemia (M5a),C0279629,Terminated,Phase 2,Major revisions needed in study
Decitabine,DB01262,adult acute monoblastic leukemia (M5a),C0279629,Terminated,Phase 2,Major revisions needed in study
Homoharringtonine,DB04865,adult acute monoblastic leukemia (M5a),C0279629,Terminated,Phase 2,Major revisions needed in study
Cytarabine,DB00987,adult acute monocytic leukemia (M5b),C0280634,Terminated,Phase 2,Major revisions needed in study
Decitabine,DB01262,adult acute monocytic leukemia (M5b),C0280634,Terminated,Phase 2,Major revisions needed in study
Homoharringtonine,DB04865,adult acute monocytic leukemia (M5b),C0280634,Terminated,Phase 2,Major revisions needed in study
Cytarabine,DB00987,adult acute myeloblastic leukemia with maturation (M2),C0279624,Terminated,Phase 2,Major revisions needed in study
Decitabine,DB01262,adult acute myeloblastic leukemia with maturation (M2),C0279624,Terminated,Phase 2,Major revisions needed in study
Homoharringtonine,DB04865,adult acute myeloblastic leukemia with maturation (M2),C0279624,Terminated,Phase 2,Major revisions needed in study
Cytarabine,DB00987,Adult Acute Myeloid Leukemia without Maturation,C0279623,Terminated,Phase 2,Major revisions needed in study
Decitabine,DB01262,Adult Acute Myeloid Leukemia without Maturation,C0279623,Terminated,Phase 2,Major revisions needed in study
Homoharringtonine,DB04865,Adult Acute Myeloid Leukemia without Maturation,C0279623,Terminated,Phase 2,Major revisions needed in study
Cytarabine,DB00987,adult acute myeloid leukemia with 11q23 (MLL) abnormalities,C1541334,Terminated,Phase 2,Major revisions needed in study
Decitabine,DB01262,adult acute myeloid leukemia with 11q23 (MLL) abnormalities,C1541334,Terminated,Phase 2,Major revisions needed in study
Homoharringtonine,DB04865,adult acute myeloid leukemia with 11q23 (MLL) abnormalities,C1541334,Terminated,Phase 2,Major revisions needed in study
Cytarabine,DB00987,adult acute myeloid leukemia with inv(16)(p13;q22),C1541333,Terminated,Phase 2,Major revisions needed in study
Decitabine,DB01262,adult acute myeloid leukemia with inv(16)(p13;q22),C1541333,Terminated,Phase 2,Major revisions needed in study
Homoharringtonine,DB04865,adult acute myeloid leukemia with inv(16)(p13;q22),C1541333,Terminated,Phase 2,Major revisions needed in study
Cytarabine,DB00987,adult acute myeloid leukemia with t(16;16)(p13;q22),C1541332,Terminated,Phase 2,Major revisions needed in study
Decitabine,DB01262,adult acute myeloid leukemia with t(16;16)(p13;q22),C1541332,Terminated,Phase 2,Major revisions needed in study
Homoharringtonine,DB04865,adult acute myeloid leukemia with t(16;16)(p13;q22),C1541332,Terminated,Phase 2,Major revisions needed in study
Cytarabine,DB00987,adult acute myeloid leukemia with t(8;21)(q22;q22),C1541331,Terminated,Phase 2,Major revisions needed in study
Decitabine,DB01262,adult acute myeloid leukemia with t(8;21)(q22;q22),C1541331,Terminated,Phase 2,Major revisions needed in study
Homoharringtonine,DB04865,adult acute myeloid leukemia with t(8;21)(q22;q22),C1541331,Terminated,Phase 2,Major revisions needed in study
Cytarabine,DB00987,adult acute myelomonocytic leukemia (M4),C0279627,Terminated,Phase 2,Major revisions needed in study
Decitabine,DB01262,adult acute myelomonocytic leukemia (M4),C0279627,Terminated,Phase 2,Major revisions needed in study
Homoharringtonine,DB04865,adult acute myelomonocytic leukemia (M4),C0279627,Terminated,Phase 2,Major revisions needed in study
Cytarabine,DB00987,adult erythroleukemia (M6a),C1541339,Terminated,Phase 2,Major revisions needed in study
Decitabine,DB01262,adult erythroleukemia (M6a),C1541339,Terminated,Phase 2,Major revisions needed in study
Homoharringtonine,DB04865,adult erythroleukemia (M6a),C1541339,Terminated,Phase 2,Major revisions needed in study
Cytarabine,DB00987,adult pure erythroid leukemia (M6b),C1541340,Terminated,Phase 2,Major revisions needed in study
Decitabine,DB01262,adult pure erythroid leukemia (M6b),C1541340,Terminated,Phase 2,Major revisions needed in study
Homoharringtonine,DB04865,adult pure erythroid leukemia (M6b),C1541340,Terminated,Phase 2,Major revisions needed in study
Cytarabine,DB00987,secondary acute myeloid leukemia,C0280449,Terminated,Phase 2,Major revisions needed in study
Decitabine,DB01262,secondary acute myeloid leukemia,C0280449,Terminated,Phase 2,Major revisions needed in study
Homoharringtonine,DB04865,secondary acute myeloid leukemia,C0280449,Terminated,Phase 2,Major revisions needed in study
Cytarabine,DB00987,untreated adult acute myeloid leukemia,C0279089,Terminated,Phase 2,Major revisions needed in study
Decitabine,DB01262,untreated adult acute myeloid leukemia,C0279089,Terminated,Phase 2,Major revisions needed in study
Homoharringtonine,DB04865,untreated adult acute myeloid leukemia,C0279089,Terminated,Phase 2,Major revisions needed in study
Ondansetron,DB00904,Vomiting,C0042963,Terminated,Phase 3,
Ondansetron,DB00904,Gastroenteritis,C0017160,Terminated,Phase 3,
Folic Acid,DB00158,Inflammation,C0021368,Withdrawn,Phase 2,Potential participants had concerns about taking the study drug (methotrexate).
Methotrexate,DB00563,Inflammation,C0021368,Withdrawn,Phase 2,Potential participants had concerns about taking the study drug (methotrexate).
Trametinib,DB08911,Colorectal cancer recurrent,C0854750,Suspended,Phase 1/Phase 2,Drug supply issues
Trametinib,DB08911,Pancreatic carcinoma stage III,C1167722,Suspended,Phase 1/Phase 2,Drug supply issues
Trametinib,DB08911,Stage IIIA Colorectal Cancer,C2981401,Suspended,Phase 1/Phase 2,Drug supply issues
Trametinib,DB08911,Stage IIIB Colorectal Cancer,C2981402,Suspended,Phase 1/Phase 2,Drug supply issues
Trametinib,DB08911,Stage IIIC Colorectal Cancer,C2981403,Suspended,Phase 1/Phase 2,Drug supply issues
Trametinib,DB08911,Stage IV Pancreatic Cancer,C1167725,Suspended,Phase 1/Phase 2,Drug supply issues
Trametinib,DB08911,Stage IVA Colorectal Cancer,C2981404,Suspended,Phase 1/Phase 2,Drug supply issues
Trametinib,DB08911,Stage IVB Colorectal Cancer,C2981405,Suspended,Phase 1/Phase 2,Drug supply issues
Irinotecan,DB00762,adult anaplastic astrocytoma,C0280483,Withdrawn,Phase 1,New study written
Irinotecan,DB00762,adult anaplastic oligodendroglioma,C0280790,Withdrawn,Phase 1,New study written
Irinotecan,DB00762,adult giant cell glioblastoma,C1541316,Withdrawn,Phase 1,New study written
Irinotecan,DB00762,adult glioblastoma,C0278878,Withdrawn,Phase 1,New study written
Irinotecan,DB00762,adult gliosarcoma,C1541317,Withdrawn,Phase 1,New study written
Irinotecan,DB00762,recurrent adult brain tumor,C0278786,Withdrawn,Phase 1,New study written
Celecoxib,DB00482,Malignant neoplasm of lung,C0242379,Suspended,Phase 1/Phase 2,
Cyclophosphamide,DB00531,Malignant neoplasm of lung,C0242379,Suspended,Phase 1/Phase 2,
Paclitaxel,DB01229,Squamous cell carcinoma of skin,C0553723,Terminated,Phase 2,Closed by sponsor
Gemcitabine,DB00441,duct cell adenocarcinoma of the pancreas,C0279176,Withdrawn,Phase 1,Lack of funding
Paclitaxel,DB01229,duct cell adenocarcinoma of the pancreas,C0279176,Withdrawn,Phase 1,Lack of funding
Gemcitabine,DB00441,Pancreatic carcinoma recurrent,C0854777,Withdrawn,Phase 1,Lack of funding
Paclitaxel,DB01229,Pancreatic carcinoma recurrent,C0854777,Withdrawn,Phase 1,Lack of funding
Gemcitabine,DB00441,"unspecified adult solid tumor, protocol specific",C0279004,Withdrawn,Phase 1,Lack of funding
Paclitaxel,DB01229,"unspecified adult solid tumor, protocol specific",C0279004,Withdrawn,Phase 1,Lack of funding
Gemcitabine,DB00441,Pancreatic carcinoma stage III,C1167722,Withdrawn,Phase 1,Lack of funding
Paclitaxel,DB01229,Pancreatic carcinoma stage III,C1167722,Withdrawn,Phase 1,Lack of funding
Gemcitabine,DB00441,Stage IV Pancreatic Cancer,C1167725,Withdrawn,Phase 1,Lack of funding
Paclitaxel,DB01229,Stage IV Pancreatic Cancer,C1167725,Withdrawn,Phase 1,Lack of funding
Milrinone,DB00235,Cardiomyopathies,C0878544,Suspended,Phase 3,Drug reformulation
Linagliptin,DB08882,Vascular inflammations,C0947751,Terminated,Phase 3,"bad recruitment of suitable participants, just 4 patients in one year"
Prasugrel,DB06209,ST segment elevation myocardial infarction,C1536220,Terminated,Phase 3,Enrolling participants has halted prematurely and will not resume
Ticagrelor,DB08816,ST segment elevation myocardial infarction,C1536220,Terminated,Phase 3,Enrolling participants has halted prematurely and will not resume
Bupivacaine,DB00297,Anterior Cruciate Ligament Injuries,C1456574,Terminated,Phase 3,"Difficult to enroll, parents/subjects prefer to choose type of anesthetic block."
Metformin,DB00331,Ovarian epithelial cancer recurrent,C0278689,Withdrawn,Phase 1,
Carboplatin,DB00958,Ovarian epithelial cancer recurrent,C0278689,Withdrawn,Phase 1,
Paclitaxel,DB01229,Ovarian epithelial cancer recurrent,C0278689,Withdrawn,Phase 1,
Metformin,DB00331,recurrent ovarian germ cell tumor,C0279975,Withdrawn,Phase 1,
Carboplatin,DB00958,recurrent ovarian germ cell tumor,C0279975,Withdrawn,Phase 1,
Paclitaxel,DB01229,recurrent ovarian germ cell tumor,C0279975,Withdrawn,Phase 1,
Metformin,DB00331,Serous cystadenocarcinoma ovary,C0279663,Withdrawn,Phase 1,
Carboplatin,DB00958,Serous cystadenocarcinoma ovary,C0279663,Withdrawn,Phase 1,
Paclitaxel,DB01229,Serous cystadenocarcinoma ovary,C0279663,Withdrawn,Phase 1,
Methylprednisolone,DB00860,Multiple Sclerosis,C0026769,Terminated,Phase 1,
,DB00959,Multiple Sclerosis,C0026769,Terminated,Phase 1,
Panobinostat,DB01234,Multiple Myeloma,C0026764,Suspended,Phase 1/Phase 2,Working on Study Extension
,DB06603,Multiple Myeloma,C0026764,Suspended,Phase 1/Phase 2,Working on Study Extension
Nitrendipine,DB01054,Isolated systolic hypertension,C0745133,Terminated,Phase 2,
Norepinephrine,DB00368,Septic Shock,C0036983,Withdrawn,Phase 3,Problems of drugs supply by the manufacturer
Trametinib,DB08911,hepatic complications,C1832055,Suspended,Phase 1,Drug supply issues
Sirolimus,DB00877,Malignant neoplasm of prostate,C0376358,Terminated,Phase 2,Slow accrual
Everolimus,DB01590,Malignant neoplasm of prostate,C0376358,Terminated,Phase 2,Slow accrual
Gemcitabine,DB00441,Gallbladder Carcinoma,C0235782,Suspended,Phase 1,
Oxaliplatin,DB00526,Gallbladder Carcinoma,C0235782,Suspended,Phase 1,
Bevacizumab,DB00112,Hereditary hemorrhagic telangiectasia,C0039445,Terminated,Phase 2/Phase 3,DSMB's decision following the first step analysis
Tamoxifen,DB00675,Papillary serous cystadenocarcinoma,C0334359,Suspended,Phase 2/Phase 3,Drug supply issues
Doxorubicin,DB00997,Papillary serous cystadenocarcinoma,C0334359,Suspended,Phase 2/Phase 3,Drug supply issues
Letrozole,DB01006,Papillary serous cystadenocarcinoma,C0334359,Suspended,Phase 2/Phase 3,Drug supply issues
Topotecan,DB01030,Papillary serous cystadenocarcinoma,C0334359,Suspended,Phase 2/Phase 3,Drug supply issues
Paclitaxel,DB01229,Papillary serous cystadenocarcinoma,C0334359,Suspended,Phase 2/Phase 3,Drug supply issues
Trametinib,DB08911,Papillary serous cystadenocarcinoma,C0334359,Suspended,Phase 2/Phase 3,Drug supply issues
Tamoxifen,DB00675,Ovarian Serous Adenocarcinoma,C1335177,Suspended,Phase 2/Phase 3,Drug supply issues
Doxorubicin,DB00997,Ovarian Serous Adenocarcinoma,C1335177,Suspended,Phase 2/Phase 3,Drug supply issues
Letrozole,DB01006,Ovarian Serous Adenocarcinoma,C1335177,Suspended,Phase 2/Phase 3,Drug supply issues
Topotecan,DB01030,Ovarian Serous Adenocarcinoma,C1335177,Suspended,Phase 2/Phase 3,Drug supply issues
Paclitaxel,DB01229,Ovarian Serous Adenocarcinoma,C1335177,Suspended,Phase 2/Phase 3,Drug supply issues
Trametinib,DB08911,Ovarian Serous Adenocarcinoma,C1335177,Suspended,Phase 2/Phase 3,Drug supply issues
Tamoxifen,DB00675,Primary Peritoneal Serous Adenocarcinoma,C1514429,Suspended,Phase 2/Phase 3,Drug supply issues
Doxorubicin,DB00997,Primary Peritoneal Serous Adenocarcinoma,C1514429,Suspended,Phase 2/Phase 3,Drug supply issues
Letrozole,DB01006,Primary Peritoneal Serous Adenocarcinoma,C1514429,Suspended,Phase 2/Phase 3,Drug supply issues
Topotecan,DB01030,Primary Peritoneal Serous Adenocarcinoma,C1514429,Suspended,Phase 2/Phase 3,Drug supply issues
Paclitaxel,DB01229,Primary Peritoneal Serous Adenocarcinoma,C1514429,Suspended,Phase 2/Phase 3,Drug supply issues
Trametinib,DB08911,Primary Peritoneal Serous Adenocarcinoma,C1514429,Suspended,Phase 2/Phase 3,Drug supply issues
Tamoxifen,DB00675,Recurrent Primary Peritoneal Carcinoma,C3897731,Suspended,Phase 2/Phase 3,Drug supply issues
Doxorubicin,DB00997,Recurrent Primary Peritoneal Carcinoma,C3897731,Suspended,Phase 2/Phase 3,Drug supply issues
Letrozole,DB01006,Recurrent Primary Peritoneal Carcinoma,C3897731,Suspended,Phase 2/Phase 3,Drug supply issues
Topotecan,DB01030,Recurrent Primary Peritoneal Carcinoma,C3897731,Suspended,Phase 2/Phase 3,Drug supply issues
Paclitaxel,DB01229,Recurrent Primary Peritoneal Carcinoma,C3897731,Suspended,Phase 2/Phase 3,Drug supply issues
Trametinib,DB08911,Recurrent Primary Peritoneal Carcinoma,C3897731,Suspended,Phase 2/Phase 3,Drug supply issues
Azacitidine,DB00928,MYELODYSPLASTIC SYNDROME,C3463824,Terminated,Phase 2,Study terminated due to lack of efficacy
Sirolimus,DB00877,Non-small cell lung cancer recurrent,C0278517,Withdrawn,Phase 1,no participants enrolled
Auranofin,DB00995,Non-small cell lung cancer recurrent,C0278517,Withdrawn,Phase 1,no participants enrolled
Everolimus,DB01590,Non-small cell lung cancer recurrent,C0278517,Withdrawn,Phase 1,no participants enrolled
Sirolimus,DB00877,"unspecified adult solid tumor, protocol specific",C0279004,Withdrawn,Phase 1,no participants enrolled
Auranofin,DB00995,"unspecified adult solid tumor, protocol specific",C0279004,Withdrawn,Phase 1,no participants enrolled
Everolimus,DB01590,"unspecified adult solid tumor, protocol specific",C0279004,Withdrawn,Phase 1,no participants enrolled
Oxytocin,DB00107,Noninfiltrating Intraductal Carcinoma,C0007124,Suspended,Phase 0,Enrollment on hold
Erlotinib,DB00530,HIV Infections,C0019693,Terminated,Phase 1,No Accrual
Erythropoietin,DB00016,Traumatic Brain Injury,C0876926,Withdrawn,Phase 2,Publication of recent trials showing no effect of EPO in TBI substantially reduced equipoise
Esmolol,DB00187,Septic Shock,C0036983,Suspended,Phase 2,
Cisplatin,DB00515,Malignant neoplasm of stomach,C0024623,Terminated,Phase 3,All Amgen sponsored AMG102 clinical studies were terminated following a pre-planned Data
Nimodipine,DB00393,Acute Cerebrovascular Accidents,C0751956,Withdrawn,Phase 2,The PI is leaving the University of Florida.
Acetazolamide,DB00819,Acute Cerebrovascular Accidents,C0751956,Withdrawn,Phase 2,The PI is leaving the University of Florida.
Trametinib,DB08911,Poorly Differentiated Thyroid Carcinoma,C1266050,Suspended,Phase 2,Drug supply issues
Trametinib,DB08911,Stage IVA Thyroid Gland Follicular Carcinoma,C3897519,Suspended,Phase 2,Drug supply issues
Trametinib,DB08911,Stage IVA Thyroid Gland Papillary Carcinoma,C3897518,Suspended,Phase 2,Drug supply issues
Trametinib,DB08911,Stage IVB Thyroid Gland Follicular Carcinoma,C3897512,Suspended,Phase 2,Drug supply issues
Trametinib,DB08911,Stage IVB Thyroid Gland Papillary Carcinoma,C3897511,Suspended,Phase 2,Drug supply issues
Trametinib,DB08911,Stage IVC Thyroid Gland Follicular Carcinoma,C3897507,Suspended,Phase 2,Drug supply issues
Trametinib,DB08911,Stage IVC Thyroid Gland Papillary Carcinoma,C3897506,Suspended,Phase 2,Drug supply issues
Aldesleukin,DB00041,Desmoplastic Small Round Cell Tumor,C0281508,Suspended,Phase 1/Phase 2,Study on hold due to primary co-investigator leaving the institution.
Aldesleukin,DB00041,Metastatic osteosarcoma,C0278512,Suspended,Phase 1/Phase 2,Study on hold due to primary co-investigator leaving the institution.
Aldesleukin,DB00041,Neuroblastoma recurrent,C0278695,Suspended,Phase 1/Phase 2,Study on hold due to primary co-investigator leaving the institution.
Aldesleukin,DB00041,Osteosarcoma recurrent,C0278779,Suspended,Phase 1/Phase 2,Study on hold due to primary co-investigator leaving the institution.
Eslicarbazepine acetate,DB09119,Epilepsy,C0014544,Terminated,Phase 1,occurrence of a serious adverse event
Cholecalciferol,DB00169,Schizophrenia,C0036341,Withdrawn,Phase 2,Personnel changes at study site.
Cholecalciferol,DB00169,Schizoaffective Disorder,C0036337,Withdrawn,Phase 2,Personnel changes at study site.
Gemcitabine,DB00441,Pancreatic Ductal Adenocarcinoma,C1335302,Suspended,Phase 1/Phase 2,Temporarily stopped for assessment.
Paclitaxel,DB01229,Pancreatic Ductal Adenocarcinoma,C1335302,Suspended,Phase 1/Phase 2,Temporarily stopped for assessment.
Gemcitabine,DB00441,Pancreatic carcinoma stage III,C1167722,Suspended,Phase 1/Phase 2,Temporarily stopped for assessment.
Paclitaxel,DB01229,Pancreatic carcinoma stage III,C1167722,Suspended,Phase 1/Phase 2,Temporarily stopped for assessment.
Gemcitabine,DB00441,Stage IV Pancreatic Cancer,C1167725,Suspended,Phase 1/Phase 2,Temporarily stopped for assessment.
Paclitaxel,DB01229,Stage IV Pancreatic Cancer,C1167725,Suspended,Phase 1/Phase 2,Temporarily stopped for assessment.
Tiotropium,DB01409,Chronic Obstructive Airway Disease,C0024117,Withdrawn,Phase 2,
Deferoxamine,DB00746,Subarachnoid Hemorrhage,C0038525,Terminated,Phase 0,Principle Investigator is moving to another institution and plans to restart this proctocol in
Trametinib,DB08911,Melanoma recurrent,C0278884,Suspended,Phase 2,Drug Supply Issues
Dabrafenib,DB08912,Melanoma recurrent,C0278884,Suspended,Phase 2,Drug Supply Issues
Trametinib,DB08911,Stage IIIA Skin Melanoma,C2828034,Suspended,Phase 2,Drug Supply Issues
Dabrafenib,DB08912,Stage IIIA Skin Melanoma,C2828034,Suspended,Phase 2,Drug Supply Issues
Trametinib,DB08911,Stage IIIB Skin Melanoma,C2828035,Suspended,Phase 2,Drug Supply Issues
Dabrafenib,DB08912,Stage IIIB Skin Melanoma,C2828035,Suspended,Phase 2,Drug Supply Issues
Trametinib,DB08911,Stage IIIC Skin Melanoma,C2828036,Suspended,Phase 2,Drug Supply Issues
Dabrafenib,DB08912,Stage IIIC Skin Melanoma,C2828036,Suspended,Phase 2,Drug Supply Issues
Prednisolone,DB00860,Fever,C0015967,Terminated,Phase 0,PI permanently closed accrual for the study based on FDA warning issued in April 2014. Study
Methylprednisolone,DB00860,Fever,C0015967,Terminated,Phase 0,PI permanently closed accrual for the study based on FDA warning issued in April 2014. Study
,DB00860,Fever,C0015967,Terminated,Phase 0,PI permanently closed accrual for the study based on FDA warning issued in April 2014. Study
,DB00959,Fever,C0015967,Terminated,Phase 0,PI permanently closed accrual for the study based on FDA warning issued in April 2014. Study
,DB00959,Fever,C0015967,Terminated,Phase 0,PI permanently closed accrual for the study based on FDA warning issued in April 2014. Study
Prednisolone,DB00860,Labor Pain,C0474368,Terminated,Phase 0,PI permanently closed accrual for the study based on FDA warning issued in April 2014. Study
Methylprednisolone,DB00860,Labor Pain,C0474368,Terminated,Phase 0,PI permanently closed accrual for the study based on FDA warning issued in April 2014. Study
,DB00860,Labor Pain,C0474368,Terminated,Phase 0,PI permanently closed accrual for the study based on FDA warning issued in April 2014. Study
,DB00959,Labor Pain,C0474368,Terminated,Phase 0,PI permanently closed accrual for the study based on FDA warning issued in April 2014. Study
,DB00959,Labor Pain,C0474368,Terminated,Phase 0,PI permanently closed accrual for the study based on FDA warning issued in April 2014. Study
Prednisolone,DB00860,"Complication of anesthesia during pregnancy, unspecified",C0495199,Terminated,Phase 0,PI permanently closed accrual for the study based on FDA warning issued in April 2014. Study
Methylprednisolone,DB00860,"Complication of anesthesia during pregnancy, unspecified",C0495199,Terminated,Phase 0,PI permanently closed accrual for the study based on FDA warning issued in April 2014. Study
,DB00860,"Complication of anesthesia during pregnancy, unspecified",C0495199,Terminated,Phase 0,PI permanently closed accrual for the study based on FDA warning issued in April 2014. Study
,DB00959,"Complication of anesthesia during pregnancy, unspecified",C0495199,Terminated,Phase 0,PI permanently closed accrual for the study based on FDA warning issued in April 2014. Study
,DB00959,"Complication of anesthesia during pregnancy, unspecified",C0495199,Terminated,Phase 0,PI permanently closed accrual for the study based on FDA warning issued in April 2014. Study
Ranolazine,DB00243,Irritable bowel syndrome with diarrhea,C0348898,Terminated,Phase 2/Phase 3,Difficulty in enrolling subjects
Ranolazine,DB00243,Diarrhoea predominant irritable bowel syndrome,C1262211,Terminated,Phase 2/Phase 3,Difficulty in enrolling subjects
Fluorouracil,DB00544,Mucinous adenocarcinoma of colon,C0279639,Withdrawn,Phase 2,Lack of funding
Leucovorin,DB00650,Mucinous adenocarcinoma of colon,C0279639,Withdrawn,Phase 2,Lack of funding
Levoleucovorin,DB11596,Mucinous adenocarcinoma of colon,C0279639,Withdrawn,Phase 2,Lack of funding
Fluorouracil,DB00544,mucinous adenocarcinoma of rectum,C0279652,Withdrawn,Phase 2,Lack of funding
Leucovorin,DB00650,mucinous adenocarcinoma of rectum,C0279652,Withdrawn,Phase 2,Lack of funding
Levoleucovorin,DB11596,mucinous adenocarcinoma of rectum,C0279652,Withdrawn,Phase 2,Lack of funding
Fluorouracil,DB00544,Colon cancer recurrent,C0278553,Withdrawn,Phase 2,Lack of funding
Leucovorin,DB00650,Colon cancer recurrent,C0278553,Withdrawn,Phase 2,Lack of funding
Levoleucovorin,DB11596,Colon cancer recurrent,C0278553,Withdrawn,Phase 2,Lack of funding
Fluorouracil,DB00544,Recurrent Rectal Cancer,C0278554,Withdrawn,Phase 2,Lack of funding
Leucovorin,DB00650,Recurrent Rectal Cancer,C0278554,Withdrawn,Phase 2,Lack of funding
Levoleucovorin,DB11596,Recurrent Rectal Cancer,C0278554,Withdrawn,Phase 2,Lack of funding
Fluorouracil,DB00544,signet ring adenocarcinoma of the colon,C0279640,Withdrawn,Phase 2,Lack of funding
Leucovorin,DB00650,signet ring adenocarcinoma of the colon,C0279640,Withdrawn,Phase 2,Lack of funding
Levoleucovorin,DB11596,signet ring adenocarcinoma of the colon,C0279640,Withdrawn,Phase 2,Lack of funding
Fluorouracil,DB00544,signet ring adenocarcinoma of the rectum,C0279654,Withdrawn,Phase 2,Lack of funding
Leucovorin,DB00650,signet ring adenocarcinoma of the rectum,C0279654,Withdrawn,Phase 2,Lack of funding
Levoleucovorin,DB11596,signet ring adenocarcinoma of the rectum,C0279654,Withdrawn,Phase 2,Lack of funding
Fluorouracil,DB00544,Stage IVA Colon Cancer,C3897082,Withdrawn,Phase 2,Lack of funding
Leucovorin,DB00650,Stage IVA Colon Cancer,C3897082,Withdrawn,Phase 2,Lack of funding
Levoleucovorin,DB11596,Stage IVA Colon Cancer,C3897082,Withdrawn,Phase 2,Lack of funding
Fluorouracil,DB00544,Stage IVA Rectal Cancer,C3897520,Withdrawn,Phase 2,Lack of funding
Leucovorin,DB00650,Stage IVA Rectal Cancer,C3897520,Withdrawn,Phase 2,Lack of funding
Levoleucovorin,DB11596,Stage IVA Rectal Cancer,C3897520,Withdrawn,Phase 2,Lack of funding
Fluorouracil,DB00544,Stage IVB Colon Cancer,C3897517,Withdrawn,Phase 2,Lack of funding
Leucovorin,DB00650,Stage IVB Colon Cancer,C3897517,Withdrawn,Phase 2,Lack of funding
Levoleucovorin,DB11596,Stage IVB Colon Cancer,C3897517,Withdrawn,Phase 2,Lack of funding
Fluorouracil,DB00544,Stage IVB Rectal Cancer,C3897513,Withdrawn,Phase 2,Lack of funding
Leucovorin,DB00650,Stage IVB Rectal Cancer,C3897513,Withdrawn,Phase 2,Lack of funding
Levoleucovorin,DB11596,Stage IVB Rectal Cancer,C3897513,Withdrawn,Phase 2,Lack of funding
Oxycodone,DB00497,Pain,C0030193,Withdrawn,Phase 3,Lack of internal resources
Methylphenidate,DB00422,Conduct Disorder,C0149654,Withdrawn,Phase 1/Phase 2,
Ezetimibe,DB00973,Non-alcoholic Fatty Liver Disease,C0400966,Terminated,Phase 2,Failure to recruit
Dimethyl fumarate,DB08908,Multiple Sclerosis,C0026769,Terminated,Phase 3,Sponsor decision
Estradiol,DB00783,Vaginal ulcer,C0566951,Withdrawn,Phase 2,the study was not feasible
Caffeine,DB00201,Dyspnea,C0013404,Terminated,Phase 2,Too low enrolment rate
Treprostinil,DB00374,Pulmonary Hypertension,C0020542,Withdrawn,Phase 2,Study design was inadequate and would not achieve study endpoints
Treprostinil,DB00374,Pulmonary Fibrosis,C0034069,Withdrawn,Phase 2,Study design was inadequate and would not achieve study endpoints
Sorafenib,DB00398,Glioblastoma,C0017636,Withdrawn,Phase 2,Multi phase study did not progress to Phase II. Phase I registered as NCT00734526.
Dacarbazine,DB00851,Glioblastoma,C0017636,Withdrawn,Phase 2,Multi phase study did not progress to Phase II. Phase I registered as NCT00734526.
Temozolomide,DB00853,Glioblastoma,C0017636,Withdrawn,Phase 2,Multi phase study did not progress to Phase II. Phase I registered as NCT00734526.
Sorafenib,DB00398,gliosarcoma,C0206726,Withdrawn,Phase 2,Multi phase study did not progress to Phase II. Phase I registered as NCT00734526.
Dacarbazine,DB00851,gliosarcoma,C0206726,Withdrawn,Phase 2,Multi phase study did not progress to Phase II. Phase I registered as NCT00734526.
Temozolomide,DB00853,gliosarcoma,C0206726,Withdrawn,Phase 2,Multi phase study did not progress to Phase II. Phase I registered as NCT00734526.
Aldesleukin,DB00041,Metastatic melanoma,C0278883,Suspended,Phase 1,
Cyclophosphamide,DB00531,Metastatic melanoma,C0278883,Suspended,Phase 1,
Fludarabine,DB01073,Metastatic melanoma,C0278883,Suspended,Phase 1,
Gemcitabine,DB00441,Solid tumour,C0280100,Withdrawn,Phase 1,The pharmaceutical company did not want to follow through with support for the study.
Cisplatin,DB00515,Solid tumour,C0280100,Withdrawn,Phase 1,The pharmaceutical company did not want to follow through with support for the study.
Cisplatin,DB00515,Non-Small Cell Lung Carcinoma,C0007131,Withdrawn,Phase 1,The pharmaceutical company did not want to follow through with support for the study.
Duloxetine,DB00476,Depressive disorder,C0011581,Terminated,Phase 3,principle investigator decision due to many adverse events in patients
Aldesleukin,DB00041,Crohn Disease,C0010346,Terminated,Phase 2,PI moved to a different institution.
Cyclophosphamide,DB00531,Crohn Disease,C0010346,Terminated,Phase 2,PI moved to a different institution.
Norepinephrine,DB00368,HSAN Type IV,C0020074,Withdrawn,Phase 2,
Droxidopa,DB00368,HSAN Type IV,C0020074,Withdrawn,Phase 2,
,DB06262,HSAN Type IV,C0020074,Withdrawn,Phase 2,
Aldesleukin,DB00041,Pancreatic adenocarcinoma metastatic,C0861727,Suspended,Phase 1/Phase 2,Pending administrative documentation
Folic Acid,DB00158,Pancreatic adenocarcinoma metastatic,C0861727,Suspended,Phase 1/Phase 2,Pending administrative documentation
Gemcitabine,DB00441,Pancreatic adenocarcinoma metastatic,C0861727,Suspended,Phase 1/Phase 2,Pending administrative documentation
Oxaliplatin,DB00526,Pancreatic adenocarcinoma metastatic,C0861727,Suspended,Phase 1/Phase 2,Pending administrative documentation
Fluorouracil,DB00544,Pancreatic adenocarcinoma metastatic,C0861727,Suspended,Phase 1/Phase 2,Pending administrative documentation
Leucovorin,DB00650,Pancreatic adenocarcinoma metastatic,C0861727,Suspended,Phase 1/Phase 2,Pending administrative documentation
Irinotecan,DB00762,Pancreatic adenocarcinoma metastatic,C0861727,Suspended,Phase 1/Phase 2,Pending administrative documentation
Paclitaxel,DB01229,Pancreatic adenocarcinoma metastatic,C0861727,Suspended,Phase 1/Phase 2,Pending administrative documentation
Levoleucovorin,DB11596,Pancreatic adenocarcinoma metastatic,C0861727,Suspended,Phase 1/Phase 2,Pending administrative documentation
Aldesleukin,DB00041,Pancreatic carcinoma stage III,C1167722,Suspended,Phase 1/Phase 2,Pending administrative documentation
Folic Acid,DB00158,Pancreatic carcinoma stage III,C1167722,Suspended,Phase 1/Phase 2,Pending administrative documentation
Gemcitabine,DB00441,Pancreatic carcinoma stage III,C1167722,Suspended,Phase 1/Phase 2,Pending administrative documentation
Oxaliplatin,DB00526,Pancreatic carcinoma stage III,C1167722,Suspended,Phase 1/Phase 2,Pending administrative documentation
Fluorouracil,DB00544,Pancreatic carcinoma stage III,C1167722,Suspended,Phase 1/Phase 2,Pending administrative documentation
Leucovorin,DB00650,Pancreatic carcinoma stage III,C1167722,Suspended,Phase 1/Phase 2,Pending administrative documentation
Irinotecan,DB00762,Pancreatic carcinoma stage III,C1167722,Suspended,Phase 1/Phase 2,Pending administrative documentation
Paclitaxel,DB01229,Pancreatic carcinoma stage III,C1167722,Suspended,Phase 1/Phase 2,Pending administrative documentation
Levoleucovorin,DB11596,Pancreatic carcinoma stage III,C1167722,Suspended,Phase 1/Phase 2,Pending administrative documentation
Aldesleukin,DB00041,Stage IV Pancreatic Cancer,C1167725,Suspended,Phase 1/Phase 2,Pending administrative documentation
Folic Acid,DB00158,Stage IV Pancreatic Cancer,C1167725,Suspended,Phase 1/Phase 2,Pending administrative documentation
Gemcitabine,DB00441,Stage IV Pancreatic Cancer,C1167725,Suspended,Phase 1/Phase 2,Pending administrative documentation
Oxaliplatin,DB00526,Stage IV Pancreatic Cancer,C1167725,Suspended,Phase 1/Phase 2,Pending administrative documentation
Fluorouracil,DB00544,Stage IV Pancreatic Cancer,C1167725,Suspended,Phase 1/Phase 2,Pending administrative documentation
Leucovorin,DB00650,Stage IV Pancreatic Cancer,C1167725,Suspended,Phase 1/Phase 2,Pending administrative documentation
Irinotecan,DB00762,Stage IV Pancreatic Cancer,C1167725,Suspended,Phase 1/Phase 2,Pending administrative documentation
Paclitaxel,DB01229,Stage IV Pancreatic Cancer,C1167725,Suspended,Phase 1/Phase 2,Pending administrative documentation
Levoleucovorin,DB11596,Stage IV Pancreatic Cancer,C1167725,Suspended,Phase 1/Phase 2,Pending administrative documentation
Papaverine,DB01113,Gastroenteritis,C0017160,Terminated,Phase 3,Not enough patients
